time,open,high,low,close,tick_volume,spread,real_volume
2019-12-31 16:00:00,979.17,984.56,974.42,975.35,3429,350,0
2019-12-31 17:00:00,975.3,980.38,972.86,974.12,3000,360,0
2019-12-31 18:00:00,974.13,976.63,971.5,976.1,2505,660,0
2019-12-31 19:00:00,976.08,977.76,973.63,973.72,1544,580,0
2019-12-31 20:00:00,973.73,973.75,967.0,967.59,1739,830,0
2020-01-02 01:00:00,966.83,970.27,966.11,969.21,856,800,0
2020-01-02 02:00:00,969.19,970.17,968.19,968.97,682,1170,0
2020-01-02 03:00:00,968.99,972.41,968.7,971.28,1596,890,0
2020-01-02 04:00:00,971.31,973.81,969.96,972.52,1079,1050,0
2020-01-02 05:00:00,972.51,973.95,972.14,972.53,738,800,0
2020-01-02 06:00:00,972.48,972.56,969.76,969.85,594,750,0
2020-01-02 07:00:00,969.87,970.66,968.81,969.21,676,1100,0
2020-01-02 08:00:00,969.2,969.71,966.72,967.04,1137,850,0
2020-01-02 09:00:00,967.12,968.62,965.79,967.18,1157,850,0
2020-01-02 10:00:00,967.19,978.82,967.17,978.82,2217,210,0
2020-01-02 11:00:00,978.91,981.09,976.93,980.04,1667,460,0
2020-01-02 12:00:00,979.98,980.8,977.39,980.35,1059,780,0
2020-01-02 13:00:00,980.31,980.37,975.64,976.33,1074,800,0
2020-01-02 14:00:00,976.36,980.92,976.05,980.62,1279,760,0
2020-01-02 15:00:00,980.69,991.59,979.94,989.23,3344,510,0
2020-01-02 16:00:00,989.31,991.05,982.29,984.52,2689,320,0
2020-01-02 17:00:00,984.45,988.16,982.81,987.34,3463,600,0
2020-01-02 18:00:00,987.35,988.18,975.78,975.91,3392,220,0
2020-01-02 19:00:00,975.95,977.63,969.76,977.4,2737,610,0
2020-01-02 20:00:00,977.46,979.58,972.71,974.17,1778,420,0
2020-01-02 21:00:00,974.19,975.67,974.12,975.04,1012,850,0
2020-01-02 22:00:00,975.16,978.4,975.11,978.36,1083,880,0
2020-01-02 23:00:00,978.37,979.34,978.05,979.2,518,1050,0
2020-01-03 01:00:00,979.36,980.56,978.08,980.52,384,890,0
2020-01-03 02:00:00,980.53,983.52,980.53,983.27,915,800,0
2020-01-03 03:00:00,983.26,987.3,982.05,986.29,1513,630,0
2020-01-03 04:00:00,986.37,986.74,980.25,981.5,1841,760,0
2020-01-03 05:00:00,981.6,982.63,979.2,980.26,935,1120,0
2020-01-03 06:00:00,980.33,981.24,979.29,980.76,707,1120,0
2020-01-03 07:00:00,980.78,985.38,980.15,981.77,1151,1260,0
2020-01-03 08:00:00,981.73,983.72,980.64,983.67,972,900,0
2020-01-03 09:00:00,983.68,987.29,982.48,985.07,1495,590,0
2020-01-03 10:00:00,985.12,987.85,984.17,986.75,1733,200,0
2020-01-03 11:00:00,986.76,995.4,985.07,993.28,1896,200,0
2020-01-03 12:00:00,993.28,993.96,990.39,993.25,1620,270,0
2020-01-03 13:00:00,993.4,993.73,987.87,988.55,1054,200,0
2020-01-03 14:00:00,988.6,989.34,979.38,982.92,1812,670,0
2020-01-03 15:00:00,982.91,986.45,979.41,983.98,3285,640,0
2020-01-03 16:00:00,983.99,990.07,983.09,986.52,4047,850,0
2020-01-03 17:00:00,986.56,990.27,982.69,984.31,3900,790,0
2020-01-03 18:00:00,984.29,988.0,981.66,984.78,2628,630,0
2020-01-03 19:00:00,984.75,984.75,980.84,983.81,1990,640,0
2020-01-03 20:00:00,983.74,985.25,982.31,984.13,1869,850,0
2020-01-03 21:00:00,984.3,984.52,980.69,981.54,1569,850,0
2020-01-03 22:00:00,981.58,981.58,979.79,980.13,1208,1050,0
2020-01-03 23:00:00,980.17,981.64,979.35,980.22,721,1050,0
2020-01-06 01:00:00,982.5,990.35,982.12,982.37,2822,920,0
2020-01-06 02:00:00,982.35,983.64,979.3,981.23,1711,900,0
2020-01-06 03:00:00,981.2,991.05,981.2,988.98,1765,400,0
2020-01-06 04:00:00,989.01,992.11,986.8,991.33,1392,410,0
2020-01-06 05:00:00,991.53,992.83,991.16,991.49,854,400,0
2020-01-06 06:00:00,991.49,991.61,990.11,990.88,667,540,0
2020-01-06 07:00:00,990.92,991.3,987.16,989.74,558,400,0
2020-01-06 08:00:00,989.73,990.45,987.13,988.96,900,530,0
2020-01-06 09:00:00,988.96,989.19,983.78,983.78,1808,250,0
2020-01-06 10:00:00,983.86,985.97,981.51,985.42,2246,300,0
2020-01-06 11:00:00,985.14,988.28,984.62,986.34,1593,760,0
2020-01-06 12:00:00,986.35,987.63,985.96,986.53,1265,690,0
2020-01-06 13:00:00,986.48,988.13,984.6,987.88,1198,440,0
2020-01-06 14:00:00,987.86,987.97,984.15,986.26,1871,430,0
2020-01-06 15:00:00,986.27,986.27,980.19,984.72,3442,450,0
2020-01-06 16:00:00,984.75,986.76,974.11,974.8,4356,220,0
2020-01-06 17:00:00,974.73,978.61,959.73,963.38,5555,230,0
2020-01-06 18:00:00,963.37,963.95,954.72,960.46,4075,270,0
2020-01-06 19:00:00,960.39,961.05,956.77,958.73,2021,470,0
2020-01-06 20:00:00,958.68,963.52,956.9,958.29,2134,790,0
2020-01-06 21:00:00,958.3,962.17,958.3,960.8,1100,850,0
2020-01-06 22:00:00,960.81,962.22,960.55,961.96,981,950,0
2020-01-06 23:00:00,961.91,963.38,961.89,963.03,521,1050,0
2020-01-07 01:00:00,962.93,964.31,960.28,963.64,826,1050,0
2020-01-07 02:00:00,963.72,964.52,961.93,963.37,1235,1080,0
2020-01-07 03:00:00,963.38,966.37,961.24,963.4,2643,740,0
2020-01-07 04:00:00,963.38,965.92,962.37,965.11,1852,840,0
2020-01-07 05:00:00,965.1,966.03,964.82,965.61,1030,870,0
2020-01-07 06:00:00,965.6,967.63,965.15,967.6,723,1050,0
2020-01-07 07:00:00,967.61,969.22,966.38,968.34,1280,1090,0
2020-01-07 08:00:00,968.37,975.98,968.33,971.9,1700,700,0
2020-01-07 09:00:00,971.88,973.73,970.02,973.22,1660,700,0
2020-01-07 10:00:00,973.17,973.6,967.47,967.91,2277,690,0
2020-01-07 11:00:00,967.89,968.8,965.41,967.08,1646,850,0
2020-01-07 12:00:00,967.09,968.58,966.25,967.71,1416,720,0
2020-01-07 13:00:00,967.68,971.92,967.65,970.3,1311,640,0
2020-01-07 14:00:00,970.3,972.1,967.97,968.73,1716,660,0
2020-01-07 15:00:00,968.65,969.49,959.11,960.13,3917,600,0
2020-01-07 16:00:00,960.13,964.28,957.07,957.87,5106,280,0
2020-01-07 17:00:00,957.86,962.42,956.31,956.83,4968,480,0
2020-01-07 18:00:00,956.85,966.31,956.78,965.42,3208,670,0
2020-01-07 19:00:00,965.35,966.98,964.3,965.71,2325,540,0
2020-01-07 20:00:00,965.72,968.47,964.92,967.87,1579,670,0
2020-01-07 21:00:00,967.95,969.8,966.76,969.46,1452,490,0
2020-01-07 22:00:00,969.57,970.53,968.64,970.27,954,740,0
2020-01-07 23:00:00,970.39,971.47,969.88,971.12,809,1050,0
2020-01-08 01:00:00,968.73,972.44,968.73,972.22,2562,920,0
2020-01-08 02:00:00,972.2,976.61,971.08,972.94,3868,910,0
2020-01-08 03:00:00,972.94,976.61,971.26,972.06,3833,730,0
2020-01-08 04:00:00,972.07,973.21,969.0,971.31,3947,840,0
2020-01-08 05:00:00,971.35,974.82,971.09,972.62,2457,930,0
2020-01-08 06:00:00,972.6,973.27,971.4,973.04,1542,950,0
2020-01-08 07:00:00,972.95,973.32,969.74,970.22,1889,930,0
2020-01-08 08:00:00,970.2,972.99,969.75,971.54,921,740,0
2020-01-08 09:00:00,971.54,972.35,967.81,969.26,2051,300,0
2020-01-08 10:00:00,969.35,970.03,963.35,963.81,2591,240,0
2020-01-08 11:00:00,963.8,968.07,963.12,967.88,1918,230,0
2020-01-08 12:00:00,968.03,969.65,966.74,967.3,1495,240,0
2020-01-08 13:00:00,967.34,970.06,966.85,969.11,1719,580,0
2020-01-08 14:00:00,969.11,971.52,967.65,968.05,2051,630,0
2020-01-08 15:00:00,968.07,973.52,965.7,973.17,3814,390,0
2020-01-08 16:00:00,973.18,974.37,962.74,963.36,4311,250,0
2020-01-08 17:00:00,963.21,964.91,958.97,960.53,3854,240,0
2020-01-08 18:00:00,960.53,960.96,955.52,958.24,4606,340,0
2020-01-08 19:00:00,958.19,962.07,957.78,959.2,2530,580,0
2020-01-08 20:00:00,959.21,960.29,952.2,953.25,2262,220,0
2020-01-08 21:00:00,953.3,955.32,952.32,955.2,1797,400,0
2020-01-08 22:00:00,955.2,956.09,952.48,955.61,1523,710,0
2020-01-08 23:00:00,955.59,955.59,953.48,953.48,516,1030,0
2020-01-09 01:00:00,952.15,957.08,952.0,955.82,689,730,0
2020-01-09 02:00:00,955.82,956.3,953.86,956.25,1108,940,0
2020-01-09 03:00:00,956.25,961.37,955.96,958.39,1535,660,0
2020-01-09 04:00:00,958.41,959.41,957.25,958.69,927,1070,0
2020-01-09 05:00:00,958.78,958.93,955.45,957.49,896,910,0
2020-01-09 06:00:00,957.5,958.47,955.83,955.96,497,1130,0
2020-01-09 07:00:00,955.99,956.63,952.52,954.22,1206,1190,0
2020-01-09 08:00:00,954.21,955.82,949.6,953.59,2054,440,0
2020-01-09 09:00:00,953.6,954.1,948.1,951.89,1500,270,0
2020-01-09 10:00:00,951.9,956.16,950.89,953.71,1948,700,0
2020-01-09 11:00:00,953.68,956.24,950.95,953.99,1708,240,0
2020-01-09 12:00:00,954.0,959.28,953.74,956.88,1219,270,0
2020-01-09 13:00:00,956.95,962.73,955.89,958.49,1271,400,0
2020-01-09 14:00:00,958.45,963.09,957.49,961.95,2274,400,0
2020-01-09 15:00:00,961.94,962.41,957.16,960.58,3013,310,0
2020-01-09 16:00:00,960.55,966.1,956.0,964.5,3493,300,0
2020-01-09 17:00:00,964.48,967.89,962.9,965.86,3838,230,0
2020-01-09 18:00:00,965.86,971.26,965.86,968.65,2799,260,0
2020-01-09 19:00:00,968.68,970.13,964.11,964.12,1844,350,0
2020-01-09 20:00:00,964.15,967.83,964.15,965.94,2271,330,0
2020-01-09 21:00:00,966.0,968.22,964.78,967.16,1180,220,0
2020-01-09 22:00:00,967.14,967.62,965.68,966.12,861,560,0
2020-01-09 23:00:00,966.15,966.82,965.8,966.57,330,930,0
2020-01-10 01:00:00,967.22,969.21,966.54,968.4,520,930,0
2020-01-10 02:00:00,968.41,969.07,966.88,967.5,991,970,0
2020-01-10 03:00:00,967.44,967.44,962.45,964.36,1588,650,0
2020-01-10 04:00:00,964.35,965.23,963.1,965.15,714,750,0
2020-01-10 05:00:00,965.11,965.14,962.11,962.27,563,450,0
2020-01-10 06:00:00,962.2,964.94,962.13,964.75,479,730,0
2020-01-10 07:00:00,964.71,967.0,964.19,966.96,613,670,0
2020-01-10 08:00:00,966.95,967.05,964.86,966.23,623,900,0
2020-01-10 09:00:00,966.26,970.58,965.95,970.48,1047,840,0
2020-01-10 10:00:00,970.55,973.15,970.55,971.83,1506,740,0
2020-01-10 11:00:00,971.81,973.89,970.68,973.78,1304,660,0
2020-01-10 12:00:00,973.67,974.53,971.4,972.2,815,650,0
2020-01-10 13:00:00,972.2,979.37,972.17,979.25,1118,280,0
2020-01-10 14:00:00,979.26,979.27,972.08,973.17,1021,500,0
2020-01-10 15:00:00,973.11,977.45,968.73,971.51,3932,560,0
2020-01-10 16:00:00,971.53,973.22,969.01,971.91,2954,650,0
2020-01-10 17:00:00,972.03,978.39,971.22,977.16,3262,780,0
2020-01-10 18:00:00,976.94,983.14,976.23,981.21,3057,580,0
2020-01-10 19:00:00,981.2,981.61,979.39,980.54,1685,790,0
2020-01-10 20:00:00,980.52,981.61,978.06,978.93,1368,690,0
2020-01-10 21:00:00,978.91,980.29,978.25,978.94,827,800,0
2020-01-10 22:00:00,978.95,979.63,977.43,978.48,774,1050,0
2020-01-10 23:00:00,978.47,979.56,977.43,977.74,592,1190,0
2020-01-13 01:00:00,976.63,978.2,974.82,976.05,550,1180,0
2020-01-13 02:00:00,976.0,978.82,976.0,978.44,467,760,0
2020-01-13 03:00:00,978.43,978.5,975.51,976.31,1074,990,0
2020-01-13 04:00:00,976.29,976.76,975.43,976.14,513,900,0
2020-01-13 05:00:00,976.17,978.2,976.16,977.93,355,860,0
2020-01-13 06:00:00,977.92,977.99,973.21,974.0,563,740,0
2020-01-13 07:00:00,974.12,975.05,973.58,973.67,393,980,0
2020-01-13 08:00:00,973.65,974.29,972.44,973.65,555,840,0
2020-01-13 09:00:00,973.63,973.85,968.41,970.36,1071,490,0
2020-01-13 10:00:00,970.33,971.56,968.98,969.3,1036,540,0
2020-01-13 11:00:00,969.33,969.37,966.49,967.88,1232,580,0
2020-01-13 12:00:00,967.83,971.02,967.24,970.76,895,770,0
2020-01-13 13:00:00,970.84,972.27,968.91,971.65,857,770,0
2020-01-13 14:00:00,971.63,974.68,971.55,974.37,920,320,0
2020-01-13 15:00:00,974.41,978.9,972.61,977.17,2437,530,0
2020-01-13 16:00:00,977.16,978.38,967.53,969.95,3668,380,0
2020-01-13 17:00:00,969.94,970.34,963.76,969.0,3181,600,0
2020-01-13 18:00:00,968.95,973.58,967.67,972.51,2057,520,0
2020-01-13 19:00:00,972.54,975.15,972.46,975.13,1638,530,0
2020-01-13 20:00:00,975.16,977.51,974.17,974.42,1592,560,0
2020-01-13 21:00:00,974.42,977.29,974.42,976.73,833,710,0
2020-01-13 22:00:00,976.75,977.25,975.5,976.25,641,760,0
2020-01-13 23:00:00,975.98,975.99,973.81,974.29,427,1050,0
2020-01-14 01:00:00,973.84,975.82,973.6,975.07,686,1100,0
2020-01-14 02:00:00,975.04,975.67,972.41,972.91,1137,910,0
2020-01-14 03:00:00,972.88,972.93,967.17,968.29,2479,870,0
2020-01-14 04:00:00,968.37,970.28,967.66,969.24,766,1050,0
2020-01-14 05:00:00,969.29,970.75,967.9,967.93,682,1050,0
2020-01-14 06:00:00,967.87,968.29,967.36,968.24,468,1050,0
2020-01-14 07:00:00,968.33,968.99,966.61,966.7,933,1010,0
2020-01-14 08:00:00,966.71,969.43,966.5,969.03,1184,860,0
2020-01-14 09:00:00,969.0,971.08,968.02,971.08,951,390,0
2020-01-14 10:00:00,971.04,971.33,967.63,968.02,1299,330,0
2020-01-14 11:00:00,968.04,969.89,967.17,968.44,928,240,0
2020-01-14 12:00:00,968.43,970.04,968.43,969.65,670,530,0
2020-01-14 13:00:00,969.66,972.04,967.97,970.72,970,710,0
2020-01-14 14:00:00,970.73,971.41,967.58,968.34,966,600,0
2020-01-14 15:00:00,968.32,971.79,964.98,970.27,2752,230,0
2020-01-14 16:00:00,970.41,979.1,970.22,977.68,3859,440,0
2020-01-14 17:00:00,977.69,980.01,975.79,978.82,3270,580,0
2020-01-14 18:00:00,978.83,982.01,978.83,980.19,2821,500,0
2020-01-14 19:00:00,980.1,984.06,979.48,982.46,1802,520,0
2020-01-14 20:00:00,982.49,983.5,981.49,982.23,2940,410,0
2020-01-14 21:00:00,982.24,984.71,981.81,983.39,1882,700,0
2020-01-14 22:00:00,983.38,984.06,982.44,983.41,866,640,0
2020-01-14 23:00:00,983.43,984.55,982.5,984.01,427,1050,0
2020-01-15 01:00:00,982.91,985.4,982.67,984.14,792,940,0
2020-01-15 02:00:00,984.09,986.43,983.69,986.17,1355,680,0
2020-01-15 03:00:00,986.19,989.12,985.69,988.87,2066,880,0
2020-01-15 04:00:00,988.72,992.21,988.51,991.59,1478,700,0
2020-01-15 05:00:00,991.63,991.65,988.64,989.38,851,820,0
2020-01-15 06:00:00,989.34,990.59,988.87,990.02,639,830,0
2020-01-15 07:00:00,989.99,992.07,989.93,991.6,881,670,0
2020-01-15 08:00:00,991.52,992.98,989.26,990.06,1069,590,0
2020-01-15 09:00:00,990.04,992.68,989.34,989.98,1086,520,0
2020-01-15 10:00:00,989.97,1009.04,989.92,1003.93,2233,360,0
2020-01-15 11:00:00,1003.89,1004.36,992.44,993.69,1940,210,0
2020-01-15 12:00:00,993.73,998.81,989.11,996.61,1207,340,0
2020-01-15 13:00:00,996.59,1005.34,994.88,1005.32,1195,530,0
2020-01-15 14:00:00,1005.36,1008.31,1001.12,1004.35,1330,380,0
2020-01-15 15:00:00,1004.6,1016.04,1001.25,1015.79,3634,200,0
2020-01-15 16:00:00,1015.76,1021.11,1013.1,1020.33,5263,200,0
2020-01-15 17:00:00,1020.33,1025.33,1015.54,1015.72,4775,200,0
2020-01-15 18:00:00,1015.72,1016.59,1010.1,1014.45,3688,200,0
2020-01-15 19:00:00,1014.49,1024.17,1014.26,1021.97,2304,240,0
2020-01-15 20:00:00,1022.03,1023.38,1017.14,1019.94,2069,240,0
2020-01-15 21:00:00,1019.85,1020.82,1018.76,1019.72,1054,590,0
2020-01-15 22:00:00,1019.51,1020.83,1016.77,1020.72,1173,520,0
2020-01-15 23:00:00,1020.72,1021.79,1019.8,1021.79,487,740,0
2020-01-16 01:00:00,1021.21,1026.15,1020.03,1026.14,983,660,0
2020-01-16 02:00:00,1026.15,1027.63,1021.65,1021.99,1466,630,0
2020-01-16 03:00:00,1022.33,1023.34,1017.81,1020.97,1459,470,0
2020-01-16 04:00:00,1021.01,1022.69,1018.17,1019.17,962,900,0
2020-01-16 05:00:00,1019.13,1019.57,1017.34,1017.49,625,940,0
2020-01-16 06:00:00,1017.54,1017.95,1014.6,1017.47,667,630,0
2020-01-16 07:00:00,1017.48,1018.58,1011.78,1014.97,1167,430,0
2020-01-16 08:00:00,1014.89,1015.51,1010.87,1013.66,928,750,0
2020-01-16 09:00:00,1013.62,1016.57,1013.47,1016.37,937,570,0
2020-01-16 10:00:00,1016.36,1022.86,1015.84,1020.74,2044,560,0
2020-01-16 11:00:00,1020.67,1034.65,1020.67,1033.56,2679,250,0
2020-01-16 12:00:00,1033.48,1035.38,1026.22,1027.39,1767,360,0
2020-01-16 13:00:00,1027.44,1034.25,1023.16,1034.04,1573,220,0
2020-01-16 14:00:00,1034.01,1038.1,1032.23,1038.06,1730,250,0
2020-01-16 15:00:00,1038.0,1041.54,1024.19,1028.33,4137,280,0
2020-01-16 16:00:00,1028.32,1028.34,1004.41,1016.94,5807,390,0
2020-01-16 17:00:00,1016.89,1018.49,1002.85,1005.52,5226,790,0
2020-01-16 18:00:00,1005.38,1008.87,1003.47,1004.87,3287,680,0
2020-01-16 19:00:00,1004.91,1006.24,995.23,997.11,3248,620,0
2020-01-16 20:00:00,996.88,999.88,995.91,998.64,2182,500,0
2020-01-16 21:00:00,998.64,1002.99,998.46,1000.66,958,240,0
2020-01-16 22:00:00,1000.65,1008.23,1000.17,1007.81,1167,800,0
2020-01-16 23:00:00,1007.8,1007.84,1004.2,1004.3,493,880,0
2020-01-17 01:00:00,1003.63,1011.18,1003.12,1010.82,1057,770,0
2020-01-17 02:00:00,1010.78,1011.2,1004.82,1004.88,1176,420,0
2020-01-17 03:00:00,1004.85,1009.99,1004.24,1009.25,1340,810,0
2020-01-17 04:00:00,1009.22,1010.3,1006.77,1010.2,1094,830,0
2020-01-17 05:00:00,1010.18,1010.24,1008.36,1009.73,784,730,0
2020-01-17 06:00:00,1009.71,1010.38,1008.99,1010.31,645,820,0
2020-01-17 07:00:00,1010.43,1014.64,1009.77,1014.04,1219,410,0
2020-01-17 08:00:00,1014.06,1014.74,1011.06,1013.56,997,200,0
2020-01-17 09:00:00,1013.53,1014.71,1009.2,1012.82,1166,250,0
2020-01-17 10:00:00,1012.86,1014.39,1010.96,1013.33,1149,610,0
2020-01-17 11:00:00,1013.36,1015.96,1012.82,1015.71,1123,820,0
2020-01-17 12:00:00,1015.7,1026.64,1015.52,1024.33,1845,260,0
2020-01-17 13:00:00,1024.28,1024.28,1019.05,1023.62,1307,500,0
2020-01-17 14:00:00,1023.32,1027.59,1019.08,1024.11,1620,520,0
2020-01-17 15:00:00,1024.61,1027.11,1016.27,1017.8,3307,780,0
2020-01-17 16:00:00,1017.79,1029.9,1015.23,1026.35,4531,510,0
2020-01-17 17:00:00,1026.35,1026.9,1013.09,1014.47,4584,320,0
2020-01-17 18:00:00,1014.68,1023.63,1014.11,1020.69,3133,210,0
2020-01-17 19:00:00,1020.75,1021.34,1016.53,1020.44,2490,970,0
2020-01-17 20:00:00,1020.43,1025.21,1019.49,1022.43,2111,540,0
2020-01-17 21:00:00,1022.45,1024.85,1022.45,1024.54,1017,390,0
2020-01-17 22:00:00,1024.54,1026.02,1021.29,1022.28,1266,400,0
2020-01-17 23:00:00,1022.46,1024.5,1020.71,1020.9,527,1120,0
2020-01-20 01:00:00,1021.85,1026.89,1020.81,1026.27,1037,620,0
2020-01-20 02:00:00,1026.24,1028.39,1024.41,1024.58,1131,660,0
2020-01-20 03:00:00,1024.58,1025.86,1023.22,1024.33,1324,410,0
2020-01-20 04:00:00,1024.34,1024.95,1023.33,1023.79,952,500,0
2020-01-20 05:00:00,1023.69,1025.32,1023.68,1025.2,805,530,0
2020-01-20 06:00:00,1025.18,1028.14,1024.66,1027.58,813,490,0
2020-01-20 07:00:00,1027.56,1029.21,1025.71,1029.05,1155,470,0
2020-01-20 08:00:00,1029.05,1030.76,1027.67,1029.68,992,400,0
2020-01-20 09:00:00,1029.69,1030.58,1026.86,1028.41,920,270,0
2020-01-20 10:00:00,1028.39,1030.38,1024.87,1028.9,1342,250,0
2020-01-20 11:00:00,1028.99,1029.46,1024.14,1025.96,1069,510,0
2020-01-20 12:00:00,1025.97,1029.39,1024.88,1027.88,792,490,0
2020-01-20 13:00:00,1027.87,1027.99,1022.05,1024.63,914,290,0
2020-01-20 14:00:00,1024.6,1025.39,1022.68,1024.72,634,750,0
2020-01-20 15:00:00,1024.76,1024.88,1015.75,1016.22,1668,200,0
2020-01-20 16:00:00,1016.17,1017.59,1009.56,1014.19,2616,330,0
2020-01-20 17:00:00,1014.14,1020.25,1011.51,1016.46,1749,380,0
2020-01-20 18:00:00,1016.5,1020.88,1015.94,1020.88,1253,420,0
2020-01-20 19:00:00,1020.86,1022.4,1018.91,1019.08,1135,310,0
2020-01-20 20:00:00,1019.13,1019.13,1019.13,1019.13,1,910,0
2020-01-21 01:00:00,1020.22,1022.53,1020.16,1022.03,659,1190,0
2020-01-21 02:00:00,1022.04,1024.3,1021.79,1021.8,707,1120,0
2020-01-21 03:00:00,1021.91,1026.29,1020.48,1021.05,2753,1010,0
2020-01-21 04:00:00,1021.06,1022.74,1018.94,1021.16,1392,850,0
2020-01-21 05:00:00,1021.14,1022.01,1020.29,1021.31,942,1110,0
2020-01-21 06:00:00,1021.3,1024.09,1020.97,1023.32,690,990,0
2020-01-21 07:00:00,1023.32,1023.71,1017.99,1020.79,962,700,0
2020-01-21 08:00:00,1020.8,1021.37,1019.32,1019.38,705,720,0
2020-01-21 09:00:00,1019.41,1019.74,1006.34,1012.27,2371,200,0
2020-01-21 10:00:00,1012.25,1015.18,998.07,1002.1,3125,220,0
2020-01-21 11:00:00,1002.1,1012.65,1001.61,1006.19,2035,200,0
2020-01-21 12:00:00,1006.17,1012.03,1004.98,1009.47,1064,300,0
2020-01-21 13:00:00,1009.46,1012.2,1007.53,1010.26,1091,580,0
2020-01-21 14:00:00,1010.3,1014.77,1010.07,1013.46,1683,540,0
2020-01-21 15:00:00,1013.28,1015.85,989.9,997.63,4777,200,0
2020-01-21 16:00:00,997.61,998.3,990.25,997.1,5444,600,0
2020-01-21 17:00:00,997.12,1010.41,991.05,1007.49,5257,280,0
2020-01-21 18:00:00,1007.52,1009.25,1004.14,1004.73,2896,810,0
2020-01-21 19:00:00,1004.66,1006.76,1003.49,1003.68,1417,650,0
2020-01-21 20:00:00,1003.67,1007.09,1002.31,1005.58,2675,610,0
2020-01-21 21:00:00,1005.55,1005.86,1003.96,1004.23,1189,700,0
2020-01-21 22:00:00,1004.26,1004.31,1002.68,1002.9,907,880,0
2020-01-21 23:00:00,1002.91,1003.21,999.91,1000.06,740,1050,0
2020-01-22 01:00:00,1000.79,1002.82,996.85,997.13,586,430,0
2020-01-22 02:00:00,997.1,1000.22,997.05,997.32,1503,890,0
2020-01-22 03:00:00,997.31,998.07,992.43,995.09,2485,440,0
2020-01-22 04:00:00,995.11,998.2,994.45,998.06,2307,540,0
2020-01-22 05:00:00,998.01,1001.44,997.0,999.94,1390,420,0
2020-01-22 06:00:00,999.94,1001.22,997.69,1001.21,618,540,0
2020-01-22 07:00:00,1001.21,1005.48,1000.21,1001.2,1164,600,0
2020-01-22 08:00:00,1001.21,1004.12,1001.03,1002.18,757,700,0
2020-01-22 09:00:00,1002.02,1005.98,1001.99,1003.47,1086,570,0
2020-01-22 10:00:00,1003.5,1003.85,1000.49,1002.04,1567,340,0
2020-01-22 11:00:00,1002.03,1002.88,999.39,1000.44,1230,440,0
2020-01-22 12:00:00,1000.45,1003.85,999.96,1003.62,789,210,0
2020-01-22 13:00:00,1003.64,1005.67,1002.14,1002.4,1377,300,0
2020-01-22 14:00:00,1002.38,1005.26,1001.43,1003.24,1421,280,0
2020-01-22 15:00:00,1003.27,1007.0,1000.31,1003.98,2952,590,0
2020-01-22 16:00:00,1004.01,1013.33,1002.08,1010.77,4225,530,0
2020-01-22 17:00:00,1010.73,1015.04,1006.24,1014.5,3905,250,0
2020-01-22 18:00:00,1014.49,1019.72,1013.88,1015.77,3885,570,0
2020-01-22 19:00:00,1015.76,1018.54,1015.12,1016.77,1675,540,0
2020-01-22 20:00:00,1016.8,1019.4,1012.26,1014.46,1896,580,0
2020-01-22 21:00:00,1014.52,1015.48,1013.3,1014.13,1049,540,0
2020-01-22 22:00:00,1014.13,1015.38,1013.68,1014.63,677,820,0
2020-01-22 23:00:00,1014.63,1015.03,1013.72,1014.54,600,1050,0
2020-01-23 01:00:00,1014.98,1020.15,1014.26,1018.78,1835,910,0
2020-01-23 02:00:00,1018.77,1021.81,1016.73,1017.67,2793,1110,0
2020-01-23 03:00:00,1017.65,1018.21,1013.06,1013.88,2843,950,0
2020-01-23 04:00:00,1013.85,1014.35,1011.75,1012.72,2132,1040,0
2020-01-23 05:00:00,1012.71,1015.32,1012.06,1013.21,1569,1010,0
2020-01-23 06:00:00,1013.38,1013.38,1012.33,1012.64,747,920,0
2020-01-23 07:00:00,1012.65,1012.67,1005.8,1006.52,2075,870,0
2020-01-23 08:00:00,1006.54,1007.31,1002.89,1005.19,1962,460,0
2020-01-23 09:00:00,1005.21,1005.64,1002.87,1004.2,1883,670,0
2020-01-23 10:00:00,1004.19,1010.74,1003.41,1010.37,2336,530,0
2020-01-23 11:00:00,1010.34,1010.4,1004.82,1006.3,1731,490,0
2020-01-23 12:00:00,1006.29,1009.11,1005.97,1007.47,1253,680,0
2020-01-23 13:00:00,1007.5,1007.5,1004.45,1004.48,1234,530,0
2020-01-23 14:00:00,1004.4,1007.52,1002.68,1004.99,1698,390,0
2020-01-23 15:00:00,1004.91,1007.37,997.69,1005.41,3914,480,0
2020-01-23 16:00:00,1005.4,1010.62,999.04,1009.01,5449,490,0
2020-01-23 17:00:00,1008.98,1010.4,1000.99,1004.39,4705,830,0
2020-01-23 18:00:00,1004.38,1007.28,998.95,1000.26,4368,220,0
2020-01-23 19:00:00,1000.29,1005.2,1000.28,1005.15,2524,780,0
2020-01-23 20:00:00,1005.16,1007.53,1002.62,1005.68,3339,440,0
2020-01-23 21:00:00,1005.66,1007.13,1004.88,1006.7,1759,880,0
2020-01-23 22:00:00,1006.72,1006.73,1004.63,1005.11,1205,860,0
2020-01-23 23:00:00,1005.1,1005.23,1003.48,1004.24,644,1120,0
2020-01-24 01:00:00,1004.49,1005.82,1004.49,1005.59,857,1050,0
2020-01-24 02:00:00,1005.56,1005.69,1001.99,1002.9,1648,980,0
2020-01-24 03:00:00,1002.91,1003.33,1001.33,1002.89,1493,1010,0
2020-01-24 04:00:00,1002.9,1003.03,1001.57,1002.51,798,1130,0
2020-01-24 05:00:00,1002.56,1002.82,1000.78,1001.54,725,950,0
2020-01-24 06:00:00,1001.53,1003.71,1000.72,1001.81,858,1130,0
2020-01-24 07:00:00,1001.79,1005.58,1001.78,1003.93,713,1110,0
2020-01-24 08:00:00,1003.96,1008.08,1003.89,1007.07,1115,1050,0
2020-01-24 09:00:00,1007.13,1007.49,1004.65,1005.91,1337,800,0
2020-01-24 10:00:00,1005.9,1011.79,1004.74,1008.77,2460,700,0
2020-01-24 11:00:00,1008.64,1009.52,1005.15,1008.38,1757,410,0
2020-01-24 12:00:00,1008.41,1010.68,1005.54,1005.55,1332,520,0
2020-01-24 13:00:00,1005.56,1005.61,1002.2,1004.72,1641,660,0
2020-01-24 14:00:00,1004.73,1008.92,1004.55,1006.26,1669,230,0
2020-01-24 15:00:00,1006.28,1017.25,1005.37,1014.44,4219,420,0
2020-01-24 16:00:00,1014.44,1015.37,1003.87,1011.5,5885,670,0
2020-01-24 17:00:00,1011.53,1018.27,1008.71,1008.8,5569,560,0
2020-01-24 18:00:00,1008.68,1010.89,1004.36,1005.35,4396,590,0
2020-01-24 19:00:00,1005.36,1007.9,1005.13,1006.77,4144,810,0
2020-01-24 20:00:00,1006.85,1009.09,1005.75,1006.24,3287,750,0
2020-01-24 21:00:00,1006.26,1007.35,1005.13,1006.71,2544,810,0
2020-01-24 22:00:00,1006.73,1008.63,1006.28,1007.71,2387,830,0
2020-01-24 23:00:00,1007.71,1008.09,1004.84,1005.26,1005,1110,0
2020-01-27 01:00:00,1009.94,1010.74,999.35,1000.41,3444,520,0
2020-01-27 02:00:00,1000.35,1000.41,995.59,996.8,3732,710,0
2020-01-27 03:00:00,997.36,1002.27,996.66,1001.52,1970,720,0
2020-01-27 04:00:00,1001.5,1001.63,998.61,999.57,1719,890,0
2020-01-27 05:00:00,999.56,999.56,996.45,997.16,1324,970,0
2020-01-27 06:00:00,997.18,998.4,994.05,994.54,1135,420,0
2020-01-27 07:00:00,994.55,997.5,993.83,996.78,1620,820,0
2020-01-27 08:00:00,996.77,999.52,996.42,999.41,1518,420,0
2020-01-27 09:00:00,999.32,1000.43,991.25,992.78,2595,260,0
2020-01-27 10:00:00,992.78,996.4,988.47,996.06,4107,230,0
2020-01-27 11:00:00,995.95,997.25,991.66,993.72,3022,530,0
2020-01-27 12:00:00,993.7,993.9,990.49,991.05,2297,410,0
2020-01-27 13:00:00,991.07,992.85,988.01,992.73,2978,240,0
2020-01-27 14:00:00,992.74,993.92,990.44,992.55,2199,280,0
2020-01-27 15:00:00,993.11,996.16,987.56,987.68,3538,250,0
2020-01-27 16:00:00,987.67,990.37,986.1,987.25,6051,230,0
2020-01-27 17:00:00,987.24,993.96,985.33,991.83,5740,240,0
2020-01-27 18:00:00,991.8,994.19,988.85,991.5,4032,380,0
2020-01-27 19:00:00,991.51,992.87,986.95,988.57,3233,640,0
2020-01-27 20:00:00,988.56,990.01,985.77,986.36,3124,200,0
2020-01-27 21:00:00,986.4,988.88,986.15,986.33,1904,590,0
2020-01-27 22:00:00,986.32,987.28,985.13,985.16,1622,780,0
2020-01-27 23:00:00,985.18,986.1,984.31,985.06,815,1020,0
2020-01-28 01:00:00,985.05,989.08,984.72,988.47,1253,490,0
2020-01-28 02:00:00,988.51,990.8,987.53,989.25,1776,560,0
2020-01-28 03:00:00,989.24,992.48,988.81,990.15,2014,510,0
2020-01-28 04:00:00,990.13,991.55,989.73,990.55,1302,500,0
2020-01-28 05:00:00,990.56,990.63,988.22,988.93,971,520,0
2020-01-28 06:00:00,988.94,990.23,988.0,989.98,972,510,0
2020-01-28 07:00:00,989.98,992.4,989.36,992.11,1150,570,0
2020-01-28 08:00:00,992.1,993.54,989.69,993.19,1320,650,0
2020-01-28 09:00:00,993.16,993.65,988.25,988.88,1805,330,0
2020-01-28 10:00:00,988.89,989.94,985.96,987.89,2250,700,0
2020-01-28 11:00:00,987.88,990.75,982.99,987.42,3847,200,0
2020-01-28 12:00:00,987.44,990.41,986.88,988.18,1424,410,0
2020-01-28 13:00:00,988.15,989.09,986.0,986.05,1519,340,0
2020-01-28 14:00:00,986.06,987.69,982.13,983.88,3308,290,0
2020-01-28 15:00:00,983.98,987.78,980.05,983.27,4080,530,0
2020-01-28 16:00:00,983.17,989.43,982.15,988.83,4369,680,0
2020-01-28 17:00:00,988.82,993.51,986.72,988.78,5502,620,0
2020-01-28 18:00:00,988.97,989.22,984.84,986.95,3587,640,0
2020-01-28 19:00:00,987.02,992.62,985.19,989.48,2915,700,0
2020-01-28 20:00:00,989.47,993.13,988.45,989.11,2924,850,0
2020-01-28 21:00:00,989.13,989.44,988.34,989.36,1292,850,0
2020-01-28 22:00:00,989.44,989.91,987.73,988.16,1232,1050,0
2020-01-28 23:00:00,988.22,988.65,987.32,988.06,1023,1050,0
2020-01-29 01:00:00,988.05,989.46,986.33,987.23,1069,1050,0
2020-01-29 02:00:00,987.26,988.26,986.81,988.16,796,1050,0
2020-01-29 03:00:00,988.13,988.13,985.64,987.11,2042,970,0
2020-01-29 04:00:00,987.1,988.23,986.13,987.95,1296,970,0
2020-01-29 05:00:00,987.91,990.25,987.49,990.04,967,860,0
2020-01-29 06:00:00,990.06,991.42,989.27,991.0,858,840,0
2020-01-29 07:00:00,990.99,992.82,989.84,992.41,1153,950,0
2020-01-29 08:00:00,992.44,992.62,990.37,990.79,788,450,0
2020-01-29 09:00:00,990.93,991.54,989.55,991.35,846,620,0
2020-01-29 10:00:00,991.33,994.15,989.72,992.66,1395,570,0
2020-01-29 11:00:00,992.63,994.08,992.35,994.02,1458,680,0
2020-01-29 12:00:00,994.02,996.86,993.62,994.17,1263,580,0
2020-01-29 13:00:00,994.15,995.48,991.3,995.19,1680,730,0
2020-01-29 14:00:00,995.22,995.35,992.37,992.41,1286,570,0
2020-01-29 15:00:00,992.38,993.39,984.23,984.29,3335,740,0
2020-01-29 16:00:00,984.28,987.21,983.26,984.94,3559,680,0
2020-01-29 17:00:00,984.95,986.96,971.53,973.77,4675,300,0
2020-01-29 18:00:00,973.76,975.63,972.23,974.27,1960,240,0
2020-01-29 19:00:00,974.27,977.68,972.85,973.26,1491,240,0
2020-01-29 20:00:00,973.27,974.09,970.97,972.04,1310,420,0
2020-01-29 21:00:00,972.02,978.9,971.65,977.35,1864,630,0
2020-01-29 22:00:00,977.25,978.27,976.78,977.74,1306,930,0
2020-01-29 23:00:00,977.73,977.93,975.59,977.31,793,1030,0
2020-01-30 01:00:00,976.5,979.52,976.5,979.23,1093,1090,0
2020-01-30 02:00:00,979.18,979.39,976.71,977.41,1228,1000,0
2020-01-30 03:00:00,977.34,978.08,975.84,976.2,1090,1000,0
2020-01-30 04:00:00,976.19,976.8,973.41,974.43,1152,610,0
2020-01-30 05:00:00,974.42,975.26,972.29,972.29,1154,720,0
2020-01-30 06:00:00,972.24,972.46,970.26,970.3,1031,460,0
2020-01-30 07:00:00,970.3,971.46,966.82,968.04,1341,670,0
2020-01-30 08:00:00,968.03,970.29,966.15,969.9,1255,770,0
2020-01-30 09:00:00,969.92,970.37,963.32,963.82,3009,570,0
2020-01-30 10:00:00,963.95,968.44,962.51,968.27,2426,440,0
2020-01-30 11:00:00,968.28,972.17,967.36,968.92,2062,500,0
2020-01-30 12:00:00,968.91,973.04,968.91,971.53,1343,830,0
2020-01-30 13:00:00,971.54,973.97,970.38,973.09,1651,760,0
2020-01-30 14:00:00,973.07,976.6,971.85,972.24,2060,540,0
2020-01-30 15:00:00,972.25,975.36,969.58,974.53,4099,770,0
2020-01-30 16:00:00,974.48,979.66,973.94,977.28,4708,610,0
2020-01-30 17:00:00,977.19,978.94,972.74,974.61,4391,700,0
2020-01-30 18:00:00,974.57,977.57,971.9,973.64,3455,720,0
2020-01-30 19:00:00,973.65,978.25,972.82,977.71,2884,770,0
2020-01-30 20:00:00,977.7,980.15,976.38,978.0,2530,810,0
2020-01-30 21:00:00,977.8,977.85,975.48,976.13,2187,700,0
2020-01-30 22:00:00,975.99,981.63,975.93,980.81,3166,1030,0
2020-01-30 23:00:00,980.84,981.29,978.88,979.12,1068,1050,0
2020-01-31 01:00:00,976.74,980.1,976.74,978.61,1099,960,0
2020-01-31 02:00:00,978.59,983.49,978.01,982.46,1870,1020,0
2020-01-31 03:00:00,982.45,983.57,980.03,980.75,2570,1000,0
2020-01-31 04:00:00,980.76,980.92,980.01,980.85,1329,670,0
2020-01-31 05:00:00,980.85,981.6,980.23,980.77,694,680,0
2020-01-31 06:00:00,980.77,980.86,979.17,979.65,527,690,0
2020-01-31 07:00:00,979.64,979.99,978.53,979.57,685,680,0
2020-01-31 08:00:00,979.57,980.36,977.9,978.09,714,460,0
2020-01-31 09:00:00,978.18,978.91,977.05,978.32,1071,370,0
2020-01-31 10:00:00,978.3,980.55,977.68,977.71,1483,210,0
2020-01-31 11:00:00,977.71,978.09,973.72,976.23,1288,360,0
2020-01-31 12:00:00,976.2,976.21,971.48,971.92,1321,370,0
2020-01-31 13:00:00,971.9,973.65,970.75,973.11,1032,630,0
2020-01-31 14:00:00,973.0,973.0,967.74,968.89,1304,370,0
2020-01-31 15:00:00,968.9,970.23,956.38,958.93,4230,310,0
2020-01-31 16:00:00,959.08,962.14,957.23,960.3,4220,290,0
2020-01-31 17:00:00,960.22,963.41,956.71,963.12,4582,320,0
2020-01-31 18:00:00,963.02,964.88,957.93,959.45,3730,220,0
2020-01-31 19:00:00,959.47,960.83,957.1,959.11,2833,390,0
2020-01-31 20:00:00,959.13,962.65,957.82,961.3,2436,200,0
2020-01-31 21:00:00,961.28,961.92,959.14,959.56,1505,410,0
2020-01-31 22:00:00,959.61,961.39,957.9,958.53,1744,920,0
2020-01-31 23:00:00,958.4,960.79,957.29,960.08,774,1220,0
2020-02-03 01:00:00,959.86,966.39,958.33,965.14,1603,560,0
2020-02-03 02:00:00,965.14,966.74,962.48,964.73,1905,570,0
2020-02-03 03:00:00,964.73,965.98,961.14,964.61,3173,770,0
2020-02-03 04:00:00,964.59,965.22,962.24,962.3,1219,790,0
2020-02-03 05:00:00,962.3,963.06,959.21,960.09,999,910,0
2020-02-03 06:00:00,960.09,960.71,957.36,958.23,697,810,0
2020-02-03 07:00:00,958.23,961.37,957.81,960.36,1299,890,0
2020-02-03 08:00:00,960.36,960.75,958.83,958.96,780,780,0
2020-02-03 09:00:00,959.16,959.41,954.02,956.82,2012,620,0
2020-02-03 10:00:00,956.81,957.87,952.83,953.8,2460,470,0
2020-02-03 11:00:00,953.79,954.36,951.91,954.22,2305,670,0
2020-02-03 12:00:00,954.2,958.29,953.54,957.31,1688,600,0
2020-02-03 13:00:00,957.32,958.3,954.65,955.3,1397,390,0
2020-02-03 14:00:00,955.33,958.13,954.73,956.25,1302,270,0
2020-02-03 15:00:00,956.22,965.89,955.43,965.0,3439,310,0
2020-02-03 16:00:00,965.02,972.05,964.27,971.83,4817,200,0
2020-02-03 17:00:00,971.88,973.65,967.13,969.23,5369,200,0
2020-02-03 18:00:00,969.46,970.64,966.62,967.93,3906,200,0
2020-02-03 19:00:00,967.96,969.79,967.19,968.17,2943,200,0
2020-02-03 20:00:00,968.18,970.17,966.64,969.21,2183,200,0
2020-02-03 21:00:00,969.19,970.15,967.76,969.81,1194,200,0
2020-02-03 22:00:00,969.77,969.99,968.59,968.74,796,410,0
2020-02-03 23:00:00,968.82,969.47,968.05,968.42,387,560,0
2020-02-04 01:00:00,966.26,969.84,966.26,968.74,687,610,0
2020-02-04 02:00:00,968.71,968.9,964.94,965.86,1725,1000,0
2020-02-04 03:00:00,965.91,969.56,965.36,969.52,4268,900,0
2020-02-04 04:00:00,969.56,969.64,967.44,969.24,1889,920,0
2020-02-04 05:00:00,969.25,972.55,968.35,972.52,1890,750,0
2020-02-04 06:00:00,972.51,974.56,972.37,972.38,1336,690,0
2020-02-04 07:00:00,972.43,974.2,972.08,973.98,1860,620,0
2020-02-04 08:00:00,974.0,977.33,973.21,976.34,1737,530,0
2020-02-04 09:00:00,976.31,977.19,974.71,976.31,1691,400,0
2020-02-04 10:00:00,976.29,982.58,975.94,981.32,2874,240,0
2020-02-04 11:00:00,981.3,981.47,979.11,981.2,2101,360,0
2020-02-04 12:00:00,981.21,981.29,979.69,980.5,1072,320,0
2020-02-04 13:00:00,980.46,981.09,978.39,978.97,1216,330,0
2020-02-04 14:00:00,979.01,979.53,976.88,977.73,1868,300,0
2020-02-04 15:00:00,977.59,978.62,966.16,967.52,3795,260,0
2020-02-04 16:00:00,967.53,968.06,960.72,962.22,5247,230,0
2020-02-04 17:00:00,962.2,964.97,958.31,962.28,4446,330,0
2020-02-04 18:00:00,962.3,967.47,961.55,967.46,3402,250,0
2020-02-04 19:00:00,967.47,967.97,962.84,964.48,2789,280,0
2020-02-04 20:00:00,964.44,967.01,962.74,966.94,2037,510,0
2020-02-04 21:00:00,966.92,967.07,965.6,966.03,1640,620,0
2020-02-04 22:00:00,965.98,966.74,965.54,966.55,1195,830,0
2020-02-04 23:00:00,966.58,966.65,964.36,964.45,639,1040,0
2020-02-05 01:00:00,963.11,966.03,962.83,963.98,768,1050,0
2020-02-05 02:00:00,963.99,965.39,960.76,961.17,1661,1100,0
2020-02-05 03:00:00,961.15,964.55,960.69,963.85,2561,1050,0
2020-02-05 04:00:00,963.84,964.21,962.45,963.15,1590,1070,0
2020-02-05 05:00:00,963.14,964.07,962.93,963.16,1071,1080,0
2020-02-05 06:00:00,963.15,966.14,963.11,964.55,871,1050,0
2020-02-05 07:00:00,964.54,965.69,963.31,963.5,1471,1050,0
2020-02-05 08:00:00,963.53,965.92,963.43,965.48,1249,850,0
2020-02-05 09:00:00,965.54,967.08,965.48,965.77,1238,850,0
2020-02-05 10:00:00,965.8,972.16,961.49,970.77,2934,240,0
2020-02-05 11:00:00,970.78,974.55,969.1,970.47,2809,560,0
2020-02-05 12:00:00,970.49,973.03,968.56,972.82,1715,630,0
2020-02-05 13:00:00,972.85,975.0,971.23,974.68,1557,810,0
2020-02-05 14:00:00,974.7,980.12,974.01,976.43,2248,670,0
2020-02-05 15:00:00,976.42,978.55,970.46,975.03,3714,730,0
2020-02-05 16:00:00,974.84,976.79,971.07,971.37,3855,280,0
2020-02-05 17:00:00,971.33,979.0,970.83,978.31,4410,610,0
2020-02-05 18:00:00,978.35,984.76,977.8,982.75,3960,350,0
2020-02-05 19:00:00,982.89,985.29,982.67,984.48,2279,490,0
2020-02-05 20:00:00,984.49,985.21,983.17,983.49,1999,360,0
2020-02-05 21:00:00,983.47,984.31,982.22,984.28,1431,520,0
2020-02-05 22:00:00,984.21,986.37,983.9,984.07,1266,770,0
2020-02-05 23:00:00,984.12,984.44,983.1,983.34,610,930,0
2020-02-06 01:00:00,983.01,984.52,980.83,981.01,959,1000,0
2020-02-06 02:00:00,980.99,983.84,980.99,982.9,1581,1050,0
2020-02-06 03:00:00,982.92,985.33,982.83,985.23,3027,1020,0
2020-02-06 04:00:00,985.22,985.84,984.05,985.74,1848,1010,0
2020-02-06 05:00:00,985.73,988.72,983.81,984.14,1739,930,0
2020-02-06 06:00:00,984.17,984.93,982.02,984.41,1542,890,0
2020-02-06 07:00:00,984.4,985.55,980.18,981.94,2622,700,0
2020-02-06 08:00:00,981.97,984.02,980.74,982.09,1792,940,0
2020-02-06 09:00:00,982.13,984.17,981.78,983.46,2044,840,0
2020-02-06 10:00:00,983.47,984.21,975.2,977.75,2463,720,0
2020-02-06 11:00:00,977.7,978.94,974.48,976.35,2363,690,0
2020-02-06 12:00:00,976.42,980.62,976.4,980.01,2195,760,0
2020-02-06 13:00:00,980.07,980.57,976.29,977.31,1736,550,0
2020-02-06 14:00:00,977.32,979.02,975.91,977.63,1924,700,0
2020-02-06 15:00:00,977.66,980.71,976.0,976.91,2699,740,0
2020-02-06 16:00:00,976.87,978.11,968.67,970.4,4201,390,0
2020-02-06 17:00:00,970.36,971.22,962.42,963.82,4501,470,0
2020-02-06 18:00:00,963.82,964.52,960.79,963.95,3565,730,0
2020-02-06 19:00:00,963.92,965.08,960.67,963.02,2399,680,0
2020-02-06 20:00:00,963.07,966.45,962.06,964.61,2118,700,0
2020-02-06 21:00:00,964.55,964.55,960.83,961.88,1320,500,0
2020-02-06 22:00:00,961.81,963.41,961.4,962.33,1085,850,0
2020-02-06 23:00:00,962.29,963.82,962.19,963.37,539,1050,0
2020-02-07 01:00:00,963.26,967.13,963.09,966.39,1202,1030,0
2020-02-07 02:00:00,966.36,966.36,964.11,964.43,1816,1050,0
2020-02-07 03:00:00,964.41,964.59,961.01,961.23,3165,1040,0
2020-02-07 04:00:00,961.25,964.47,961.04,962.57,1686,810,0
2020-02-07 05:00:00,962.61,963.68,961.94,963.67,1004,1050,0
2020-02-07 06:00:00,963.65,964.14,960.27,961.07,831,740,0
2020-02-07 07:00:00,961.04,965.27,960.83,964.52,1452,580,0
2020-02-07 08:00:00,964.54,964.62,960.63,961.81,1924,660,0
2020-02-07 09:00:00,961.82,964.57,959.31,964.05,1983,360,0
2020-02-07 10:00:00,964.03,965.24,960.88,963.37,2244,410,0
2020-02-07 11:00:00,963.36,971.71,962.83,969.65,2180,490,0
2020-02-07 12:00:00,969.63,970.87,968.34,969.16,1970,730,0
2020-02-07 13:00:00,969.18,971.33,966.39,970.09,1511,560,0
2020-02-07 14:00:00,970.08,972.25,967.61,968.6,1588,470,0
2020-02-07 15:00:00,968.73,976.05,966.23,974.34,4147,800,0
2020-02-07 16:00:00,974.3,975.75,967.42,967.73,4638,850,0
2020-02-07 17:00:00,967.69,969.99,964.28,966.22,3907,840,0
2020-02-07 18:00:00,966.21,971.0,963.65,964.09,3461,630,0
2020-02-07 19:00:00,964.12,967.19,963.68,966.9,2082,850,0
2020-02-07 20:00:00,966.91,968.63,966.16,968.33,2285,790,0
2020-02-07 21:00:00,968.34,968.93,967.54,968.63,1698,850,0
2020-02-07 22:00:00,968.6,970.0,967.86,968.28,1257,1050,0
2020-02-07 23:00:00,968.27,968.55,966.47,966.57,537,1050,0
2020-02-10 01:00:00,966.83,969.77,966.1,966.91,1683,1080,0
2020-02-10 02:00:00,967.4,969.68,966.25,968.96,1795,1070,0
2020-02-10 03:00:00,968.97,971.88,968.26,971.39,2635,1050,0
2020-02-10 04:00:00,971.41,973.07,971.01,971.44,2451,1050,0
2020-02-10 05:00:00,971.42,973.45,971.28,972.58,1199,1050,0
2020-02-10 06:00:00,972.57,972.81,971.72,972.29,700,1140,0
2020-02-10 07:00:00,972.31,973.02,971.53,971.53,1428,1110,0
2020-02-10 08:00:00,971.54,972.0,969.71,970.32,1405,860,0
2020-02-10 09:00:00,970.29,972.16,969.9,971.27,1731,760,0
2020-02-10 10:00:00,971.24,974.94,971.11,972.06,2565,850,0
2020-02-10 11:00:00,972.07,972.83,969.75,970.67,1828,740,0
2020-02-10 12:00:00,970.68,974.07,969.77,973.83,1384,770,0
2020-02-10 13:00:00,973.85,975.44,972.75,973.85,1384,850,0
2020-02-10 14:00:00,973.84,974.84,971.81,972.91,1582,610,0
2020-02-10 15:00:00,972.89,975.18,967.35,968.92,2725,650,0
2020-02-10 16:00:00,968.88,968.99,953.93,956.68,4177,350,0
2020-02-10 17:00:00,956.67,963.17,953.99,962.94,3575,390,0
2020-02-10 18:00:00,962.9,966.29,961.53,962.74,2421,390,0
2020-02-10 19:00:00,962.75,964.99,961.69,963.81,1720,360,0
2020-02-10 20:00:00,963.67,965.08,962.65,963.78,1488,650,0
2020-02-10 21:00:00,963.8,964.08,960.85,963.92,1457,480,0
2020-02-10 22:00:00,963.96,964.12,961.42,962.66,1338,790,0
2020-02-10 23:00:00,962.64,963.43,961.87,962.78,689,1160,0
2020-02-11 01:00:00,963.18,963.45,961.83,963.05,426,1070,0
2020-02-11 02:00:00,963.04,966.19,962.19,965.97,1218,1050,0
2020-02-11 03:00:00,965.96,967.06,964.54,964.94,2321,900,0
2020-02-11 04:00:00,964.88,966.01,964.22,964.64,1449,990,0
2020-02-11 05:00:00,964.69,965.75,964.41,965.4,925,1050,0
2020-02-11 06:00:00,965.41,965.92,963.69,964.0,562,1050,0
2020-02-11 07:00:00,964.01,966.06,963.3,966.03,900,1050,0
2020-02-11 08:00:00,966.04,966.11,963.88,964.3,1246,850,0
2020-02-11 09:00:00,964.25,965.34,962.98,963.67,1545,850,0
2020-02-11 10:00:00,963.66,965.02,960.55,965.02,2150,690,0
2020-02-11 11:00:00,965.0,966.15,962.47,964.83,1822,840,0
2020-02-11 12:00:00,964.85,967.03,962.99,966.1,1222,840,0
2020-02-11 13:00:00,966.07,969.36,965.97,968.66,1620,850,0
2020-02-11 14:00:00,968.67,969.38,965.56,968.94,1566,740,0
2020-02-11 15:00:00,969.07,969.35,965.69,966.63,3002,760,0
2020-02-11 16:00:00,966.63,969.13,964.13,967.45,3891,370,0
2020-02-11 17:00:00,967.42,971.83,967.05,971.39,3563,350,0
2020-02-11 18:00:00,971.52,972.97,969.53,971.87,3261,690,0
2020-02-11 19:00:00,971.86,974.25,971.22,971.91,2041,820,0
2020-02-11 20:00:00,971.9,973.2,969.91,970.43,1869,850,0
2020-02-11 21:00:00,970.45,971.04,969.52,970.75,1536,850,0
2020-02-11 22:00:00,970.72,971.88,970.16,971.78,1375,1050,0
2020-02-11 23:00:00,971.76,971.76,970.54,971.16,401,1050,0
2020-02-12 01:00:00,970.23,972.3,968.56,969.22,1010,1000,0
2020-02-12 02:00:00,969.21,970.27,967.82,969.08,1705,990,0
2020-02-12 03:00:00,969.1,970.7,968.54,970.19,2633,970,0
2020-02-12 04:00:00,970.21,972.28,970.1,971.01,1185,910,0
2020-02-12 05:00:00,971.04,971.74,970.34,970.37,892,800,0
2020-02-12 06:00:00,970.37,970.93,970.15,970.7,442,750,0
2020-02-12 07:00:00,970.7,970.72,969.41,970.55,946,750,0
2020-02-12 08:00:00,970.55,970.56,968.32,970.03,1492,840,0
2020-02-12 09:00:00,970.1,970.36,966.39,968.15,1316,260,0
2020-02-12 10:00:00,968.18,968.41,966.28,966.57,1690,550,0
2020-02-12 11:00:00,966.54,968.4,965.51,966.85,994,450,0
2020-02-12 12:00:00,966.89,967.96,965.17,967.12,1195,690,0
2020-02-12 13:00:00,967.09,967.16,962.71,963.87,1568,760,0
2020-02-12 14:00:00,963.85,966.84,963.36,964.76,1188,850,0
2020-02-12 15:00:00,964.8,968.25,961.27,963.82,2713,770,0
2020-02-12 16:00:00,963.84,965.69,958.91,959.26,3956,690,0
2020-02-12 17:00:00,959.2,963.04,955.02,961.69,4517,250,0
2020-02-12 18:00:00,961.7,969.73,960.5,967.55,3406,370,0
2020-02-12 19:00:00,967.5,967.79,965.23,966.26,1774,850,0
2020-02-12 20:00:00,966.25,966.61,963.53,963.88,2179,810,0
2020-02-12 21:00:00,963.85,964.51,962.11,963.07,1238,850,0
2020-02-12 22:00:00,963.13,964.11,962.65,963.86,923,1050,0
2020-02-12 23:00:00,963.84,963.86,962.53,962.78,585,1050,0
2020-02-13 01:00:00,960.35,963.95,960.35,961.74,1512,1050,0
2020-02-13 02:00:00,961.67,963.3,961.12,962.96,2227,840,0
2020-02-13 03:00:00,962.95,964.23,962.13,963.69,2085,990,0
2020-02-13 04:00:00,963.65,965.2,963.63,964.93,1349,830,0
2020-02-13 05:00:00,964.93,966.62,964.57,966.1,1027,820,0
2020-02-13 06:00:00,966.09,967.52,965.32,966.74,1209,990,0
2020-02-13 07:00:00,966.75,966.78,964.32,966.55,1352,790,0
2020-02-13 08:00:00,966.57,967.15,964.48,964.61,1215,660,0
2020-02-13 09:00:00,964.64,965.35,963.32,964.38,1461,540,0
2020-02-13 10:00:00,964.42,966.63,962.73,965.82,1331,430,0
2020-02-13 11:00:00,965.82,967.07,964.08,965.38,1154,420,0
2020-02-13 12:00:00,965.39,965.98,964.75,964.82,959,260,0
2020-02-13 13:00:00,964.84,965.98,964.32,964.63,941,620,0
2020-02-13 14:00:00,964.63,967.98,964.09,965.46,2148,580,0
2020-02-13 15:00:00,965.6,968.46,962.17,968.24,2475,550,0
2020-02-13 16:00:00,968.23,970.41,964.65,969.5,2931,240,0
2020-02-13 17:00:00,969.46,975.08,968.83,973.54,4188,490,0
2020-02-13 18:00:00,973.52,974.21,969.75,971.36,2821,700,0
2020-02-13 19:00:00,971.5,974.48,970.82,972.12,2001,820,0
2020-02-13 20:00:00,972.13,972.87,969.81,970.68,1890,850,0
2020-02-13 21:00:00,970.69,971.18,969.72,969.73,1348,850,0
2020-02-13 22:00:00,969.69,970.37,969.45,969.8,1236,1050,0
2020-02-13 23:00:00,969.77,970.29,969.23,969.69,538,1050,0
2020-02-14 01:00:00,969.07,969.69,968.75,969.43,741,1050,0
2020-02-14 02:00:00,969.37,972.15,968.98,971.94,1046,1050,0
2020-02-14 03:00:00,971.96,973.19,970.28,972.65,2062,1020,0
2020-02-14 04:00:00,972.63,972.76,971.31,971.58,1305,1030,0
2020-02-14 05:00:00,971.63,972.9,971.54,972.46,1290,1050,0
2020-02-14 06:00:00,972.44,973.11,971.95,971.97,742,1050,0
2020-02-14 07:00:00,971.99,972.39,970.1,970.39,1111,1050,0
2020-02-14 08:00:00,970.35,971.51,969.77,971.42,1088,900,0
2020-02-14 09:00:00,971.37,972.54,970.92,972.03,1371,850,0
2020-02-14 10:00:00,972.02,973.24,971.45,972.5,1341,630,0
2020-02-14 11:00:00,972.48,973.71,972.28,973.14,1348,790,0
2020-02-14 12:00:00,973.16,974.23,972.7,972.82,1072,830,0
2020-02-14 13:00:00,972.85,974.86,972.8,974.66,925,400,0
2020-02-14 14:00:00,974.67,974.98,971.2,973.42,1306,750,0
2020-02-14 15:00:00,973.55,976.48,971.23,974.13,2729,710,0
2020-02-14 16:00:00,974.14,974.35,970.54,971.38,3645,540,0
2020-02-14 17:00:00,971.33,971.76,963.19,966.64,3994,690,0
2020-02-14 18:00:00,966.66,966.67,963.85,965.38,2127,760,0
2020-02-14 19:00:00,965.31,967.77,965.01,966.87,1647,740,0
2020-02-14 20:00:00,966.84,967.22,965.53,966.07,1910,780,0
2020-02-14 21:00:00,966.05,966.82,965.33,966.41,1006,670,0
2020-02-14 22:00:00,966.44,966.46,964.24,965.65,1064,990,0
2020-02-14 23:00:00,965.63,966.06,964.77,964.99,593,1150,0
2020-02-17 01:00:00,964.86,967.19,964.43,966.99,1212,810,0
2020-02-17 02:00:00,966.94,967.06,965.07,965.62,1563,1070,0
2020-02-17 03:00:00,965.63,968.29,965.53,967.5,1990,990,0
2020-02-17 04:00:00,967.52,970.1,967.29,969.44,1737,1030,0
2020-02-17 05:00:00,969.42,969.45,968.14,969.01,818,1050,0
2020-02-17 06:00:00,969.05,969.63,968.58,969.24,566,970,0
2020-02-17 07:00:00,969.25,969.97,969.08,969.36,894,970,0
2020-02-17 08:00:00,969.39,969.56,968.74,968.92,953,880,0
2020-02-17 09:00:00,968.93,970.36,966.91,966.98,1134,440,0
2020-02-17 10:00:00,966.97,969.34,966.66,968.54,1392,780,0
2020-02-17 11:00:00,968.52,969.87,967.16,969.17,1202,720,0
2020-02-17 12:00:00,969.18,971.85,968.23,968.51,903,780,0
2020-02-17 13:00:00,968.53,970.55,967.96,968.43,859,770,0
2020-02-17 14:00:00,968.68,969.61,967.16,968.14,971,780,0
2020-02-17 15:00:00,968.16,969.8,966.65,968.42,1280,850,0
2020-02-17 16:00:00,968.43,971.04,967.18,968.52,1508,650,0
2020-02-17 17:00:00,968.44,969.76,967.73,969.68,1086,470,0
2020-02-17 18:00:00,969.66,973.04,969.43,971.22,1403,850,0
2020-02-17 19:00:00,971.23,972.52,969.26,970.19,1171,780,0
2020-02-18 01:00:00,970.31,970.81,969.04,970.73,1267,1050,0
2020-02-18 02:00:00,970.69,971.79,969.74,971.72,1612,1050,0
2020-02-18 03:00:00,971.7,972.72,970.53,971.64,1973,1050,0
2020-02-18 04:00:00,971.61,972.96,970.98,972.79,1782,1050,0
2020-02-18 05:00:00,972.78,972.94,971.55,971.75,983,1000,0
2020-02-18 06:00:00,971.74,971.79,971.15,971.57,429,980,0
2020-02-18 07:00:00,971.57,971.72,970.88,970.95,626,880,0
2020-02-18 08:00:00,970.95,971.68,970.25,971.03,963,760,0
2020-02-18 09:00:00,970.99,980.47,970.69,978.95,2068,510,0
2020-02-18 10:00:00,978.91,979.21,976.54,977.27,1584,740,0
2020-02-18 11:00:00,977.29,981.94,977.29,981.03,1696,440,0
2020-02-18 12:00:00,981.02,982.02,979.96,980.21,1705,400,0
2020-02-18 13:00:00,980.18,980.62,978.68,980.6,1188,520,0
2020-02-18 14:00:00,980.53,980.96,977.35,978.68,1448,580,0
2020-02-18 15:00:00,979.08,981.77,978.64,980.1,3019,670,0
2020-02-18 16:00:00,980.12,981.08,976.26,978.45,3989,690,0
2020-02-18 17:00:00,978.47,988.28,978.17,988.17,5137,560,0
2020-02-18 18:00:00,988.15,993.6,988.15,991.77,4645,470,0
2020-02-18 19:00:00,991.73,993.89,990.98,992.47,2707,430,0
2020-02-18 20:00:00,992.48,992.52,990.45,991.05,2340,470,0
2020-02-18 21:00:00,991.08,991.54,989.0,991.01,1732,670,0
2020-02-18 22:00:00,990.94,993.37,990.88,993.09,1456,760,0
2020-02-18 23:00:00,993.11,993.37,990.98,992.06,1005,1050,0
2020-02-19 01:00:00,990.87,993.32,990.87,993.18,823,1050,0
2020-02-19 02:00:00,993.15,1001.02,992.89,1000.92,1946,1030,0
2020-02-19 03:00:00,1000.9,1001.86,998.03,999.16,2628,790,0
2020-02-19 04:00:00,999.15,1000.96,998.45,1000.75,2114,930,0
2020-02-19 05:00:00,1000.76,1001.76,1000.18,1001.65,1571,990,0
2020-02-19 06:00:00,1001.66,1002.77,999.16,999.43,1109,910,0
2020-02-19 07:00:00,999.44,1004.85,998.83,1004.85,1581,730,0
2020-02-19 08:00:00,1004.88,1008.51,997.81,998.18,2102,440,0
2020-02-19 09:00:00,998.24,1001.69,995.09,1000.57,2542,630,0
2020-02-19 10:00:00,1000.58,1010.98,1000.43,1010.4,3141,480,0
2020-02-19 11:00:00,1010.21,1018.2,1009.71,1014.48,3287,240,0
2020-02-19 12:00:00,1014.46,1015.58,1011.4,1014.27,2213,710,0
2020-02-19 13:00:00,1014.28,1015.25,1007.68,1010.7,2245,550,0
2020-02-19 14:00:00,1010.71,1015.56,1008.97,1009.51,2454,540,0
2020-02-19 15:00:00,1009.55,1012.46,1001.58,1004.76,3588,340,0
2020-02-19 16:00:00,1004.76,1009.21,1002.05,1003.49,3853,250,0
2020-02-19 17:00:00,1003.47,1006.88,1001.84,1005.52,2940,220,0
2020-02-19 18:00:00,1005.35,1007.18,998.79,1000.95,3071,500,0
2020-02-19 19:00:00,1000.92,1003.24,999.97,1002.07,1907,220,0
2020-02-19 20:00:00,1002.08,1006.33,1000.63,1005.5,1748,560,0
2020-02-19 21:00:00,1005.51,1006.54,1003.31,1004.17,1365,560,0
2020-02-19 22:00:00,1004.18,1009.78,1004.0,1009.47,1244,640,0
2020-02-19 23:00:00,1009.47,1009.47,1006.76,1007.13,920,920,0
2020-02-20 01:00:00,1007.12,1011.24,1006.49,1008.61,1488,860,0
2020-02-20 02:00:00,1008.59,1008.66,1002.4,1002.48,1632,670,0
2020-02-20 03:00:00,1002.48,1003.08,999.73,1001.81,1910,520,0
2020-02-20 04:00:00,1001.79,1002.7,997.72,997.97,1677,490,0
2020-02-20 05:00:00,997.97,1000.03,993.67,994.53,2104,610,0
2020-02-20 06:00:00,994.57,995.53,992.85,995.53,1374,640,0
2020-02-20 07:00:00,995.55,999.16,995.24,997.22,1848,960,0
2020-02-20 08:00:00,997.23,998.34,993.72,994.32,1873,710,0
2020-02-20 09:00:00,994.39,996.05,991.59,994.47,2589,710,0
2020-02-20 10:00:00,994.73,997.12,992.82,994.0,2534,570,0
2020-02-20 11:00:00,994.05,998.45,993.74,995.07,2207,680,0
2020-02-20 12:00:00,995.06,998.78,994.99,998.26,1876,730,0
2020-02-20 13:00:00,998.31,1004.19,998.03,1004.16,2297,470,0
2020-02-20 14:00:00,1004.17,1004.21,998.33,998.33,2383,330,0
2020-02-20 15:00:00,998.36,998.99,983.41,987.47,5063,360,0
2020-02-20 16:00:00,987.45,988.58,981.43,988.23,4618,800,0
2020-02-20 17:00:00,988.27,991.66,982.11,982.92,4686,750,0
2020-02-20 18:00:00,982.95,985.15,980.71,981.66,5471,660,0
2020-02-20 19:00:00,981.67,982.12,972.73,976.3,4170,510,0
2020-02-20 20:00:00,976.28,979.5,975.61,978.03,2916,320,0
2020-02-20 21:00:00,978.05,980.91,977.57,979.12,2012,590,0
2020-02-20 22:00:00,979.15,980.5,979.15,980.37,1671,860,0
2020-02-20 23:00:00,980.34,980.81,979.57,979.84,612,1050,0
2020-02-21 01:00:00,979.77,984.91,979.28,984.13,1728,850,0
2020-02-21 02:00:00,984.18,984.3,981.96,982.26,2191,1050,0
2020-02-21 03:00:00,982.23,982.9,979.42,979.42,2697,970,0
2020-02-21 04:00:00,979.45,982.72,978.42,982.06,2198,580,0
2020-02-21 05:00:00,982.06,985.12,980.4,981.66,1370,720,0
2020-02-21 06:00:00,981.67,982.53,981.05,981.49,926,1070,0
2020-02-21 07:00:00,981.5,982.77,979.94,980.09,1622,860,0
2020-02-21 08:00:00,980.07,981.69,979.9,980.83,1340,690,0
2020-02-21 09:00:00,980.93,984.97,980.13,982.2,1929,440,0
2020-02-21 10:00:00,982.19,982.19,975.79,980.85,3133,450,0
2020-02-21 11:00:00,980.83,986.43,980.27,985.84,2805,640,0
2020-02-21 12:00:00,985.82,986.77,983.64,984.14,2024,600,0
2020-02-21 13:00:00,984.1,984.53,981.68,983.92,1683,800,0
2020-02-21 14:00:00,983.9,986.58,983.79,985.42,2350,780,0
2020-02-21 15:00:00,985.4,989.18,976.49,980.2,3915,320,0
2020-02-21 16:00:00,980.21,980.21,973.54,977.6,4969,490,0
2020-02-21 17:00:00,977.57,982.5,977.16,978.57,4373,580,0
2020-02-21 18:00:00,979.48,979.69,974.64,975.53,3491,560,0
2020-02-21 19:00:00,975.53,975.73,971.78,973.53,2935,540,0
2020-02-21 20:00:00,973.51,977.69,973.24,977.06,2750,760,0
2020-02-21 21:00:00,977.07,977.07,974.99,975.43,2051,830,0
2020-02-21 22:00:00,975.39,977.3,975.23,976.79,1466,980,0
2020-02-21 23:00:00,976.85,976.91,974.42,974.48,618,1120,0
2020-02-24 01:00:00,974.77,979.64,973.21,975.72,2691,950,0
2020-02-24 02:00:00,975.7,975.7,973.1,974.44,2021,860,0
2020-02-24 03:00:00,974.45,976.61,970.91,971.66,2577,570,0
2020-02-24 04:00:00,971.66,972.65,970.08,971.31,1476,510,0
2020-02-24 05:00:00,971.31,972.36,969.99,972.35,970,710,0
2020-02-24 06:00:00,972.33,972.35,971.06,972.19,745,750,0
2020-02-24 07:00:00,972.19,972.23,970.24,970.72,921,710,0
2020-02-24 08:00:00,970.69,972.33,970.58,972.03,1317,850,0
2020-02-24 09:00:00,971.99,974.13,970.31,973.9,2458,650,0
2020-02-24 10:00:00,973.91,978.68,973.09,974.94,4027,680,0
2020-02-24 11:00:00,974.91,977.85,973.55,973.63,3032,840,0
2020-02-24 12:00:00,973.62,974.22,970.56,971.62,1960,850,0
2020-02-24 13:00:00,971.8,972.38,965.7,968.03,2477,780,0
2020-02-24 14:00:00,967.95,970.28,966.54,968.0,2616,480,0
2020-02-24 15:00:00,968.03,968.05,960.1,965.74,4338,400,0
2020-02-24 16:00:00,965.71,968.96,961.34,961.72,5243,480,0
2020-02-24 17:00:00,961.7,967.23,959.94,966.96,4771,790,0
2020-02-24 18:00:00,967.23,970.33,966.94,967.98,3117,850,0
2020-02-24 19:00:00,968.02,973.37,967.0,973.26,3068,710,0
2020-02-24 20:00:00,973.22,973.26,971.13,972.29,2770,710,0
2020-02-24 21:00:00,972.27,972.27,963.98,964.19,4373,780,0
2020-02-24 22:00:00,964.15,966.66,963.58,965.59,2648,1050,0
2020-02-24 23:00:00,965.53,967.03,964.34,965.98,1243,990,0
2020-02-25 01:00:00,966.85,967.17,962.12,964.39,1666,1060,0
2020-02-25 02:00:00,964.4,966.97,962.56,965.24,3383,980,0
2020-02-25 03:00:00,965.22,969.07,963.01,967.89,3327,850,0
2020-02-25 04:00:00,967.94,969.29,967.38,968.39,2422,1000,0
2020-02-25 05:00:00,968.42,968.43,965.75,966.99,1663,1050,0
2020-02-25 06:00:00,966.96,967.21,965.31,965.78,835,980,0
2020-02-25 07:00:00,965.76,965.83,963.93,965.44,1992,980,0
2020-02-25 08:00:00,965.43,965.7,962.84,964.57,2937,700,0
2020-02-25 09:00:00,964.52,970.61,964.21,968.29,2339,630,0
2020-02-25 10:00:00,968.22,969.24,965.59,968.75,3013,680,0
2020-02-25 11:00:00,968.69,969.98,965.61,967.64,2382,580,0
2020-02-25 12:00:00,967.61,969.74,966.36,967.34,2107,770,0
2020-02-25 13:00:00,967.25,967.86,963.99,964.36,2326,770,0
2020-02-25 14:00:00,964.46,965.47,963.43,964.01,2305,630,0
2020-02-25 15:00:00,964.02,964.51,957.48,958.33,3457,670,0
2020-02-25 16:00:00,958.32,960.39,954.02,954.55,4840,450,0
2020-02-25 17:00:00,954.58,954.66,945.45,946.37,6947,240,0
2020-02-25 18:00:00,946.39,947.73,929.84,933.33,6473,220,0
2020-02-25 19:00:00,933.35,933.52,926.84,931.04,4399,260,0
2020-02-25 20:00:00,931.12,936.07,929.58,933.9,3480,310,0
2020-02-25 21:00:00,933.9,934.98,932.34,932.93,3060,460,0
2020-02-25 22:00:00,932.93,933.21,921.34,921.68,2521,470,0
2020-02-25 23:00:00,921.73,930.14,921.73,927.97,912,740,0
2020-02-26 01:00:00,927.66,935.31,926.99,934.58,1134,400,0
2020-02-26 02:00:00,934.58,935.25,930.57,931.96,1193,670,0
2020-02-26 03:00:00,931.95,933.43,929.92,931.29,1269,440,0
2020-02-26 04:00:00,931.29,933.63,930.51,932.29,921,400,0
2020-02-26 05:00:00,932.28,932.64,929.96,931.37,637,400,0
2020-02-26 06:00:00,931.33,932.45,930.77,931.2,631,810,0
2020-02-26 07:00:00,931.26,933.14,930.91,931.71,849,570,0
2020-02-26 08:00:00,931.66,935.29,931.66,934.79,1031,400,0
2020-02-26 09:00:00,934.79,936.42,933.67,935.26,1558,580,0
2020-02-26 10:00:00,935.28,937.2,933.82,934.16,2761,590,0
2020-02-26 11:00:00,934.16,936.19,930.82,931.92,3096,560,0
2020-02-26 12:00:00,931.91,931.94,921.45,922.51,2823,670,0
2020-02-26 13:00:00,922.54,930.05,921.55,927.92,1936,600,0
2020-02-26 14:00:00,927.9,928.27,923.01,923.79,2275,770,0
2020-02-26 15:00:00,923.78,924.47,916.02,916.16,4054,530,0
2020-02-26 16:00:00,916.18,920.09,911.13,911.7,5681,280,0
2020-02-26 17:00:00,911.73,916.94,908.47,915.1,5017,450,0
2020-02-26 18:00:00,915.07,918.2,913.33,916.49,3293,320,0
2020-02-26 19:00:00,916.47,917.04,911.77,915.04,2908,660,0
2020-02-26 20:00:00,915.06,915.51,912.17,913.28,2155,620,0
2020-02-26 21:00:00,913.29,915.13,912.94,913.75,1840,680,0
2020-02-26 22:00:00,913.69,914.23,911.62,912.13,1414,890,0
2020-02-26 23:00:00,912.1,914.42,912.02,913.76,612,1000,0
2020-02-27 01:00:00,913.53,915.77,908.48,910.75,1211,620,0
2020-02-27 02:00:00,910.7,914.93,910.46,913.23,1853,740,0
2020-02-27 03:00:00,913.32,922.02,912.84,921.09,2028,720,0
2020-02-27 04:00:00,921.11,922.49,919.19,920.49,1309,650,0
2020-02-27 05:00:00,920.49,922.18,918.98,921.45,978,710,0
2020-02-27 06:00:00,921.43,922.2,920.37,922.2,522,850,0
2020-02-27 07:00:00,922.24,923.66,921.18,923.34,1368,600,0
2020-02-27 08:00:00,923.32,924.48,922.67,923.44,1166,850,0
2020-02-27 09:00:00,923.42,923.42,918.24,921.03,1850,760,0
2020-02-27 10:00:00,920.97,921.14,915.69,920.26,1804,510,0
2020-02-27 11:00:00,920.35,920.51,916.37,917.08,1115,640,0
2020-02-27 12:00:00,917.09,919.26,915.43,916.34,1331,690,0
2020-02-27 13:00:00,916.39,918.35,915.43,917.0,1511,600,0
2020-02-27 14:00:00,917.01,918.04,915.41,916.71,1706,540,0
2020-02-27 15:00:00,916.66,917.16,910.1,914.69,3114,560,0
2020-02-27 16:00:00,914.76,917.58,907.58,909.36,3707,270,0
2020-02-27 17:00:00,909.48,909.83,900.0,901.87,4418,470,0
2020-02-27 18:00:00,901.86,910.72,901.28,906.33,4294,380,0
2020-02-27 19:00:00,906.34,908.66,903.34,905.14,2964,300,0
2020-02-27 20:00:00,905.13,905.78,901.89,902.37,3076,660,0
2020-02-27 21:00:00,902.42,907.54,902.14,904.79,2990,470,0
2020-02-27 22:00:00,904.75,906.33,897.76,898.17,1976,740,0
2020-02-27 23:00:00,898.18,902.41,898.11,902.32,920,1100,0
2020-02-28 01:00:00,902.87,905.96,901.41,903.13,1403,700,0
2020-02-28 02:00:00,903.07,903.26,895.07,898.5,1809,560,0
2020-02-28 03:00:00,898.48,899.12,890.72,893.72,2447,430,0
2020-02-28 04:00:00,893.72,894.72,890.13,890.13,1369,540,0
2020-02-28 05:00:00,890.13,890.13,881.05,882.22,2961,430,0
2020-02-28 06:00:00,882.21,882.46,874.39,876.73,2298,400,0
2020-02-28 07:00:00,876.73,896.15,876.44,892.64,2337,400,0
2020-02-28 08:00:00,892.66,894.41,884.7,885.36,2146,200,0
2020-02-28 09:00:00,885.36,886.07,878.24,880.35,2317,200,0
2020-02-28 10:00:00,880.32,893.06,879.19,884.52,3244,200,0
2020-02-28 11:00:00,884.77,885.14,876.87,881.39,3279,890,0
2020-02-28 12:00:00,881.4,884.3,879.24,879.94,2186,870,0
2020-02-28 13:00:00,879.93,881.33,879.36,879.97,1444,750,0
2020-02-28 14:00:00,879.94,880.06,871.69,873.36,2391,870,0
2020-02-28 15:00:00,873.34,875.92,869.52,870.49,2855,210,0
2020-02-28 16:00:00,870.62,871.29,861.92,862.17,5323,510,0
2020-02-28 17:00:00,862.02,863.71,847.95,861.52,7091,370,0
2020-02-28 18:00:00,861.65,873.51,859.45,865.77,6042,700,0
2020-02-28 19:00:00,865.74,871.49,862.98,865.92,5234,450,0
2020-02-28 20:00:00,865.87,867.1,853.64,854.59,4548,610,0
2020-02-28 21:00:00,854.57,863.45,850.16,859.53,4646,620,0
2020-02-28 22:00:00,859.51,863.21,856.02,863.21,2302,990,0
2020-02-28 23:00:00,863.39,866.79,862.59,864.87,1093,1300,0
2020-03-02 01:00:00,858.26,858.26,849.98,853.07,2108,1140,0
2020-03-02 02:00:00,852.93,878.83,851.39,878.44,3556,740,0
2020-03-02 03:00:00,878.45,883.52,870.38,874.55,4155,840,0
2020-03-02 04:00:00,874.6,881.56,872.78,881.54,2247,890,0
2020-03-02 05:00:00,881.57,885.56,879.26,880.06,2019,1210,0
2020-03-02 06:00:00,879.94,882.3,879.05,881.16,1297,950,0
2020-03-02 07:00:00,881.14,883.6,880.08,880.48,1871,1160,0
2020-03-02 08:00:00,880.49,881.51,876.18,876.68,2092,760,0
2020-03-02 09:00:00,876.71,880.53,874.7,878.16,3758,360,0
2020-03-02 10:00:00,878.1,884.33,876.89,880.98,4075,620,0
2020-03-02 11:00:00,881.0,883.0,873.67,874.95,3788,630,0
2020-03-02 12:00:00,874.99,877.39,872.27,872.67,2907,890,0
2020-03-02 13:00:00,872.68,872.89,865.86,866.45,3215,380,0
2020-03-02 14:00:00,866.41,871.11,864.48,871.05,4255,210,0
2020-03-02 15:00:00,870.9,871.56,858.12,858.89,5770,220,0
2020-03-02 16:00:00,858.89,865.87,856.57,864.98,6523,200,0
2020-03-02 17:00:00,864.99,868.06,859.6,865.3,6285,390,0
2020-03-02 18:00:00,865.31,868.08,860.84,861.62,5765,340,0
2020-03-02 19:00:00,861.63,862.77,858.08,860.17,3367,770,0
2020-03-02 20:00:00,860.14,862.57,858.02,862.49,3145,720,0
2020-03-02 21:00:00,862.52,864.67,861.38,861.82,2193,660,0
2020-03-02 22:00:00,861.68,864.32,861.49,863.22,2104,750,0
2020-03-02 23:00:00,863.26,863.98,860.91,863.21,1115,1090,0
2020-03-03 01:00:00,862.45,871.17,862.27,870.41,1574,1090,0
2020-03-03 02:00:00,870.39,874.21,868.98,873.58,2678,980,0
2020-03-03 03:00:00,873.57,877.38,870.92,871.75,3605,750,0
2020-03-03 04:00:00,871.71,875.96,871.69,873.78,2607,940,0
2020-03-03 05:00:00,873.8,877.36,873.01,874.09,1888,980,0
2020-03-03 06:00:00,874.13,875.28,871.29,874.0,2156,1140,0
2020-03-03 07:00:00,873.91,874.85,871.51,871.92,1560,930,0
2020-03-03 08:00:00,871.89,872.77,868.57,870.31,1732,200,0
2020-03-03 09:00:00,870.26,871.38,868.6,870.88,1936,740,0
2020-03-03 10:00:00,870.75,873.57,869.43,870.33,2976,680,0
2020-03-03 11:00:00,870.35,873.47,869.96,870.81,1987,780,0
2020-03-03 12:00:00,870.79,873.28,869.34,871.81,1608,730,0
2020-03-03 13:00:00,871.81,871.81,869.4,869.99,2003,780,0
2020-03-03 14:00:00,869.97,870.67,866.56,867.72,3272,730,0
2020-03-03 15:00:00,867.76,868.84,862.5,862.91,4418,650,0
2020-03-03 16:00:00,862.93,865.23,860.15,860.56,5036,630,0
2020-03-03 17:00:00,860.48,882.69,860.48,875.24,10951,570,0
2020-03-03 18:00:00,875.21,877.84,867.46,871.77,7318,790,0
2020-03-03 19:00:00,871.79,871.83,868.18,868.66,4732,780,0
2020-03-03 20:00:00,868.74,871.94,868.17,869.49,3947,880,0
2020-03-03 21:00:00,869.44,870.91,864.37,870.07,3909,740,0
2020-03-03 22:00:00,870.06,877.67,869.74,877.39,3212,1070,0
2020-03-03 23:00:00,877.45,879.99,875.98,879.46,872,1150,0
2020-03-04 01:00:00,878.64,883.29,877.2,879.07,1388,1120,0
2020-03-04 02:00:00,879.06,882.25,877.47,880.13,2046,470,0
2020-03-04 03:00:00,880.17,881.72,878.51,881.05,2505,900,0
2020-03-04 04:00:00,881.09,885.25,880.25,885.11,2247,950,0
2020-03-04 05:00:00,885.07,887.41,883.83,885.5,1406,580,0
2020-03-04 06:00:00,885.55,888.37,885.55,887.54,904,750,0
2020-03-04 07:00:00,887.52,890.39,886.97,886.97,1279,760,0
2020-03-04 08:00:00,887.0,889.12,881.29,883.89,1238,710,0
2020-03-04 09:00:00,883.87,884.04,880.19,882.38,2281,210,0
2020-03-04 10:00:00,882.41,882.49,874.96,876.73,2550,410,0
2020-03-04 11:00:00,876.71,879.99,874.47,876.41,1976,200,0
2020-03-04 12:00:00,876.42,880.27,875.7,876.78,1896,200,0
2020-03-04 13:00:00,876.74,878.69,875.13,877.22,1554,200,0
2020-03-04 14:00:00,876.86,877.73,873.06,874.67,2571,200,0
2020-03-04 15:00:00,874.7,879.24,873.34,877.94,4418,200,0
2020-03-04 16:00:00,877.9,880.38,872.56,874.26,5252,200,0
2020-03-04 17:00:00,874.33,874.48,867.52,869.94,5879,240,0
2020-03-04 18:00:00,869.94,871.73,868.57,870.09,5143,330,0
2020-03-04 19:00:00,870.08,876.08,870.06,876.08,4022,200,0
2020-03-04 20:00:00,876.07,877.18,874.95,876.48,3762,290,0
2020-03-04 21:00:00,876.42,878.38,875.32,877.86,3286,200,0
2020-03-04 22:00:00,877.85,878.6,875.82,877.72,3921,400,0
2020-03-04 23:00:00,877.75,877.83,874.7,876.1,1358,400,0
2020-03-05 01:00:00,874.37,876.87,874.37,876.39,1402,730,0
2020-03-05 02:00:00,876.33,876.51,874.12,874.29,2094,640,0
2020-03-05 03:00:00,874.28,875.8,871.09,871.12,2959,800,0
2020-03-05 04:00:00,871.1,872.24,869.88,871.92,1884,1070,0
2020-03-05 05:00:00,871.99,872.43,870.32,872.35,1249,1110,0
2020-03-05 06:00:00,872.33,874.82,872.01,874.8,1187,1080,0
2020-03-05 07:00:00,874.81,876.31,874.05,874.14,1410,1050,0
2020-03-05 08:00:00,874.26,874.33,872.7,874.2,1204,970,0
2020-03-05 09:00:00,874.21,874.21,871.74,871.82,1599,860,0
2020-03-05 10:00:00,871.88,872.01,865.83,867.21,2469,830,0
2020-03-05 11:00:00,867.18,869.77,865.66,869.05,2425,750,0
2020-03-05 12:00:00,869.1,869.21,863.1,864.7,2727,460,0
2020-03-05 13:00:00,864.64,866.0,862.9,865.21,2457,240,0
2020-03-05 14:00:00,865.18,868.21,863.18,865.38,3452,970,0
2020-03-05 15:00:00,865.26,867.73,861.35,865.97,4418,400,0
2020-03-05 16:00:00,865.93,872.27,862.39,863.41,5530,390,0
2020-03-05 17:00:00,863.51,866.72,861.1,861.7,4806,840,0
2020-03-05 18:00:00,861.78,864.63,857.55,864.08,4112,460,0
2020-03-05 19:00:00,864.09,867.16,862.08,866.07,3959,720,0
2020-03-05 20:00:00,866.15,869.04,865.18,866.94,3839,810,0
2020-03-05 21:00:00,866.9,867.4,865.83,866.83,2939,890,0
2020-03-05 22:00:00,866.82,868.86,866.35,868.75,2318,820,0
2020-03-05 23:00:00,868.75,868.76,866.21,867.17,1237,920,0
2020-03-06 01:00:00,867.34,874.4,867.28,873.88,914,850,0
2020-03-06 02:00:00,873.88,874.28,871.65,871.79,2029,950,0
2020-03-06 03:00:00,871.81,872.47,866.9,867.27,3323,820,0
2020-03-06 04:00:00,867.23,867.23,859.27,859.76,2597,600,0
2020-03-06 05:00:00,859.76,861.17,857.87,859.54,1946,710,0
2020-03-06 06:00:00,859.56,865.26,859.56,863.66,1996,1050,0
2020-03-06 07:00:00,863.63,864.27,862.36,863.65,1817,1050,0
2020-03-06 08:00:00,863.64,863.92,856.61,859.81,2989,1000,0
2020-03-06 09:00:00,859.77,865.06,859.04,863.79,2581,530,0
2020-03-06 10:00:00,863.79,869.55,863.74,869.36,3425,330,0
2020-03-06 11:00:00,869.28,872.66,867.89,871.16,3443,380,0
2020-03-06 12:00:00,871.13,873.27,863.34,866.22,4098,630,0
2020-03-06 13:00:00,866.24,904.51,866.04,898.31,5342,210,0
2020-03-06 14:00:00,898.55,904.17,898.55,903.32,3781,330,0
2020-03-06 15:00:00,903.36,903.39,894.67,897.55,5839,420,0
2020-03-06 16:00:00,897.3,904.87,897.09,900.57,6989,210,0
2020-03-06 17:00:00,900.53,902.17,886.48,890.83,7906,210,0
2020-03-06 18:00:00,890.81,895.07,889.42,893.18,5205,220,0
2020-03-06 19:00:00,893.17,899.73,892.13,897.55,3809,700,0
2020-03-06 20:00:00,897.56,898.15,893.23,894.73,3927,750,0
2020-03-06 21:00:00,894.62,900.92,894.38,900.59,3110,850,0
2020-03-06 22:00:00,900.68,905.96,897.99,905.2,4016,770,0
2020-03-06 23:00:00,905.18,905.46,901.65,903.76,853,1380,0
2020-03-09 01:00:00,902.19,913.02,898.71,913.02,1822,1150,0
2020-03-09 02:00:00,913.0,916.04,895.82,899.0,2074,1290,0
2020-03-09 03:00:00,899.08,900.74,887.58,894.97,3670,1170,0
2020-03-09 04:00:00,895.01,896.0,889.46,892.39,4190,1270,0
2020-03-09 05:00:00,892.39,896.22,889.41,896.01,1958,600,0
2020-03-09 06:00:00,896.02,896.02,888.31,889.68,1851,1060,0
2020-03-09 07:00:00,889.65,889.65,873.44,877.56,2282,810,0
2020-03-09 08:00:00,877.53,883.69,874.79,877.12,2009,520,0
2020-03-09 09:00:00,877.12,883.87,876.52,883.4,1426,970,0
2020-03-09 10:00:00,883.48,890.07,879.82,886.19,1985,880,0
2020-03-09 11:00:00,886.26,886.35,870.95,871.2,2283,570,0
2020-03-09 12:00:00,871.18,875.87,865.24,871.5,2089,290,0
2020-03-09 13:00:00,871.45,883.27,869.54,874.68,2413,500,0
2020-03-09 14:00:00,874.72,879.82,868.57,875.98,1861,250,0
2020-03-09 15:00:00,875.85,876.14,867.27,870.39,3172,200,0
2020-03-09 16:00:00,870.42,879.19,867.88,869.72,5290,200,0
2020-03-09 17:00:00,869.82,874.01,866.86,868.31,4746,730,0
2020-03-09 18:00:00,868.4,870.99,863.7,864.03,3691,250,0
2020-03-09 19:00:00,864.0,867.19,862.51,863.79,3645,580,0
2020-03-09 20:00:00,863.71,867.84,862.51,865.25,3386,880,0
2020-03-09 21:00:00,865.27,865.65,862.33,864.95,2802,800,0
2020-03-09 22:00:00,864.98,868.51,864.83,867.83,2211,1440,0
2020-03-09 23:00:00,867.85,868.0,863.57,863.65,946,1840,0
2020-03-10 01:00:00,864.51,869.46,863.67,869.46,804,1370,0
2020-03-10 02:00:00,869.53,873.74,868.2,873.36,1814,1380,0
2020-03-10 03:00:00,873.33,876.51,870.43,874.25,3183,1310,0
2020-03-10 04:00:00,874.2,885.17,873.09,878.52,3800,1050,0
2020-03-10 05:00:00,878.56,879.85,875.37,878.64,2238,1160,0
2020-03-10 06:00:00,878.59,880.58,876.66,877.94,1354,830,0
2020-03-10 07:00:00,877.96,879.23,874.83,878.25,1621,1000,0
2020-03-10 08:00:00,878.29,880.91,876.23,876.23,2280,1000,0
2020-03-10 09:00:00,876.25,879.11,874.61,876.08,1627,680,0
2020-03-10 10:00:00,876.03,882.65,872.81,873.21,1999,490,0
2020-03-10 11:00:00,873.23,880.82,873.06,877.13,1940,250,0
2020-03-10 12:00:00,877.16,879.05,873.97,878.15,2316,230,0
2020-03-10 13:00:00,878.2,884.14,875.98,881.79,2421,320,0
2020-03-10 14:00:00,881.77,892.83,879.39,890.15,2727,260,0
2020-03-10 15:00:00,890.13,890.16,883.05,886.09,3585,240,0
2020-03-10 16:00:00,886.1,887.1,867.83,868.96,3555,210,0
2020-03-10 17:00:00,868.93,878.83,868.36,875.41,4226,200,0
2020-03-10 18:00:00,875.5,876.41,867.93,868.04,3874,720,0
2020-03-10 19:00:00,868.05,874.85,867.99,872.32,3436,540,0
2020-03-10 20:00:00,872.31,873.8,868.84,868.91,3304,800,0
2020-03-10 21:00:00,868.91,875.05,868.04,874.94,1713,590,0
2020-03-10 22:00:00,874.92,876.4,872.14,872.2,2259,1090,0
2020-03-10 23:00:00,872.23,874.42,872.23,872.67,692,1300,0
2020-03-11 01:00:00,872.16,874.72,871.28,873.27,548,1290,0
2020-03-11 02:00:00,873.35,874.79,870.02,873.12,842,1430,0
2020-03-11 03:00:00,873.16,874.39,871.22,873.87,2324,1410,0
2020-03-11 04:00:00,873.85,877.28,873.37,877.16,2292,1170,0
2020-03-11 05:00:00,877.14,878.48,876.74,876.91,1762,980,0
2020-03-11 06:00:00,876.9,879.76,875.99,878.83,1111,1320,0
2020-03-11 07:00:00,878.84,879.31,877.57,878.85,1278,1280,0
2020-03-11 08:00:00,878.92,879.4,876.9,877.64,1697,1460,0
2020-03-11 09:00:00,877.63,879.16,875.93,877.58,1109,490,0
2020-03-11 10:00:00,877.6,883.17,876.44,878.97,1287,800,0
2020-03-11 11:00:00,879.04,880.44,876.14,878.94,1925,890,0
2020-03-11 12:00:00,878.94,881.71,871.5,880.69,1171,210,0
2020-03-11 13:00:00,880.72,886.47,878.1,884.25,1254,330,0
2020-03-11 14:00:00,884.25,885.14,880.62,881.33,1071,200,0
2020-03-11 15:00:00,881.33,884.14,876.41,877.11,1764,200,0
2020-03-11 16:00:00,877.11,887.31,877.07,884.79,2782,210,0
2020-03-11 17:00:00,884.79,884.8,872.82,874.42,2822,210,0
2020-03-11 18:00:00,874.38,877.72,872.25,875.39,3102,310,0
2020-03-11 19:00:00,875.39,875.42,866.23,867.06,2676,210,0
2020-03-11 20:00:00,867.09,872.61,865.91,870.39,2741,330,0
2020-03-11 21:00:00,870.32,870.64,865.93,866.27,2296,680,0
2020-03-11 22:00:00,866.51,870.05,863.86,864.76,2380,830,0
2020-03-11 23:00:00,864.82,865.01,863.09,863.3,706,1220,0
2020-03-12 01:00:00,863.48,866.41,863.46,864.55,760,1050,0
2020-03-12 02:00:00,864.59,865.2,862.27,863.49,1133,1140,0
2020-03-12 03:00:00,863.45,866.96,859.54,866.62,2280,610,0
2020-03-12 04:00:00,866.56,866.95,859.63,860.18,3346,750,0
2020-03-12 05:00:00,860.18,865.14,857.59,860.64,2016,400,0
2020-03-12 06:00:00,860.64,863.14,858.85,862.05,1670,960,0
2020-03-12 07:00:00,862.03,868.91,861.92,865.14,1838,1060,0
2020-03-12 08:00:00,865.14,865.5,861.01,863.91,1314,830,0
2020-03-12 09:00:00,863.92,864.67,860.6,862.42,1261,400,0
2020-03-12 10:00:00,862.4,862.52,858.64,860.01,1358,200,0
2020-03-12 11:00:00,860.01,861.6,852.54,856.24,1784,590,0
2020-03-12 12:00:00,856.2,858.96,854.82,856.65,1817,620,0
2020-03-12 13:00:00,856.66,856.78,840.55,841.17,2669,750,0
2020-03-12 14:00:00,840.72,843.63,831.92,832.49,3634,660,0
2020-03-12 15:00:00,832.51,832.7,806.07,806.07,5933,300,0
2020-03-12 16:00:00,806.09,818.27,803.13,811.79,5436,300,0
2020-03-12 17:00:00,811.89,811.89,783.01,791.3,6320,200,0
2020-03-12 18:00:00,791.14,791.35,751.29,766.56,6581,200,0
2020-03-12 19:00:00,766.59,781.03,766.55,777.31,5258,250,0
2020-03-12 20:00:00,777.39,788.42,777.38,786.2,4890,230,0
2020-03-12 21:00:00,786.26,786.27,771.99,775.86,3329,1460,0
2020-03-12 22:00:00,775.84,778.1,763.19,764.9,3130,1750,0
2020-03-12 23:00:00,764.89,769.02,762.58,764.66,1483,960,0
2020-03-13 01:00:00,770.08,773.72,762.3,772.29,756,1570,0
2020-03-13 02:00:00,772.31,772.97,762.47,762.94,1199,1300,0
2020-03-13 03:00:00,762.92,776.15,762.92,773.26,2697,850,0
2020-03-13 04:00:00,773.25,773.25,762.11,764.44,3062,470,0
2020-03-13 05:00:00,764.45,773.69,762.33,773.66,2129,400,0
2020-03-13 06:00:00,773.6,778.23,772.71,776.88,1457,640,0
2020-03-13 07:00:00,776.96,793.98,776.92,793.76,2296,410,0
2020-03-13 08:00:00,793.75,804.72,792.65,799.86,3845,420,0
2020-03-13 09:00:00,799.86,799.86,788.07,795.1,1401,490,0
2020-03-13 10:00:00,795.03,818.56,794.14,816.78,2448,350,0
2020-03-13 11:00:00,816.83,818.4,794.0,799.69,2761,230,0
2020-03-13 12:00:00,799.68,804.98,795.78,798.85,1963,810,0
2020-03-13 13:00:00,798.87,801.12,794.14,799.6,1952,620,0
2020-03-13 14:00:00,799.62,801.05,793.67,793.99,2010,840,0
2020-03-13 15:00:00,793.94,802.49,789.94,796.72,4130,450,0
2020-03-13 16:00:00,796.71,803.93,777.44,779.44,4888,680,0
2020-03-13 17:00:00,779.47,782.0,763.32,764.34,6769,540,0
2020-03-13 18:00:00,764.38,765.48,751.34,753.82,6489,280,0
2020-03-13 19:00:00,754.04,756.93,742.18,749.4,5682,210,0
2020-03-13 20:00:00,748.66,765.06,738.34,764.36,5090,270,0
2020-03-13 21:00:00,764.98,765.68,753.19,754.46,2714,380,0
2020-03-13 22:00:00,754.42,762.31,753.94,761.36,2485,1210,0
2020-03-13 23:00:00,761.41,764.81,758.3,760.23,1439,1850,0
2020-03-16 01:00:00,769.01,773.44,742.23,745.05,2153,2120,0
2020-03-16 02:00:00,745.04,763.91,745.03,758.13,1573,560,0
2020-03-16 03:00:00,758.14,768.36,754.29,761.99,2940,1000,0
2020-03-16 04:00:00,762.01,764.37,758.82,761.23,2146,940,0
2020-03-16 05:00:00,761.23,764.22,758.11,762.72,1396,1000,0
2020-03-16 06:00:00,762.73,768.55,759.87,766.09,1556,690,0
2020-03-16 07:00:00,766.09,768.82,763.77,767.18,1781,680,0
2020-03-16 08:00:00,766.94,767.75,763.08,764.77,2327,330,0
2020-03-16 09:00:00,764.76,770.62,763.15,768.84,927,260,0
2020-03-16 10:00:00,768.75,770.86,749.16,751.13,1824,390,0
2020-03-16 11:00:00,751.13,753.48,729.84,729.85,2112,240,0
2020-03-16 12:00:00,729.85,732.07,698.43,712.56,3462,290,0
2020-03-16 13:00:00,712.56,714.45,561.27,601.67,3728,270,0
2020-03-16 14:00:00,601.71,642.31,601.69,634.93,2647,410,0
2020-03-16 15:00:00,634.94,671.8,629.37,631.26,3234,1270,0
2020-03-16 16:00:00,631.28,676.11,625.92,633.13,4306,370,0
2020-03-16 17:00:00,629.68,687.65,629.07,647.17,4179,1350,0
2020-03-16 18:00:00,647.13,680.42,645.31,668.47,3971,960,0
2020-03-16 19:00:00,668.45,669.18,652.5,661.66,3215,1930,0
2020-03-16 20:00:00,661.64,664.68,649.38,655.35,2143,1470,0
2020-03-16 21:00:00,655.35,667.72,649.59,666.39,1505,2500,0
2020-03-16 22:00:00,666.5,668.24,653.12,657.08,1330,3460,0
2020-03-16 23:00:00,657.15,664.97,654.86,664.33,830,4330,0
2020-03-17 01:00:00,663.71,664.72,660.56,662.03,329,2160,0
2020-03-17 02:00:00,662.03,681.28,662.03,665.5,936,1170,0
2020-03-17 03:00:00,665.38,695.15,664.89,689.46,2022,1190,0
2020-03-17 04:00:00,689.44,704.05,681.9,682.47,2756,490,0
2020-03-17 05:00:00,682.49,688.3,666.49,672.91,2286,540,0
2020-03-17 06:00:00,672.91,683.48,667.62,683.4,1847,480,0
2020-03-17 07:00:00,683.37,685.62,677.92,679.02,1618,410,0
2020-03-17 08:00:00,679.03,681.38,648.18,650.13,2244,420,0
2020-03-17 09:00:00,650.15,662.48,644.47,659.61,1474,720,0
2020-03-17 10:00:00,659.88,672.88,654.94,663.81,1686,990,0
2020-03-17 11:00:00,663.75,663.96,600.47,647.38,2927,290,0
2020-03-17 12:00:00,647.44,648.24,628.23,636.81,2640,370,0
2020-03-17 13:00:00,636.74,645.18,634.84,636.88,1710,1090,0
2020-03-17 14:00:00,637.05,642.5,624.52,627.87,1512,650,0
2020-03-17 15:00:00,627.89,662.83,627.48,635.1,3153,530,0
2020-03-17 16:00:00,635.16,660.9,632.27,653.22,3463,1460,0
2020-03-17 17:00:00,653.26,695.5,646.32,686.69,4379,1320,0
2020-03-17 18:00:00,686.67,716.27,669.14,674.36,4027,380,0
2020-03-17 19:00:00,674.36,682.71,662.43,664.69,3239,1390,0
2020-03-17 20:00:00,664.69,665.09,654.61,662.96,2500,990,0
2020-03-17 21:00:00,662.95,668.23,662.15,662.57,980,1150,0
2020-03-17 22:00:00,662.58,663.23,657.1,661.81,1444,2010,0
2020-03-17 23:00:00,661.82,663.42,660.14,661.89,833,1660,0
2020-03-18 01:00:00,663.09,672.04,663.09,667.4,765,2110,0
2020-03-18 02:00:00,666.95,676.1,666.95,669.32,1196,1410,0
2020-03-18 03:00:00,669.32,675.0,664.02,674.89,1444,1070,0
2020-03-18 04:00:00,674.89,680.26,668.0,676.29,1580,1660,0
2020-03-18 05:00:00,676.16,680.37,672.4,679.32,775,650,0
2020-03-18 06:00:00,679.12,680.08,673.94,676.4,748,1440,0
2020-03-18 07:00:00,676.35,678.61,669.93,669.93,557,1240,0
2020-03-18 08:00:00,669.93,675.86,654.77,659.78,1452,920,0
2020-03-18 09:00:00,659.82,668.6,656.7,661.5,1335,700,0
2020-03-18 10:00:00,661.55,669.37,643.45,652.36,1817,530,0
2020-03-18 11:00:00,652.27,668.91,650.67,653.56,1704,1180,0
2020-03-18 12:00:00,653.55,658.13,646.4,653.55,1709,2060,0
2020-03-18 13:00:00,653.55,665.8,650.41,654.7,1788,1820,0
2020-03-18 14:00:00,654.72,657.97,643.45,649.62,1335,2240,0
2020-03-18 15:00:00,649.62,653.17,624.69,631.93,3320,1980,0
2020-03-18 16:00:00,631.82,636.74,618.63,627.16,3705,690,0
2020-03-18 17:00:00,628.49,636.0,608.5,620.96,3483,1200,0
2020-03-18 18:00:00,620.52,624.88,610.09,621.38,2871,1510,0
2020-03-18 19:00:00,621.38,621.38,604.51,609.99,3074,670,0
2020-03-18 20:00:00,609.99,615.27,603.57,607.66,2954,340,0
2020-03-18 21:00:00,607.17,618.13,600.64,611.41,1700,350,0
2020-03-18 22:00:00,611.48,626.53,611.48,626.53,1360,2990,0
2020-03-18 23:00:00,626.61,627.09,621.58,624.41,1024,2400,0
2020-03-19 01:00:00,626.11,631.28,620.81,625.97,737,2060,0
2020-03-19 02:00:00,626.15,648.56,623.98,640.46,1299,610,0
2020-03-19 03:00:00,640.5,643.79,634.55,635.7,1651,1450,0
2020-03-19 04:00:00,635.72,638.61,624.05,625.23,1948,1510,0
2020-03-19 05:00:00,625.2,625.2,605.11,605.11,2615,1320,0
2020-03-19 06:00:00,605.21,616.0,602.6,611.88,1556,400,0
2020-03-19 07:00:00,611.88,617.72,611.88,613.37,757,1100,0
2020-03-19 08:00:00,613.37,623.51,611.37,617.44,1031,1320,0
2020-03-19 09:00:00,617.38,630.66,616.48,623.92,1195,750,0
2020-03-19 10:00:00,624.11,626.83,607.34,614.33,1687,200,0
2020-03-19 11:00:00,614.17,617.68,598.21,610.69,2657,960,0
2020-03-19 12:00:00,610.7,613.1,600.72,603.67,1670,2450,0
2020-03-19 13:00:00,603.67,609.19,599.59,600.7,1622,630,0
2020-03-19 14:00:00,600.53,606.97,586.02,597.2,2641,1040,0
2020-03-19 15:00:00,597.2,601.33,584.03,597.13,2694,350,0
2020-03-19 16:00:00,597.13,601.47,591.37,594.37,3241,290,0
2020-03-19 17:00:00,594.37,602.4,586.23,587.59,4159,200,0
2020-03-19 18:00:00,587.6,604.75,582.18,596.17,3884,200,0
2020-03-19 19:00:00,596.17,599.62,587.37,595.75,2651,200,0
2020-03-19 20:00:00,595.69,598.16,591.1,597.94,2565,200,0
2020-03-19 21:00:00,597.94,598.29,593.85,594.66,1453,200,0
2020-03-19 22:00:00,594.66,595.18,587.28,588.68,1842,440,0
2020-03-19 23:00:00,588.72,590.45,587.83,589.88,721,410,0
2020-03-20 01:00:00,588.89,595.2,587.39,593.28,702,710,0
2020-03-20 02:00:00,593.32,595.73,591.64,594.94,383,400,0
2020-03-20 03:00:00,594.95,600.21,594.06,598.29,699,400,0
2020-03-20 04:00:00,598.29,614.37,598.29,612.43,1723,400,0
2020-03-20 05:00:00,612.47,615.85,609.45,613.11,1245,400,0
2020-03-20 06:00:00,613.11,616.98,606.69,612.09,778,400,0
2020-03-20 07:00:00,612.09,616.42,609.69,613.58,509,400,0
2020-03-20 08:00:00,613.51,617.42,611.94,615.86,823,200,0
2020-03-20 09:00:00,615.86,624.4,611.3,622.97,1049,200,0
2020-03-20 10:00:00,622.97,637.93,620.46,634.18,1818,200,0
2020-03-20 11:00:00,634.04,637.48,619.16,627.57,1604,320,0
2020-03-20 12:00:00,627.57,630.5,621.09,625.79,1248,1200,0
2020-03-20 13:00:00,625.57,629.91,621.94,629.73,901,1310,0
2020-03-20 14:00:00,629.75,629.75,614.25,620.17,1347,1430,0
2020-03-20 15:00:00,620.18,620.46,609.02,610.03,1778,340,0
2020-03-20 16:00:00,610.09,616.44,604.1,605.4,2781,380,0
2020-03-20 17:00:00,605.4,632.69,605.4,625.08,4258,500,0
2020-03-20 18:00:00,624.98,627.81,607.43,610.69,2852,1270,0
2020-03-20 19:00:00,610.36,623.72,606.18,621.09,2510,2860,0
2020-03-20 20:00:00,621.06,622.81,612.86,615.91,1657,2610,0
2020-03-20 21:00:00,615.8,617.29,606.79,607.33,1099,2530,0
2020-03-20 22:00:00,607.24,614.47,605.16,609.27,1138,3250,0
2020-03-20 23:00:00,609.21,612.34,607.74,610.21,681,3470,0
2020-03-23 01:00:00,609.7,610.75,592.99,595.15,1313,1900,0
2020-03-23 02:00:00,595.4,609.47,593.84,605.12,1415,1410,0
2020-03-23 03:00:00,605.09,624.37,605.09,623.36,1598,2530,0
2020-03-23 04:00:00,623.32,625.2,609.22,623.22,2024,2500,0
2020-03-23 05:00:00,623.29,626.13,614.76,624.71,1305,2630,0
2020-03-23 06:00:00,624.77,628.98,617.92,623.06,1233,2610,0
2020-03-23 07:00:00,623.01,625.34,619.29,621.03,1073,2750,0
2020-03-23 08:00:00,621.07,626.86,608.63,626.67,1215,1430,0
2020-03-23 09:00:00,626.74,626.74,619.55,621.86,827,1370,0
2020-03-23 10:00:00,621.99,624.83,615.02,617.63,1083,2470,0
2020-03-23 11:00:00,617.53,620.54,604.38,614.26,1694,2540,0
2020-03-23 12:00:00,614.25,618.96,611.51,616.69,1094,2230,0
2020-03-23 13:00:00,616.9,622.46,612.27,622.3,1307,2300,0
2020-03-23 14:00:00,622.36,622.86,605.97,608.65,1611,2430,0
2020-03-23 15:00:00,609.0,633.55,609.0,626.7,3584,2220,0
2020-03-23 16:00:00,626.59,628.26,610.97,625.0,3490,3620,0
2020-03-23 17:00:00,624.9,628.09,613.79,625.08,3857,3280,0
2020-03-23 18:00:00,625.77,629.88,613.01,619.58,2634,3940,0
2020-03-23 19:00:00,619.98,629.17,615.39,626.99,2281,4360,0
2020-03-23 20:00:00,626.92,637.62,624.56,634.29,2275,3800,0
2020-03-23 21:00:00,634.28,642.45,627.92,634.49,1371,5520,0
2020-03-23 22:00:00,634.53,639.05,629.08,636.22,835,6210,0
2020-03-23 23:00:00,636.25,646.83,635.52,643.48,464,5420,0
2020-03-24 01:00:00,644.53,648.51,641.78,647.67,670,2050,0
2020-03-24 02:00:00,647.57,663.76,646.25,662.91,974,2580,0
2020-03-24 03:00:00,662.98,663.85,651.34,661.86,1704,3120,0
2020-03-24 04:00:00,662.23,674.79,659.11,660.43,2372,2060,0
2020-03-24 05:00:00,660.34,663.84,657.74,661.92,1494,2130,0
2020-03-24 06:00:00,661.84,662.27,654.7,656.96,1301,2620,0
2020-03-24 07:00:00,656.93,660.98,655.3,659.58,1095,1650,0
2020-03-24 08:00:00,659.43,661.12,653.67,657.66,1464,2050,0
2020-03-24 09:00:00,657.64,665.28,653.94,660.96,1380,1840,0
2020-03-24 10:00:00,660.74,668.49,659.64,663.49,1370,2230,0
2020-03-24 11:00:00,663.44,678.0,662.76,671.15,2651,2340,0
2020-03-24 12:00:00,671.13,685.36,669.63,682.82,1758,2720,0
2020-03-24 13:00:00,682.8,691.39,678.69,684.44,2406,2350,0
2020-03-24 14:00:00,684.49,688.21,678.8,685.99,1890,2290,0
2020-03-24 15:00:00,685.99,702.51,669.49,693.39,2778,1800,0
2020-03-24 16:00:00,693.29,694.07,677.74,689.27,2791,3210,0
2020-03-24 17:00:00,689.22,689.22,677.17,684.21,2483,4000,0
2020-03-24 18:00:00,683.67,699.8,681.37,698.12,1475,3840,0
2020-03-24 19:00:00,698.23,700.36,695.39,699.69,1466,2080,0
2020-03-24 20:00:00,699.7,703.26,697.42,699.85,2188,1650,0
2020-03-24 21:00:00,699.76,707.18,694.69,707.07,1137,1970,0
2020-03-24 22:00:00,707.09,708.42,700.36,706.5,930,2770,0
2020-03-24 23:00:00,706.25,712.26,705.47,710.24,463,3640,0
2020-03-25 01:00:00,708.99,719.88,708.99,719.71,757,2290,0
2020-03-25 02:00:00,719.82,733.56,719.17,733.47,1197,2510,0
2020-03-25 03:00:00,733.52,737.18,719.59,720.43,1121,1870,0
2020-03-25 04:00:00,720.14,725.02,716.04,723.67,895,2550,0
2020-03-25 05:00:00,723.6,728.44,720.25,727.5,625,3720,0
2020-03-25 06:00:00,727.54,727.91,724.43,725.63,736,3780,0
2020-03-25 07:00:00,725.62,729.85,722.93,728.96,709,3790,0
2020-03-25 08:00:00,728.9,735.61,725.62,731.11,952,3630,0
2020-03-25 09:00:00,731.11,738.51,727.23,730.88,805,2380,0
2020-03-25 10:00:00,731.3,734.79,721.9,722.99,1202,2010,0
2020-03-25 11:00:00,722.97,726.96,710.56,726.96,1177,2510,0
2020-03-25 12:00:00,726.9,734.62,726.4,727.97,933,3020,0
2020-03-25 13:00:00,727.98,728.6,708.58,709.81,1050,3150,0
2020-03-25 14:00:00,709.66,718.25,708.96,714.74,991,3770,0
2020-03-25 15:00:00,714.88,716.65,708.7,710.81,1436,3240,0
2020-03-25 16:00:00,710.92,726.11,708.47,718.48,2908,3150,0
2020-03-25 17:00:00,718.48,726.33,715.89,721.98,2971,3950,0
2020-03-25 18:00:00,721.95,734.88,718.42,721.39,2889,3040,0
2020-03-25 19:00:00,721.39,739.48,719.97,739.48,2043,2250,0
2020-03-25 20:00:00,739.54,747.34,738.54,739.69,2030,2500,0
2020-03-25 21:00:00,739.78,743.72,737.22,740.92,1307,2100,0
2020-03-25 22:00:00,740.93,746.23,736.81,738.07,1442,4160,0
2020-03-25 23:00:00,738.2,742.06,738.03,739.57,540,2950,0
2020-03-26 01:00:00,743.46,743.52,735.33,735.62,384,5390,0
2020-03-26 02:00:00,735.65,737.07,729.44,732.4,662,4400,0
2020-03-26 03:00:00,732.38,737.35,722.21,731.87,1592,3250,0
2020-03-26 04:00:00,732.14,732.14,724.86,728.89,1319,3600,0
2020-03-26 05:00:00,728.89,729.3,723.87,727.64,1162,3180,0
2020-03-26 06:00:00,727.63,729.94,725.17,728.95,759,3240,0
2020-03-26 07:00:00,728.93,729.74,727.24,729.64,629,2950,0
2020-03-26 08:00:00,729.67,731.57,727.26,729.07,836,2680,0
2020-03-26 09:00:00,729.05,730.59,725.61,726.22,786,2830,0
2020-03-26 10:00:00,726.23,730.24,716.65,719.32,1220,2970,0
2020-03-26 11:00:00,719.33,729.45,714.66,714.7,1155,2760,0
2020-03-26 12:00:00,707.29,707.83,706.69,707.81,29,6130,0
2020-03-26 15:00:00,721.2,721.82,721.09,721.52,47,6990,0
2020-03-26 16:00:00,733.01,740.45,733.01,737.52,923,4620,0
2020-03-26 17:00:00,738.28,742.22,733.38,735.73,2357,2430,0
2020-03-26 18:00:00,736.57,741.16,733.6,737.15,2192,3050,0
2020-03-26 19:00:00,737.13,738.6,732.85,734.4,1795,2770,0
2020-03-26 20:00:00,734.39,736.98,729.21,734.07,1888,2920,0
2020-03-26 21:00:00,734.15,734.43,728.03,734.3,1191,2740,0
2020-03-26 22:00:00,734.28,737.02,733.28,736.39,1288,3210,0
2020-03-26 23:00:00,736.37,737.31,734.57,735.11,423,3340,0
2020-03-27 01:00:00,735.82,740.22,734.95,739.79,590,1800,0
2020-03-27 02:00:00,739.79,742.5,734.54,742.47,541,1050,0
2020-03-27 03:00:00,742.44,742.85,732.74,735.63,1152,1180,0
2020-03-27 04:00:00,735.63,740.4,735.06,736.38,1438,1810,0
2020-03-27 05:00:00,736.38,742.91,735.94,740.5,937,1960,0
2020-03-27 06:00:00,740.45,742.98,739.38,740.72,679,3600,0
2020-03-27 07:00:00,740.67,745.91,739.91,745.04,1302,1980,0
2020-03-27 08:00:00,745.08,751.92,744.12,750.25,1351,910,0
2020-03-27 09:00:00,750.27,755.6,744.54,750.07,1667,970,0
2020-03-27 10:00:00,750.13,752.48,744.67,747.27,1734,2800,0
2020-03-27 11:00:00,747.3,748.49,741.39,742.39,1234,2730,0
2020-03-27 12:00:00,742.54,742.89,733.93,735.75,1133,3190,0
2020-03-27 13:00:00,735.74,744.17,735.74,739.78,537,3460,0
2020-03-27 14:00:00,739.78,744.32,730.98,732.72,885,3060,0
2020-03-27 15:00:00,732.7,738.82,729.68,734.09,1238,3750,0
2020-03-27 16:00:00,734.56,740.43,729.82,739.11,1117,2710,0
2020-03-27 17:00:00,738.51,744.48,731.78,739.35,2143,200,0
2020-03-27 18:00:00,739.31,742.95,737.72,740.0,1401,530,0
2020-03-27 19:00:00,739.93,747.49,738.45,745.36,1137,230,0
2020-03-27 20:00:00,745.34,747.13,742.11,745.43,1506,200,0
2020-03-27 21:00:00,745.39,746.35,739.65,745.0,906,200,0
2020-03-27 22:00:00,744.99,746.86,738.96,739.89,910,1940,0
2020-03-27 23:00:00,739.5,742.37,736.78,738.88,599,3780,0
2020-03-30 02:00:00,743.39,744.04,741.46,742.59,262,5590,0
2020-03-30 03:00:00,742.5,744.5,733.83,734.45,1136,6010,0
2020-03-30 04:00:00,734.41,734.58,732.7,732.71,158,5600,0
2020-03-30 06:00:00,719.02,720.24,719.02,719.61,87,5940,0
2020-03-30 07:00:00,717.53,718.93,716.84,717.65,283,5500,0
2020-03-30 08:00:00,717.72,719.12,714.44,719.12,1085,4550,0
2020-03-30 09:00:00,719.4,721.76,716.33,716.92,637,4340,0
2020-03-30 10:00:00,718.35,719.73,716.07,717.66,443,4570,0
2020-03-30 12:00:00,726.7,728.54,726.7,728.47,106,5140,0
2020-03-30 13:00:00,722.97,726.74,722.78,726.27,349,4860,0
2020-03-30 14:00:00,726.25,730.65,725.84,728.76,724,3350,0
2020-03-30 15:00:00,728.73,729.06,715.65,722.44,1135,3370,0
2020-03-30 16:00:00,722.45,734.86,722.21,732.14,1969,2550,0
2020-03-30 17:00:00,732.12,732.19,719.44,719.82,1986,2570,0
2020-03-30 18:00:00,719.93,731.2,718.71,730.58,1503,2980,0
2020-03-30 19:00:00,730.65,732.78,721.58,722.86,1554,2290,0
2020-03-30 20:00:00,722.88,727.69,719.85,719.88,1611,2190,0
2020-03-30 21:00:00,719.92,720.98,716.56,718.92,1167,3100,0
2020-03-30 22:00:00,718.9,724.94,718.74,724.39,744,3170,0
2020-03-30 23:00:00,724.38,725.68,722.46,725.26,488,3740,0
2020-03-31 01:00:00,723.68,726.02,722.14,723.39,241,4490,0
2020-03-31 02:00:00,723.53,726.89,722.16,724.14,208,3930,0
2020-03-31 03:00:00,722.39,728.39,722.33,728.06,815,4130,0
2020-03-31 04:00:00,728.06,735.24,725.22,729.37,1337,3690,0
2020-03-31 05:00:00,729.37,732.31,727.18,727.85,716,3430,0
2020-03-31 06:00:00,727.83,730.63,726.32,728.85,709,3230,0
2020-03-31 07:00:00,728.81,729.41,725.72,727.26,508,3060,0
2020-03-31 08:00:00,727.31,729.73,725.98,728.01,472,3230,0
2020-03-31 09:00:00,727.65,729.21,724.08,725.92,898,3070,0
2020-03-31 10:00:00,725.95,726.31,723.25,724.82,740,2950,0
2020-03-31 11:00:00,724.77,728.99,721.07,727.53,690,3030,0
2020-03-31 12:00:00,727.6,729.09,722.59,723.93,817,3250,0
2020-03-31 13:00:00,723.89,725.37,715.18,721.58,784,2890,0
2020-03-31 14:00:00,721.59,722.88,717.7,718.87,675,2940,0
2020-03-31 15:00:00,718.9,729.14,718.69,727.3,1612,2410,0
2020-03-31 16:00:00,727.26,730.94,726.06,727.33,1622,2290,0
2020-03-31 17:00:00,727.27,735.63,726.6,734.97,2021,2500,0
2020-03-31 18:00:00,735.02,737.53,730.33,734.17,2104,2260,0
2020-03-31 19:00:00,734.24,734.34,729.05,729.98,1645,2170,0
2020-03-31 20:00:00,730.01,732.79,718.28,723.25,2237,2090,0
2020-03-31 21:00:00,722.81,726.07,722.48,725.66,1233,2830,0
2020-03-31 22:00:00,725.7,725.98,721.29,723.66,1137,3190,0
2020-03-31 23:00:00,723.63,724.53,720.59,720.92,770,3180,0
2020-04-01 01:00:00,720.9,721.0,718.01,719.35,557,3800,0
2020-04-01 02:00:00,719.29,721.53,718.24,718.96,537,3160,0
2020-04-01 03:00:00,718.89,725.02,717.92,722.51,666,3130,0
2020-04-01 04:00:00,722.46,726.29,721.08,721.99,933,2890,0
2020-04-01 05:00:00,721.92,726.77,720.98,726.42,681,2880,0
2020-04-01 06:00:00,726.41,727.33,725.17,726.56,352,3370,0
2020-04-01 07:00:00,726.58,726.92,725.24,725.42,253,3140,0
2020-04-01 08:00:00,725.44,727.34,720.76,722.73,897,2540,0
2020-04-01 09:00:00,722.82,722.87,718.07,720.99,977,2390,0
2020-04-01 10:00:00,721.02,725.08,718.84,723.04,1140,2410,0
2020-04-01 11:00:00,723.06,723.8,718.98,722.03,850,2530,0
2020-04-01 12:00:00,722.0,724.24,720.33,722.46,724,2590,0
2020-04-01 13:00:00,722.44,724.42,719.36,719.79,621,2360,0
2020-04-01 14:00:00,719.76,719.94,712.88,715.58,920,2390,0
2020-04-01 15:00:00,715.5,718.6,708.48,709.24,2063,2150,0
2020-04-01 16:00:00,709.22,715.35,701.28,712.46,2714,2170,0
2020-04-01 17:00:00,713.68,725.54,710.84,724.15,2369,2320,0
2020-04-01 18:00:00,724.17,725.38,720.42,722.61,1872,2230,0
2020-04-01 19:00:00,722.6,724.89,720.41,721.25,1615,2150,0
2020-04-01 20:00:00,721.22,721.23,712.06,716.17,1604,2160,0
2020-04-01 21:00:00,716.17,717.65,713.87,717.2,612,3260,0
2020-04-01 22:00:00,717.32,718.5,715.3,716.96,485,3870,0
2020-04-01 23:00:00,716.92,718.31,715.05,717.86,442,5390,0
2020-04-02 01:00:00,717.08,720.44,716.64,719.52,539,3750,0
2020-04-02 02:00:00,719.48,720.66,718.58,718.93,350,3340,0
2020-04-02 03:00:00,718.99,720.38,713.82,714.87,491,3340,0
2020-04-02 04:00:00,714.81,716.46,712.75,714.13,672,3530,0
2020-04-02 05:00:00,714.09,719.0,713.81,718.16,418,3270,0
2020-04-02 06:00:00,718.15,722.4,717.29,719.85,390,3180,0
2020-04-02 07:00:00,719.92,720.61,717.86,719.83,161,3510,0
2020-04-02 08:00:00,719.81,725.08,717.86,724.94,752,3030,0
2020-04-02 09:00:00,724.82,732.69,724.24,726.85,994,2900,0
2020-04-02 10:00:00,730.4,732.34,724.51,724.75,488,3110,0
2020-04-02 11:00:00,724.91,729.31,721.64,726.6,740,2990,0
2020-04-02 12:00:00,726.61,729.83,725.2,726.26,650,3000,0
2020-04-02 13:00:00,726.25,726.53,721.11,721.98,497,2800,0
2020-04-02 14:00:00,722.14,724.89,722.08,724.65,573,2840,0
2020-04-02 15:00:00,724.67,732.64,722.68,726.39,1861,2810,0
2020-04-02 16:00:00,726.41,729.93,716.4,720.74,2052,2910,0
2020-04-02 17:00:00,720.84,731.36,720.84,727.56,2321,3070,0
2020-04-02 18:00:00,727.48,727.86,724.34,726.6,1167,2640,0
2020-04-02 19:00:00,726.59,729.12,724.61,728.52,1194,2630,0
2020-04-02 20:00:00,728.5,730.97,727.55,729.91,1749,2380,0
2020-04-02 21:00:00,729.83,730.09,727.34,728.97,1106,2560,0
2020-04-02 22:00:00,729.09,730.8,728.98,730.07,837,3100,0
2020-04-02 23:00:00,730.07,730.66,729.09,729.62,453,3100,0
2020-04-03 01:00:00,729.86,730.33,729.02,729.37,253,3360,0
2020-04-03 02:00:00,729.46,729.52,728.05,729.0,337,2980,0
2020-04-03 03:00:00,728.97,730.27,726.63,726.78,743,3070,0
2020-04-03 04:00:00,726.79,728.08,725.31,725.93,615,3110,0
2020-04-03 05:00:00,726.01,727.12,723.77,726.7,499,2880,0
2020-04-03 06:00:00,726.73,727.86,725.5,726.14,460,2880,0
2020-04-03 07:00:00,725.96,727.48,724.75,725.55,270,2760,0
2020-04-03 08:00:00,725.57,726.12,722.97,724.56,539,2770,0
2020-04-03 09:00:00,724.65,725.58,722.51,723.67,698,2890,0
2020-04-03 10:00:00,723.72,724.6,721.35,724.4,609,2730,0
2020-04-03 11:00:00,724.41,724.61,716.71,716.71,673,2580,0
2020-04-03 12:00:00,716.75,721.25,715.71,720.83,765,2420,0
2020-04-03 13:00:00,720.79,723.87,719.67,719.67,580,2640,0
2020-04-03 14:00:00,719.66,725.31,718.59,724.65,572,2850,0
2020-04-03 15:00:00,724.62,725.88,711.48,713.81,1773,2820,0
2020-04-03 16:00:00,713.42,722.76,712.51,719.09,1872,2560,0
2020-04-03 17:00:00,718.99,721.98,713.87,720.11,1694,2400,0
2020-04-03 18:00:00,720.13,720.68,714.78,717.06,1590,2340,0
2020-04-03 19:00:00,717.24,720.16,716.09,718.52,1174,2550,0
2020-04-03 20:00:00,718.49,721.03,717.64,719.69,1276,2280,0
2020-04-03 21:00:00,719.65,724.17,717.11,723.97,849,2530,0
2020-04-03 22:00:00,723.95,724.62,722.29,722.91,943,2920,0
2020-04-03 23:00:00,723.05,723.43,721.1,721.14,508,4290,0
2020-04-06 01:00:00,720.17,727.62,719.51,722.65,500,2510,0
2020-04-06 02:00:00,722.64,725.52,720.88,724.99,417,2890,0
2020-04-06 03:00:00,725.02,740.94,723.83,738.28,1374,1760,0
2020-04-06 04:00:00,738.27,738.4,727.22,729.97,700,990,0
2020-04-06 05:00:00,730.02,730.67,726.19,730.05,456,2740,0
2020-04-06 06:00:00,730.03,730.94,727.94,728.32,248,2860,0
2020-04-06 07:00:00,728.37,729.14,726.22,727.55,250,2660,0
2020-04-06 08:00:00,727.55,733.49,727.55,732.79,444,2050,0
2020-04-06 09:00:00,732.61,736.43,730.06,730.11,779,1750,0
2020-04-06 10:00:00,730.32,736.99,730.17,736.55,767,1130,0
2020-04-06 11:00:00,736.5,737.31,730.96,737.31,819,340,0
2020-04-06 12:00:00,737.28,738.43,733.01,734.0,676,450,0
2020-04-06 13:00:00,734.02,734.9,730.36,732.06,535,460,0
2020-04-06 14:00:00,732.07,734.98,730.89,733.11,432,590,0
2020-04-06 15:00:00,733.1,734.27,728.82,733.22,957,520,0
2020-04-06 16:00:00,733.33,735.01,726.81,734.17,1632,630,0
2020-04-06 17:00:00,734.17,735.23,729.97,734.12,1991,520,0
2020-04-06 18:00:00,734.08,736.01,732.56,732.86,1076,1510,0
2020-04-06 19:00:00,732.94,734.56,730.61,731.32,974,2030,0
2020-04-06 20:00:00,731.34,738.28,730.75,738.1,1256,1320,0
2020-04-06 21:00:00,738.12,740.47,735.79,740.13,1134,2120,0
2020-04-06 22:00:00,740.15,742.73,739.64,741.24,1225,2440,0
2020-04-06 23:00:00,741.42,741.71,737.77,739.35,364,2480,0
2020-04-07 01:00:00,739.31,744.08,737.81,743.79,505,2320,0
2020-04-07 02:00:00,743.8,752.27,741.76,747.38,1408,1520,0
2020-04-07 03:00:00,747.4,749.81,738.55,741.23,1087,1660,0
2020-04-07 04:00:00,741.28,742.25,735.94,739.53,1337,1980,0
2020-04-07 05:00:00,739.7,739.7,733.23,734.72,1083,1620,0
2020-04-07 06:00:00,734.71,737.79,733.74,735.93,631,1500,0
2020-04-07 07:00:00,735.94,740.07,735.4,739.24,360,1720,0
2020-04-07 08:00:00,739.36,745.85,738.95,744.53,535,1580,0
2020-04-07 09:00:00,744.52,747.23,742.16,746.67,726,950,0
2020-04-07 10:00:00,746.75,749.93,739.39,740.55,878,1410,0
2020-04-07 11:00:00,741.07,748.12,740.32,747.29,554,1130,0
2020-04-07 12:00:00,747.22,749.78,744.04,744.04,519,1430,0
2020-04-07 13:00:00,744.03,747.61,742.95,746.91,575,1690,0
2020-04-07 14:00:00,746.9,747.53,742.34,742.81,696,1190,0
2020-04-07 15:00:00,742.79,744.66,740.69,740.87,1065,1170,0
2020-04-07 16:00:00,740.88,742.89,736.49,739.09,1794,390,0
2020-04-07 17:00:00,739.1,745.52,736.71,739.63,1593,640,0
2020-04-07 18:00:00,739.22,747.67,737.82,743.84,928,2060,0
2020-04-07 19:00:00,743.83,747.63,739.97,741.25,1152,2140,0
2020-04-07 20:00:00,741.28,748.4,739.37,740.25,1810,1580,0
2020-04-07 21:00:00,740.22,740.97,735.98,736.91,942,1860,0
2020-04-07 22:00:00,736.95,741.2,734.17,739.47,936,2350,0
2020-04-07 23:00:00,739.22,739.33,736.7,736.7,460,3130,0
2020-04-08 01:00:00,737.29,739.33,735.45,737.13,318,2400,0
2020-04-08 02:00:00,737.14,740.58,737.1,738.76,489,2480,0
2020-04-08 03:00:00,738.76,738.77,730.0,731.14,830,2760,0
2020-04-08 04:00:00,731.1,736.97,730.43,735.59,714,2130,0
2020-04-08 05:00:00,735.15,738.45,735.11,737.73,284,2180,0
2020-04-08 06:00:00,737.71,739.34,735.48,739.11,197,1760,0
2020-04-08 07:00:00,739.11,744.21,738.53,744.04,345,1120,0
2020-04-08 08:00:00,744.04,746.91,740.89,742.14,616,1860,0
2020-04-08 09:00:00,741.99,742.1,735.78,741.04,491,1640,0
2020-04-08 10:00:00,741.01,743.96,738.38,742.16,555,1080,0
2020-04-08 11:00:00,742.41,742.41,734.59,737.36,596,1450,0
2020-04-08 12:00:00,737.36,740.92,737.08,739.4,463,1690,0
2020-04-08 13:00:00,739.4,741.09,737.64,738.99,513,1830,0
2020-04-08 14:00:00,739.17,740.73,738.03,739.71,721,2130,0
2020-04-08 15:00:00,739.71,744.34,738.14,743.01,1129,1650,0
2020-04-08 16:00:00,743.0,758.48,735.46,735.54,2054,510,0
2020-04-08 17:00:00,735.56,738.33,733.97,736.47,1511,1880,0
2020-04-08 18:00:00,736.42,736.44,732.0,733.09,1355,2070,0
2020-04-08 19:00:00,733.11,737.17,732.99,735.92,1155,1340,0
2020-04-08 20:00:00,735.94,736.35,724.4,731.54,1676,1740,0
2020-04-08 21:00:00,731.54,737.06,731.54,736.78,509,2060,0
2020-04-08 22:00:00,736.78,737.55,734.61,735.11,543,1960,0
2020-04-08 23:00:00,734.89,736.1,730.69,731.85,441,1330,0
2020-04-09 01:00:00,732.94,735.98,732.48,734.54,322,1820,0
2020-04-09 02:00:00,734.54,735.51,732.48,734.97,228,1810,0
2020-04-09 03:00:00,734.96,737.46,734.04,736.36,306,1850,0
2020-04-09 04:00:00,736.36,737.21,732.74,734.25,401,1140,0
2020-04-09 05:00:00,734.24,734.78,733.01,734.22,339,1750,0
2020-04-09 06:00:00,734.27,734.58,732.85,734.17,198,1190,0
2020-04-09 07:00:00,734.17,735.02,732.13,734.16,216,740,0
2020-04-09 08:00:00,734.15,736.85,732.24,736.42,219,1700,0
2020-04-09 09:00:00,736.45,739.52,735.99,738.68,371,1180,0
2020-04-09 10:00:00,738.68,742.53,737.1,742.53,649,930,0
2020-04-09 11:00:00,742.53,742.97,736.61,738.95,488,1170,0
2020-04-09 12:00:00,738.95,740.41,736.58,736.74,523,2000,0
2020-04-09 13:00:00,736.72,738.77,734.99,736.65,730,1420,0
2020-04-09 14:00:00,736.51,736.74,729.54,733.87,920,1480,0
2020-04-09 15:00:00,733.86,740.93,730.11,740.14,1391,1100,0
2020-04-09 16:00:00,740.14,747.48,735.79,747.45,1449,1100,0
2020-04-09 17:00:00,747.43,747.43,735.93,744.83,1449,910,0
2020-04-09 18:00:00,744.83,745.59,740.42,742.61,942,0,0
2020-04-09 19:00:00,742.61,748.61,742.17,745.76,1357,0,0
2020-04-09 20:00:00,745.78,754.95,745.72,747.3,1809,930,0
2020-04-09 21:00:00,747.32,747.49,740.68,741.7,778,1210,0
2020-04-09 22:00:00,741.73,744.02,740.27,743.71,694,2080,0
2020-04-09 23:00:00,743.71,748.4,742.75,748.4,358,2740,0
2020-04-13 01:00:00,750.37,754.37,742.89,744.16,694,1960,0
2020-04-13 02:00:00,743.98,750.43,743.76,747.12,399,2390,0
2020-04-13 03:00:00,747.02,750.27,746.06,749.21,612,2140,0
2020-04-13 04:00:00,749.24,751.17,743.07,743.69,958,2220,0
2020-04-13 05:00:00,743.6,745.2,740.65,743.35,514,1660,0
2020-04-13 06:00:00,743.53,745.1,743.05,744.94,322,1360,0
2020-04-13 07:00:00,744.95,746.69,744.37,745.78,244,1800,0
2020-04-13 08:00:00,745.62,746.48,744.32,745.89,395,1770,0
2020-04-13 09:00:00,745.76,749.24,744.9,747.72,912,1120,0
2020-04-13 10:00:00,747.69,747.73,743.3,745.25,664,1930,0
2020-04-13 11:00:00,745.28,747.49,743.23,747.37,364,1820,0
2020-04-13 12:00:00,747.37,748.13,745.7,745.7,311,2170,0
2020-04-13 13:00:00,745.7,746.89,743.41,745.65,371,2310,0
2020-04-13 14:00:00,745.66,751.09,745.42,749.84,480,1730,0
2020-04-13 15:00:00,749.84,751.54,742.5,742.77,714,1200,0
2020-04-13 16:00:00,742.71,746.44,739.07,742.04,1082,1560,0
2020-04-13 17:00:00,742.01,743.8,739.67,742.29,893,2030,0
2020-04-13 18:00:00,742.29,751.39,741.46,748.04,970,2360,0
2020-04-13 19:00:00,748.0,748.2,744.28,747.55,685,2360,0
2020-04-13 20:00:00,747.55,749.64,744.72,748.83,774,2080,0
2020-04-13 21:00:00,748.82,751.95,747.18,750.2,650,1740,0
2020-04-13 22:00:00,750.4,751.99,747.29,751.65,490,2240,0
2020-04-13 23:00:00,751.6,751.76,748.8,749.65,316,2440,0
2020-04-14 01:00:00,750.47,750.47,747.34,750.16,263,2510,0
2020-04-14 02:00:00,750.12,751.95,748.96,749.62,303,2930,0
2020-04-14 03:00:00,749.67,754.75,749.37,750.86,602,1940,0
2020-04-14 04:00:00,750.86,758.98,750.06,756.73,1016,2710,0
2020-04-14 05:00:00,756.83,759.26,752.84,756.72,1264,2560,0
2020-04-14 06:00:00,756.47,760.02,754.86,758.74,893,3360,0
2020-04-14 07:00:00,758.73,761.93,754.94,761.46,582,4390,0
2020-04-14 08:00:00,761.45,761.45,754.07,755.63,610,3980,0
2020-04-14 09:00:00,755.81,756.62,751.25,753.54,761,3460,0
2020-04-14 10:00:00,753.52,771.22,752.61,764.57,1245,3590,0
2020-04-14 11:00:00,764.57,773.42,761.09,763.04,1168,2440,0
2020-04-14 12:00:00,762.79,771.2,751.91,765.02,293,1730,0
2020-04-14 13:00:00,765.02,769.69,757.89,759.77,635,990,0
2020-04-14 14:00:00,759.75,776.82,758.92,770.8,801,200,0
2020-04-14 15:00:00,772.24,777.29,768.75,776.99,623,4380,0
2020-04-14 16:00:00,772.99,775.42,771.77,775.42,20,6280,0
2020-04-14 23:00:00,777.07,777.98,776.39,777.28,38,11030,0
2020-04-15 01:00:00,781.44,782.55,780.37,781.02,36,6350,0
2020-04-15 05:00:00,783.73,783.73,781.41,781.76,158,6170,0
2020-04-15 06:00:00,781.75,784.89,781.75,784.44,229,6440,0
2020-04-15 07:00:00,785.95,788.44,784.97,785.32,231,5500,0
2020-04-15 08:00:00,785.32,785.78,781.1,785.27,400,6260,0
2020-04-15 09:00:00,783.59,784.15,782.83,782.83,49,6380,0
2020-04-15 10:00:00,766.01,777.76,766.01,772.84,498,2130,0
2020-04-15 11:00:00,772.54,781.2,769.5,778.18,809,2140,0
2020-04-15 12:00:00,778.18,782.95,774.5,775.28,617,4520,0
2020-04-15 13:00:00,775.31,780.94,774.89,779.19,832,5770,0
2020-04-15 14:00:00,779.09,781.04,774.95,778.74,873,6380,0
2020-04-15 15:00:00,778.71,786.5,763.88,772.65,1783,610,0
2020-04-15 16:00:00,772.67,779.77,770.01,776.16,1791,5650,0
2020-04-15 17:00:00,776.09,779.52,766.25,775.56,1485,7160,0
2020-04-15 18:00:00,775.68,787.3,773.13,780.01,1093,1060,0
2020-04-15 19:00:00,780.01,786.48,778.52,782.57,806,760,0
2020-04-15 20:00:00,782.47,783.69,775.16,775.55,1007,600,0
2020-04-15 21:00:00,775.5,780.56,775.5,778.77,556,2980,0
2020-04-15 22:00:00,778.77,779.34,777.33,777.85,394,2960,0
2020-04-15 23:00:00,777.88,777.96,775.28,775.65,271,3560,0
2020-04-16 01:00:00,777.72,778.01,772.37,773.44,346,5120,0
2020-04-16 02:00:00,773.37,777.29,772.69,774.83,345,3660,0
2020-04-16 03:00:00,774.91,776.72,771.77,772.35,609,3810,0
2020-04-16 04:00:00,772.35,778.89,771.2,777.03,529,5170,0
2020-04-16 05:00:00,776.93,779.11,776.05,778.4,252,5690,0
2020-04-16 06:00:00,778.17,778.59,776.13,777.45,299,5710,0
2020-04-16 07:00:00,777.45,781.18,777.45,780.97,227,5420,0
2020-04-16 08:00:00,780.97,782.73,778.69,782.34,297,5470,0
2020-04-16 09:00:00,782.36,787.82,780.86,787.62,1063,2110,0
2020-04-16 10:00:00,787.64,791.36,783.13,787.59,641,4210,0
2020-04-16 11:00:00,787.21,790.46,780.4,785.54,610,2460,0
2020-04-16 12:00:00,785.49,785.49,778.12,784.75,516,4730,0
2020-04-16 13:00:00,784.75,790.98,782.57,786.42,475,3100,0
2020-04-16 14:00:00,786.42,789.64,782.19,786.81,510,4230,0
2020-04-16 15:00:00,786.91,797.13,783.58,785.5,1574,2230,0
2020-04-16 16:00:00,785.8,787.09,780.6,781.92,1682,1170,0
2020-04-16 17:00:00,781.97,786.65,780.83,781.78,1832,630,0
2020-04-16 18:00:00,781.83,786.97,781.1,784.84,918,1480,0
2020-04-16 19:00:00,784.84,786.14,759.92,780.2,1611,1150,0
2020-04-16 20:00:00,780.15,787.16,776.64,782.83,1974,2680,0
2020-04-16 21:00:00,782.84,787.61,777.66,782.5,615,5690,0
2020-04-16 22:00:00,782.52,786.76,781.65,786.62,566,6120,0
2020-04-16 23:00:00,786.37,788.41,778.52,786.68,599,3240,0
2020-04-17 01:00:00,785.96,791.79,777.77,786.52,861,3080,0
2020-04-17 02:00:00,786.54,788.52,782.35,782.83,475,5130,0
2020-04-17 03:00:00,782.9,788.65,781.78,786.11,874,4370,0
2020-04-17 04:00:00,786.06,787.86,777.2,778.0,992,3010,0
2020-04-17 05:00:00,778.22,778.78,774.31,776.84,655,4310,0
2020-04-17 06:00:00,776.64,777.73,771.06,775.16,374,5170,0
2020-04-17 07:00:00,775.23,777.76,773.48,773.94,416,5090,0
2020-04-17 08:00:00,774.09,781.39,772.41,774.49,656,3930,0
2020-04-17 09:00:00,774.19,780.72,770.07,780.17,873,4430,0
2020-04-17 10:00:00,780.24,781.39,773.87,776.86,815,2540,0
2020-04-17 11:00:00,776.86,776.91,771.37,773.3,671,3370,0
2020-04-17 12:00:00,773.3,776.08,769.82,771.64,858,3370,0
2020-04-17 13:00:00,771.72,776.39,770.47,774.84,1027,210,0
2020-04-17 14:00:00,774.89,777.03,771.44,772.73,877,1820,0
2020-04-17 15:00:00,772.76,781.42,772.76,779.24,1135,1360,0
2020-04-17 16:00:00,778.84,780.47,776.68,778.22,1555,2530,0
2020-04-17 17:00:00,778.09,779.61,768.69,771.95,1721,2340,0
2020-04-17 18:00:00,771.59,773.64,771.09,772.08,1161,840,0
2020-04-17 19:00:00,772.0,772.61,768.26,768.86,1291,540,0
2020-04-17 20:00:00,768.93,775.99,767.4,774.14,1221,2220,0
2020-04-17 21:00:00,774.14,774.44,772.36,772.94,405,2460,0
2020-04-17 22:00:00,772.94,775.62,771.13,774.85,436,3340,0
2020-04-17 23:00:00,774.65,775.03,773.14,775.03,371,4150,0
2020-04-20 01:00:00,774.97,776.27,770.91,771.18,407,2470,0
2020-04-20 02:00:00,771.18,772.41,769.3,770.6,407,1630,0
2020-04-20 03:00:00,770.24,772.93,769.03,771.68,515,1720,0
2020-04-20 04:00:00,771.68,776.28,770.08,776.24,682,2700,0
2020-04-20 05:00:00,776.26,780.06,776.2,776.87,663,3370,0
2020-04-20 06:00:00,776.87,779.88,776.83,778.74,466,2830,0
2020-04-20 07:00:00,778.74,782.13,778.44,778.62,487,3210,0
2020-04-20 08:00:00,778.57,779.64,777.29,779.27,300,4450,0
2020-04-20 09:00:00,779.22,781.55,776.39,779.76,685,3260,0
2020-04-20 10:00:00,779.76,783.94,777.02,779.31,765,1540,0
2020-04-20 11:00:00,779.31,783.7,778.55,782.6,619,1750,0
2020-04-20 12:00:00,782.6,787.86,779.5,779.58,779,2020,0
2020-04-20 13:00:00,779.6,781.69,777.79,778.61,863,1650,0
2020-04-20 14:00:00,778.6,782.32,776.89,781.5,952,1500,0
2020-04-20 15:00:00,781.5,782.27,775.59,778.84,776,680,0
2020-04-20 16:00:00,778.85,782.73,775.99,780.37,862,2190,0
2020-04-20 17:00:00,780.36,781.36,775.65,780.52,1142,2900,0
2020-04-20 18:00:00,780.44,783.71,774.9,782.41,1129,1850,0
2020-04-20 19:00:00,782.64,785.43,779.33,780.11,1303,1980,0
2020-04-20 20:00:00,780.03,780.08,774.68,776.73,1354,440,0
2020-04-20 21:00:00,776.68,777.21,770.79,770.8,502,2620,0
2020-04-20 22:00:00,770.8,773.65,770.64,771.61,404,4340,0
2020-04-20 23:00:00,771.75,773.94,771.16,772.89,376,3330,0
2020-04-21 01:00:00,771.91,773.29,770.84,773.25,246,2960,0
2020-04-21 02:00:00,773.3,773.36,771.85,771.94,175,4130,0
2020-04-21 03:00:00,772.01,773.11,766.51,772.04,582,2730,0
2020-04-21 04:00:00,772.05,777.16,769.14,769.15,715,3000,0
2020-04-21 05:00:00,769.15,770.17,761.94,766.25,858,2320,0
2020-04-21 06:00:00,766.25,767.29,762.05,766.04,647,3460,0
2020-04-21 07:00:00,766.04,769.33,765.76,767.47,339,3960,0
2020-04-21 08:00:00,767.47,770.31,766.68,768.3,784,3500,0
2020-04-21 09:00:00,768.16,772.1,767.82,770.27,723,4460,0
2020-04-21 10:00:00,770.3,771.83,764.27,767.99,790,3030,0
2020-04-21 11:00:00,767.92,767.92,759.73,762.72,706,3360,0
2020-04-21 12:00:00,762.82,763.79,740.44,745.51,2285,3690,0
2020-04-21 13:00:00,745.5,749.08,741.57,746.16,894,6770,0
2020-04-21 14:00:00,746.16,746.16,718.03,721.8,2325,3330,0
2020-04-21 15:00:00,719.65,731.04,714.88,719.73,2334,3560,0
2020-04-21 16:00:00,719.76,738.76,713.22,734.98,2226,4190,0
2020-04-21 17:00:00,734.85,740.42,728.96,738.59,1994,2950,0
2020-04-21 18:00:00,738.59,743.66,734.39,741.69,1308,4760,0
2020-04-21 19:00:00,741.69,756.2,740.64,748.7,1415,4730,0
2020-04-21 20:00:00,748.74,754.54,741.75,743.07,1668,4850,0
2020-04-21 21:00:00,743.07,749.28,741.57,746.05,1119,4590,0
2020-04-21 22:00:00,746.78,750.73,745.11,747.83,583,5730,0
2020-04-21 23:00:00,747.58,747.64,745.15,746.03,427,6100,0
2020-04-22 01:00:00,744.48,751.25,744.26,746.22,489,2890,0
2020-04-22 02:00:00,745.06,752.27,743.82,749.22,504,4560,0
2020-04-22 03:00:00,749.56,756.82,748.02,756.64,639,3960,0
2020-04-22 04:00:00,756.94,759.78,750.35,752.47,1108,2840,0
2020-04-22 05:00:00,752.29,756.04,751.0,751.73,522,3190,0
2020-04-22 06:00:00,751.73,753.02,748.4,748.88,567,3950,0
2020-04-22 07:00:00,748.88,749.5,741.09,742.48,780,1370,0
2020-04-22 08:00:00,742.51,748.26,742.51,748.14,501,1760,0
2020-04-22 09:00:00,747.86,749.56,740.69,742.77,764,420,0
2020-04-22 10:00:00,742.73,756.83,740.3,751.1,1152,200,0
2020-04-22 11:00:00,750.98,757.37,745.7,756.65,842,2600,0
2020-04-22 12:00:00,756.68,758.9,750.57,755.81,918,3080,0
2020-04-22 13:00:00,755.71,757.0,751.76,753.41,535,3430,0
2020-04-22 14:00:00,753.73,754.45,750.9,752.8,732,3900,0
2020-04-22 15:00:00,752.8,761.19,747.9,758.45,1219,3920,0
2020-04-22 16:00:00,758.5,762.91,749.95,752.18,1472,3990,0
2020-04-22 17:00:00,752.18,753.16,745.57,747.1,1215,4030,0
2020-04-22 18:00:00,746.7,748.5,742.2,747.71,901,5230,0
2020-04-22 19:00:00,747.7,752.68,745.6,752.64,1106,4290,0
2020-04-22 20:00:00,752.65,755.79,750.07,754.38,1440,3710,0
2020-04-22 21:00:00,754.37,757.92,754.36,757.51,487,3960,0
2020-04-22 22:00:00,757.64,758.83,754.54,758.38,551,4390,0
2020-04-22 23:00:00,758.38,759.24,756.07,758.14,400,4050,0
2020-04-23 01:00:00,759.73,761.06,757.62,757.73,435,3100,0
2020-04-23 02:00:00,757.73,757.93,753.1,754.54,440,3520,0
2020-04-23 03:00:00,754.54,755.19,752.43,755.19,685,3360,0
2020-04-23 04:00:00,755.17,767.7,752.9,762.04,1412,2560,0
2020-04-23 05:00:00,762.06,762.45,757.38,757.45,636,2920,0
2020-04-23 06:00:00,757.45,759.46,755.32,755.55,387,3090,0
2020-04-23 07:00:00,755.38,761.94,755.38,760.6,377,4480,0
2020-04-23 08:00:00,760.61,767.44,759.6,764.92,827,4500,0
2020-04-23 09:00:00,764.46,770.5,761.11,761.46,990,2720,0
2020-04-23 10:00:00,761.49,764.68,757.47,759.61,790,4040,0
2020-04-23 11:00:00,759.28,767.13,759.0,765.44,790,3110,0
2020-04-23 12:00:00,765.43,766.59,761.39,762.43,780,1530,0
2020-04-23 13:00:00,762.3,764.1,759.96,762.68,685,3140,0
2020-04-23 14:00:00,762.68,770.66,762.68,763.98,893,1820,0
2020-04-23 15:00:00,764.01,770.17,762.52,766.86,1353,200,0
2020-04-23 16:00:00,766.86,774.85,763.12,772.47,1888,200,0
2020-04-23 17:00:00,772.37,785.18,765.9,768.33,3162,200,0
2020-04-23 18:00:00,767.4,769.74,757.9,763.43,1893,3660,0
2020-04-23 19:00:00,763.43,773.24,757.29,759.95,1982,240,0
2020-04-23 20:00:00,759.97,763.12,752.52,762.55,1922,2740,0
2020-04-23 21:00:00,762.6,766.31,754.93,765.02,778,2050,0
2020-04-23 22:00:00,765.07,766.87,760.53,765.13,1367,5580,0
2020-04-23 23:00:00,764.73,765.41,761.78,762.19,383,6230,0
2020-04-24 01:00:00,763.93,765.96,761.78,763.32,403,3120,0
2020-04-24 02:00:00,763.33,765.07,763.33,764.73,357,4910,0
2020-04-24 03:00:00,764.68,766.28,759.34,759.78,671,4520,0
2020-04-24 04:00:00,759.77,762.25,756.63,759.84,802,4230,0
2020-04-24 05:00:00,759.39,770.29,759.32,767.17,628,2260,0
2020-04-24 06:00:00,767.17,770.05,766.21,768.11,375,2900,0
2020-04-24 07:00:00,768.09,768.96,766.03,766.04,339,5360,0
2020-04-24 08:00:00,766.13,766.77,760.99,766.28,588,3670,0
2020-04-24 09:00:00,766.4,770.43,763.6,770.3,704,3450,0
2020-04-24 10:00:00,770.33,770.62,762.9,766.41,614,4970,0
2020-04-24 11:00:00,766.57,766.8,757.87,762.51,740,2800,0
2020-04-24 12:00:00,762.52,767.58,757.01,760.73,833,2600,0
2020-04-24 13:00:00,760.77,764.41,757.97,764.33,759,2860,0
2020-04-24 14:00:00,764.43,766.8,758.81,760.8,770,1440,0
2020-04-24 15:00:00,760.82,766.07,758.15,760.58,1153,1030,0
2020-04-24 16:00:00,760.62,764.62,753.1,756.55,1741,2570,0
2020-04-24 17:00:00,756.66,760.85,751.13,758.72,1949,4010,0
2020-04-24 18:00:00,758.74,758.74,750.94,755.21,1734,4450,0
2020-04-24 19:00:00,755.26,761.75,755.02,759.7,1152,5620,0
2020-04-24 20:00:00,759.72,763.86,757.89,763.09,1266,4240,0
2020-04-24 21:00:00,763.04,763.96,760.54,762.15,550,5310,0
2020-04-24 22:00:00,762.14,763.66,760.8,762.7,480,5700,0
2020-04-24 23:00:00,762.7,763.23,759.33,763.23,749,6820,0
2020-04-27 01:00:00,766.63,768.63,761.19,762.22,504,3090,0
2020-04-27 02:00:00,762.28,766.14,762.28,765.71,349,3680,0
2020-04-27 03:00:00,765.66,770.78,764.55,770.53,473,3630,0
2020-04-27 04:00:00,770.68,771.35,766.68,771.19,681,2770,0
2020-04-27 05:00:00,771.19,773.29,768.82,769.72,435,3270,0
2020-04-27 06:00:00,769.72,771.98,767.89,768.51,374,3560,0
2020-04-27 07:00:00,768.47,770.17,761.16,769.61,492,2830,0
2020-04-27 08:00:00,769.62,771.37,767.52,769.05,615,2220,0
2020-04-27 09:00:00,769.02,769.23,759.26,759.51,701,2990,0
2020-04-27 10:00:00,759.53,765.46,757.58,765.33,555,3890,0
2020-04-27 11:00:00,765.28,765.46,763.02,764.64,436,4250,0
2020-04-27 12:00:00,764.64,766.98,763.06,764.95,494,3200,0
2020-04-27 13:00:00,764.95,766.85,763.97,765.06,435,880,0
2020-04-27 14:00:00,764.94,765.03,761.26,761.43,323,940,0
2020-04-27 15:00:00,761.43,766.25,759.87,763.6,819,3290,0
2020-04-27 16:00:00,763.75,765.23,756.38,757.29,1708,1440,0
2020-04-27 17:00:00,756.99,762.74,751.51,760.04,1922,1180,0
2020-04-27 18:00:00,760.09,764.88,759.82,762.0,1281,2570,0
2020-04-27 19:00:00,762.0,763.88,760.38,761.12,1001,2820,0
2020-04-27 20:00:00,761.0,762.09,759.16,759.88,1072,3410,0
2020-04-27 21:00:00,759.87,762.49,759.19,762.49,492,4060,0
2020-04-27 22:00:00,762.47,764.71,762.33,764.31,347,4210,0
2020-04-27 23:00:00,764.26,764.87,761.54,762.87,302,5030,0
2020-04-28 01:00:00,761.1,764.25,761.1,762.05,232,3750,0
2020-04-28 02:00:00,762.42,762.45,759.09,759.97,202,4410,0
2020-04-28 03:00:00,759.94,765.55,758.72,764.05,575,4240,0
2020-04-28 04:00:00,764.11,764.11,755.34,756.6,1026,4210,0
2020-04-28 05:00:00,757.32,762.31,756.52,761.01,479,4490,0
2020-04-28 06:00:00,761.0,761.27,759.06,760.33,423,4400,0
2020-04-28 07:00:00,760.27,760.27,757.02,758.29,380,3750,0
2020-04-28 08:00:00,758.23,758.71,755.36,758.29,870,3760,0
2020-04-28 09:00:00,758.18,758.18,754.18,757.34,900,3330,0
2020-04-28 10:00:00,757.46,762.54,752.47,762.13,611,3190,0
2020-04-28 11:00:00,762.06,763.69,758.37,760.99,710,3110,0
2020-04-28 12:00:00,760.99,770.86,760.53,765.41,961,3820,0
2020-04-28 13:00:00,765.42,766.38,763.65,765.82,696,1700,0
2020-04-28 14:00:00,765.81,766.15,761.85,763.12,552,2050,0
2020-04-28 15:00:00,763.2,774.2,762.87,771.24,1199,200,0
2020-04-28 16:00:00,771.37,773.14,760.0,763.09,1222,230,0
2020-04-28 17:00:00,763.16,772.57,757.39,764.8,1243,230,0
2020-04-28 18:00:00,764.9,777.01,762.89,769.88,1376,3150,0
2020-04-28 19:00:00,769.91,773.96,769.1,771.79,1262,3850,0
2020-04-28 20:00:00,771.79,776.96,771.79,772.38,1239,3450,0
2020-04-28 21:00:00,772.35,772.89,769.22,769.59,450,2920,0
2020-04-28 22:00:00,769.58,770.09,767.86,769.31,477,3460,0
2020-04-28 23:00:00,769.31,770.21,767.67,769.32,464,3710,0
2020-04-29 01:00:00,768.32,768.98,765.44,767.36,296,5150,0
2020-04-29 02:00:00,767.42,770.14,766.59,769.45,225,5020,0
2020-04-29 03:00:00,769.4,774.63,766.97,769.25,506,5090,0
2020-04-29 04:00:00,769.71,776.45,769.69,775.33,690,6980,0
2020-04-29 05:00:00,775.35,776.9,772.94,776.8,483,6440,0
2020-04-29 06:00:00,776.8,777.72,771.35,776.2,425,5660,0
2020-04-29 07:00:00,776.19,777.2,771.85,774.6,243,5280,0
2020-04-29 08:00:00,774.6,777.75,773.34,777.75,420,5530,0
2020-04-29 09:00:00,777.78,777.96,769.12,773.15,856,5200,0
2020-04-29 10:00:00,773.18,778.01,770.12,776.82,943,5200,0
2020-04-29 11:00:00,776.83,779.26,770.85,773.61,658,6460,0
2020-04-29 12:00:00,773.6,774.7,771.91,773.1,463,5070,0
2020-04-29 13:00:00,773.05,774.33,772.33,773.0,407,4510,0
2020-04-29 14:00:00,772.98,781.81,772.05,776.64,855,4250,0
2020-04-29 15:00:00,776.69,788.72,769.61,778.11,1415,5190,0
2020-04-29 16:00:00,778.17,785.02,773.52,783.2,1805,4760,0
2020-04-29 17:00:00,783.36,784.46,774.56,777.13,2111,3940,0
2020-04-29 18:00:00,777.21,777.21,767.0,767.78,994,4010,0
2020-04-29 19:00:00,771.18,774.69,767.69,770.16,1068,4040,0
2020-04-29 20:00:00,770.13,778.63,767.86,777.61,1446,3870,0
2020-04-29 21:00:00,778.75,779.6,775.64,778.5,1079,5770,0
2020-04-29 22:00:00,778.55,782.51,773.92,777.49,811,6550,0
2020-04-29 23:00:00,777.49,781.12,776.03,776.06,563,6380,0
2020-04-30 01:00:00,778.39,780.81,777.37,779.73,445,5990,0
2020-04-30 02:00:00,779.78,781.29,778.44,781.05,350,5700,0
2020-04-30 03:00:00,780.89,780.95,777.26,778.6,517,5280,0
2020-04-30 04:00:00,778.06,778.69,773.37,777.58,654,4190,0
2020-04-30 05:00:00,777.58,779.17,776.41,776.59,462,5830,0
2020-04-30 06:00:00,776.61,777.79,772.07,777.67,393,6530,0
2020-04-30 07:00:00,777.68,778.09,774.29,776.93,418,6620,0
2020-04-30 08:00:00,776.98,782.7,775.11,782.7,879,5680,0
2020-04-30 09:00:00,780.53,782.68,777.41,781.97,458,5600,0
2020-04-30 10:00:00,784.63,786.3,775.88,777.02,453,7330,0
2020-04-30 11:00:00,775.13,778.1,773.3,775.96,771,5120,0
2020-04-30 12:00:00,775.91,780.44,775.15,780.44,528,5110,0
2020-04-30 13:00:00,780.38,780.49,774.23,775.64,642,4660,0
2020-04-30 14:00:00,775.4,783.98,771.0,782.36,1105,4690,0
2020-04-30 15:00:00,782.37,782.47,755.98,781.19,2221,4620,0
2020-04-30 16:00:00,781.18,781.49,757.93,774.89,2516,5150,0
2020-04-30 17:00:00,774.87,789.7,772.09,783.03,1905,4410,0
2020-04-30 18:00:00,783.16,783.23,769.24,772.47,1294,6090,0
2020-04-30 19:00:00,772.46,781.2,767.75,780.32,2591,5830,0
2020-04-30 20:00:00,780.37,783.44,770.62,771.09,987,5240,0
2020-04-30 21:00:00,771.01,776.53,769.99,774.38,1186,7580,0
2020-04-30 22:00:00,774.33,777.71,771.97,772.09,736,7520,0
2020-04-30 23:00:00,772.1,773.48,767.55,770.19,708,10100,0
2020-05-01 01:00:00,769.3,770.21,763.96,767.89,1008,5930,0
2020-05-01 02:00:00,767.93,772.94,767.9,772.86,694,5770,0
2020-05-01 03:00:00,772.79,784.99,769.47,783.76,1061,980,0
2020-05-01 04:00:00,783.78,784.63,772.71,775.63,567,1390,0
2020-05-01 05:00:00,775.62,776.41,772.18,773.28,338,1900,0
2020-05-01 06:00:00,773.28,775.12,768.38,772.34,503,830,0
2020-05-01 07:00:00,772.32,773.3,770.53,771.82,203,4110,0
2020-05-01 08:00:00,771.79,771.82,761.19,762.39,820,880,0
2020-05-01 09:00:00,762.34,765.48,754.74,761.74,1267,3540,0
2020-05-01 10:00:00,761.72,765.38,755.12,764.17,886,5650,0
2020-05-01 11:00:00,764.15,766.82,757.34,763.23,885,4020,0
2020-05-01 12:00:00,763.22,765.14,757.9,759.72,595,5870,0
2020-05-01 13:00:00,759.72,764.49,757.46,763.92,698,3320,0
2020-05-01 14:00:00,763.94,766.82,761.97,764.38,1008,3050,0
2020-05-01 15:00:00,763.82,765.72,760.35,765.02,1278,5140,0
2020-05-01 16:00:00,765.03,770.41,763.17,765.6,1753,2670,0
2020-05-01 17:00:00,765.66,767.17,758.2,764.36,2063,1890,0
2020-05-01 18:00:00,764.34,771.67,762.02,762.89,1778,3580,0
2020-05-01 19:00:00,762.89,765.34,758.72,764.31,1616,3020,0
2020-05-01 20:00:00,764.25,764.31,753.88,762.7,1928,2220,0
2020-05-01 21:00:00,762.7,765.2,762.26,764.47,669,5020,0
2020-05-01 22:00:00,764.3,765.85,762.55,763.25,573,6210,0
2020-05-01 23:00:00,763.07,763.87,761.09,762.94,611,7110,0
2020-05-04 01:00:00,747.35,756.9,747.26,749.01,372,6790,0
2020-05-04 02:00:00,748.8,754.07,747.94,753.15,611,6970,0
2020-05-04 03:00:00,753.1,759.0,750.45,755.04,1042,6040,0
2020-05-04 04:00:00,755.06,758.47,754.69,757.27,526,5030,0
2020-05-04 05:00:00,757.27,760.41,756.64,759.25,451,4810,0
2020-05-04 06:00:00,759.25,765.28,759.13,765.14,471,4460,0
2020-05-04 07:00:00,765.15,766.24,760.82,762.83,374,4370,0
2020-05-04 08:00:00,762.82,762.82,753.89,757.79,503,4660,0
2020-05-04 09:00:00,757.73,767.58,756.37,765.79,894,4370,0
2020-05-04 10:00:00,765.78,766.63,758.96,760.0,1108,3730,0
2020-05-04 11:00:00,759.92,763.87,754.45,759.34,700,460,0
2020-05-04 12:00:00,759.47,760.46,755.23,758.63,605,3040,0
2020-05-04 13:00:00,758.6,764.41,758.2,763.89,668,3590,0
2020-05-04 14:00:00,763.89,778.23,763.48,770.83,1039,200,0
2020-05-04 15:00:00,770.85,771.48,762.33,764.94,1483,200,0
2020-05-04 16:00:00,764.94,769.49,762.02,767.71,1449,3620,0
2020-05-04 17:00:00,767.63,770.17,758.69,762.32,1322,970,0
2020-05-04 18:00:00,762.35,766.4,761.24,766.21,1042,860,0
2020-05-04 19:00:00,766.21,767.59,764.76,766.78,699,290,0
2020-05-04 20:00:00,766.78,767.44,763.12,766.07,802,520,0
2020-05-04 21:00:00,766.07,767.26,764.12,766.53,584,780,0
2020-05-04 22:00:00,766.52,768.56,764.7,767.49,599,1300,0
2020-05-04 23:00:00,767.29,767.72,765.72,767.16,358,2860,0
2020-05-05 01:00:00,765.3,765.4,763.91,765.08,301,5790,0
2020-05-05 02:00:00,765.11,766.82,764.48,765.37,271,4910,0
2020-05-05 03:00:00,765.29,769.74,764.3,766.4,449,2070,0
2020-05-05 04:00:00,766.4,769.97,765.65,769.41,499,3780,0
2020-05-05 05:00:00,769.41,769.71,766.62,767.03,291,4860,0
2020-05-05 06:00:00,767.04,767.55,766.73,766.82,173,4370,0
2020-05-05 07:00:00,766.6,766.62,763.99,765.35,160,4050,0
2020-05-05 08:00:00,765.45,766.76,765.06,766.64,239,3950,0
2020-05-05 09:00:00,766.46,769.46,764.03,766.34,440,2980,0
2020-05-05 10:00:00,766.34,767.91,758.24,761.97,811,200,0
2020-05-05 11:00:00,761.9,768.76,759.06,762.45,1167,3290,0
2020-05-05 12:00:00,762.48,767.26,762.03,765.14,646,4190,0
2020-05-05 13:00:00,765.19,768.44,763.79,767.01,605,1200,0
2020-05-05 14:00:00,767.01,767.68,763.78,764.23,588,2650,0
2020-05-05 15:00:00,764.22,774.3,763.97,769.23,1346,3210,0
2020-05-05 16:00:00,769.23,770.57,761.02,765.8,1633,3740,0
2020-05-05 17:00:00,765.85,767.69,762.65,766.42,1465,4120,0
2020-05-05 18:00:00,766.34,768.56,764.81,768.34,1319,3150,0
2020-05-05 19:00:00,768.39,771.19,767.58,769.05,964,3070,0
2020-05-05 20:00:00,769.16,771.17,768.33,770.83,766,1680,0
2020-05-05 21:00:00,770.83,772.7,769.98,770.96,436,1680,0
2020-05-05 22:00:00,770.96,771.26,765.37,766.78,694,2580,0
2020-05-05 23:00:00,766.67,768.71,766.23,767.68,394,2640,0
2020-05-06 01:00:00,762.27,764.67,761.75,764.59,504,5680,0
2020-05-06 02:00:00,764.58,766.28,761.16,766.28,186,2450,0
2020-05-06 03:00:00,766.23,766.78,758.98,760.98,506,2450,0
2020-05-06 04:00:00,761.7,766.66,761.52,764.89,822,3090,0
2020-05-06 05:00:00,764.97,765.46,762.73,765.31,582,3930,0
2020-05-06 06:00:00,765.33,766.48,764.11,764.99,266,3560,0
2020-05-06 07:00:00,764.99,766.84,764.62,766.43,255,3490,0
2020-05-06 08:00:00,766.48,771.05,765.9,770.95,484,2150,0
2020-05-06 09:00:00,770.95,773.0,768.63,770.12,943,1340,0
2020-05-06 10:00:00,770.13,772.89,770.08,772.71,449,2310,0
2020-05-06 11:00:00,772.66,772.8,754.09,766.51,713,1310,0
2020-05-06 12:00:00,766.51,768.43,760.01,763.03,704,460,0
2020-05-06 13:00:00,763.03,765.14,759.73,764.4,652,290,0
2020-05-06 14:00:00,764.4,765.31,758.1,761.84,652,200,0
2020-05-06 15:00:00,761.84,763.2,751.72,757.02,1565,220,0
2020-05-06 16:00:00,757.0,765.95,743.23,761.42,2688,200,0
2020-05-06 17:00:00,761.51,762.39,753.87,755.04,1452,3190,0
2020-05-06 18:00:00,754.96,755.08,749.15,754.45,1253,3600,0
2020-05-06 19:00:00,754.45,754.45,749.63,751.88,1170,1380,0
2020-05-06 20:00:00,752.1,754.98,750.45,753.76,1113,3170,0
2020-05-06 21:00:00,753.63,755.66,752.58,753.65,798,2920,0
2020-05-06 22:00:00,753.65,756.72,753.6,754.6,729,2490,0
2020-05-06 23:00:00,754.66,754.69,751.78,752.58,389,1680,0
2020-05-07 01:00:00,749.06,752.33,748.86,751.07,582,4900,0
2020-05-07 02:00:00,751.09,752.84,750.48,752.18,540,4120,0
2020-05-07 03:00:00,752.16,757.75,752.0,755.46,1060,4160,0
2020-05-07 04:00:00,755.38,756.82,753.95,755.58,652,4300,0
2020-05-07 05:00:00,755.65,759.27,755.08,758.84,427,3740,0
2020-05-07 06:00:00,758.89,763.48,758.64,762.82,389,2180,0
2020-05-07 07:00:00,762.75,763.58,762.24,762.86,238,2470,0
2020-05-07 08:00:00,762.86,763.15,759.93,760.06,420,2480,0
2020-05-07 09:00:00,759.9,762.61,754.53,758.81,751,2440,0
2020-05-07 10:00:00,758.81,762.84,754.95,755.36,793,1850,0
2020-05-07 11:00:00,755.39,760.86,753.08,753.43,982,2610,0
2020-05-07 12:00:00,753.52,758.23,753.44,757.88,752,3040,0
2020-05-07 13:00:00,757.85,758.89,752.52,752.52,619,1620,0
2020-05-07 14:00:00,752.74,756.48,752.67,755.84,593,2900,0
2020-05-07 15:00:00,755.84,760.03,750.17,758.55,1085,2510,0
2020-05-07 16:00:00,758.56,760.67,754.57,759.8,2210,1010,0
2020-05-07 17:00:00,759.74,762.45,755.95,756.77,2125,1000,0
2020-05-07 18:00:00,756.74,771.92,755.48,766.78,1665,620,0
2020-05-07 19:00:00,766.73,768.02,764.2,767.95,1115,1890,0
2020-05-07 20:00:00,767.95,769.64,765.22,769.12,1603,2180,0
2020-05-07 21:00:00,769.01,769.33,761.63,764.1,1100,2810,0
2020-05-07 22:00:00,764.05,765.65,762.26,763.44,747,2610,0
2020-05-07 23:00:00,763.44,765.66,763.37,765.23,456,2880,0
2020-05-08 01:00:00,764.22,766.31,762.64,764.62,432,2900,0
2020-05-08 02:00:00,764.52,766.58,763.19,765.86,400,3240,0
2020-05-08 03:00:00,766.0,768.5,763.97,768.09,451,3200,0
2020-05-08 04:00:00,768.09,774.76,768.08,770.07,1082,2580,0
2020-05-08 05:00:00,770.15,772.07,767.19,770.9,453,3800,0
2020-05-08 06:00:00,770.87,771.46,768.54,768.8,331,3570,0
2020-05-08 07:00:00,768.8,769.04,767.72,768.56,354,3590,0
2020-05-08 08:00:00,768.56,770.17,767.52,769.36,444,2940,0
2020-05-08 09:00:00,769.27,773.61,762.91,764.07,830,1450,0
2020-05-08 10:00:00,763.39,768.49,761.63,767.85,588,2810,0
2020-05-08 11:00:00,767.68,775.56,766.45,774.45,731,2380,0
2020-05-08 12:00:00,774.47,774.69,766.47,768.15,599,1060,0
2020-05-08 13:00:00,768.15,770.88,765.7,767.39,633,1590,0
2020-05-08 14:00:00,767.2,767.66,761.42,765.6,823,1220,0
2020-05-08 15:00:00,765.59,771.54,758.37,763.98,2086,1100,0
2020-05-08 16:00:00,764.08,776.67,762.41,772.84,1628,350,0
2020-05-08 17:00:00,772.64,778.1,768.54,772.08,2021,200,0
2020-05-08 18:00:00,772.08,774.47,765.47,774.18,1186,390,0
2020-05-08 19:00:00,774.19,774.25,765.94,770.18,1272,1810,0
2020-05-08 20:00:00,770.02,771.05,767.98,769.84,1143,1910,0
2020-05-08 21:00:00,769.85,771.41,768.79,771.28,816,2220,0
2020-05-08 22:00:00,771.37,772.07,768.31,771.01,755,3510,0
2020-05-08 23:00:00,771.1,771.1,765.88,767.23,577,4530,0
2020-05-11 01:00:00,767.11,772.13,766.51,771.3,635,3380,0
2020-05-11 02:00:00,771.28,775.89,770.98,775.43,649,3740,0
2020-05-11 03:00:00,775.45,775.45,772.81,773.36,480,3910,0
2020-05-11 04:00:00,772.75,779.5,771.41,777.19,865,4390,0
2020-05-11 05:00:00,777.19,777.52,773.03,774.01,535,4150,0
2020-05-11 06:00:00,774.28,774.33,772.17,773.1,340,4080,0
2020-05-11 07:00:00,773.15,774.2,772.31,772.82,294,4390,0
2020-05-11 08:00:00,772.85,772.87,768.21,770.22,420,4510,0
2020-05-11 09:00:00,770.12,772.41,768.63,772.14,898,4290,0
2020-05-11 10:00:00,772.15,773.67,768.69,773.53,917,2900,0
2020-05-11 11:00:00,773.48,774.39,763.3,767.59,1144,1730,0
2020-05-11 12:00:00,767.54,770.07,763.89,767.13,924,3770,0
2020-05-11 13:00:00,767.11,769.49,757.46,767.65,1138,3470,0
2020-05-11 14:00:00,767.6,767.88,761.75,763.93,1144,3010,0
2020-05-11 15:00:00,763.5,767.67,759.97,763.43,1584,2830,0
2020-05-11 16:00:00,763.53,766.91,757.87,764.47,1780,3520,0
2020-05-11 17:00:00,764.35,766.94,760.48,763.48,2024,3660,0
2020-05-11 18:00:00,763.49,764.82,761.41,763.88,1237,3440,0
2020-05-11 19:00:00,763.85,767.35,762.22,766.07,984,3490,0
2020-05-11 20:00:00,765.91,767.58,764.68,765.03,1304,3110,0
2020-05-11 21:00:00,764.98,768.13,762.54,767.58,714,2140,0
2020-05-11 22:00:00,767.58,768.72,767.31,768.38,441,2160,0
2020-05-11 23:00:00,768.48,768.5,766.63,767.49,460,2200,0
2020-05-12 01:00:00,767.11,768.63,766.26,767.86,335,2130,0
2020-05-12 02:00:00,767.86,767.86,766.47,766.74,316,2840,0
2020-05-12 03:00:00,766.74,767.04,758.54,761.26,623,3010,0
2020-05-12 04:00:00,761.26,766.06,761.09,765.2,556,1110,0
2020-05-12 05:00:00,765.2,768.29,764.82,767.77,401,1040,0
2020-05-12 06:00:00,767.77,768.75,764.96,768.5,385,1070,0
2020-05-12 07:00:00,768.49,769.78,767.7,768.3,321,1100,0
2020-05-12 08:00:00,768.37,771.09,768.1,768.18,370,930,0
2020-05-12 09:00:00,768.18,768.18,763.99,767.09,508,2190,0
2020-05-12 10:00:00,767.08,771.85,766.86,771.07,582,200,0
2020-05-12 11:00:00,770.97,773.72,767.37,769.38,930,200,0
2020-05-12 12:00:00,769.46,771.82,767.91,771.35,795,820,0
2020-05-12 13:00:00,771.37,775.25,769.5,770.6,725,360,0
2020-05-12 14:00:00,770.9,775.29,769.6,774.41,572,1610,0
2020-05-12 15:00:00,774.41,774.49,764.4,768.47,1294,1910,0
2020-05-12 16:00:00,768.52,769.1,759.0,764.92,2111,200,0
2020-05-12 17:00:00,764.77,766.8,761.9,766.62,1452,200,0
2020-05-12 18:00:00,766.18,769.35,765.27,767.39,1256,3390,0
2020-05-12 19:00:00,767.4,768.3,763.54,764.24,1115,2650,0
2020-05-12 20:00:00,764.25,766.22,761.97,765.96,1400,1260,0
2020-05-12 21:00:00,765.98,766.32,762.63,763.68,727,1630,0
2020-05-12 22:00:00,763.6,764.26,760.43,760.85,729,2350,0
2020-05-12 23:00:00,760.9,762.96,757.68,760.66,830,1770,0
2020-05-13 01:00:00,761.83,764.54,761.18,764.4,539,2810,0
2020-05-13 02:00:00,764.42,764.44,757.55,757.6,766,3580,0
2020-05-13 03:00:00,758.12,764.54,757.8,764.14,729,3770,0
2020-05-13 04:00:00,764.14,765.63,763.43,764.63,745,3470,0
2020-05-13 05:00:00,764.61,766.25,763.84,765.51,555,3600,0
2020-05-13 06:00:00,765.51,767.99,764.92,767.31,414,3920,0
2020-05-13 07:00:00,767.15,767.6,766.09,767.14,243,3830,0
2020-05-13 08:00:00,767.12,768.09,765.74,767.21,372,3390,0
2020-05-13 09:00:00,767.16,769.28,765.75,766.9,613,3080,0
2020-05-13 10:00:00,766.86,766.86,759.0,759.33,871,3480,0
2020-05-13 11:00:00,759.33,766.71,758.14,763.25,990,1560,0
2020-05-13 12:00:00,763.25,766.94,762.74,764.98,827,2480,0
2020-05-13 13:00:00,765.18,767.84,764.09,765.39,655,2310,0
2020-05-13 14:00:00,765.39,769.28,763.06,767.42,789,2260,0
2020-05-13 15:00:00,767.3,768.87,765.49,767.91,1054,2620,0
2020-05-13 16:00:00,767.9,770.98,756.48,762.95,2715,1820,0
2020-05-13 17:00:00,763.05,766.13,757.8,757.95,1992,2440,0
2020-05-13 18:00:00,757.75,763.3,757.58,761.33,1821,2900,0
2020-05-13 19:00:00,761.39,762.41,759.03,761.27,1511,2890,0
2020-05-13 20:00:00,761.35,762.28,759.58,761.61,1095,2790,0
2020-05-13 21:00:00,761.56,761.64,759.94,760.17,478,3390,0
2020-05-13 22:00:00,760.12,764.76,760.12,764.51,674,3570,0
2020-05-13 23:00:00,764.5,764.51,758.73,763.64,405,4070,0
2020-05-14 01:00:00,764.36,766.28,763.53,764.32,363,2890,0
2020-05-14 02:00:00,764.3,767.25,763.64,767.04,277,3790,0
2020-05-14 03:00:00,767.04,767.78,766.19,767.16,660,3790,0
2020-05-14 04:00:00,767.12,767.19,763.81,766.13,794,3410,0
2020-05-14 05:00:00,766.16,769.83,765.78,769.48,565,3310,0
2020-05-14 06:00:00,769.53,769.75,766.32,766.82,492,3400,0
2020-05-14 07:00:00,766.87,767.34,765.06,765.06,495,3590,0
2020-05-14 08:00:00,765.04,767.23,764.85,765.53,507,3450,0
2020-05-14 09:00:00,765.46,767.91,764.58,767.45,695,3460,0
2020-05-14 10:00:00,767.52,770.6,766.17,768.16,1115,3170,0
2020-05-14 11:00:00,768.03,770.37,764.0,764.21,885,1040,0
2020-05-14 12:00:00,764.21,765.32,762.92,764.2,466,2280,0
2020-05-14 13:00:00,764.35,764.81,761.43,762.64,781,3520,0
2020-05-14 14:00:00,762.68,763.19,758.26,761.6,804,340,0
2020-05-14 15:00:00,761.58,766.34,760.4,764.47,1473,3530,0
2020-05-14 16:00:00,764.3,765.89,757.61,765.57,1955,3190,0
2020-05-14 17:00:00,765.79,771.65,764.55,767.81,2774,3330,0
2020-05-14 18:00:00,768.21,768.84,753.69,761.11,1995,3290,0
2020-05-14 19:00:00,761.13,765.58,760.91,764.42,1295,2890,0
2020-05-14 20:00:00,764.47,766.86,762.96,765.22,1606,3370,0
2020-05-14 21:00:00,765.32,767.95,764.68,767.95,1003,3630,0
2020-05-14 22:00:00,767.91,771.73,767.61,771.63,1428,3820,0
2020-05-14 23:00:00,771.58,771.58,768.9,770.14,462,3840,0
2020-05-15 01:00:00,769.68,772.04,769.46,772.04,474,2490,0
2020-05-15 02:00:00,772.07,777.27,765.45,771.33,722,2830,0
2020-05-15 03:00:00,771.33,771.64,766.26,766.62,823,2820,0
2020-05-15 04:00:00,766.65,770.42,765.25,768.62,1624,4810,0
2020-05-15 05:00:00,768.82,769.56,766.47,767.42,1005,4900,0
2020-05-15 06:00:00,767.39,771.55,766.97,771.52,475,1690,0
2020-05-15 07:00:00,771.52,771.52,768.3,769.94,297,1180,0
2020-05-15 08:00:00,769.99,773.71,768.81,772.28,694,2640,0
2020-05-15 09:00:00,772.35,775.3,769.66,769.95,1072,2960,0
2020-05-15 10:00:00,769.91,776.48,768.98,774.54,1158,3630,0
2020-05-15 11:00:00,774.54,774.62,770.36,770.56,1077,3700,0
2020-05-15 12:00:00,770.64,773.91,770.2,772.45,893,840,0
2020-05-15 13:00:00,772.55,777.26,771.41,771.54,1487,770,0
2020-05-15 14:00:00,771.61,774.61,768.09,769.37,1194,2210,0
2020-05-15 15:00:00,769.34,784.52,768.96,777.33,2813,2620,0
2020-05-15 16:00:00,777.29,779.08,760.31,778.65,2560,680,0
2020-05-15 17:00:00,778.23,789.83,774.4,782.93,2753,2970,0
2020-05-15 18:00:00,782.98,788.17,773.88,786.62,2338,3190,0
2020-05-15 19:00:00,786.62,788.29,776.29,781.19,1500,900,0
2020-05-15 20:00:00,781.19,786.55,778.23,784.2,1550,200,0
2020-05-15 21:00:00,784.2,785.59,776.19,781.86,1413,210,0
2020-05-15 22:00:00,781.8,784.1,778.3,782.38,1469,400,0
2020-05-15 23:00:00,782.32,789.48,778.17,783.3,985,400,0
2020-05-18 01:00:00,795.28,808.01,795.28,798.16,1580,2890,0
2020-05-18 02:00:00,798.15,814.27,796.92,807.53,1092,2150,0
2020-05-18 03:00:00,807.35,809.17,802.63,804.08,847,4690,0
2020-05-18 04:00:00,804.07,810.89,803.05,806.25,1305,4170,0
2020-05-18 05:00:00,806.3,808.77,802.36,806.41,1018,5120,0
2020-05-18 06:00:00,806.41,807.72,805.69,806.61,370,4260,0
2020-05-18 07:00:00,806.56,806.81,803.82,806.26,570,4530,0
2020-05-18 08:00:00,806.25,808.28,803.38,807.37,602,4260,0
2020-05-18 09:00:00,807.31,808.73,803.01,807.97,868,2370,0
2020-05-18 10:00:00,807.97,816.11,805.7,814.6,1146,1490,0
2020-05-18 11:00:00,814.5,820.11,809.36,816.77,1327,730,0
2020-05-18 12:00:00,816.62,816.63,810.63,814.81,959,4400,0
2020-05-18 13:00:00,814.88,822.68,813.74,822.61,1445,3960,0
2020-05-18 14:00:00,822.57,828.65,818.29,822.95,1591,3140,0
2020-05-18 15:00:00,823.28,825.54,809.59,817.05,2689,1170,0
2020-05-18 16:00:00,817.02,819.05,801.1,808.18,4047,390,0
2020-05-18 17:00:00,808.07,827.17,805.65,824.22,3089,1250,0
2020-05-18 18:00:00,824.23,831.11,819.44,826.21,2693,2880,0
2020-05-18 19:00:00,826.07,826.12,813.51,817.36,1855,2770,0
2020-05-18 20:00:00,817.38,819.78,815.74,817.71,1830,2600,0
2020-05-18 21:00:00,817.71,818.74,814.18,815.07,1044,2670,0
2020-05-18 22:00:00,815.06,819.95,813.98,818.83,1052,400,0
2020-05-18 23:00:00,818.78,819.37,813.27,815.65,783,4650,0
2020-05-19 01:00:00,817.11,820.45,817.11,819.48,462,4970,0
2020-05-19 02:00:00,819.7,821.12,818.43,819.4,564,4790,0
2020-05-19 03:00:00,819.35,820.12,814.66,815.45,974,4590,0
2020-05-19 04:00:00,815.4,818.01,810.42,816.83,1297,4500,0
2020-05-19 05:00:00,816.85,820.54,815.78,815.82,833,4570,0
2020-05-19 06:00:00,815.83,815.86,807.98,811.38,872,4500,0
2020-05-19 07:00:00,811.38,816.93,811.09,812.6,399,4900,0
2020-05-19 08:00:00,812.49,813.53,809.25,811.56,712,4720,0
2020-05-19 09:00:00,811.41,817.0,811.41,816.22,1412,4380,0
2020-05-19 10:00:00,816.23,818.57,811.28,812.03,1559,4410,0
2020-05-19 11:00:00,811.86,815.49,805.9,807.64,1288,4660,0
2020-05-19 12:00:00,807.55,815.19,806.87,813.62,862,4580,0
2020-05-19 13:00:00,813.67,820.16,812.31,818.82,897,4290,0
2020-05-19 14:00:00,818.81,818.81,810.24,815.48,1014,4250,0
2020-05-19 15:00:00,815.6,825.92,811.43,822.96,2150,4200,0
2020-05-19 16:00:00,823.18,835.78,819.34,830.44,4128,4260,0
2020-05-19 17:00:00,830.55,838.52,828.13,835.18,3625,3840,0
2020-05-19 18:00:00,834.33,839.49,828.92,838.23,2504,3440,0
2020-05-19 19:00:00,838.22,841.47,832.9,835.39,1905,3260,0
2020-05-19 20:00:00,835.4,836.37,831.65,833.87,1769,3010,0
2020-05-19 21:00:00,833.62,838.97,832.13,836.98,980,3450,0
2020-05-19 22:00:00,836.99,839.8,832.17,833.55,1674,3890,0
2020-05-19 23:00:00,833.56,834.42,832.07,832.82,677,4320,0
2020-05-20 01:00:00,830.91,834.48,830.75,834.15,527,4400,0
2020-05-20 02:00:00,834.37,839.09,834.36,838.6,533,4150,0
2020-05-20 03:00:00,838.56,842.8,837.32,842.28,1098,4240,0
2020-05-20 04:00:00,842.29,848.18,841.52,844.67,2457,4270,0
2020-05-20 05:00:00,844.69,845.07,834.95,835.49,1445,4930,0
2020-05-20 06:00:00,835.48,842.5,835.48,838.4,1000,4410,0
2020-05-20 07:00:00,838.51,839.15,830.86,830.86,830,4560,0
2020-05-20 08:00:00,831.17,834.52,829.31,832.91,1044,12350,0
2020-05-20 09:00:00,832.81,839.19,831.12,837.82,1276,12350,0
2020-05-20 10:00:00,837.9,841.49,829.92,830.74,1647,5870,0
2020-05-20 11:00:00,830.87,840.37,829.97,838.01,1671,10600,0
2020-05-20 12:00:00,838.0,841.18,834.11,839.89,1342,9650,0
2020-05-20 13:00:00,839.9,846.61,838.0,841.9,1790,8710,0
2020-05-20 14:00:00,841.88,843.79,834.46,843.2,1896,8710,0
2020-05-20 15:00:00,843.15,848.05,833.38,838.02,3650,8710,0
2020-05-20 16:00:00,838.07,856.2,835.63,851.91,4613,8710,0
2020-05-20 17:00:00,851.98,854.41,840.37,844.83,4457,8710,0
2020-05-20 18:00:00,844.67,844.67,830.5,830.85,1906,7760,0
2020-05-20 19:00:00,831.16,844.42,830.17,842.23,1608,9650,0
2020-05-20 20:00:00,842.28,846.78,839.71,845.96,1545,9650,0
2020-05-20 21:00:00,846.0,846.46,840.58,844.9,1529,10780,0
2020-05-20 22:00:00,842.71,862.39,842.59,862.25,323,9850,0
2020-05-20 23:00:00,862.34,863.5,861.24,863.09,550,9850,0
2020-05-21 01:00:00,858.42,860.17,850.19,854.0,430,2900,0
2020-05-21 02:00:00,854.0,854.09,844.93,853.32,256,4400,0
2020-05-21 03:00:00,853.36,853.4,843.25,844.12,811,9440,0
2020-05-21 04:00:00,844.06,844.32,831.7,836.39,1339,8590,0
2020-05-21 05:00:00,839.13,839.13,830.46,831.1,1634,8500,0
2020-05-21 06:00:00,830.98,836.96,830.39,834.33,971,12550,0
2020-05-21 07:00:00,834.26,839.65,833.16,838.59,612,10150,0
2020-05-21 08:00:00,838.28,840.96,833.77,838.34,1243,9810,0
2020-05-21 09:00:00,838.19,840.68,835.9,836.97,1709,10860,0
2020-05-21 10:00:00,836.73,845.15,836.1,837.45,1430,5870,0
2020-05-21 11:00:00,837.42,841.54,833.55,839.08,1584,7570,0
2020-05-21 12:00:00,839.14,848.11,830.04,848.11,1292,8710,0
2020-05-21 13:00:00,837.89,845.45,831.45,837.28,1715,380,0
2020-05-21 14:00:00,837.26,841.97,835.77,839.63,1121,6420,0
2020-05-21 15:00:00,839.67,851.42,831.61,846.72,2531,1280,0
2020-05-21 16:00:00,846.66,852.04,835.42,838.11,3516,3260,0
2020-05-21 17:00:00,838.06,844.33,822.36,835.74,6071,210,0
2020-05-21 18:00:00,835.74,836.37,821.65,832.52,3455,2850,0
2020-05-21 19:00:00,832.54,835.26,824.22,830.81,2130,4370,0
2020-05-21 20:00:00,830.89,836.37,829.35,831.99,2799,4870,0
2020-05-21 21:00:00,832.0,834.79,829.38,831.89,1391,4750,0
2020-05-21 22:00:00,832.02,833.2,830.94,831.85,881,7360,0
2020-05-21 23:00:00,832.09,834.39,831.73,833.49,413,6580,0
2020-05-22 01:00:00,830.69,839.2,825.8,839.19,612,2940,0
2020-05-22 02:00:00,839.04,840.19,836.26,837.13,451,8500,0
2020-05-22 03:00:00,837.11,838.33,829.4,831.38,767,8500,0
2020-05-22 04:00:00,831.28,833.6,822.52,824.85,1787,11210,0
2020-05-22 05:00:00,824.83,825.35,819.17,824.75,1194,12550,0
2020-05-22 06:00:00,824.69,825.73,818.57,822.0,800,12550,0
2020-05-22 07:00:00,822.0,825.72,822.0,823.31,745,12550,0
2020-05-22 08:00:00,823.29,829.93,815.73,829.55,934,10370,0
2020-05-22 09:00:00,829.44,833.03,826.12,827.43,1567,10690,0
2020-05-22 10:00:00,827.4,828.86,808.88,820.31,1928,3390,0
2020-05-22 11:00:00,820.36,834.54,819.89,829.81,1714,260,0
2020-05-22 12:00:00,829.8,831.11,821.66,828.48,1434,200,0
2020-05-22 13:00:00,828.48,832.59,826.38,830.4,1126,1010,0
2020-05-22 14:00:00,830.4,842.6,828.76,832.07,1764,1880,0
2020-05-22 15:00:00,831.79,842.88,831.56,833.12,3695,4800,0
2020-05-22 16:00:00,833.12,843.66,827.08,837.63,3759,3690,0
2020-05-22 17:00:00,837.61,841.18,834.76,835.92,2775,7160,0
2020-05-22 18:00:00,836.12,840.83,827.96,831.92,2590,8710,0
2020-05-22 19:00:00,831.91,835.36,831.42,831.42,1966,7120,0
2020-05-22 20:00:00,831.46,836.54,830.61,834.02,1595,3670,0
2020-05-22 21:00:00,833.98,835.24,832.64,834.18,957,3670,0
2020-05-22 22:00:00,834.12,835.14,832.44,832.46,724,3870,0
2020-05-22 23:00:00,832.58,833.0,828.02,828.07,478,3870,0
2020-05-25 01:00:00,813.68,832.79,813.68,831.21,478,5350,0
2020-05-25 02:00:00,831.2,832.82,830.25,832.57,517,5350,0
2020-05-25 03:00:00,832.58,832.66,830.41,831.75,786,5350,0
2020-05-25 04:00:00,831.74,831.81,824.08,829.3,1210,5350,0
2020-05-25 05:00:00,829.57,829.69,826.0,826.6,528,5350,0
2020-05-25 06:00:00,826.18,829.93,826.18,828.97,544,5350,0
2020-05-25 07:00:00,828.99,829.23,826.69,827.94,236,5350,0
2020-05-25 08:00:00,827.99,829.62,822.57,823.71,903,5150,0
2020-05-25 09:00:00,823.87,830.53,822.8,830.33,1008,5150,0
2020-05-25 10:00:00,830.34,834.62,828.1,830.9,789,2130,0
2020-05-25 11:00:00,830.86,830.86,827.2,828.41,707,4440,0
2020-05-25 12:00:00,828.51,830.01,827.54,829.51,497,4440,0
2020-05-25 13:00:00,829.52,829.72,826.03,827.79,417,4440,0
2020-05-25 14:00:00,827.78,828.47,824.67,827.36,601,4440,0
2020-05-25 15:00:00,827.39,833.29,827.39,832.73,903,4440,0
2020-05-25 16:00:00,832.76,837.1,831.85,834.23,1360,4440,0
2020-05-25 17:00:00,834.16,843.16,833.34,837.06,1477,4440,0
2020-05-25 18:00:00,837.11,844.7,831.53,831.59,1008,4440,0
2020-05-25 19:00:00,831.82,836.14,830.63,835.23,765,4440,0
2020-05-26 01:00:00,829.48,845.08,827.49,832.45,760,470,0
2020-05-26 02:00:00,832.44,833.2,827.53,832.44,684,9480,0
2020-05-26 03:00:00,832.48,843.23,829.33,842.22,1085,5350,0
2020-05-26 04:00:00,842.23,849.0,841.27,846.26,2044,5350,0
2020-05-26 05:00:00,846.36,847.76,837.4,847.69,842,5350,0
2020-05-26 06:00:00,847.67,847.67,839.25,839.93,787,5350,0
2020-05-26 07:00:00,839.95,840.51,836.28,836.31,682,8650,0
2020-05-26 08:00:00,836.27,840.76,834.77,839.93,1105,8450,0
2020-05-26 09:00:00,839.88,842.8,835.01,838.16,1442,8450,0
2020-05-26 10:00:00,838.2,841.07,834.9,840.95,1620,4050,0
2020-05-26 11:00:00,840.9,840.9,831.42,833.1,1442,7900,0
2020-05-26 12:00:00,833.04,834.91,829.66,832.94,1360,7130,0
2020-05-26 13:00:00,832.89,837.74,830.75,837.38,1205,7130,0
2020-05-26 14:00:00,837.4,839.05,831.54,836.49,1514,4820,0
2020-05-26 15:00:00,837.0,843.19,827.65,838.15,2743,3400,0
2020-05-26 16:00:00,838.16,839.64,827.14,828.97,3382,4820,0
2020-05-26 17:00:00,828.98,838.82,818.25,828.04,4354,4230,0
2020-05-26 18:00:00,826.89,840.58,826.44,832.61,2700,510,0
2020-05-26 19:00:00,832.62,835.34,827.83,829.12,1283,4270,0
2020-05-26 20:00:00,829.13,832.35,825.52,826.97,1774,4610,0
2020-05-26 21:00:00,826.96,829.54,826.21,828.49,971,4210,0
2020-05-26 22:00:00,828.59,830.14,825.3,829.14,1265,5250,0
2020-05-26 23:00:00,829.13,831.79,828.97,829.54,586,5480,0
2020-05-27 01:00:00,829.4,829.4,822.88,823.86,438,7370,0
2020-05-27 02:00:00,823.87,827.77,821.23,827.26,567,10300,0
2020-05-27 03:00:00,827.08,827.84,823.22,825.24,1098,10300,0
2020-05-27 04:00:00,825.16,829.23,825.02,825.02,1156,10300,0
2020-05-27 05:00:00,825.0,825.5,822.01,824.89,906,10300,0
2020-05-27 06:00:00,824.86,825.93,823.46,824.0,847,10300,0
2020-05-27 07:00:00,824.02,826.51,821.36,824.7,1000,7000,0
2020-05-27 08:00:00,824.66,826.46,823.19,826.15,1066,6800,0
2020-05-27 09:00:00,826.06,830.46,824.64,826.95,1152,6800,0
2020-05-27 10:00:00,826.8,832.65,826.58,829.53,1343,3280,0
2020-05-27 11:00:00,829.54,832.67,826.23,826.82,1116,6360,0
2020-05-27 12:00:00,826.86,835.54,825.37,833.42,1434,6360,0
2020-05-27 13:00:00,833.55,834.87,831.91,832.45,1114,6360,0
2020-05-27 14:00:00,832.48,834.16,826.03,828.17,1846,5590,0
2020-05-27 15:00:00,828.19,831.46,820.26,824.07,2355,5590,0
2020-05-27 16:00:00,823.62,825.83,818.53,819.47,3813,3370,0
2020-05-27 17:00:00,819.4,834.87,818.28,822.4,4058,1960,0
2020-05-27 18:00:00,822.54,834.68,821.33,834.56,2713,1590,0
2020-05-27 19:00:00,835.01,839.87,831.31,832.04,2708,1060,0
2020-05-27 20:00:00,832.22,834.36,831.44,833.39,1993,2360,0
2020-05-27 21:00:00,833.37,834.42,832.82,834.08,981,2410,0
2020-05-27 22:00:00,834.06,836.5,834.02,836.17,933,990,0
2020-05-27 23:00:00,836.17,837.92,835.37,836.23,718,1490,0
2020-05-28 01:00:00,835.15,835.87,829.98,830.46,428,7990,0
2020-05-28 02:00:00,830.29,835.64,829.49,835.48,566,7000,0
2020-05-28 03:00:00,835.44,836.52,832.91,832.91,838,7410,0
2020-05-28 04:00:00,832.94,835.91,828.98,833.0,1840,7410,0
2020-05-28 05:00:00,832.97,832.97,829.32,831.19,1190,7410,0
2020-05-28 06:00:00,831.17,833.02,827.91,832.47,842,7410,0
2020-05-28 07:00:00,832.49,835.7,832.29,834.69,750,7410,0
2020-05-28 08:00:00,834.62,839.48,833.5,838.14,1158,7210,0
2020-05-28 09:00:00,838.13,841.59,836.75,836.92,1686,7210,0
2020-05-28 10:00:00,836.94,841.7,836.5,838.11,1351,3470,0
2020-05-28 11:00:00,838.12,839.39,823.6,827.58,1207,3470,0
2020-05-28 12:00:00,827.57,838.2,826.89,837.9,1643,5980,0
2020-05-28 13:00:00,837.98,843.22,834.83,838.36,1601,5980,0
2020-05-28 14:00:00,838.43,841.26,835.31,835.72,1484,5980,0
2020-05-28 15:00:00,835.77,837.65,822.01,823.24,2677,5980,0
2020-05-28 16:00:00,823.16,838.83,821.63,834.81,4035,5980,0
2020-05-28 17:00:00,834.71,834.79,822.81,829.46,3697,5980,0
2020-05-28 18:00:00,829.41,836.64,826.21,835.53,2704,5980,0
2020-05-28 19:00:00,835.6,840.03,832.95,839.86,2182,6550,0
2020-05-28 20:00:00,839.76,842.34,834.36,836.67,2077,5980,0
2020-05-28 21:00:00,836.71,838.68,834.37,835.9,1164,5980,0
2020-05-28 22:00:00,835.77,837.87,833.33,837.87,1521,6750,0
2020-05-28 23:00:00,837.82,838.33,835.63,835.99,598,6750,0
2020-05-29 01:00:00,835.84,835.84,831.27,835.13,370,7950,0
2020-05-29 02:00:00,835.15,838.08,831.3,834.44,522,12780,0
2020-05-29 03:00:00,834.42,835.27,819.54,825.5,1195,12780,0
2020-05-29 04:00:00,825.49,828.59,817.16,827.32,1887,12780,0
2020-05-29 05:00:00,827.4,831.12,825.93,830.31,986,12780,0
2020-05-29 06:00:00,830.25,833.19,828.61,832.94,353,7000,0
2020-05-29 07:00:00,833.0,833.02,830.12,832.72,390,7410,0
2020-05-29 08:00:00,832.78,838.97,831.14,835.96,990,7210,0
2020-05-29 09:00:00,836.0,839.08,834.76,837.08,1505,7210,0
2020-05-29 10:00:00,837.13,838.47,831.36,832.63,1254,3470,0
2020-05-29 11:00:00,832.59,839.13,829.05,835.26,1688,5590,0
2020-05-29 12:00:00,835.54,839.08,833.09,834.71,1029,5590,0
2020-05-29 13:00:00,834.76,837.3,833.83,835.91,1158,5590,0
2020-05-29 14:00:00,836.07,840.38,835.15,838.93,1850,5590,0
2020-05-29 15:00:00,838.87,844.41,834.82,835.61,3065,5590,0
2020-05-29 16:00:00,835.59,836.93,829.34,833.18,3163,4820,0
2020-05-29 17:00:00,833.25,837.19,829.47,830.67,2597,4820,0
2020-05-29 18:00:00,830.66,833.96,827.33,832.15,2266,4820,0
2020-05-29 19:00:00,832.14,833.57,828.75,832.08,1762,5280,0
2020-05-29 20:00:00,832.03,835.29,831.0,831.58,1990,5280,0
2020-05-29 21:00:00,831.56,834.9,830.18,833.33,1650,5280,0
2020-05-29 22:00:00,833.32,834.12,831.23,831.7,1830,5480,0
2020-05-29 23:00:00,831.69,831.86,828.53,829.38,537,5940,0
2020-06-01 01:00:00,833.88,840.38,825.97,833.27,1779,3090,0
2020-06-01 02:00:00,833.39,835.0,832.73,834.48,571,7000,0
2020-06-01 03:00:00,834.46,836.93,832.55,832.7,1530,7000,0
2020-06-01 04:00:00,832.65,836.24,830.0,835.24,2827,7000,0
2020-06-01 05:00:00,835.16,838.47,832.68,838.18,1149,7000,0
2020-06-01 06:00:00,838.19,838.68,835.17,837.0,796,7000,0
2020-06-01 07:00:00,837.06,842.75,836.4,841.08,1452,7000,0
2020-06-01 08:00:00,841.1,844.47,840.81,843.14,1406,6800,0
2020-06-01 09:00:00,843.02,845.88,840.28,841.46,1662,5980,0
2020-06-01 10:00:00,841.44,841.95,836.3,841.69,1849,2200,0
2020-06-01 11:00:00,841.7,842.06,835.2,837.08,2296,1910,0
2020-06-01 12:00:00,836.91,844.82,835.75,842.91,1444,4050,0
2020-06-01 13:00:00,842.9,844.29,836.76,843.41,1318,200,0
2020-06-01 14:00:00,843.34,850.9,841.33,843.27,1873,200,0
2020-06-01 15:00:00,842.96,845.07,835.02,836.49,2708,3670,0
2020-06-01 16:00:00,836.43,859.49,830.21,843.92,4311,200,0
2020-06-01 17:00:00,843.8,854.92,840.66,854.2,4074,200,0
2020-06-01 18:00:00,854.18,856.28,847.88,854.03,3045,4820,0
2020-06-01 19:00:00,854.04,854.44,849.75,851.71,1451,4820,0
2020-06-01 20:00:00,851.7,852.29,849.1,850.02,1705,4360,0
2020-06-01 21:00:00,849.98,851.58,848.48,851.38,976,4820,0
2020-06-01 22:00:00,851.36,852.02,850.59,851.84,701,5020,0
2020-06-01 23:00:00,851.86,851.86,849.03,849.56,640,5020,0
2020-06-02 01:00:00,844.78,848.74,844.56,848.29,517,10300,0
2020-06-02 02:00:00,848.27,851.66,847.5,847.77,806,10300,0
2020-06-02 03:00:00,847.81,855.36,847.47,853.24,1178,10300,0
2020-06-02 04:00:00,853.2,854.23,840.79,842.35,1922,10300,0
2020-06-02 05:00:00,842.49,845.96,842.03,844.12,863,7000,0
2020-06-02 06:00:00,844.11,847.62,842.52,847.56,541,7330,0
2020-06-02 07:00:00,847.51,847.6,842.05,844.22,610,7330,0
2020-06-02 08:00:00,844.3,846.83,843.27,846.09,1121,7130,0
2020-06-02 09:00:00,846.07,847.04,843.46,845.04,1295,7130,0
2020-06-02 10:00:00,845.03,848.33,825.14,835.0,1850,3430,0
2020-06-02 11:00:00,835.09,848.9,833.76,848.82,2032,1770,0
2020-06-02 12:00:00,848.81,854.69,843.91,852.07,1177,6360,0
2020-06-02 13:00:00,852.08,852.83,849.37,851.97,1022,6360,0
2020-06-02 14:00:00,851.95,851.95,846.9,849.59,1205,6290,0
2020-06-02 15:00:00,849.53,854.97,844.52,854.62,3100,2430,0
2020-06-02 16:00:00,854.74,854.99,831.49,841.32,3494,220,0
2020-06-02 17:00:00,841.35,848.17,835.39,843.69,3978,370,0
2020-06-02 18:00:00,843.59,846.15,826.78,832.6,4465,2410,0
2020-06-02 19:00:00,832.53,842.13,831.8,839.76,3585,200,0
2020-06-02 20:00:00,839.77,848.58,836.73,844.71,2222,690,0
2020-06-02 21:00:00,844.7,845.16,841.0,845.02,958,2430,0
2020-06-02 22:00:00,845.02,845.07,842.08,843.87,998,3010,0
2020-06-02 23:00:00,843.88,843.98,841.82,843.58,632,4390,0
2020-06-03 01:00:00,840.39,847.1,835.7,839.65,572,2900,0
2020-06-03 02:00:00,839.62,841.75,837.52,840.34,922,11950,0
2020-06-03 03:00:00,840.35,840.35,833.43,836.53,1288,11950,0
2020-06-03 04:00:00,836.57,836.98,831.4,836.0,2179,11950,0
2020-06-03 05:00:00,836.04,837.73,832.22,836.53,1352,7000,0
2020-06-03 06:00:00,836.59,838.25,834.24,836.01,886,7410,0
2020-06-03 07:00:00,835.96,836.44,834.03,834.45,798,7410,0
2020-06-03 08:00:00,834.52,837.1,834.15,836.77,1032,7210,0
2020-06-03 09:00:00,836.81,839.12,834.54,835.74,1445,7210,0
2020-06-03 10:00:00,835.82,840.32,831.1,835.43,1635,3470,0
2020-06-03 11:00:00,835.37,843.72,826.61,831.24,2633,6360,0
2020-06-03 12:00:00,831.08,839.71,830.98,837.34,1348,6360,0
2020-06-03 13:00:00,837.35,839.36,833.95,833.95,1341,6360,0
2020-06-03 14:00:00,833.98,842.07,833.98,839.27,1768,6360,0
2020-06-03 15:00:00,839.38,842.14,825.93,828.02,3673,5590,0
2020-06-03 16:00:00,828.12,844.02,827.13,838.26,4686,3610,0
2020-06-03 17:00:00,838.27,843.61,827.48,831.81,4416,3450,0
2020-06-03 18:00:00,831.82,841.93,829.44,840.81,3276,5480,0
2020-06-03 19:00:00,840.79,842.09,835.15,836.51,1705,3900,0
2020-06-03 20:00:00,836.51,837.76,833.13,834.04,1067,3800,0
2020-06-03 21:00:00,834.04,834.58,830.45,832.4,765,4020,0
2020-06-03 22:00:00,832.4,836.22,831.35,835.18,670,4200,0
2020-06-03 23:00:00,835.13,835.4,832.28,833.41,557,4520,0
2020-06-04 01:00:00,830.37,836.3,828.35,829.0,535,2890,0
2020-06-04 02:00:00,829.04,830.97,828.59,830.7,556,10300,0
2020-06-04 03:00:00,830.71,832.73,829.16,831.99,1036,10300,0
2020-06-04 04:00:00,831.97,832.86,828.04,830.4,1443,10300,0
2020-06-04 05:00:00,830.34,831.44,828.22,828.35,1161,10300,0
2020-06-04 06:00:00,828.37,831.33,828.35,830.06,733,10300,0
2020-06-04 07:00:00,830.09,831.27,829.01,830.2,670,10300,0
2020-06-04 08:00:00,830.19,832.05,828.34,828.69,1231,10100,0
2020-06-04 09:00:00,828.74,829.63,825.19,829.0,2015,10100,0
2020-06-04 10:00:00,828.99,831.46,827.49,830.25,1189,3470,0
2020-06-04 11:00:00,830.03,833.57,829.86,830.98,987,5980,0
2020-06-04 12:00:00,831.05,834.48,830.68,833.54,1180,5980,0
2020-06-04 13:00:00,833.58,834.63,832.23,833.09,1214,5980,0
2020-06-04 14:00:00,833.05,835.05,827.6,833.78,2002,5980,0
2020-06-04 15:00:00,833.83,839.86,833.09,834.77,3408,4170,0
2020-06-04 16:00:00,834.92,837.58,823.43,825.75,3903,4580,0
2020-06-04 17:00:00,825.78,835.42,820.38,832.33,4109,210,0
2020-06-04 18:00:00,832.38,843.17,831.73,839.95,2793,2720,0
2020-06-04 19:00:00,839.92,841.01,837.32,837.79,1610,4680,0
2020-06-04 20:00:00,837.77,845.32,837.67,842.3,2171,5090,0
2020-06-04 21:00:00,842.32,845.21,842.21,842.79,1251,5590,0
2020-06-04 22:00:00,842.57,842.98,840.59,841.64,1153,5790,0
2020-06-04 23:00:00,841.76,841.99,840.4,840.89,801,5790,0
2020-06-05 01:00:00,836.37,842.25,835.65,838.58,406,2890,0
2020-06-05 02:00:00,838.59,839.78,838.4,838.66,471,7830,0
2020-06-05 03:00:00,838.7,843.1,838.56,840.8,1080,7830,0
2020-06-05 04:00:00,840.91,844.73,839.24,840.35,1161,7830,0
2020-06-05 05:00:00,840.29,842.5,837.42,838.59,703,5780,0
2020-06-05 06:00:00,838.59,839.55,836.92,837.1,468,5600,0
2020-06-05 07:00:00,837.1,838.55,835.15,835.28,408,5700,0
2020-06-05 08:00:00,835.28,840.44,834.55,839.15,669,5540,0
2020-06-05 09:00:00,839.23,840.76,838.11,839.38,1007,5540,0
2020-06-05 10:00:00,839.38,839.76,835.06,837.06,840,3670,0
2020-06-05 11:00:00,837.12,837.34,833.1,835.54,1321,4730,0
2020-06-05 12:00:00,835.62,835.73,828.0,828.22,1293,4460,0
2020-06-05 13:00:00,828.18,830.32,826.29,828.97,1577,4800,0
2020-06-05 14:00:00,829.0,833.35,827.35,831.8,1131,4820,0
2020-06-05 15:00:00,831.77,832.05,812.15,824.49,5697,200,0
2020-06-05 16:00:00,824.22,825.64,810.24,814.03,5011,2960,0
2020-06-05 17:00:00,814.07,817.47,806.81,808.69,4107,2680,0
2020-06-05 18:00:00,808.68,817.41,807.65,817.08,2319,2670,0
2020-06-05 19:00:00,817.09,819.32,816.09,817.62,1559,3860,0
2020-06-05 20:00:00,817.64,821.81,817.64,821.0,1627,3860,0
2020-06-05 21:00:00,821.02,824.9,819.15,823.16,1053,4220,0
2020-06-05 22:00:00,823.17,824.46,821.81,823.18,1011,4420,0
2020-06-05 23:00:00,823.16,823.26,815.62,815.71,465,4420,0
2020-06-08 01:00:00,819.68,822.99,809.36,817.21,1244,2620,0
2020-06-08 02:00:00,817.24,824.98,817.09,823.98,854,7000,0
2020-06-08 03:00:00,823.96,827.85,823.63,825.23,1358,2880,0
2020-06-08 04:00:00,825.22,830.89,823.55,825.31,2238,2070,0
2020-06-08 05:00:00,825.46,825.98,821.49,823.71,1049,5010,0
2020-06-08 06:00:00,823.71,825.1,819.86,821.04,756,6740,0
2020-06-08 07:00:00,821.03,826.76,820.69,823.56,1139,7000,0
2020-06-08 08:00:00,823.57,826.9,822.13,824.48,1617,6640,0
2020-06-08 09:00:00,824.57,827.52,823.09,824.56,1661,5870,0
2020-06-08 10:00:00,824.55,830.56,822.84,829.75,1514,2010,0
2020-06-08 11:00:00,829.75,838.36,829.46,836.74,1778,200,0
2020-06-08 12:00:00,836.78,837.96,830.01,834.56,1428,200,0
2020-06-08 13:00:00,834.56,836.97,831.1,831.35,1255,2920,0
2020-06-08 14:00:00,831.34,838.23,830.79,834.78,1562,5590,0
2020-06-08 15:00:00,834.71,842.6,831.37,837.35,2190,2520,0
2020-06-08 16:00:00,837.35,843.74,830.13,834.79,2732,200,0
2020-06-08 17:00:00,834.84,839.42,827.18,828.12,2939,3420,0
2020-06-08 18:00:00,828.1,833.58,824.42,833.34,2285,4120,0
2020-06-08 19:00:00,833.35,835.11,832.0,833.57,1483,4540,0
2020-06-08 20:00:00,833.57,835.84,832.6,834.25,1012,3870,0
2020-06-08 21:00:00,834.18,836.43,834.08,834.62,742,3850,0
2020-06-08 22:00:00,834.62,836.85,833.96,836.81,730,5360,0
2020-06-08 23:00:00,836.66,837.54,834.8,835.56,582,5570,0
2020-06-09 01:00:00,839.74,840.38,832.28,834.16,268,3090,0
2020-06-09 02:00:00,834.29,836.01,834.18,834.86,374,7000,0
2020-06-09 03:00:00,834.8,836.61,832.79,833.85,1082,7260,0
2020-06-09 04:00:00,833.74,838.95,830.87,834.65,1874,7240,0
2020-06-09 05:00:00,834.47,835.72,833.44,833.64,1478,7410,0
2020-06-09 06:00:00,833.6,833.95,831.87,831.91,685,7410,0
2020-06-09 07:00:00,831.89,832.68,828.93,829.99,852,7410,0
2020-06-09 08:00:00,830.03,832.95,828.45,831.5,1177,7210,0
2020-06-09 09:00:00,831.5,832.55,823.9,827.53,1754,7210,0
2020-06-09 10:00:00,827.69,832.56,827.42,830.97,1767,3470,0
2020-06-09 11:00:00,830.76,831.76,820.06,829.47,2354,1280,0
2020-06-09 12:00:00,829.46,833.25,826.68,826.77,1700,1480,0
2020-06-09 13:00:00,826.77,828.62,821.86,827.93,1591,2300,0
2020-06-09 14:00:00,827.86,828.92,823.79,828.04,1613,3630,0
2020-06-09 15:00:00,828.06,838.51,825.08,835.96,2891,960,0
2020-06-09 16:00:00,835.9,837.33,827.37,833.04,2824,3850,0
2020-06-09 17:00:00,832.92,843.37,832.62,842.69,1675,200,0
2020-06-09 18:00:00,842.69,843.38,837.75,838.78,1236,200,0
2020-06-09 19:00:00,838.78,839.22,833.97,834.86,954,720,0
2020-06-09 20:00:00,834.75,838.78,833.91,838.73,910,2420,0
2020-06-09 21:00:00,838.73,840.21,835.65,835.86,756,2210,0
2020-06-09 22:00:00,835.84,837.33,835.24,836.84,760,2460,0
2020-06-09 23:00:00,836.86,837.35,834.59,834.66,513,2730,0
2020-06-10 01:00:00,833.58,840.65,831.84,832.26,476,2620,0
2020-06-10 02:00:00,832.25,833.75,832.05,832.65,559,7820,0
2020-06-10 03:00:00,832.67,835.65,832.44,834.45,816,7820,0
2020-06-10 04:00:00,834.41,839.03,834.33,838.64,1508,7820,0
2020-06-10 05:00:00,838.65,839.25,836.93,837.19,992,7820,0
2020-06-10 06:00:00,837.25,838.23,836.39,836.46,659,7820,0
2020-06-10 07:00:00,836.45,836.45,834.43,835.88,588,7820,0
2020-06-10 08:00:00,835.95,840.79,835.95,837.63,972,7620,0
2020-06-10 09:00:00,837.61,839.12,835.41,836.9,1332,7620,0
2020-06-10 10:00:00,836.92,845.23,835.04,837.23,1444,3660,0
2020-06-10 11:00:00,837.34,841.72,834.95,835.12,1124,7130,0
2020-06-10 12:00:00,835.14,835.47,829.38,829.47,1247,7130,0
2020-06-10 13:00:00,829.49,833.08,824.74,830.96,1757,7130,0
2020-06-10 14:00:00,830.95,837.43,830.95,835.21,1578,7130,0
2020-06-10 15:00:00,835.28,841.03,827.46,829.36,2654,5190,0
2020-06-10 16:00:00,829.42,840.75,826.83,840.07,3309,5060,0
2020-06-10 17:00:00,840.07,840.68,825.54,825.98,3437,5170,0
2020-06-10 18:00:00,825.9,828.78,823.21,823.39,2139,5510,0
2020-06-10 19:00:00,823.39,826.87,823.39,824.85,1323,4810,0
2020-06-10 20:00:00,824.83,825.02,819.48,819.81,1327,5820,0
2020-06-10 21:00:00,819.82,833.91,816.22,831.14,5828,5680,0
2020-06-10 22:00:00,831.13,842.75,829.04,841.75,3039,5830,0
2020-06-10 23:00:00,841.79,842.17,837.29,840.58,1381,7050,0
2020-06-11 01:00:00,832.36,839.89,832.36,833.9,1007,15250,0
2020-06-11 02:00:00,834.06,840.28,829.84,831.27,900,7820,0
2020-06-11 03:00:00,831.29,837.34,831.02,836.68,1019,8650,0
2020-06-11 04:00:00,836.71,836.96,831.32,833.37,1729,8650,0
2020-06-11 05:00:00,833.35,834.11,830.03,831.52,890,8650,0
2020-06-11 06:00:00,831.54,833.09,828.63,829.84,911,8650,0
2020-06-11 07:00:00,829.85,830.79,826.96,827.34,821,8650,0
2020-06-11 08:00:00,827.33,827.4,822.46,825.06,1693,8450,0
2020-06-11 09:00:00,824.95,830.45,823.28,830.08,1652,8250,0
2020-06-11 10:00:00,830.09,834.11,829.01,829.72,1609,4050,0
2020-06-11 11:00:00,829.65,832.66,827.76,832.39,1166,6360,0
2020-06-11 12:00:00,832.38,836.9,829.46,836.9,1233,6360,0
2020-06-11 13:00:00,836.91,837.61,831.1,831.69,1157,6360,0
2020-06-11 14:00:00,831.7,835.44,825.68,826.21,2230,6670,0
2020-06-11 15:00:00,826.24,827.36,812.38,818.12,4450,710,0
2020-06-11 16:00:00,817.97,825.96,814.2,819.2,3028,4750,0
2020-06-11 17:00:00,819.28,836.87,815.75,823.76,3272,2210,0
2020-06-11 18:00:00,823.76,824.84,811.85,816.25,2692,2230,0
2020-06-11 19:00:00,816.25,817.51,810.27,812.63,2714,3470,0
2020-06-11 20:00:00,812.65,819.39,811.95,816.88,2543,3270,0
2020-06-11 21:00:00,816.73,816.88,809.6,809.6,1670,5060,0
2020-06-11 22:00:00,809.61,812.29,802.8,811.59,2763,4250,0
2020-06-11 23:00:00,811.78,815.18,811.44,814.11,1142,6480,0
2020-06-12 01:00:00,806.09,812.21,805.2,809.82,888,13600,0
2020-06-12 02:00:00,809.78,809.78,800.43,802.6,1193,13600,0
2020-06-12 03:00:00,802.48,812.13,798.45,810.68,2319,7410,0
2020-06-12 04:00:00,810.61,812.6,805.48,808.55,3090,7820,0
2020-06-12 05:00:00,808.56,813.02,808.53,810.82,1578,7820,0
2020-06-12 06:00:00,810.81,818.67,809.95,817.76,1193,7820,0
2020-06-12 07:00:00,817.74,820.87,816.68,818.7,780,7820,0
2020-06-12 08:00:00,819.06,820.57,817.35,817.48,1062,7620,0
2020-06-12 09:00:00,817.49,821.71,815.3,816.37,1696,7620,0
2020-06-12 10:00:00,816.32,819.12,814.53,817.68,1652,3660,0
2020-06-12 11:00:00,817.58,827.61,816.2,822.78,1408,3220,0
2020-06-12 12:00:00,822.77,827.39,822.06,822.31,1338,4430,0
2020-06-12 13:00:00,822.35,827.26,818.84,821.02,1373,4430,0
2020-06-12 14:00:00,821.09,822.93,814.79,818.73,1478,3460,0
2020-06-12 15:00:00,818.73,828.4,814.06,824.79,2259,1760,0
2020-06-12 16:00:00,824.83,830.09,821.51,826.05,2630,2130,0
2020-06-12 17:00:00,826.1,830.26,816.18,816.18,2320,1920,0
2020-06-12 18:00:00,816.13,819.52,809.65,816.59,4127,230,0
2020-06-12 19:00:00,816.64,818.96,810.63,811.93,2614,2000,0
2020-06-12 20:00:00,811.89,812.07,807.18,809.71,2719,1990,0
2020-06-12 21:00:00,809.75,815.36,809.75,814.76,2217,2090,0
2020-06-12 22:00:00,814.74,816.23,813.98,814.88,1587,2870,0
2020-06-12 23:00:00,814.77,816.33,807.94,808.01,519,2700,0
2020-06-15 01:00:00,804.83,813.32,794.02,810.12,1296,9480,0
2020-06-15 02:00:00,810.16,811.73,807.34,808.93,828,8650,0
2020-06-15 03:00:00,808.97,816.97,807.89,808.81,2015,6930,0
2020-06-15 04:00:00,808.82,811.65,807.01,810.99,2760,7820,0
2020-06-15 05:00:00,810.97,811.95,800.55,801.84,1863,7820,0
2020-06-15 06:00:00,801.83,805.94,800.82,804.93,1426,7410,0
2020-06-15 07:00:00,804.95,804.95,800.3,800.59,907,7410,0
2020-06-15 08:00:00,800.58,800.67,791.8,793.59,2840,6800,0
2020-06-15 09:00:00,793.55,815.87,790.6,813.88,3717,6800,0
2020-06-15 10:00:00,813.94,814.63,801.6,806.22,2031,3660,0
2020-06-15 11:00:00,806.15,810.22,802.71,804.05,1348,6360,0
2020-06-15 12:00:00,804.11,806.9,799.96,805.37,1681,6360,0
2020-06-15 13:00:00,805.38,808.69,803.98,805.47,1769,6360,0
2020-06-15 14:00:00,805.53,811.54,803.79,807.06,1532,6360,0
2020-06-15 15:00:00,807.04,807.3,788.98,795.86,3320,2010,0
2020-06-15 16:00:00,796.37,800.84,784.91,799.79,4441,4140,0
2020-06-15 17:00:00,799.92,811.46,799.9,808.24,4341,4070,0
2020-06-15 18:00:00,808.5,811.55,807.88,810.49,3107,4660,0
2020-06-15 19:00:00,810.45,814.85,810.45,813.33,2296,4120,0
2020-06-15 20:00:00,813.29,817.21,813.17,816.46,2235,4180,0
2020-06-15 21:00:00,816.45,821.61,816.33,819.39,3105,4420,0
2020-06-15 22:00:00,819.35,820.98,814.69,818.46,1812,5380,0
2020-06-15 23:00:00,818.47,818.52,814.49,814.49,859,5830,0
2020-06-16 01:00:00,808.79,820.57,808.42,819.2,1201,8050,0
2020-06-16 02:00:00,819.41,819.79,816.5,819.55,1086,8050,0
2020-06-16 03:00:00,819.53,820.09,815.36,818.63,1699,8050,0
2020-06-16 04:00:00,818.69,819.73,813.75,816.84,2730,8050,0
2020-06-16 05:00:00,816.88,822.73,816.29,820.28,2459,7920,0
2020-06-16 06:00:00,820.3,822.73,818.69,820.5,1433,8050,0
2020-06-16 07:00:00,820.34,821.99,818.15,818.9,939,8050,0
2020-06-16 08:00:00,818.89,821.84,816.04,816.16,1225,7850,0
2020-06-16 09:00:00,816.1,820.06,815.52,818.44,2373,7850,0
2020-06-16 10:00:00,818.49,823.25,816.12,821.05,2196,3770,0
2020-06-16 11:00:00,821.03,825.43,818.59,818.79,2320,5480,0
2020-06-16 12:00:00,818.79,820.26,816.03,816.13,1384,6050,0
2020-06-16 13:00:00,816.03,816.03,811.46,812.1,1158,5800,0
2020-06-16 14:00:00,812.12,813.52,808.36,811.61,1654,6080,0
2020-06-16 15:00:00,811.62,823.77,809.16,822.42,4913,4270,0
2020-06-16 16:00:00,822.32,831.76,818.61,825.28,5316,1920,0
2020-06-16 17:00:00,825.3,826.76,815.81,821.7,6555,3690,0
2020-06-16 18:00:00,821.67,827.25,815.56,826.07,4334,2430,0
2020-06-16 19:00:00,826.22,830.21,824.73,829.64,2363,3460,0
2020-06-16 20:00:00,829.64,830.13,824.16,826.2,2050,4120,0
2020-06-16 21:00:00,826.2,827.39,823.29,824.15,1515,4080,0
2020-06-16 22:00:00,824.18,824.33,820.55,822.64,1646,4530,0
2020-06-16 23:00:00,822.61,822.74,820.17,820.92,1109,4890,0
2020-06-17 01:00:00,813.63,819.18,813.5,819.15,501,8050,0
2020-06-17 02:00:00,819.17,821.8,819.06,820.83,514,8050,0
2020-06-17 03:00:00,820.86,821.85,817.24,820.43,1267,8050,0
2020-06-17 04:00:00,820.51,821.59,812.91,813.12,1732,7820,0
2020-06-17 05:00:00,813.1,814.65,811.45,813.87,1470,7580,0
2020-06-17 06:00:00,813.94,814.67,813.03,813.64,841,7920,0
2020-06-17 07:00:00,813.66,817.62,813.56,815.27,716,8050,0
2020-06-17 08:00:00,815.32,819.67,813.45,817.74,1131,7850,0
2020-06-17 09:00:00,817.46,818.93,816.03,817.12,1568,7850,0
2020-06-17 10:00:00,817.1,820.45,815.45,819.04,1767,3770,0
2020-06-17 11:00:00,818.99,819.88,813.91,814.02,1739,6920,0
2020-06-17 12:00:00,814.03,818.08,811.77,817.33,2499,6610,0
2020-06-17 13:00:00,817.28,817.86,811.76,813.5,1603,6760,0
2020-06-17 14:00:00,813.52,818.75,813.48,816.26,1623,6710,0
2020-06-17 15:00:00,816.3,823.61,815.03,822.94,3213,4110,0
2020-06-17 16:00:00,823.14,827.48,818.45,826.66,4537,3770,0
2020-06-17 17:00:00,826.71,830.35,825.82,828.84,3811,3970,0
2020-06-17 18:00:00,828.66,829.73,821.58,822.63,3064,3670,0
2020-06-17 19:00:00,822.7,824.23,821.29,822.03,2800,3810,0
2020-06-17 20:00:00,822.05,823.5,818.21,820.16,2448,3900,0
2020-06-17 21:00:00,820.18,821.56,819.38,819.98,1407,3810,0
2020-06-17 22:00:00,819.96,822.2,819.15,822.06,2221,3950,0
2020-06-17 23:00:00,822.04,822.08,819.33,819.44,874,4720,0
2020-06-18 01:00:00,808.77,817.73,808.77,817.73,552,14800,0
2020-06-18 02:00:00,817.71,817.95,813.06,814.87,680,14800,0
2020-06-18 03:00:00,814.72,816.0,810.04,810.67,1582,14800,0
2020-06-18 04:00:00,810.63,817.33,810.11,812.46,2406,7600,0
2020-06-18 05:00:00,812.49,813.03,808.93,812.02,1040,8050,0
2020-06-18 06:00:00,812.04,812.9,811.19,812.35,870,8050,0
2020-06-18 07:00:00,812.33,816.6,812.17,813.99,798,8050,0
2020-06-18 08:00:00,814.0,816.96,813.27,814.68,1714,7850,0
2020-06-18 09:00:00,814.64,816.93,813.92,815.21,1847,5850,0
2020-06-18 10:00:00,815.14,817.53,813.76,817.38,2108,3770,0
2020-06-18 11:00:00,817.44,820.51,814.48,820.39,2386,6500,0
2020-06-18 12:00:00,820.43,825.73,816.81,818.12,3361,6500,0
2020-06-18 13:00:00,818.14,819.0,814.67,818.78,3088,6500,0
2020-06-18 14:00:00,818.81,820.37,815.11,816.25,3358,6500,0
2020-06-18 15:00:00,816.35,816.38,807.38,811.89,5012,5130,0
2020-06-18 16:00:00,812.07,815.43,805.92,808.0,5221,1380,0
2020-06-18 17:00:00,808.07,810.44,801.17,807.1,7008,450,0
2020-06-18 18:00:00,807.22,808.52,804.16,804.18,3742,5560,0
2020-06-18 19:00:00,804.32,805.25,802.39,805.18,2897,4000,0
2020-06-18 20:00:00,805.16,809.32,803.73,808.86,2514,3610,0
2020-06-18 21:00:00,808.87,809.78,807.08,808.17,1642,3640,0
2020-06-18 22:00:00,808.17,808.88,806.28,807.3,1607,4000,0
2020-06-18 23:00:00,807.33,808.3,806.06,806.14,732,4290,0
2020-06-19 01:00:00,803.38,807.26,803.38,807.19,391,9400,0
2020-06-19 02:00:00,807.22,808.15,807.0,807.79,837,9400,0
2020-06-19 03:00:00,807.78,807.78,804.39,805.47,1405,7600,0
2020-06-19 04:00:00,805.49,809.09,804.53,807.33,2143,6950,0
2020-06-19 05:00:00,807.4,809.02,807.18,807.87,1235,6890,0
2020-06-19 06:00:00,807.89,810.59,807.39,808.26,790,6580,0
2020-06-19 07:00:00,808.27,810.49,808.11,809.17,766,7600,0
2020-06-19 08:00:00,809.21,812.75,809.06,810.12,1249,7370,0
2020-06-19 09:00:00,810.14,817.21,809.8,815.33,2237,5600,0
2020-06-19 10:00:00,815.3,815.65,810.44,811.09,1838,2720,0
2020-06-19 11:00:00,811.1,811.37,807.84,810.44,1746,3630,0
2020-06-19 12:00:00,810.47,812.56,809.65,811.72,1368,1820,0
2020-06-19 13:00:00,811.71,812.87,807.4,809.36,1195,1750,0
2020-06-19 14:00:00,809.48,813.4,809.12,812.81,2012,2130,0
2020-06-19 15:00:00,812.81,825.71,812.62,823.39,4808,200,0
2020-06-19 16:00:00,823.32,824.35,817.61,821.38,3717,200,0
2020-06-19 17:00:00,821.41,829.58,820.98,825.38,4463,200,0
2020-06-19 18:00:00,825.38,831.79,818.77,820.32,5287,1000,0
2020-06-19 19:00:00,820.13,823.34,814.71,822.09,5193,200,0
2020-06-19 20:00:00,822.08,823.3,814.57,817.43,3396,200,0
2020-06-19 21:00:00,817.46,820.46,815.68,819.82,1876,200,0
2020-06-19 22:00:00,819.8,821.81,819.64,820.71,1171,950,0
2020-06-19 23:00:00,820.67,820.67,805.1,806.07,504,540,0
2020-06-22 01:00:00,803.81,819.7,792.77,816.55,1415,7600,0
2020-06-22 02:00:00,816.51,818.59,814.26,814.95,973,7600,0
2020-06-22 03:00:00,814.94,818.96,814.05,816.0,2132,7600,0
2020-06-22 04:00:00,816.03,823.48,814.51,820.47,3045,7600,0
2020-06-22 05:00:00,820.45,820.6,817.53,817.92,1984,7600,0
2020-06-22 06:00:00,817.95,819.18,816.12,818.76,1298,7600,0
2020-06-22 07:00:00,818.84,819.64,815.9,816.48,913,7600,0
2020-06-22 08:00:00,816.47,818.18,813.87,813.87,1497,7400,0
2020-06-22 09:00:00,813.84,815.37,810.8,812.44,2004,7070,0
2020-06-22 10:00:00,812.43,817.19,804.55,811.98,2788,3560,0
2020-06-22 11:00:00,812.01,814.69,810.53,814.27,1556,6080,0
2020-06-22 12:00:00,814.25,818.86,814.04,818.71,1855,6080,0
2020-06-22 13:00:00,818.7,820.27,813.54,818.59,1555,6080,0
2020-06-22 14:00:00,818.64,822.07,816.94,821.85,1405,6080,0
2020-06-22 15:00:00,821.89,828.48,820.14,823.25,4327,3160,0
2020-06-22 16:00:00,823.25,833.77,817.77,829.09,4953,2960,0
2020-06-22 17:00:00,829.12,834.75,818.61,818.83,6854,2220,0
2020-06-22 18:00:00,818.68,824.53,816.73,821.71,3761,6080,0
2020-06-22 19:00:00,821.76,825.94,821.2,825.27,2889,5490,0
2020-06-22 20:00:00,825.23,825.39,822.37,824.52,2614,5790,0
2020-06-22 21:00:00,824.5,826.56,823.93,824.15,1508,5780,0
2020-06-22 22:00:00,824.17,825.92,819.64,822.5,1963,4680,0
2020-06-22 23:00:00,822.5,823.09,819.89,820.04,726,4930,0
2020-06-23 01:00:00,819.89,820.92,815.02,820.03,639,8080,0
2020-06-23 02:00:00,819.98,825.33,819.3,824.14,925,7600,0
2020-06-23 03:00:00,824.1,824.5,820.42,820.78,937,7600,0
2020-06-23 04:00:00,820.73,823.44,809.72,815.53,3219,7600,0
2020-06-23 05:00:00,815.94,818.38,809.55,816.75,3093,7600,0
2020-06-23 06:00:00,816.77,823.67,815.56,821.61,975,1720,0
2020-06-23 07:00:00,821.58,822.71,820.16,821.11,782,3230,0
2020-06-23 08:00:00,821.14,822.86,815.61,815.63,1317,3350,0
2020-06-23 09:00:00,815.46,819.9,815.31,819.11,1610,4400,0
2020-06-23 10:00:00,819.08,828.6,816.8,828.54,2117,3030,0
2020-06-23 11:00:00,828.44,829.47,822.65,826.28,1888,4480,0
2020-06-23 12:00:00,826.27,830.0,823.8,829.62,1202,4000,0
2020-06-23 13:00:00,829.56,831.37,827.16,828.32,1096,4500,0
2020-06-23 14:00:00,828.07,830.97,825.42,827.0,1223,4290,0
2020-06-23 15:00:00,827.01,831.24,822.58,823.58,2605,3680,0
2020-06-23 16:00:00,823.56,830.19,820.63,825.1,4734,2590,0
2020-06-23 17:00:00,825.17,828.71,821.12,823.0,4740,4440,0
2020-06-23 18:00:00,823.1,830.78,822.29,829.47,2926,4820,0
2020-06-23 19:00:00,829.51,832.99,827.1,828.12,1685,4260,0
2020-06-23 20:00:00,828.09,831.42,827.82,830.23,1649,4470,0
2020-06-23 21:00:00,830.23,830.85,828.15,829.28,1059,3520,0
2020-06-23 22:00:00,829.28,830.46,826.45,828.58,1043,3600,0
2020-06-23 23:00:00,828.56,829.87,826.07,826.3,911,3760,0
2020-06-24 01:00:00,823.75,828.39,820.12,824.71,869,6910,0
2020-06-24 02:00:00,824.68,826.39,823.37,825.62,538,7130,0
2020-06-24 03:00:00,825.62,829.53,825.62,827.34,1401,7470,0
2020-06-24 04:00:00,827.31,828.54,825.02,825.22,1754,7810,0
2020-06-24 05:00:00,825.27,825.65,823.17,823.41,1409,8050,0
2020-06-24 06:00:00,823.45,824.46,821.84,823.94,801,8050,0
2020-06-24 07:00:00,823.93,825.63,823.61,825.51,752,8050,0
2020-06-24 08:00:00,825.45,829.76,825.32,828.52,827,6530,0
2020-06-24 09:00:00,828.61,830.4,826.25,830.33,1379,5430,0
2020-06-24 10:00:00,830.13,832.83,828.51,828.92,2026,3770,0
2020-06-24 11:00:00,828.9,829.97,825.96,829.37,2867,4400,0
2020-06-24 12:00:00,829.32,832.2,827.16,831.37,2250,4400,0
2020-06-24 13:00:00,831.48,832.63,825.02,825.02,1699,4400,0
2020-06-24 14:00:00,825.1,826.61,821.36,821.89,2745,4400,0
2020-06-24 15:00:00,822.02,823.25,798.51,812.4,6155,200,0
2020-06-24 16:00:00,812.4,814.96,801.15,805.36,5700,2400,0
2020-06-24 17:00:00,805.58,811.58,800.69,808.41,5958,200,0
2020-06-24 18:00:00,808.5,809.94,798.88,806.82,6153,270,0
2020-06-24 19:00:00,806.76,807.98,800.34,804.04,4556,1860,0
2020-06-24 20:00:00,804.01,808.56,803.31,805.59,3573,3790,0
2020-06-24 21:00:00,805.54,806.87,799.99,802.49,1694,2380,0
2020-06-24 22:00:00,802.49,804.65,800.94,801.54,1522,3600,0
2020-06-24 23:00:00,801.64,803.36,800.2,800.75,1128,3920,0
2020-06-25 01:00:00,800.12,800.35,796.04,798.55,1167,4690,0
2020-06-25 02:00:00,798.49,800.13,795.92,796.78,998,9140,0
2020-06-25 03:00:00,796.82,804.32,796.71,803.48,1940,6210,0
2020-06-25 04:00:00,803.49,804.86,800.61,802.05,2134,5630,0
2020-06-25 05:00:00,802.0,802.01,798.51,800.64,1411,7590,0
2020-06-25 06:00:00,800.63,803.91,800.54,803.63,955,7610,0
2020-06-25 07:00:00,803.65,803.68,800.75,803.09,949,7640,0
2020-06-25 08:00:00,803.1,803.69,800.19,800.27,1041,7500,0
2020-06-25 09:00:00,800.54,803.95,799.84,802.76,1303,7410,0
2020-06-25 10:00:00,802.75,806.18,797.79,802.89,2345,3980,0
2020-06-25 11:00:00,802.74,806.5,802.6,805.96,1715,4400,0
2020-06-25 12:00:00,805.99,808.27,805.4,805.55,1325,4400,0
2020-06-25 13:00:00,805.51,806.68,801.73,804.45,1719,4400,0
2020-06-25 14:00:00,804.41,806.62,802.28,805.21,1700,4400,0
2020-06-25 15:00:00,805.33,805.53,797.74,801.89,3311,4400,0
2020-06-25 16:00:00,802.02,805.59,794.92,798.09,4379,2260,0
2020-06-25 17:00:00,798.05,801.98,793.3,799.44,3926,1130,0
2020-06-25 18:00:00,799.44,800.63,795.07,798.21,3085,3790,0
2020-06-25 19:00:00,798.24,804.4,798.24,802.67,1843,3550,0
2020-06-25 20:00:00,802.65,802.71,798.13,798.7,1650,3640,0
2020-06-25 21:00:00,798.67,801.04,797.95,800.2,829,3810,0
2020-06-25 22:00:00,800.17,802.66,799.97,802.64,1347,3990,0
2020-06-25 23:00:00,802.64,803.82,800.74,803.0,664,3900,0
2020-06-26 01:00:00,803.79,803.84,799.68,802.66,475,6720,0
2020-06-26 02:00:00,802.67,807.15,802.19,805.63,1178,8050,0
2020-06-26 03:00:00,805.6,805.83,801.77,801.95,1730,7450,0
2020-06-26 04:00:00,801.94,803.21,798.98,801.76,659,7650,0
2020-06-26 05:00:00,801.79,804.45,801.05,801.72,961,7380,0
2020-06-26 06:00:00,801.77,804.41,801.52,803.25,711,6780,0
2020-06-26 07:00:00,803.25,804.47,800.71,803.67,771,6770,0
2020-06-26 08:00:00,803.69,804.1,798.75,798.75,1044,6530,0
2020-06-26 09:00:00,798.74,801.77,798.45,800.55,971,8300,0
2020-06-26 10:00:00,800.54,805.47,800.07,803.94,1573,3980,0
2020-06-26 11:00:00,803.96,804.15,799.84,801.14,1578,4820,0
2020-06-26 12:00:00,801.1,802.22,794.59,801.97,2189,4820,0
2020-06-26 13:00:00,801.98,803.09,800.54,802.44,1812,4820,0
2020-06-26 14:00:00,802.47,806.44,801.54,804.71,1762,4820,0
2020-06-26 15:00:00,804.93,809.43,801.08,806.64,3655,900,0
2020-06-26 16:00:00,806.64,807.99,799.15,802.42,6529,3060,0
2020-06-26 17:00:00,802.43,806.35,791.97,795.3,7081,2950,0
2020-06-26 18:00:00,795.7,803.6,794.32,800.76,6177,4020,0
2020-06-26 19:00:00,800.75,810.02,798.86,808.72,2729,2550,0
2020-06-26 20:00:00,808.73,809.53,803.33,805.99,2747,1270,0
2020-06-26 21:00:00,805.97,806.94,802.15,806.15,1163,1500,0
2020-06-26 22:00:00,806.15,806.44,801.31,803.09,1999,1020,0
2020-06-26 23:00:00,803.11,806.46,797.48,801.18,766,1130,0
2020-06-29 01:00:00,797.53,802.88,796.03,801.92,847,9400,0
2020-06-29 02:00:00,801.95,804.62,799.07,799.12,706,7540,0
2020-06-29 03:00:00,799.15,803.96,798.91,803.96,1262,8450,0
2020-06-29 04:00:00,803.98,806.91,802.1,806.64,943,8120,0
2020-06-29 05:00:00,806.65,808.17,803.88,807.48,781,7350,0
2020-06-29 06:00:00,807.18,809.36,807.18,808.85,766,7620,0
2020-06-29 07:00:00,808.84,809.67,808.05,808.73,691,8340,0
2020-06-29 08:00:00,808.73,809.8,806.46,806.86,733,8530,0
2020-06-29 09:00:00,806.86,810.42,805.78,809.13,839,7110,0
2020-06-29 10:00:00,809.1,811.18,804.69,806.9,904,4400,0
2020-06-29 11:00:00,807.62,811.89,806.95,809.94,997,2240,0
2020-06-29 12:00:00,809.93,813.43,809.37,812.01,813,2800,0
2020-06-29 13:00:00,812.06,814.01,810.67,813.03,865,3980,0
2020-06-29 14:00:00,813.07,814.31,808.44,812.12,1034,3980,0
2020-06-29 15:00:00,812.3,816.19,808.55,808.61,2902,3360,0
2020-06-29 16:00:00,808.68,812.13,806.97,810.19,3113,3200,0
2020-06-29 17:00:00,810.26,818.73,810.2,813.78,3384,3280,0
2020-06-29 18:00:00,813.8,815.78,811.26,812.44,2728,3560,0
2020-06-29 19:00:00,812.39,816.08,812.35,814.92,1992,3280,0
2020-06-29 20:00:00,814.87,814.99,812.59,813.32,1433,3280,0
2020-06-29 21:00:00,813.37,815.54,812.56,815.25,885,3280,0
2020-06-29 22:00:00,815.23,815.64,813.69,814.93,838,3790,0
2020-06-29 23:00:00,814.88,815.82,814.02,814.32,953,3790,0
2020-06-30 01:00:00,814.32,815.51,812.15,815.1,312,5060,0
2020-06-30 02:00:00,815.19,816.75,814.54,816.12,359,7000,0
2020-06-30 03:00:00,816.18,816.18,812.8,813.11,642,7000,0
2020-06-30 04:00:00,813.01,815.81,812.75,814.19,837,6180,0
2020-06-30 05:00:00,814.19,815.76,812.86,814.15,507,6730,0
2020-06-30 06:00:00,814.12,815.08,813.89,814.8,459,6220,0
2020-06-30 07:00:00,814.81,816.33,814.74,815.44,276,6320,0
2020-06-30 08:00:00,815.48,816.98,812.36,812.39,534,5970,0
2020-06-30 09:00:00,812.23,816.46,812.08,815.46,829,6240,0
2020-06-30 10:00:00,815.41,816.86,812.0,814.26,907,3280,0
2020-06-30 11:00:00,814.2,814.69,809.41,811.43,1040,3000,0
2020-06-30 12:00:00,811.56,811.56,808.3,810.43,813,3000,0
2020-06-30 13:00:00,810.44,816.47,810.22,814.45,692,3280,0
2020-06-30 14:00:00,814.37,815.51,809.2,810.1,801,2710,0
2020-06-30 15:00:00,810.09,815.6,807.8,814.45,1363,2120,0
2020-06-30 16:00:00,814.56,817.21,809.91,811.54,2251,2550,0
2020-06-30 17:00:00,811.4,830.02,811.32,826.23,3701,290,0
2020-06-30 18:00:00,826.32,831.92,821.18,823.86,2496,200,0
2020-06-30 19:00:00,823.86,828.66,821.22,826.37,1262,540,0
2020-06-30 20:00:00,826.36,829.89,825.99,826.05,1653,980,0
2020-06-30 21:00:00,826.05,829.91,825.33,828.56,674,1750,0
2020-06-30 22:00:00,828.62,828.73,826.24,828.04,634,2640,0
2020-06-30 23:00:00,828.08,829.23,825.23,825.33,496,2080,0
2020-07-01 01:00:00,827.56,828.6,825.69,826.02,477,3620,0
2020-07-01 02:00:00,826.08,826.69,825.11,825.64,386,6930,0
2020-07-01 03:00:00,825.59,827.39,825.0,826.27,782,6550,0
2020-07-01 04:00:00,826.3,829.18,824.77,826.8,1882,6690,0
2020-07-01 05:00:00,826.84,829.21,826.64,828.95,464,6600,0
2020-07-01 06:00:00,828.93,830.33,828.56,830.33,523,6680,0
2020-07-01 07:00:00,830.36,830.68,828.65,828.85,478,6540,0
2020-07-01 08:00:00,828.83,830.02,826.76,826.79,651,6380,0
2020-07-01 09:00:00,826.83,829.46,826.31,828.06,786,5940,0
2020-07-01 10:00:00,828.31,836.55,827.79,832.07,1288,3280,0
2020-07-01 11:00:00,832.1,835.3,828.68,830.26,1485,3280,0
2020-07-01 12:00:00,830.2,830.26,817.33,818.42,2290,3230,0
2020-07-01 13:00:00,818.42,824.81,809.41,813.77,2429,1150,0
2020-07-01 14:00:00,813.84,820.02,811.31,819.61,1921,3280,0
2020-07-01 15:00:00,819.19,824.69,817.64,821.55,2679,3280,0
2020-07-01 16:00:00,821.47,823.71,811.31,812.28,2591,680,0
2020-07-01 17:00:00,812.14,817.43,806.22,811.02,4434,200,0
2020-07-01 18:00:00,811.02,817.55,808.76,815.77,3055,200,0
2020-07-01 19:00:00,815.75,818.81,812.68,818.63,2005,550,0
2020-07-01 20:00:00,818.67,823.14,817.9,821.36,2374,1110,0
2020-07-01 21:00:00,821.39,823.78,819.68,823.43,1157,930,0
2020-07-01 22:00:00,823.48,826.26,822.45,825.51,993,820,0
2020-07-01 23:00:00,825.51,825.52,822.87,823.26,572,1660,0
2020-07-02 01:00:00,822.88,825.04,820.29,822.38,448,5040,0
2020-07-02 02:00:00,822.33,822.77,821.09,821.39,353,6180,0
2020-07-02 03:00:00,821.37,822.45,820.64,821.62,1044,6180,0
2020-07-02 04:00:00,821.6,824.0,820.12,822.41,1578,6180,0
2020-07-02 05:00:00,822.47,824.24,821.74,822.69,573,6180,0
2020-07-02 06:00:00,822.57,822.76,821.37,821.52,327,5210,0
2020-07-02 07:00:00,821.48,823.27,821.17,821.67,385,5140,0
2020-07-02 08:00:00,821.65,822.39,819.23,819.23,733,4640,0
2020-07-02 09:00:00,819.13,825.09,819.09,821.59,845,4480,0
2020-07-02 10:00:00,821.64,825.8,820.02,824.71,930,1820,0
2020-07-02 11:00:00,824.68,826.67,820.17,822.43,1256,1820,0
2020-07-02 12:00:00,822.41,824.36,821.42,823.67,809,2890,0
2020-07-02 13:00:00,823.57,824.25,821.9,822.37,783,2890,0
2020-07-02 14:00:00,822.15,822.99,820.26,821.14,721,2490,0
2020-07-02 15:00:00,821.1,821.22,810.89,815.07,2939,3280,0
2020-07-02 16:00:00,814.68,824.96,812.66,821.6,2792,2060,0
2020-07-02 17:00:00,821.56,824.3,812.22,813.92,2863,2210,0
2020-07-02 18:00:00,813.8,815.62,812.06,814.26,1883,570,0
2020-07-02 19:00:00,814.24,817.07,811.66,816.16,1765,1530,0
2020-07-02 20:00:00,816.13,819.03,815.48,816.87,1764,1560,0
2020-07-02 21:00:00,816.96,817.97,815.79,817.61,832,1750,0
2020-07-02 22:00:00,817.57,817.65,815.19,816.04,733,1510,0
2020-07-02 23:00:00,816.1,816.52,814.29,814.29,496,1950,0
2020-07-03 01:00:00,816.19,816.19,807.66,812.68,221,8250,0
2020-07-03 02:00:00,812.64,815.2,812.55,812.65,211,6970,0
2020-07-03 03:00:00,812.65,813.32,811.08,812.65,689,6590,0
2020-07-03 04:00:00,812.62,815.66,812.62,813.29,1068,6420,0
2020-07-03 05:00:00,813.24,814.37,812.68,813.69,494,6660,0
2020-07-03 06:00:00,813.65,814.46,813.31,813.51,327,6590,0
2020-07-03 07:00:00,813.5,813.56,812.17,812.36,408,6430,0
2020-07-03 08:00:00,812.37,814.71,811.47,812.33,409,4800,0
2020-07-03 09:00:00,812.28,815.32,811.28,815.09,715,5230,0
2020-07-03 10:00:00,815.11,817.27,813.62,817.12,509,3090,0
2020-07-03 11:00:00,817.1,818.51,815.16,815.85,563,3090,0
2020-07-03 12:00:00,816.04,816.14,812.47,813.64,413,3090,0
2020-07-03 13:00:00,813.62,815.75,812.78,815.09,500,3370,0
2020-07-03 14:00:00,815.15,815.93,809.98,810.61,519,2470,0
2020-07-03 15:00:00,810.6,811.37,809.77,811.01,759,2430,0
2020-07-03 16:00:00,810.98,812.35,809.17,810.45,1005,1980,0
2020-07-03 17:00:00,810.44,812.07,806.43,811.37,1170,4050,0
2020-07-03 18:00:00,811.26,815.83,810.7,814.6,766,4050,0
2020-07-03 19:00:00,814.68,817.01,813.74,815.29,644,4050,0
2020-07-06 01:00:00,799.61,814.1,794.09,813.72,428,5260,0
2020-07-06 02:00:00,813.71,813.92,812.5,813.45,250,5360,0
2020-07-06 03:00:00,813.41,815.44,813.26,814.82,641,4070,0
2020-07-06 04:00:00,814.86,815.31,811.85,812.32,1394,5030,0
2020-07-06 05:00:00,812.33,813.89,811.27,813.59,766,5020,0
2020-07-06 06:00:00,813.58,814.0,812.72,813.49,573,4940,0
2020-07-06 07:00:00,813.51,813.94,812.41,813.34,569,4880,0
2020-07-06 08:00:00,813.34,814.07,811.95,812.4,734,4140,0
2020-07-06 09:00:00,812.34,818.37,812.04,817.83,1272,3450,0
2020-07-06 10:00:00,817.77,821.73,817.11,821.37,1047,1730,0
2020-07-06 11:00:00,821.35,823.58,816.47,819.58,1157,2550,0
2020-07-06 12:00:00,819.45,819.75,813.52,813.86,835,4050,0
2020-07-06 13:00:00,813.85,819.12,813.73,818.59,698,4050,0
2020-07-06 14:00:00,818.56,820.67,817.62,820.28,1052,4050,0
2020-07-06 15:00:00,820.27,828.05,818.35,827.07,2527,2410,0
2020-07-06 16:00:00,827.04,834.85,824.81,824.81,2671,410,0
2020-07-06 17:00:00,824.84,828.88,816.98,826.72,3665,1710,0
2020-07-06 18:00:00,826.77,828.5,824.66,824.74,2210,3180,0
2020-07-06 19:00:00,824.75,825.75,822.15,823.84,1413,440,0
2020-07-06 20:00:00,823.87,828.32,823.04,828.05,1301,630,0
2020-07-06 21:00:00,827.99,829.65,826.98,829.03,898,530,0
2020-07-06 22:00:00,829.02,829.44,826.91,827.45,696,680,0
2020-07-06 23:00:00,827.41,827.64,825.38,825.64,419,1060,0
2020-07-07 01:00:00,819.93,827.16,819.07,827.08,342,6200,0
2020-07-07 02:00:00,827.1,829.57,826.53,827.77,527,4790,0
2020-07-07 03:00:00,827.74,830.1,827.26,829.59,711,3250,0
2020-07-07 04:00:00,829.58,831.09,825.82,826.27,1202,3650,0
2020-07-07 05:00:00,826.22,826.99,824.29,824.91,865,3570,0
2020-07-07 06:00:00,824.88,826.99,824.88,826.26,444,3560,0
2020-07-07 07:00:00,826.15,827.23,825.62,825.97,394,3460,0
2020-07-07 08:00:00,825.63,827.55,822.17,823.41,817,3390,0
2020-07-07 09:00:00,823.4,826.18,822.34,824.05,1096,1530,0
2020-07-07 10:00:00,824.24,824.51,820.33,821.99,1489,1740,0
2020-07-07 11:00:00,821.96,826.49,819.46,822.96,1595,350,0
2020-07-07 12:00:00,822.97,826.31,820.25,826.17,1258,1730,0
2020-07-07 13:00:00,826.17,828.91,825.18,827.93,1219,620,0
2020-07-07 14:00:00,827.95,831.36,827.68,828.1,1067,550,0
2020-07-07 15:00:00,828.13,831.34,823.74,828.71,1884,660,0
2020-07-07 16:00:00,828.74,839.5,828.34,834.54,2552,850,0
2020-07-07 17:00:00,834.55,840.06,832.69,836.82,3150,470,0
2020-07-07 18:00:00,837.01,841.13,834.14,839.07,2203,930,0
2020-07-07 19:00:00,839.16,840.47,836.54,840.31,1771,2390,0
2020-07-07 20:00:00,840.32,843.95,839.75,842.39,1831,2050,0
2020-07-07 21:00:00,842.38,842.38,838.16,838.83,1061,2650,0
2020-07-07 22:00:00,838.81,839.62,836.88,837.44,964,3080,0
2020-07-07 23:00:00,837.47,838.33,836.25,836.83,514,2890,0
2020-07-08 01:00:00,833.26,838.97,832.29,837.64,514,1440,0
2020-07-08 02:00:00,837.63,839.31,837.47,838.66,252,3700,0
2020-07-08 03:00:00,838.7,839.74,837.49,837.99,799,3700,0
2020-07-08 04:00:00,838.0,840.97,837.95,840.97,1598,3700,0
2020-07-08 05:00:00,840.96,845.01,840.41,842.49,1308,3700,0
2020-07-08 06:00:00,842.48,843.51,841.84,842.04,606,3700,0
2020-07-08 07:00:00,842.0,842.49,840.89,841.54,460,3700,0
2020-07-08 08:00:00,841.58,843.54,839.34,840.31,519,1830,0
2020-07-08 09:00:00,840.27,843.57,839.87,840.77,909,260,0
2020-07-08 10:00:00,840.96,843.55,838.1,842.39,1152,2100,0
2020-07-08 11:00:00,842.42,843.48,835.22,836.32,1734,2100,0
2020-07-08 12:00:00,836.34,840.73,834.84,840.33,1354,3040,0
2020-07-08 13:00:00,840.36,843.88,839.85,840.91,1225,2130,0
2020-07-08 14:00:00,840.88,843.42,839.11,842.55,1088,1430,0
2020-07-08 15:00:00,842.54,844.73,837.33,841.95,2141,1770,0
2020-07-08 16:00:00,841.99,848.12,840.94,845.45,4178,2070,0
2020-07-08 17:00:00,845.52,853.16,842.27,849.78,3455,2050,0
2020-07-08 18:00:00,849.84,852.75,844.54,851.12,2973,2290,0
2020-07-08 19:00:00,851.12,855.84,850.15,851.11,2456,2630,0
2020-07-08 20:00:00,850.87,853.07,847.97,848.16,1861,2450,0
2020-07-08 21:00:00,848.13,848.65,845.56,847.12,1128,3050,0
2020-07-08 22:00:00,847.14,849.07,846.46,847.47,905,3740,0
2020-07-08 23:00:00,847.59,849.33,847.53,848.95,625,3970,0
2020-07-09 01:00:00,844.93,852.23,843.02,851.25,451,2850,0
2020-07-09 02:00:00,851.21,852.37,850.06,850.75,431,2640,0
2020-07-09 03:00:00,850.93,854.63,850.58,853.72,745,2700,0
2020-07-09 04:00:00,853.76,855.11,851.66,854.03,1460,2740,0
2020-07-09 05:00:00,854.01,854.36,848.63,851.57,879,2730,0
2020-07-09 06:00:00,851.77,851.96,850.61,851.49,486,3300,0
2020-07-09 07:00:00,851.46,853.18,851.03,852.11,886,3300,0
2020-07-09 08:00:00,852.08,853.47,850.22,850.66,1179,3820,0
2020-07-09 09:00:00,850.64,851.94,848.31,851.84,1356,3460,0
2020-07-09 10:00:00,851.81,852.38,845.31,851.83,1423,2710,0
2020-07-09 11:00:00,851.82,858.91,851.82,856.8,1576,3410,0
2020-07-09 12:00:00,856.81,859.86,855.49,857.86,1200,3280,0
2020-07-09 13:00:00,857.84,859.57,850.4,854.03,1448,2980,0
2020-07-09 14:00:00,854.07,859.03,853.43,856.62,1757,1410,0
2020-07-09 15:00:00,856.59,860.5,851.95,854.56,2730,1790,0
2020-07-09 16:00:00,854.52,857.36,842.66,842.67,3377,2010,0
2020-07-09 17:00:00,842.67,848.11,829.14,832.13,5032,200,0
2020-07-09 18:00:00,831.56,837.15,824.95,831.46,4850,2650,0
2020-07-09 19:00:00,831.41,833.97,825.62,828.26,2701,2110,0
2020-07-09 20:00:00,828.19,831.92,826.43,830.37,2189,2140,0
2020-07-09 21:00:00,830.38,836.31,829.45,835.87,1223,1740,0
2020-07-09 22:00:00,835.98,838.88,835.14,836.36,1327,2840,0
2020-07-09 23:00:00,836.61,837.06,834.28,835.01,487,3120,0
2020-07-10 01:00:00,830.61,836.1,828.93,834.66,496,3500,0
2020-07-10 02:00:00,834.65,837.32,834.57,835.98,461,3130,0
2020-07-10 03:00:00,836.12,836.16,831.48,831.9,1527,3090,0
2020-07-10 04:00:00,831.91,834.32,831.53,834.28,1734,3280,0
2020-07-10 05:00:00,834.25,834.27,831.03,831.13,774,3260,0
2020-07-10 06:00:00,831.14,831.79,830.57,831.22,778,3080,0
2020-07-10 07:00:00,831.35,833.76,831.01,832.5,366,2740,0
2020-07-10 08:00:00,832.86,834.14,827.65,831.27,1119,200,0
2020-07-10 09:00:00,831.24,834.26,828.46,829.33,1343,200,0
2020-07-10 10:00:00,829.42,837.6,828.45,833.92,1317,1780,0
2020-07-10 11:00:00,833.97,840.14,833.97,837.18,1373,2570,0
2020-07-10 12:00:00,837.33,839.65,836.69,837.06,1209,2380,0
2020-07-10 13:00:00,837.08,840.8,836.99,839.28,716,1020,0
2020-07-10 14:00:00,839.38,841.95,837.21,837.36,1007,2190,0
2020-07-10 15:00:00,837.36,838.83,830.64,837.3,2038,1540,0
2020-07-10 16:00:00,837.23,842.61,836.13,840.53,2857,2000,0
2020-07-10 17:00:00,840.45,845.74,835.61,842.5,2228,200,0
2020-07-10 18:00:00,842.5,842.5,835.66,837.24,2268,200,0
2020-07-10 19:00:00,837.23,837.36,830.96,833.75,2445,1650,0
2020-07-10 20:00:00,833.57,834.31,824.68,831.03,1761,1800,0
2020-07-10 21:00:00,830.85,830.87,827.27,827.6,837,2480,0
2020-07-10 22:00:00,827.63,831.1,827.08,828.04,762,3100,0
2020-07-10 23:00:00,828.14,828.15,819.0,819.0,391,7020,0
2020-07-13 01:00:00,821.36,833.22,816.6,832.71,1292,2340,0
2020-07-13 02:00:00,832.69,833.78,829.61,831.74,783,2380,0
2020-07-13 03:00:00,831.73,835.53,831.65,835.14,996,3520,0
2020-07-13 04:00:00,835.15,836.51,833.93,834.76,1902,3330,0
2020-07-13 05:00:00,834.81,837.83,834.08,836.93,1224,3400,0
2020-07-13 06:00:00,836.96,837.98,836.01,836.3,767,3340,0
2020-07-13 07:00:00,836.27,839.49,835.7,839.02,571,3070,0
2020-07-13 08:00:00,839.01,842.57,837.63,841.86,1603,2740,0
2020-07-13 09:00:00,841.73,842.81,840.33,842.46,1857,2600,0
2020-07-13 10:00:00,842.45,844.82,836.79,837.23,1591,1880,0
2020-07-13 11:00:00,837.33,840.59,835.77,838.58,1407,3060,0
2020-07-13 12:00:00,838.58,842.59,837.67,841.92,1122,2650,0
2020-07-13 13:00:00,841.92,844.87,838.75,844.76,941,2760,0
2020-07-13 14:00:00,844.79,848.18,844.77,846.09,1396,3010,0
2020-07-13 15:00:00,846.6,848.48,843.52,845.42,2141,2760,0
2020-07-13 16:00:00,845.39,849.68,842.28,843.85,4032,1910,0
2020-07-13 17:00:00,843.88,847.89,838.49,846.26,4225,2910,0
2020-07-13 18:00:00,846.32,847.53,842.75,847.28,3030,2370,0
2020-07-13 19:00:00,847.25,847.82,845.41,847.67,2006,2010,0
2020-07-13 20:00:00,847.63,847.91,842.37,846.86,2127,1890,0
2020-07-13 21:00:00,846.67,847.26,837.88,842.06,2512,2400,0
2020-07-13 22:00:00,842.03,842.22,831.58,836.0,4284,1530,0
2020-07-13 23:00:00,836.03,838.69,834.49,836.03,1356,1440,0
2020-07-14 01:00:00,832.15,837.42,830.99,835.38,954,3030,0
2020-07-14 02:00:00,835.37,837.08,833.74,835.77,830,3120,0
2020-07-14 03:00:00,835.68,837.04,831.74,832.01,1420,2910,0
2020-07-14 04:00:00,831.96,834.54,830.46,831.2,2034,3260,0
2020-07-14 05:00:00,831.22,833.68,830.96,831.21,1023,3320,0
2020-07-14 06:00:00,831.2,834.33,831.14,834.17,760,3250,0
2020-07-14 07:00:00,834.24,834.28,832.16,833.0,563,3090,0
2020-07-14 08:00:00,833.02,835.0,832.37,833.0,1473,2520,0
2020-07-14 09:00:00,832.91,837.52,832.91,836.25,1838,2430,0
2020-07-14 10:00:00,836.2,836.53,829.72,832.9,1867,380,0
2020-07-14 11:00:00,833.01,836.13,828.6,829.59,1547,2100,0
2020-07-14 12:00:00,829.58,832.73,826.19,826.19,1411,2720,0
2020-07-14 13:00:00,826.19,828.68,823.06,827.04,1892,620,0
2020-07-14 14:00:00,827.02,831.36,824.62,831.18,1444,1840,0
2020-07-14 15:00:00,830.73,832.16,820.51,822.56,3461,1800,0
2020-07-14 16:00:00,822.58,827.52,815.96,818.48,5503,3280,0
2020-07-14 17:00:00,818.43,825.57,817.54,824.08,4947,1760,0
2020-07-14 18:00:00,823.92,827.95,822.34,827.89,3691,460,0
2020-07-14 19:00:00,827.99,833.11,827.31,830.13,2164,810,0
2020-07-14 20:00:00,830.15,830.55,825.92,828.7,1954,1710,0
2020-07-14 21:00:00,828.89,829.96,826.73,828.14,1388,1720,0
2020-07-14 22:00:00,828.18,831.25,826.97,830.82,1386,2090,0
2020-07-14 23:00:00,830.7,831.08,828.97,829.05,827,2040,0
2020-07-15 01:00:00,829.37,834.23,829.17,832.6,1187,2500,0
2020-07-15 02:00:00,832.69,834.44,831.59,832.98,786,3070,0
2020-07-15 03:00:00,832.9,834.04,830.56,830.78,1460,3490,0
2020-07-15 04:00:00,830.75,831.75,829.5,830.4,1408,3370,0
2020-07-15 05:00:00,830.36,830.36,828.54,828.98,963,3470,0
2020-07-15 06:00:00,829.04,829.49,827.26,828.46,571,3190,0
2020-07-15 07:00:00,828.43,828.43,827.05,827.05,317,3120,0
2020-07-15 08:00:00,827.05,829.2,826.64,828.79,585,2500,0
2020-07-15 09:00:00,828.73,828.88,826.86,827.05,959,2270,0
2020-07-15 10:00:00,827.11,833.59,826.91,833.48,1256,540,0
2020-07-15 11:00:00,833.48,836.68,832.42,834.91,1034,380,0
2020-07-15 12:00:00,835.02,835.46,829.87,829.97,911,360,0
2020-07-15 13:00:00,829.97,833.48,829.97,833.41,997,1070,0
2020-07-15 14:00:00,833.39,837.34,832.74,835.83,1230,430,0
2020-07-15 15:00:00,835.82,841.25,833.86,834.7,1824,500,0
2020-07-15 16:00:00,834.68,834.92,823.88,826.28,4482,880,0
2020-07-15 17:00:00,826.22,832.58,823.66,828.38,3883,1180,0
2020-07-15 18:00:00,828.41,832.74,825.59,830.78,2406,420,0
2020-07-15 19:00:00,830.73,834.23,829.55,832.76,1772,200,0
2020-07-15 20:00:00,832.7,833.47,828.31,828.42,1412,200,0
2020-07-15 21:00:00,828.62,833.53,828.52,830.08,924,220,0
2020-07-15 22:00:00,830.08,832.99,829.04,832.86,944,820,0
2020-07-15 23:00:00,832.99,833.01,827.88,828.72,519,1230,0
2020-07-16 01:00:00,829.56,831.2,828.16,828.77,748,2990,0
2020-07-16 02:00:00,828.85,831.05,828.78,831.03,374,2950,0
2020-07-16 03:00:00,831.02,831.02,827.96,829.06,977,2270,0
2020-07-16 04:00:00,829.04,829.11,827.63,827.63,1061,2200,0
2020-07-16 05:00:00,827.7,830.1,826.13,826.88,759,2160,0
2020-07-16 06:00:00,826.88,827.45,826.2,826.21,515,2260,0
2020-07-16 07:00:00,826.21,828.86,826.21,828.26,270,4340,0
2020-07-16 08:00:00,828.53,828.58,824.57,825.34,998,4160,0
2020-07-16 09:00:00,825.27,828.83,824.96,828.08,1296,3320,0
2020-07-16 10:00:00,828.1,831.03,827.24,829.14,1161,690,0
2020-07-16 11:00:00,829.03,831.12,828.12,830.77,1132,1960,0
2020-07-16 12:00:00,830.76,830.95,826.07,827.67,883,1820,0
2020-07-16 13:00:00,827.63,830.18,825.87,827.55,1044,1930,0
2020-07-16 14:00:00,827.55,829.58,825.53,827.46,971,2170,0
2020-07-16 15:00:00,827.55,827.98,822.07,824.41,2241,1490,0
2020-07-16 16:00:00,824.39,830.53,817.55,829.5,3710,1000,0
2020-07-16 17:00:00,829.48,837.95,827.58,834.65,3289,360,0
2020-07-16 18:00:00,834.62,835.14,828.98,832.46,1551,200,0
2020-07-16 19:00:00,832.35,832.61,827.06,827.79,1335,780,0
2020-07-16 20:00:00,827.79,828.05,824.63,825.63,2408,530,0
2020-07-16 21:00:00,825.63,826.69,824.63,825.2,1165,1600,0
2020-07-16 22:00:00,825.2,826.23,823.59,823.61,692,1430,0
2020-07-16 23:00:00,823.61,824.2,821.33,821.48,703,2150,0
2020-07-17 01:00:00,821.16,825.68,820.31,824.4,407,2960,0
2020-07-17 02:00:00,824.41,826.0,822.94,824.64,600,2940,0
2020-07-17 03:00:00,824.62,826.01,824.05,826.0,840,2960,0
2020-07-17 04:00:00,826.07,827.06,822.29,822.63,1907,2910,0
2020-07-17 05:00:00,822.58,825.62,822.1,824.21,953,4220,0
2020-07-17 06:00:00,824.15,825.31,823.35,825.08,559,3260,0
2020-07-17 07:00:00,825.1,825.96,824.18,824.73,506,3280,0
2020-07-17 08:00:00,824.74,824.8,822.38,823.43,912,2940,0
2020-07-17 09:00:00,823.4,825.72,823.34,824.36,886,3020,0
2020-07-17 10:00:00,824.32,825.23,823.46,824.35,876,2720,0
2020-07-17 11:00:00,824.33,825.99,824.2,825.29,681,1480,0
2020-07-17 12:00:00,825.33,827.28,824.21,826.4,637,1950,0
2020-07-17 13:00:00,826.4,827.47,824.54,827.08,615,2280,0
2020-07-17 14:00:00,827.19,827.66,825.43,827.66,958,2280,0
2020-07-17 15:00:00,827.58,831.42,826.28,826.58,1511,510,0
2020-07-17 16:00:00,826.61,832.06,826.04,830.24,1913,860,0
2020-07-17 17:00:00,830.18,842.5,830.18,834.91,2951,200,0
2020-07-17 18:00:00,835.32,839.71,834.98,838.04,2100,850,0
2020-07-17 19:00:00,838.18,838.99,835.21,835.49,1306,720,0
2020-07-17 20:00:00,835.57,837.99,835.03,836.36,1206,730,0
2020-07-17 21:00:00,836.3,837.65,835.61,837.58,461,200,0
2020-07-17 22:00:00,837.48,838.89,836.39,837.61,806,400,0
2020-07-17 23:00:00,837.62,838.6,833.59,834.39,595,480,0
2020-07-20 01:00:00,827.93,839.93,827.65,839.17,814,1670,0
2020-07-20 02:00:00,839.15,840.03,838.79,839.29,296,3980,0
2020-07-20 03:00:00,839.26,839.54,836.63,837.61,774,3110,0
2020-07-20 04:00:00,837.62,838.74,834.22,834.66,1250,3140,0
2020-07-20 05:00:00,834.59,836.01,834.05,835.65,725,3090,0
2020-07-20 06:00:00,835.68,839.08,835.57,838.65,573,3380,0
2020-07-20 07:00:00,838.69,839.13,837.27,838.33,573,2780,0
2020-07-20 08:00:00,838.44,841.31,838.0,838.52,1235,3180,0
2020-07-20 09:00:00,838.37,840.8,837.18,839.96,1148,2770,0
2020-07-20 10:00:00,839.94,840.3,837.39,839.93,1193,1770,0
2020-07-20 11:00:00,839.94,842.78,838.48,841.13,1318,2050,0
2020-07-20 12:00:00,841.04,843.32,840.39,841.73,910,1390,0
2020-07-20 13:00:00,841.68,844.16,839.96,844.06,776,1490,0
2020-07-20 14:00:00,844.02,848.16,843.25,846.01,1349,1550,0
2020-07-20 15:00:00,846.08,852.14,843.5,844.92,3203,1150,0
2020-07-20 16:00:00,845.05,848.62,835.46,841.94,5051,990,0
2020-07-20 17:00:00,841.91,849.65,840.03,847.65,4233,1830,0
2020-07-20 18:00:00,848.33,849.68,840.96,842.89,2530,1940,0
2020-07-20 19:00:00,842.78,842.84,838.93,840.78,1392,1770,0
2020-07-20 20:00:00,840.62,846.37,840.52,846.14,1787,1910,0
2020-07-20 21:00:00,845.89,847.56,845.39,846.49,1254,1940,0
2020-07-20 22:00:00,846.5,848.15,846.29,847.66,831,2330,0
2020-07-20 23:00:00,847.69,848.35,846.7,847.27,639,2270,0
2020-07-21 01:00:00,847.97,847.97,846.21,847.73,562,3130,0
2020-07-21 02:00:00,847.74,848.84,847.67,848.13,865,2780,0
2020-07-21 03:00:00,848.17,849.05,846.82,847.01,1442,2610,0
2020-07-21 04:00:00,847.0,848.68,845.88,847.27,1784,3150,0
2020-07-21 05:00:00,847.29,847.47,844.94,845.15,1274,2760,0
2020-07-21 06:00:00,845.13,850.84,844.95,849.99,2505,1290,0
2020-07-21 07:00:00,849.97,850.25,844.89,846.16,1131,400,0
2020-07-21 08:00:00,846.18,848.88,842.75,845.92,1639,450,0
2020-07-21 09:00:00,846.0,849.9,845.37,848.32,2147,2230,0
2020-07-21 10:00:00,848.33,852.08,845.56,851.85,2157,1460,0
2020-07-21 11:00:00,851.94,855.41,849.42,854.01,1957,1940,0
2020-07-21 12:00:00,853.88,854.65,851.59,853.55,1735,2020,0
2020-07-21 13:00:00,853.52,860.48,853.39,859.77,1700,1500,0
2020-07-21 14:00:00,859.82,861.38,855.02,857.78,2016,1870,0
2020-07-21 15:00:00,857.68,873.16,857.64,869.42,7642,200,0
2020-07-21 16:00:00,869.41,880.09,867.47,878.53,8328,290,0
2020-07-21 17:00:00,878.6,882.74,873.17,879.14,7146,270,0
2020-07-21 18:00:00,879.32,885.01,877.69,877.73,4460,1770,0
2020-07-21 19:00:00,877.7,887.36,876.0,887.12,3629,1080,0
2020-07-21 20:00:00,887.08,889.41,884.77,887.93,2815,1240,0
2020-07-21 21:00:00,888.13,890.15,887.23,887.52,2796,1010,0
2020-07-21 22:00:00,887.53,887.55,876.32,878.02,4148,2190,0
2020-07-21 23:00:00,877.96,881.41,877.2,881.0,1543,2220,0
2020-07-22 01:00:00,881.61,893.61,880.99,892.66,3280,2280,0
2020-07-22 02:00:00,892.64,897.07,885.8,888.64,3848,2720,0
2020-07-22 03:00:00,888.57,890.41,883.65,884.69,3605,2700,0
2020-07-22 04:00:00,884.75,894.52,882.99,890.03,5319,3330,0
2020-07-22 05:00:00,889.96,890.03,883.43,884.5,2939,3410,0
2020-07-22 06:00:00,884.52,886.8,881.69,884.63,2012,3670,0
2020-07-22 07:00:00,884.64,885.16,877.4,879.57,1427,3310,0
2020-07-22 08:00:00,879.6,884.77,878.63,884.57,1689,3600,0
2020-07-22 09:00:00,884.72,886.09,881.01,884.88,2920,3140,0
2020-07-22 10:00:00,884.94,892.62,874.86,874.9,5555,2460,0
2020-07-22 11:00:00,874.88,883.11,871.85,880.24,4477,200,0
2020-07-22 12:00:00,880.29,892.05,879.9,891.93,2749,1410,0
2020-07-22 13:00:00,891.91,895.05,886.74,892.74,2754,200,0
2020-07-22 14:00:00,892.83,896.86,887.66,896.15,2990,210,0
2020-07-22 15:00:00,895.85,899.27,883.95,894.36,8660,200,0
2020-07-22 16:00:00,894.15,900.63,883.93,899.61,9357,200,0
2020-07-22 17:00:00,899.6,906.02,896.81,905.05,7593,840,0
2020-07-22 18:00:00,905.02,915.88,903.81,911.58,6182,330,0
2020-07-22 19:00:00,911.61,918.62,908.33,913.57,6973,1450,0
2020-07-22 20:00:00,913.56,920.38,905.03,906.7,5352,460,0
2020-07-22 21:00:00,906.69,913.54,906.0,911.13,2973,810,0
2020-07-22 22:00:00,911.27,921.77,910.78,921.28,3251,750,0
2020-07-22 23:00:00,921.27,923.36,919.72,922.11,2179,2120,0
2020-07-23 01:00:00,922.4,931.41,921.05,924.96,2665,2920,0
2020-07-23 02:00:00,925.07,925.49,920.57,921.9,1367,3140,0
2020-07-23 03:00:00,921.97,928.54,915.23,921.12,2012,3590,0
2020-07-23 04:00:00,921.1,921.1,912.51,919.4,2738,2290,0
2020-07-23 05:00:00,919.38,919.53,907.16,908.12,1938,2100,0
2020-07-23 06:00:00,908.11,913.42,907.88,912.0,1321,1140,0
2020-07-23 07:00:00,912.02,917.2,910.03,914.32,1105,1080,0
2020-07-23 08:00:00,914.31,918.84,911.38,912.46,1673,1950,0
2020-07-23 09:00:00,912.6,927.47,912.18,927.06,2056,1590,0
2020-07-23 10:00:00,927.07,927.47,917.35,923.52,2036,1170,0
2020-07-23 11:00:00,923.55,930.09,923.44,925.12,3186,1540,0
2020-07-23 12:00:00,925.12,929.73,924.51,926.73,2068,1750,0
2020-07-23 13:00:00,926.74,929.77,924.51,925.04,1569,2010,0
2020-07-23 14:00:00,925.01,925.05,905.51,912.26,3114,1910,0
2020-07-23 15:00:00,912.28,912.28,902.49,905.9,5282,2070,0
2020-07-23 16:00:00,905.92,917.71,904.21,917.23,6957,200,0
2020-07-23 17:00:00,917.16,921.92,909.97,920.84,6518,200,0
2020-07-23 18:00:00,920.82,931.28,918.55,928.91,7974,200,0
2020-07-23 19:00:00,928.96,929.1,918.54,919.84,6614,1570,0
2020-07-23 20:00:00,919.78,924.66,912.43,917.7,5984,200,0
2020-07-23 21:00:00,917.61,924.37,907.57,919.95,7619,200,0
2020-07-23 22:00:00,919.99,924.26,912.41,918.42,5559,400,0
2020-07-23 23:00:00,918.5,920.61,914.64,920.54,1507,400,0
2020-07-24 01:00:00,913.95,924.41,912.64,920.24,1333,2590,0
2020-07-24 02:00:00,920.26,920.94,911.77,912.3,1210,2610,0
2020-07-24 03:00:00,912.28,917.44,909.93,915.78,1812,3090,0
2020-07-24 04:00:00,915.77,917.62,911.5,912.69,1998,2940,0
2020-07-24 05:00:00,912.67,916.07,909.87,916.01,1645,2890,0
2020-07-24 06:00:00,916.46,916.69,911.02,912.41,1986,2530,0
2020-07-24 07:00:00,912.4,912.76,903.44,905.96,2033,740,0
2020-07-24 08:00:00,905.99,906.09,898.28,900.42,3696,520,0
2020-07-24 09:00:00,900.99,910.24,900.6,904.82,4328,2030,0
2020-07-24 10:00:00,904.73,913.33,902.83,911.16,5106,1890,0
2020-07-24 11:00:00,911.26,916.19,909.2,916.16,4322,1870,0
2020-07-24 12:00:00,916.15,917.18,912.99,914.91,3090,1690,0
2020-07-24 13:00:00,914.78,914.87,909.14,911.35,3080,1890,0
2020-07-24 14:00:00,911.37,916.62,910.41,914.71,3333,2060,0
2020-07-24 15:00:00,914.69,920.66,913.16,916.07,5334,420,0
2020-07-24 16:00:00,915.93,931.65,914.42,925.9,10367,610,0
2020-07-24 17:00:00,925.98,929.66,922.7,924.61,7643,1770,0
2020-07-24 18:00:00,924.58,925.97,914.98,920.22,6800,380,0
2020-07-24 19:00:00,920.25,922.39,917.52,921.93,4490,300,0
2020-07-24 20:00:00,921.93,922.45,917.44,919.9,3522,230,0
2020-07-24 21:00:00,919.92,923.94,919.88,923.06,2773,430,0
2020-07-24 22:00:00,923.05,923.61,919.4,921.02,3348,430,0
2020-07-24 23:00:00,921.02,921.24,910.23,910.23,985,1050,0
2020-07-27 01:00:00,907.66,930.22,907.66,925.23,3039,1860,0
2020-07-27 02:00:00,925.39,933.54,923.27,930.84,2212,2780,0
2020-07-27 03:00:00,930.7,930.73,919.13,919.47,3578,2850,0
2020-07-27 04:00:00,919.46,927.25,919.0,923.98,3961,2820,0
2020-07-27 05:00:00,924.02,932.91,921.29,932.03,4710,2780,0
2020-07-27 06:00:00,932.05,936.98,929.55,936.24,6122,2590,0
2020-07-27 07:00:00,936.23,939.54,934.35,938.99,2744,2310,0
2020-07-27 08:00:00,938.84,944.68,934.9,939.16,4123,2500,0
2020-07-27 09:00:00,939.01,946.2,935.38,942.04,3644,2640,0
2020-07-27 10:00:00,941.91,943.78,937.97,939.63,3373,2620,0
2020-07-27 11:00:00,939.51,943.81,938.46,938.91,3130,2790,0
2020-07-27 12:00:00,938.9,940.05,932.09,939.13,2530,240,0
2020-07-27 13:00:00,939.11,943.8,937.18,941.94,2654,1790,0
2020-07-27 14:00:00,941.94,944.12,938.67,942.43,3195,2430,0
2020-07-27 15:00:00,942.36,944.15,925.56,930.91,6276,200,0
2020-07-27 16:00:00,930.93,942.7,921.59,941.89,7990,200,0
2020-07-27 17:00:00,941.21,945.98,935.0,944.1,5959,200,0
2020-07-27 18:00:00,944.09,945.61,928.59,936.4,5642,590,0
2020-07-27 19:00:00,936.44,942.4,931.04,931.79,4175,200,0
2020-07-27 20:00:00,931.91,937.78,929.34,937.58,2478,200,0
2020-07-27 21:00:00,937.58,939.69,935.22,938.25,1502,200,0
2020-07-27 22:00:00,938.19,944.18,937.93,943.22,2200,400,0
2020-07-27 23:00:00,943.19,944.35,940.67,944.24,1261,1890,0
2020-07-28 01:00:00,941.68,951.64,941.0,947.28,2947,2650,0
2020-07-28 02:00:00,947.3,958.4,947.26,956.03,4420,3130,0
2020-07-28 03:00:00,956.07,956.07,946.04,949.53,3907,3720,0
2020-07-28 04:00:00,949.5,961.52,948.01,957.38,7197,3700,0
2020-07-28 05:00:00,957.49,963.67,943.68,946.88,4187,3010,0
2020-07-28 06:00:00,946.89,948.16,904.35,937.99,8947,3460,0
2020-07-28 07:00:00,938.03,941.26,931.34,931.58,2849,3490,0
2020-07-28 08:00:00,931.64,935.06,918.67,927.77,4346,3230,0
2020-07-28 09:00:00,927.57,935.2,926.05,929.17,3821,3620,0
2020-07-28 10:00:00,929.12,932.46,909.1,920.57,6481,200,0
2020-07-28 11:00:00,920.63,930.85,920.09,929.0,3864,200,0
2020-07-28 12:00:00,929.21,932.49,915.91,918.59,3717,1480,0
2020-07-28 13:00:00,918.59,930.31,916.48,929.82,2225,2330,0
2020-07-28 14:00:00,929.97,931.47,922.39,924.27,2421,1530,0
2020-07-28 15:00:00,924.37,942.22,919.43,940.31,5519,3810,0
2020-07-28 16:00:00,939.56,944.43,930.73,936.32,7928,200,0
2020-07-28 17:00:00,936.53,947.52,936.53,944.49,8998,2970,0
2020-07-28 18:00:00,944.49,950.43,937.48,947.88,5764,1810,0
2020-07-28 19:00:00,947.93,948.98,941.65,947.11,4731,3230,0
2020-07-28 20:00:00,947.1,948.48,941.33,946.52,4055,3050,0
2020-07-28 21:00:00,946.54,952.39,945.45,951.27,2776,1720,0
2020-07-28 22:00:00,951.27,955.24,947.25,953.87,2564,2330,0
2020-07-28 23:00:00,953.86,956.3,951.78,955.39,1435,3700,0
2020-07-29 01:00:00,954.83,958.27,945.91,947.41,1639,3700,0
2020-07-29 02:00:00,947.38,952.62,946.44,948.56,1737,4530,0
2020-07-29 03:00:00,948.56,951.99,946.65,947.59,2311,4530,0
2020-07-29 04:00:00,947.6,950.57,938.37,940.36,2962,4530,0
2020-07-29 05:00:00,940.38,941.24,933.28,936.19,3271,4530,0
2020-07-29 06:00:00,936.22,939.04,934.8,937.94,2009,4530,0
2020-07-29 07:00:00,938.11,939.5,935.13,935.59,1409,3100,0
2020-07-29 08:00:00,935.6,938.81,934.66,938.49,1719,2690,0
2020-07-29 09:00:00,938.51,942.94,935.72,939.79,3260,2590,0
2020-07-29 10:00:00,940.0,944.29,937.5,938.4,2846,2560,0
2020-07-29 11:00:00,938.43,950.41,936.82,950.01,2032,240,0
2020-07-29 12:00:00,949.96,952.8,947.47,948.75,2063,200,0
2020-07-29 13:00:00,948.67,949.98,939.82,942.8,1833,430,0
2020-07-29 14:00:00,942.78,951.86,941.61,948.63,2143,200,0
2020-07-29 15:00:00,948.57,950.02,938.9,940.29,5339,470,0
2020-07-29 16:00:00,940.29,945.11,927.48,935.51,9425,1860,0
2020-07-29 17:00:00,935.48,935.48,925.69,930.31,8605,350,0
2020-07-29 18:00:00,929.64,932.68,926.92,927.16,5458,2270,0
2020-07-29 19:00:00,927.04,929.66,922.36,928.71,4168,3500,0
2020-07-29 20:00:00,928.61,932.11,926.88,927.26,3746,3500,0
2020-07-29 21:00:00,927.42,945.23,925.68,930.55,10966,1310,0
2020-07-29 22:00:00,930.56,938.5,924.52,935.98,7890,2000,0
2020-07-29 23:00:00,935.99,936.3,931.93,934.73,996,3410,0
2020-07-30 01:00:00,929.73,937.99,928.68,935.75,1485,3700,0
2020-07-30 02:00:00,935.79,937.05,930.42,932.48,1599,3700,0
2020-07-30 03:00:00,932.56,935.04,930.23,933.65,1733,3700,0
2020-07-30 04:00:00,933.56,937.22,928.45,929.6,3801,3700,0
2020-07-30 05:00:00,929.64,933.78,925.08,933.64,2300,3700,0
2020-07-30 06:00:00,933.65,934.72,927.93,930.61,1314,3700,0
2020-07-30 07:00:00,930.56,930.84,925.51,927.65,1498,3700,0
2020-07-30 08:00:00,927.7,928.14,920.4,923.88,3214,3700,0
2020-07-30 09:00:00,923.6,929.56,918.11,921.21,4842,3500,0
2020-07-30 10:00:00,921.19,923.9,910.4,921.16,5393,1740,0
2020-07-30 11:00:00,921.29,923.6,902.02,903.96,4930,820,0
2020-07-30 12:00:00,903.95,909.85,891.82,905.51,4388,680,0
2020-07-30 13:00:00,905.33,909.33,899.62,907.36,3330,3190,0
2020-07-30 14:00:00,907.27,912.45,903.45,908.21,3258,3280,0
2020-07-30 15:00:00,908.2,910.98,890.15,893.24,8309,1950,0
2020-07-30 16:00:00,893.27,903.83,889.55,895.8,11857,1420,0
2020-07-30 17:00:00,895.85,897.16,882.53,886.13,12574,2360,0
2020-07-30 18:00:00,886.14,895.38,880.89,894.76,8925,2020,0
2020-07-30 19:00:00,894.77,902.74,891.64,899.25,5731,2780,0
2020-07-30 20:00:00,899.05,906.39,898.19,902.47,4003,1930,0
2020-07-30 21:00:00,902.26,903.18,896.98,898.1,2730,2530,0
2020-07-30 22:00:00,898.05,901.59,896.78,901.5,3486,3700,0
2020-07-30 23:00:00,901.48,904.74,900.15,903.16,2516,3700,0
2020-07-31 01:00:00,899.1,905.78,898.03,903.11,1917,2120,0
2020-07-31 02:00:00,903.12,906.74,901.57,905.91,2164,2910,0
2020-07-31 03:00:00,905.93,907.64,896.46,896.56,3499,3530,0
2020-07-31 04:00:00,896.69,907.48,895.65,907.45,5492,3570,0
2020-07-31 05:00:00,907.4,909.31,901.54,903.11,4835,3270,0
2020-07-31 06:00:00,903.29,906.98,901.77,905.65,3397,3310,0
2020-07-31 07:00:00,905.72,906.72,903.9,905.44,2993,3380,0
2020-07-31 08:00:00,905.38,914.29,905.38,911.81,5660,3130,0
2020-07-31 09:00:00,911.85,915.27,907.98,911.0,7187,960,0
2020-07-31 10:00:00,910.76,915.53,904.52,909.58,6032,200,0
2020-07-31 11:00:00,909.46,912.41,904.85,910.7,3240,2530,0
2020-07-31 12:00:00,910.68,912.87,896.66,896.93,2956,770,0
2020-07-31 13:00:00,896.89,902.3,896.63,900.6,2584,2270,0
2020-07-31 14:00:00,900.65,903.68,896.19,899.73,3382,3590,0
2020-07-31 15:00:00,899.75,909.49,898.0,909.4,6869,2550,0
2020-07-31 16:00:00,909.44,911.92,897.77,907.12,13494,1440,0
2020-07-31 17:00:00,907.08,908.58,898.44,907.72,10868,3590,0
2020-07-31 18:00:00,907.31,912.89,904.8,907.8,9185,2520,0
2020-07-31 19:00:00,907.75,907.96,898.98,904.78,8908,2570,0
2020-07-31 20:00:00,904.66,905.78,897.24,900.45,6785,2560,0
2020-07-31 21:00:00,900.42,903.66,900.38,903.1,4129,1630,0
2020-07-31 22:00:00,903.0,905.34,902.12,904.65,5225,1510,0
2020-07-31 23:00:00,904.59,904.59,898.18,899.42,1482,2660,0
2020-08-03 01:00:00,894.21,909.49,894.21,908.92,1612,6180,0
2020-08-03 02:00:00,908.94,910.69,896.84,899.48,714,4350,0
2020-08-03 03:00:00,899.41,905.08,898.25,902.54,2064,3490,0
2020-08-03 04:00:00,902.58,903.33,899.47,901.58,3293,2860,0
2020-08-03 05:00:00,901.66,903.3,900.44,901.62,1974,2950,0
2020-08-03 06:00:00,901.61,904.06,901.56,903.45,1317,3180,0
2020-08-03 07:00:00,903.38,903.59,901.37,901.6,953,2970,0
2020-08-03 08:00:00,901.71,905.5,901.71,903.56,2283,2610,0
2020-08-03 09:00:00,903.5,904.28,898.47,899.68,4027,2310,0
2020-08-03 10:00:00,899.79,903.45,898.1,902.94,2815,2300,0
2020-08-03 11:00:00,902.99,911.83,902.75,909.94,3438,3020,0
2020-08-03 12:00:00,910.03,911.3,907.71,908.68,2530,2970,0
2020-08-03 13:00:00,908.66,909.0,906.97,908.2,2556,3280,0
2020-08-03 14:00:00,908.23,910.64,906.57,910.27,2354,3030,0
2020-08-03 15:00:00,910.29,915.41,906.92,909.38,4817,2670,0
2020-08-03 16:00:00,909.25,921.76,908.78,910.32,8052,1500,0
2020-08-03 17:00:00,910.39,917.17,908.89,914.55,6140,1240,0
2020-08-03 18:00:00,914.55,919.03,911.53,913.23,4635,960,0
2020-08-03 19:00:00,913.02,915.19,910.6,914.24,4066,1720,0
2020-08-03 20:00:00,914.27,920.64,913.05,919.48,3462,1490,0
2020-08-03 21:00:00,919.5,921.36,918.49,920.35,2754,1570,0
2020-08-03 22:00:00,920.4,921.87,920.06,921.52,3147,1900,0
2020-08-03 23:00:00,921.49,921.52,918.66,920.03,1934,1890,0
2020-08-04 01:00:00,922.08,924.01,918.9,919.12,1122,2430,0
2020-08-04 02:00:00,919.16,921.67,918.73,921.57,974,2130,0
2020-08-04 03:00:00,921.55,923.3,919.88,921.92,1440,1910,0
2020-08-04 04:00:00,921.87,923.91,919.27,919.8,3373,1790,0
2020-08-04 05:00:00,919.81,921.41,919.31,920.78,1831,1760,0
2020-08-04 06:00:00,920.84,922.55,919.98,920.27,1974,1780,0
2020-08-04 07:00:00,920.28,920.95,917.08,920.62,1415,2030,0
2020-08-04 08:00:00,920.64,922.72,919.39,922.59,1684,1750,0
2020-08-04 09:00:00,922.61,924.0,919.68,922.56,2547,310,0
2020-08-04 10:00:00,922.59,926.94,922.23,926.25,3670,720,0
2020-08-04 11:00:00,926.2,926.76,918.97,925.5,3232,200,0
2020-08-04 12:00:00,925.58,929.88,925.28,927.77,2638,360,0
2020-08-04 13:00:00,927.77,929.18,920.82,926.02,2063,1570,0
2020-08-04 14:00:00,926.08,930.42,918.4,920.47,3525,2360,0
2020-08-04 15:00:00,920.48,922.18,911.38,914.49,5754,690,0
2020-08-04 16:00:00,914.46,926.11,914.13,924.02,6495,1710,0
2020-08-04 17:00:00,924.07,932.42,923.34,930.78,12405,460,0
2020-08-04 18:00:00,930.74,934.67,929.01,933.04,9395,1850,0
2020-08-04 19:00:00,932.99,937.33,926.97,931.9,9528,780,0
2020-08-04 20:00:00,931.87,939.04,931.81,938.95,5711,200,0
2020-08-04 21:00:00,938.93,939.4,929.55,932.0,5644,200,0
2020-08-04 22:00:00,931.9,939.07,931.13,938.56,4535,400,0
2020-08-04 23:00:00,938.63,939.47,933.98,935.44,2428,400,0
2020-08-05 01:00:00,935.7,939.1,931.44,936.5,2909,2050,0
2020-08-05 02:00:00,936.51,938.69,931.67,934.47,2424,1350,0
2020-08-05 03:00:00,934.46,934.51,927.75,933.63,5047,2050,0
2020-08-05 04:00:00,933.64,935.05,928.91,929.06,5342,2180,0
2020-08-05 05:00:00,929.07,938.07,924.77,937.96,4058,2370,0
2020-08-05 06:00:00,937.94,938.11,935.35,937.5,2228,2540,0
2020-08-05 07:00:00,937.44,941.46,936.61,939.43,2805,2430,0
2020-08-05 08:00:00,939.5,945.68,938.53,941.89,3983,1180,0
2020-08-05 09:00:00,942.02,950.11,942.02,944.86,6080,1480,0
2020-08-05 10:00:00,945.0,957.64,942.05,952.54,7260,1040,0
2020-08-05 11:00:00,952.62,953.29,942.79,948.22,3949,1040,0
2020-08-05 12:00:00,948.19,956.03,947.15,955.43,3434,1590,0
2020-08-05 13:00:00,955.33,958.54,952.39,957.57,2750,450,0
2020-08-05 14:00:00,957.67,958.73,949.89,957.28,3066,720,0
2020-08-05 15:00:00,957.28,958.54,951.55,956.39,7264,2220,0
2020-08-05 16:00:00,956.4,969.58,955.8,965.12,12068,200,0
2020-08-05 17:00:00,965.14,978.82,961.77,969.95,11648,920,0
2020-08-05 18:00:00,969.94,981.15,967.27,967.33,9302,200,0
2020-08-05 19:00:00,967.33,972.64,957.46,962.84,11448,200,0
2020-08-05 20:00:00,962.85,966.65,960.12,965.13,7664,2700,0
2020-08-05 21:00:00,965.07,967.12,963.13,966.74,4415,3080,0
2020-08-05 22:00:00,966.99,971.76,964.96,967.73,4038,3360,0
2020-08-05 23:00:00,967.74,968.67,966.47,967.22,1926,2950,0
2020-08-06 01:00:00,967.72,974.98,967.56,971.71,1103,3920,0
2020-08-06 02:00:00,971.72,971.72,967.72,967.84,865,3990,0
2020-08-06 03:00:00,967.86,976.18,965.97,976.0,1667,4160,0
2020-08-06 04:00:00,975.98,980.36,973.04,974.52,3855,3270,0
2020-08-06 05:00:00,974.5,974.55,965.66,968.0,1881,3320,0
2020-08-06 06:00:00,967.98,970.27,966.43,970.13,1392,3430,0
2020-08-06 07:00:00,970.14,971.04,968.49,970.06,1317,3150,0
2020-08-06 08:00:00,970.02,979.98,969.83,979.06,3788,1970,0
2020-08-06 09:00:00,979.08,983.74,973.77,975.29,3133,700,0
2020-08-06 10:00:00,975.29,978.21,972.09,972.16,2391,220,0
2020-08-06 11:00:00,972.12,977.68,964.99,974.94,3048,210,0
2020-08-06 12:00:00,974.79,980.08,971.59,973.93,1914,1240,0
2020-08-06 13:00:00,973.95,976.16,965.76,968.54,2519,2130,0
2020-08-06 14:00:00,968.48,986.05,963.88,984.09,3254,760,0
2020-08-06 15:00:00,984.02,988.58,976.91,982.56,5607,1320,0
2020-08-06 16:00:00,982.33,992.06,976.85,988.29,6536,480,0
2020-08-06 17:00:00,988.19,992.29,974.55,981.0,8760,200,0
2020-08-06 18:00:00,980.95,982.11,967.96,978.77,7970,470,0
2020-08-06 19:00:00,978.8,985.9,977.93,984.07,6680,200,0
2020-08-06 20:00:00,984.12,990.63,980.51,988.28,4977,200,0
2020-08-06 21:00:00,988.27,993.86,985.0,993.66,2700,200,0
2020-08-06 22:00:00,993.57,999.86,989.34,997.58,3597,400,0
2020-08-06 23:00:00,997.54,999.86,993.73,995.57,1172,400,0
2020-08-07 01:00:00,992.84,1004.33,992.02,996.75,3907,3730,0
2020-08-07 02:00:00,996.78,1003.68,989.39,993.62,3749,3820,0
2020-08-07 03:00:00,993.8,1000.11,988.96,989.77,4711,400,0
2020-08-07 04:00:00,989.85,992.51,972.29,982.92,9409,3790,0
2020-08-07 05:00:00,982.84,984.65,972.71,975.28,2263,3930,0
2020-08-07 06:00:00,975.27,980.59,960.25,960.49,4330,3600,0
2020-08-07 07:00:00,960.8,969.38,954.46,965.28,4805,4160,0
2020-08-07 08:00:00,965.31,972.78,960.94,972.03,3053,3210,0
2020-08-07 09:00:00,972.05,978.1,965.95,968.64,4200,2870,0
2020-08-07 10:00:00,968.59,980.43,968.59,979.4,3582,2690,0
2020-08-07 11:00:00,979.67,979.69,972.85,975.13,2207,2430,0
2020-08-07 12:00:00,975.16,976.11,970.73,973.7,2287,2310,0
2020-08-07 13:00:00,973.32,976.19,970.97,974.74,2172,1870,0
2020-08-07 14:00:00,974.99,975.11,966.96,970.91,2204,1840,0
2020-08-07 15:00:00,970.81,985.55,961.54,980.57,8359,1390,0
2020-08-07 16:00:00,980.52,982.83,964.29,965.48,10555,1680,0
2020-08-07 17:00:00,965.5,965.5,945.03,954.57,13566,1320,0
2020-08-07 18:00:00,954.4,965.93,949.1,953.67,8367,2530,0
2020-08-07 19:00:00,953.66,957.42,950.54,951.2,6372,2160,0
2020-08-07 20:00:00,951.21,956.99,950.09,956.53,7713,2240,0
2020-08-07 21:00:00,956.51,961.99,954.69,959.3,5382,2560,0
2020-08-07 22:00:00,959.34,964.19,959.31,962.3,3526,2860,0
2020-08-07 23:00:00,962.13,963.04,957.79,958.78,886,400,0
2020-08-10 01:00:00,953.13,965.88,952.25,963.23,3201,3970,0
2020-08-10 02:00:00,963.21,968.51,963.21,965.79,2166,4030,0
2020-08-10 03:00:00,965.85,975.3,963.73,972.45,2878,3650,0
2020-08-10 04:00:00,972.38,974.05,969.08,971.98,6090,3930,0
2020-08-10 05:00:00,971.77,976.89,969.84,972.79,4015,3250,0
2020-08-10 06:00:00,972.8,972.8,969.58,971.98,2210,3390,0
2020-08-10 07:00:00,971.92,976.36,971.78,973.64,1667,3490,0
2020-08-10 08:00:00,973.65,977.44,971.8,977.01,3920,1550,0
2020-08-10 09:00:00,977.01,979.71,972.43,975.45,4694,850,0
2020-08-10 10:00:00,975.45,978.85,972.0,975.16,3848,200,0
2020-08-10 11:00:00,975.11,975.84,970.42,973.18,3651,2310,0
2020-08-10 12:00:00,973.21,975.5,971.3,973.19,2352,2670,0
2020-08-10 13:00:00,973.17,977.18,970.83,973.79,2236,2550,0
2020-08-10 14:00:00,974.0,976.83,971.36,976.23,2735,2670,0
2020-08-10 15:00:00,976.27,990.55,975.29,985.88,7877,200,0
2020-08-10 16:00:00,985.88,1000.5,978.57,998.7,11074,830,0
2020-08-10 17:00:00,998.07,1004.04,992.14,993.22,13070,720,0
2020-08-10 18:00:00,993.12,1000.93,989.34,994.26,10952,1660,0
2020-08-10 19:00:00,994.34,995.52,980.33,983.05,7814,2670,0
2020-08-10 20:00:00,982.81,991.25,980.34,991.04,6683,2670,0
2020-08-10 21:00:00,991.03,992.6,978.72,981.87,5709,2250,0
2020-08-10 22:00:00,981.83,985.8,980.79,984.11,4528,2590,0
2020-08-10 23:00:00,984.23,986.79,983.12,985.31,2016,2750,0
2020-08-11 01:00:00,977.46,986.34,976.84,982.09,1672,2870,0
2020-08-11 02:00:00,981.99,984.68,980.94,982.57,1593,3700,0
2020-08-11 03:00:00,982.45,982.94,973.75,976.72,3679,2570,0
2020-08-11 04:00:00,976.71,983.86,969.93,983.32,6684,3640,0
2020-08-11 05:00:00,983.29,985.37,978.29,980.39,4122,2730,0
2020-08-11 06:00:00,980.41,983.16,976.37,982.69,2469,2610,0
2020-08-11 07:00:00,982.71,983.8,977.97,980.67,2895,2820,0
2020-08-11 08:00:00,980.67,981.31,973.59,974.82,6031,2840,0
2020-08-11 09:00:00,975.2,976.29,957.61,970.91,10043,2270,0
2020-08-11 10:00:00,970.89,976.06,964.28,965.42,6596,2680,0
2020-08-11 11:00:00,965.49,967.74,957.3,963.81,6984,1400,0
2020-08-11 12:00:00,963.89,974.79,959.9,974.13,5708,1140,0
2020-08-11 13:00:00,974.11,975.97,970.9,974.17,4160,1740,0
2020-08-11 14:00:00,974.18,974.25,957.25,964.33,6947,210,0
2020-08-11 15:00:00,964.38,973.02,941.24,943.93,10897,570,0
2020-08-11 16:00:00,944.05,956.25,939.92,950.0,16702,200,0
2020-08-11 17:00:00,949.87,967.95,947.36,964.29,12682,2160,0
2020-08-11 18:00:00,964.31,969.42,955.37,959.56,9020,590,0
2020-08-11 19:00:00,959.73,965.14,955.42,955.57,4803,200,0
2020-08-11 20:00:00,955.6,958.16,939.12,944.07,11879,210,0
2020-08-11 21:00:00,944.1,949.55,930.29,943.17,9278,200,0
2020-08-11 22:00:00,943.24,946.85,935.13,935.82,9001,520,0
2020-08-11 23:00:00,935.78,937.22,931.9,932.59,5090,650,0
2020-08-12 01:00:00,922.78,947.67,918.46,944.15,3089,610,0
2020-08-12 02:00:00,944.13,944.67,927.24,929.68,3360,3600,0
2020-08-12 03:00:00,929.72,939.91,929.72,938.57,3070,4180,0
2020-08-12 04:00:00,938.56,938.85,924.27,924.81,4230,4020,0
2020-08-12 05:00:00,924.8,926.19,913.45,920.49,4675,4280,0
2020-08-12 06:00:00,920.45,924.9,918.43,922.61,2238,3310,0
2020-08-12 07:00:00,922.64,931.53,916.81,931.18,3863,1350,0
2020-08-12 08:00:00,931.17,933.96,922.86,925.07,2342,930,0
2020-08-12 09:00:00,925.0,946.65,924.75,942.4,3418,200,0
2020-08-12 10:00:00,942.5,952.78,942.05,952.03,3855,200,0
2020-08-12 11:00:00,951.96,960.53,933.99,940.37,5668,200,0
2020-08-12 12:00:00,940.42,946.0,936.03,943.36,4177,1010,0
2020-08-12 13:00:00,943.37,945.45,936.45,938.04,2739,470,0
2020-08-12 14:00:00,938.06,943.02,929.11,929.5,4422,890,0
2020-08-12 15:00:00,929.46,941.87,923.74,940.65,9270,200,0
2020-08-12 16:00:00,940.77,944.82,925.8,927.75,11215,200,0
2020-08-12 17:00:00,927.58,940.31,925.02,937.64,8468,200,0
2020-08-12 18:00:00,937.75,943.97,934.09,942.39,5246,2120,0
2020-08-12 19:00:00,942.16,948.34,942.0,945.72,5078,1850,0
2020-08-12 20:00:00,945.69,947.42,938.39,939.02,5349,1850,0
2020-08-12 21:00:00,939.07,942.0,933.67,934.56,3383,1340,0
2020-08-12 22:00:00,934.55,935.91,927.4,928.22,3949,1070,0
2020-08-12 23:00:00,928.19,935.48,927.66,931.94,2462,400,0
2020-08-13 01:00:00,930.83,934.39,929.45,929.9,1161,4080,0
2020-08-13 02:00:00,929.88,937.23,928.73,935.46,1409,2070,0
2020-08-13 03:00:00,935.48,942.16,932.38,938.81,2282,1520,0
2020-08-13 04:00:00,938.75,946.82,938.53,939.91,4341,1820,0
2020-08-13 05:00:00,939.96,943.43,937.7,942.63,2357,2000,0
2020-08-13 06:00:00,942.62,944.31,940.7,941.46,1730,1850,0
2020-08-13 07:00:00,941.46,941.93,935.49,938.14,2102,1930,0
2020-08-13 08:00:00,937.99,942.36,934.93,936.15,2551,2390,0
2020-08-13 09:00:00,936.2,941.87,935.88,938.77,2632,2890,0
2020-08-13 10:00:00,938.87,938.9,929.87,937.16,3747,2710,0
2020-08-13 11:00:00,937.1,945.53,933.2,942.98,3927,3530,0
2020-08-13 12:00:00,942.88,944.87,941.06,943.73,2577,3760,0
2020-08-13 13:00:00,943.76,949.77,942.55,949.49,2762,4040,0
2020-08-13 14:00:00,949.44,951.96,943.98,946.88,5640,500,0
2020-08-13 15:00:00,946.88,951.7,937.74,946.53,8734,500,0
2020-08-13 16:00:00,946.33,960.89,941.64,958.51,13113,500,0
2020-08-13 17:00:00,958.51,962.28,953.33,959.76,12326,580,0
2020-08-13 18:00:00,959.74,961.03,953.6,955.62,8945,500,0
2020-08-13 19:00:00,955.57,966.29,954.59,964.35,6352,500,0
2020-08-13 20:00:00,964.31,966.74,954.45,954.87,11955,6440,0
2020-08-13 21:00:00,954.88,961.1,941.59,947.42,11335,5620,0
2020-08-13 22:00:00,947.42,959.61,946.07,957.11,4592,560,0
2020-08-13 23:00:00,957.06,959.24,955.23,958.13,1365,3190,0
2020-08-14 01:00:00,950.08,962.83,950.08,959.22,1294,4500,0
2020-08-14 02:00:00,959.19,963.52,957.73,958.59,1471,4750,0
2020-08-14 03:00:00,958.58,959.95,954.09,954.12,2579,4550,0
2020-08-14 04:00:00,954.04,958.0,951.63,954.71,5431,4250,0
2020-08-14 05:00:00,954.67,960.14,952.8,956.01,3276,4290,0
2020-08-14 06:00:00,956.02,956.95,948.86,951.19,4006,4220,0
2020-08-14 07:00:00,951.35,956.22,950.89,954.32,1984,4270,0
2020-08-14 08:00:00,954.31,958.93,950.87,953.26,4190,4050,0
2020-08-14 09:00:00,953.15,954.83,944.65,945.18,7359,4040,0
2020-08-14 10:00:00,945.18,955.36,938.205,954.48,5003,500,0
2020-08-14 11:00:00,954.49,958.98,945.17,949.8,4078,530,0
2020-08-14 12:00:00,949.66,952.67,946.05,948.75,2548,3530,0
2020-08-14 13:00:00,948.67,952.16,946.23,949.91,2329,3100,0
2020-08-14 14:00:00,949.91,952.34,947.09,947.81,3013,2800,0
2020-08-14 15:00:00,947.82,958.67,945.77,955.03,6197,570,0
2020-08-14 16:00:00,955.03,965.86,951.38,958.58,11608,500,0
2020-08-14 17:00:00,958.88,962.59,953.8,954.91,10819,2190,0
2020-08-14 18:00:00,954.91,955.94,949.23,955.36,7845,2570,0
2020-08-14 19:00:00,955.56,955.63,942.36,942.93,7623,1560,0
2020-08-14 20:00:00,942.88,946.39,939.7,944.06,7393,3080,0
2020-08-14 21:00:00,944.09,946.85,942.71,944.96,3676,3210,0
2020-08-14 22:00:00,944.98,947.14,943.94,946.38,2486,3350,0
2020-08-14 23:00:00,946.4,947.64,942.68,942.68,853,3810,0
2020-08-17 01:00:00,943.31,954.25,943.19,950.63,1277,4510,0
2020-08-17 02:00:00,950.75,950.75,942.8,943.35,1927,5220,0
2020-08-17 03:00:00,943.29,948.14,938.91,944.6,3138,5220,0
2020-08-17 04:00:00,944.51,946.57,938.61,944.97,7983,3750,0
2020-08-17 05:00:00,944.97,952.49,944.03,950.92,3032,1460,0
2020-08-17 06:00:00,950.93,951.53,946.76,947.91,1441,1750,0
2020-08-17 07:00:00,947.92,954.22,947.44,952.66,1304,3330,0
2020-08-17 08:00:00,952.73,954.45,951.57,954.19,2801,3360,0
2020-08-17 09:00:00,954.03,959.47,953.74,958.47,3790,2540,0
2020-08-17 10:00:00,958.31,960.34,954.94,955.48,3221,3725,0
2020-08-17 11:00:00,955.34,956.84,951.04,954.52,3273,4460,0
2020-08-17 12:00:00,954.51,956.58,953.49,956.58,1983,2330,0
2020-08-17 13:00:00,956.62,959.46,954.75,957.84,1805,1860,0
2020-08-17 14:00:00,957.89,959.51,953.03,955.25,2114,1510,0
2020-08-17 15:00:00,955.33,959.27,946.79,947.38,4429,1230,0
2020-08-17 16:00:00,947.38,959.77,947.07,952.85,9187,1330,0
2020-08-17 17:00:00,952.98,957.25,948.4,950.66,7486,3690,0
2020-08-17 18:00:00,951.04,954.88,947.37,951.18,6251,1640,0
2020-08-17 19:00:00,951.36,955.52,947.89,952.1,4031,720,0
2020-08-17 20:00:00,952.07,957.62,950.45,951.18,4388,510,0
2020-08-17 21:00:00,951.18,951.94,949.27,950.98,1998,7660,0
2020-08-17 22:00:00,950.94,954.66,950.94,954.24,1638,5650,0
2020-08-17 23:00:00,954.32,958.05,951.18,951.51,955,500,0
2020-08-18 01:00:00,949.65,958.8,949.65,951.15,1105,1630,0
2020-08-18 02:00:00,951.14,956.97,949.47,955.52,1177,4285,0
2020-08-18 03:00:00,955.43,956.21,953.32,955.76,1204,4340,0
2020-08-18 04:00:00,955.72,963.54,955.67,962.23,4691,5480,0
2020-08-18 05:00:00,962.24,963.08,958.24,959.51,2937,3490,0
2020-08-18 06:00:00,959.74,961.24,957.49,960.99,2245,3460,0
2020-08-18 07:00:00,960.98,962.75,960.1,960.74,1501,5550,0
2020-08-18 08:00:00,960.73,965.78,960.17,964.55,2953,3870,0
2020-08-18 09:00:00,964.67,968.31,962.02,967.24,4413,4120,0
2020-08-18 10:00:00,967.22,968.11,963.58,965.39,3574,950,0
2020-08-18 11:00:00,965.31,970.74,964.7,967.72,2242,500,0
2020-08-18 12:00:00,967.78,973.17,967.64,971.48,1877,520,0
2020-08-18 13:00:00,971.48,972.69,965.785,968.26,2244,1340,0
2020-08-18 14:00:00,968.28,969.06,960.05,963.4,3254,3650,0
2020-08-18 15:00:00,963.41,972.27,963.32,966.82,5284,3330,0
2020-08-18 16:00:00,966.83,969.46,954.24,957.2,8691,2240,0
2020-08-18 17:00:00,957.28,959.93,942.22,952.13,13638,1975,0
2020-08-18 18:00:00,952.38,958.63,950.02,956.1,6897,2250,0
2020-08-18 19:00:00,956.06,961.6,954.11,959.95,5650,3190,0
2020-08-18 20:00:00,959.81,964.31,958.24,962.94,5032,3650,0
2020-08-18 21:00:00,962.95,964.47,961.53,963.75,2392,3650,0
2020-08-18 22:00:00,963.68,966.37,960.69,963.36,2744,3610,0
2020-08-18 23:00:00,963.37,963.5,958.16,958.95,903,4120,0
2020-08-19 01:00:00,954.17,963.07,954.17,962.83,774,5330,0
2020-08-19 02:00:00,962.81,963.54,959.99,963.31,1116,4070,0
2020-08-19 03:00:00,963.47,963.47,953.05,956.82,2196,4100,0
2020-08-19 04:00:00,956.81,962.09,952.77,954.04,2798,3990,0
2020-08-19 05:00:00,954.08,955.43,950.93,952.22,2158,4750,0
2020-08-19 06:00:00,952.28,957.1,951.41,954.17,1770,4320,0
2020-08-19 07:00:00,954.16,954.71,951.35,952.93,1462,4995,0
2020-08-19 08:00:00,952.9,953.97,946.86,949.23,2348,4480,0
2020-08-19 09:00:00,949.07,953.61,948.2,949.32,2624,3850,0
2020-08-19 10:00:00,949.37,952.75,944.62,948.53,2782,3725,0
2020-08-19 11:00:00,948.53,955.19,946.68,953.71,2130,3820,0
2020-08-19 12:00:00,953.7,953.95,944.86,945.36,2070,4090,0
2020-08-19 13:00:00,945.3,947.44,943.35,943.46,1842,4350,0
2020-08-19 14:00:00,945.39,945.98,939.46,943.1,2843,2500,0
2020-08-19 15:00:00,943.07,947.25,939.04,945.69,4430,870,0
2020-08-19 16:00:00,945.69,949.17,941.56,945.36,6335,1680,0
2020-08-19 17:00:00,945.36,953.51,937.19,937.9,6311,4160,0
2020-08-19 18:00:00,937.93,944.05,937.8,939.1,6037,4060,0
2020-08-19 19:00:00,939.15,944.13,936.81,942.89,3781,4290,0
2020-08-19 20:00:00,942.94,943.4,937.1,937.29,3238,4090,0
2020-08-19 21:00:00,937.3,945.24,928.69,933.93,8223,2970,0
2020-08-19 22:00:00,933.92,936.3,930.34,934.2,3530,1490,0
2020-08-19 23:00:00,934.19,934.23,927.24,930.56,1541,1840,0
2020-08-20 01:00:00,925.67,937.83,925.67,937.16,1703,2800,0
2020-08-20 02:00:00,937.18,937.18,928.22,929.55,1769,5330,0
2020-08-20 03:00:00,929.48,937.36,927.84,937.12,2552,5330,0
2020-08-20 04:00:00,937.17,939.13,925.03,936.24,4184,5070,0
2020-08-20 05:00:00,936.17,940.14,933.32,939.77,2112,5220,0
2020-08-20 06:00:00,939.74,943.41,937.34,940.83,2630,5330,0
2020-08-20 07:00:00,940.77,944.24,937.88,938.77,2061,5330,0
2020-08-20 08:00:00,938.79,941.32,927.57,935.98,2487,4530,0
2020-08-20 09:00:00,935.98,939.25,931.48,935.95,2779,3910,0
2020-08-20 10:00:00,935.94,938.11,929.24,930.53,2666,2130,0
2020-08-20 11:00:00,930.48,932.22,922.65,929.71,3514,2290,0
2020-08-20 12:00:00,929.66,930.82,924.33,927.26,2585,2840,0
2020-08-20 13:00:00,927.08,931.07,921.56,930.0,2241,2550,0
2020-08-20 14:00:00,930.0,935.23,926.85,933.79,2317,3160,0
2020-08-20 15:00:00,933.46,934.66,921.02,922.67,4999,2450,0
2020-08-20 16:00:00,922.63,923.89,904.5,907.85,7504,2570,0
2020-08-20 17:00:00,907.81,918.67,906.74,917.12,6482,2270,0
2020-08-20 18:00:00,917.22,919.84,912.69,917.46,4287,2990,0
2020-08-20 19:00:00,917.41,918.56,913.58,916.49,3272,3110,0
2020-08-20 20:00:00,916.52,918.21,911.9,912.14,3494,2450,0
2020-08-20 21:00:00,912.13,920.3,912.13,919.23,2829,2600,0
2020-08-20 22:00:00,919.28,922.22,918.47,921.29,2910,3040,0
2020-08-20 23:00:00,921.49,921.71,918.78,919.17,1017,3860,0
2020-08-21 01:00:00,913.72,922.68,913.72,921.27,919,3130,0
2020-08-21 02:00:00,921.25,924.2,921.09,924.04,874,3130,0
2020-08-21 03:00:00,923.92,926.69,917.18,924.83,1865,3130,0
2020-08-21 04:00:00,924.8,925.63,918.205,923.28,3817,5260,0
2020-08-21 05:00:00,923.37,925.04,921.9,924.38,1602,4235,0
2020-08-21 06:00:00,924.38,925.91,921.425,925.04,1054,4005,0
2020-08-21 07:00:00,925.05,925.34,921.17,923.59,1018,4980,0
2020-08-21 08:00:00,923.51,925.04,920.36,924.63,1386,2670,0
2020-08-21 09:00:00,924.99,925.05,918.27,922.42,2627,2270,0
2020-08-21 10:00:00,922.46,924.94,912.81,916.25,3106,3190,0
2020-08-21 11:00:00,916.09,916.12,905.93,909.63,2691,3300,0
2020-08-21 12:00:00,909.84,912.17,903.37,908.04,1839,2730,0
2020-08-21 13:00:00,904.78,908.55,899.22,905.15,1899,2440,0
2020-08-21 14:00:00,905.15,905.39,896.23,899.84,2710,2260,0
2020-08-21 15:00:00,899.91,912.86,893.16,912.69,6631,1790,0
2020-08-21 16:00:00,912.73,914.0,896.71,898.93,6426,520,0
2020-08-21 17:00:00,898.93,912.36,893.5,912.21,4670,500,0
2020-08-21 18:00:00,912.1,917.69,909.67,913.9,3672,500,0
2020-08-21 19:00:00,914.2,922.11,911.7,921.27,3435,910,0
2020-08-21 20:00:00,921.14,922.35,917.83,921.48,1774,500,0
2020-08-21 21:00:00,921.48,923.86,918.07,922.91,888,1100,0
2020-08-21 22:00:00,923.57,923.84,921.5,922.81,961,1660,0
2020-08-21 23:00:00,922.79,923.71,914.91,917.22,624,3350,0
2020-08-24 01:00:00,912.05,920.96,911.93,920.16,1170,4980,0
2020-08-24 02:00:00,920.2,920.69,916.17,916.54,653,4900,0
2020-08-24 03:00:00,916.54,917.62,911.87,917.33,1015,3640,0
2020-08-24 04:00:00,917.33,919.26,913.78,917.99,1977,3830,0
2020-08-24 05:00:00,917.99,919.41,916.96,917.42,860,4170,0
2020-08-24 06:00:00,917.39,917.81,913.54,913.56,733,4420,0
2020-08-24 07:00:00,913.57,918.74,913.32,917.51,600,3860,0
2020-08-24 08:00:00,917.46,919.52,915.78,919.52,1039,3720,0
2020-08-24 09:00:00,919.52,921.94,913.5,917.63,1463,510,0
2020-08-24 10:00:00,917.66,928.54,916.925,925.27,2144,540,0
2020-08-24 11:00:00,925.17,934.07,924.86,926.88,2021,520,0
2020-08-24 12:00:00,926.85,931.7,926.16,930.52,1355,1630,0
2020-08-24 13:00:00,930.5,933.24,928.72,931.29,1135,680,0
2020-08-24 14:00:00,931.24,936.87,930.66,934.7,1373,500,0
2020-08-24 15:00:00,934.7,938.47,925.38,928.7,3351,500,0
2020-08-24 16:00:00,928.7,934.06,925.33,925.94,2925,500,0
2020-08-24 17:00:00,925.79,932.99,922.0,923.36,2520,580,0
2020-08-24 18:00:00,923.42,925.38,918.18,920.94,2524,720,0
2020-08-24 19:00:00,920.94,921.76,915.16,917.81,2918,1110,0
2020-08-24 20:00:00,917.8,921.13,916.89,918.79,2553,1640,0
2020-08-24 21:00:00,918.8,919.0,914.61,916.67,1650,1670,0
2020-08-24 22:00:00,916.68,917.16,914.17,916.7,1099,1950,0
2020-08-24 23:00:00,917.34,918.18,916.2,918.09,628,2160,0
2020-08-25 01:00:00,912.7,918.48,912.7,918.36,530,3710,0
2020-08-25 02:00:00,918.36,920.9,917.85,920.19,526,2900,0
2020-08-25 03:00:00,920.12,925.72,917.26,925.165,1862,3720,0
2020-08-25 04:00:00,925.165,928.78,922.88,927.72,1488,3880,0
2020-08-25 05:00:00,927.72,928.41,925.76,928.29,814,3860,0
2020-08-25 06:00:00,928.31,929.07,927.07,928.1,681,4340,0
2020-08-25 07:00:00,928.1,929.21,926.32,926.47,766,3550,0
2020-08-25 08:00:00,926.49,926.81,924.34,925.8,1450,3880,0
2020-08-25 09:00:00,925.86,927.82,922.1,922.54,1420,2580,0
2020-08-25 10:00:00,922.52,927.82,920.69,927.58,1712,3050,0
2020-08-25 11:00:00,927.57,928.78,922.92,924.77,2360,2320,0
2020-08-25 12:00:00,924.77,928.77,924.13,925.31,1829,1880,0
2020-08-25 13:00:00,925.33,931.42,925.11,929.5,1542,1370,0
2020-08-25 14:00:00,929.5,932.09,927.96,929.26,2044,2420,0
2020-08-25 15:00:00,929.25,932.22,926.38,929.18,3401,1520,0
2020-08-25 16:00:00,929.18,935.03,921.5,921.5,4754,1340,0
2020-08-25 17:00:00,921.53,931.97,921.06,928.61,4759,2230,0
2020-08-25 18:00:00,928.33,930.89,924.12,930.46,3086,2040,0
2020-08-25 19:00:00,930.54,931.81,925.45,926.46,2367,2080,0
2020-08-25 20:00:00,926.66,927.46,923.37,924.99,2613,2630,0
2020-08-25 21:00:00,924.97,929.15,923.69,929.11,1722,3150,0
2020-08-25 22:00:00,929.12,930.29,927.93,929.84,1663,3120,0
2020-08-25 23:00:00,929.86,930.08,927.44,928.12,670,3110,0
2020-08-26 01:00:00,920.44,930.59,920.44,928.65,767,3630,0
2020-08-26 02:00:00,928.66,931.22,928.28,931.11,729,3510,0
2020-08-26 03:00:00,931.12,931.62,927.91,928.6,1335,4700,0
2020-08-26 04:00:00,928.62,929.88,926.88,928.48,2021,4700,0
2020-08-26 05:00:00,928.49,928.49,925.27,925.82,1052,3930,0
2020-08-26 06:00:00,925.82,927.78,924.76,925.98,451,2440,0
2020-08-26 07:00:00,925.98,927.33,922.95,923.44,504,3000,0
2020-08-26 08:00:00,923.44,925.45,920.09,921.28,995,2990,0
2020-08-26 09:00:00,921.16,924.26,918.1,923.01,1596,4010,0
2020-08-26 10:00:00,923.01,924.85,920.3,921.86,1752,2400,0
2020-08-26 11:00:00,921.81,923.9,918.88,923.01,1471,2290,0
2020-08-26 12:00:00,923.17,923.71,919.33,920.42,1170,2050,0
2020-08-26 13:00:00,920.42,921.94,919.2,919.54,903,560,0
2020-08-26 14:00:00,919.53,920.34,916.57,917.78,1228,580,0
2020-08-26 15:00:00,917.69,917.69,910.03,917.08,4356,2250,0
2020-08-26 16:00:00,917.08,930.22,915.48,929.13,5964,2110,0
2020-08-26 17:00:00,929.15,929.87,924.18,926.44,4654,2650,0
2020-08-26 18:00:00,926.39,934.78,926.27,930.19,3876,2470,0
2020-08-26 19:00:00,930.16,930.96,926.81,928.88,2544,2000,0
2020-08-26 20:00:00,928.87,932.41,928.8,931.2,2889,3210,0
2020-08-26 21:00:00,931.2,934.24,929.92,930.79,1485,1490,0
2020-08-26 22:00:00,930.72,935.23,930.0,934.44,1727,2820,0
2020-08-26 23:00:00,934.46,935.12,933.18,933.72,785,3340,0
2020-08-27 01:00:00,935.5,935.83,933.26,934.81,639,3420,0
2020-08-27 02:00:00,934.82,936.9,933.1,936.84,831,3000,0
2020-08-27 03:00:00,936.81,938.07,934.55,935.78,1340,2880,0
2020-08-27 04:00:00,935.78,936.73,931.58,931.88,1291,3650,0
2020-08-27 05:00:00,931.88,933.67,928.49,929.5,888,3410,0
2020-08-27 06:00:00,929.5,933.6,929.18,932.48,708,3400,0
2020-08-27 07:00:00,932.48,934.0,932.3,932.89,385,3440,0
2020-08-27 08:00:00,932.72,934.68,930.75,930.82,634,630,0
2020-08-27 09:00:00,930.8,934.43,929.41,931.73,1530,1240,0
2020-08-27 10:00:00,931.71,937.11,930.48,936.15,1782,1180,0
2020-08-27 11:00:00,936.15,937.45,934.335,935.2,1662,2090,0
2020-08-27 12:00:00,935.2,935.92,933.65,935.43,1422,2420,0
2020-08-27 13:00:00,935.47,936.38,929.8,931.84,1315,2210,0
2020-08-27 14:00:00,931.88,934.94,928.39,932.88,1404,790,0
2020-08-27 15:00:00,932.88,937.76,929.43,935.93,2648,510,0
2020-08-27 16:00:00,935.93,947.97,925.0,925.48,7917,500,0
2020-08-27 17:00:00,925.47,925.57,909.19,914.37,7193,1360,0
2020-08-27 18:00:00,914.31,924.32,910.61,922.98,5306,3080,0
2020-08-27 19:00:00,923.03,929.51,918.32,918.51,4814,2650,0
2020-08-27 20:00:00,918.47,922.27,917.84,921.55,3569,2900,0
2020-08-27 21:00:00,921.52,925.16,920.74,922.82,2067,3210,0
2020-08-27 22:00:00,922.83,924.78,921.97,924.62,1454,3480,0
2020-08-27 23:00:00,924.63,925.06,921.84,923.08,819,3450,0
2020-08-28 01:00:00,920.39,925.91,920.39,921.71,697,3800,0
2020-08-28 02:00:00,921.73,924.84,921.02,922.64,909,3450,0
2020-08-28 03:00:00,922.66,922.66,918.89,921.56,2225,3120,0
2020-08-28 04:00:00,921.56,928.03,919.52,927.39,2557,2620,0
2020-08-28 05:00:00,927.4,930.56,925.73,930.56,1905,2630,0
2020-08-28 06:00:00,930.58,934.05,929.24,933.29,1612,3270,0
2020-08-28 07:00:00,933.25,935.41,931.31,935.04,1271,2840,0
2020-08-28 08:00:00,935.03,935.69,929.56,929.91,1805,2910,0
2020-08-28 09:00:00,929.81,934.63,928.03,933.03,2059,2680,0
2020-08-28 10:00:00,933.11,936.085,927.52,930.19,2259,880,0
2020-08-28 11:00:00,930.3,934.55,926.55,931.94,2343,500,0
2020-08-28 12:00:00,931.94,935.22,929.75,931.84,1905,500,0
2020-08-28 13:00:00,931.84,934.88,929.71,934.57,1753,1170,0
2020-08-28 14:00:00,934.59,938.74,932.88,937.82,2402,2590,0
2020-08-28 15:00:00,937.91,941.29,932.54,934.27,4673,2900,0
2020-08-28 16:00:00,934.29,935.26,925.29,926.84,5981,3730,0
2020-08-28 17:00:00,926.89,930.39,922.75,927.09,5695,4620,0
2020-08-28 18:00:00,927.0,935.72,926.24,932.96,4313,4400,0
2020-08-28 19:00:00,932.9,936.14,931.7,932.73,3060,3840,0
2020-08-28 20:00:00,932.53,933.17,926.92,927.43,3302,3520,0
2020-08-28 21:00:00,927.45,930.22,927.03,928.36,2120,4570,0
2020-08-28 22:00:00,928.38,930.68,927.6,929.81,1403,5710,0
2020-08-28 23:00:00,929.8,929.8,924.73,924.76,356,6740,0
2020-08-31 01:00:00,929.33,939.08,929.32,937.18,1588,5570,0
2020-08-31 02:00:00,937.08,938.75,934.96,936.78,1642,3920,0
2020-08-31 03:00:00,936.81,938.63,934.74,935.18,2135,4280,0
2020-08-31 04:00:00,935.13,936.4,932.97,935.02,2931,3850,0
2020-08-31 05:00:00,935.13,938.77,933.85,937.73,1366,3550,0
2020-08-31 06:00:00,937.73,938.18,935.64,937.34,783,2860,0
2020-08-31 07:00:00,937.34,937.75,936.48,937.01,556,3060,0
2020-08-31 08:00:00,937.01,937.01,933.42,935.54,1103,2930,0
2020-08-31 09:00:00,935.59,936.84,931.37,933.74,1827,3350,0
2020-08-31 10:00:00,933.39,934.27,929.67,933.44,2287,1320,0
2020-08-31 11:00:00,933.47,936.65,932.19,936.1,2430,2120,0
2020-08-31 12:00:00,936.16,937.05,933.84,934.57,1866,2040,0
2020-08-31 13:00:00,934.54,934.66,931.32,933.93,1479,2230,0
2020-08-31 14:00:00,933.9,940.14,932.26,938.08,1725,1450,0
2020-08-31 15:00:00,938.02,938.44,923.88,930.75,3598,500,0
2020-08-31 16:00:00,930.89,937.04,929.75,934.9,4811,500,0
2020-08-31 17:00:00,934.88,941.3,934.33,935.74,5376,580,0
2020-08-31 18:00:00,935.72,937.98,933.32,934.59,4356,2040,0
2020-08-31 19:00:00,934.58,938.33,929.97,931.4,3590,2180,0
2020-08-31 20:00:00,931.39,934.14,930.13,932.87,2969,1890,0
2020-08-31 21:00:00,932.89,933.41,930.66,933.13,2509,2040,0
2020-08-31 22:00:00,933.1,933.91,931.01,931.05,2163,1890,0
2020-08-31 23:00:00,931.07,932.16,929.29,930.15,974,2490,0
2020-09-01 01:00:00,925.0,930.45,925.0,929.27,897,3670,0
2020-09-01 02:00:00,929.23,930.14,928.01,929.71,867,3900,0
2020-09-01 03:00:00,929.63,933.735,929.21,932.23,1382,3920,0
2020-09-01 04:00:00,932.22,938.545,932.19,937.385,2164,1230,0
2020-09-01 05:00:00,937.435,941.39,937.405,940.96,2294,1240,0
2020-09-01 06:00:00,940.96,943.405,937.82,942.605,2694,1205,0
2020-09-01 07:00:00,942.605,947.415,942.605,945.41,1956,760,0
2020-09-01 08:00:00,945.41,946.775,944.49,945.09,908,1880,0
2020-09-01 09:00:00,946.01,948.1,943.43,947.5,2061,500,0
2020-09-01 10:00:00,947.53,956.04,946.04,955.14,2718,500,0
2020-09-01 11:00:00,955.15,955.22,948.94,950.1,2783,2840,0
2020-09-01 12:00:00,950.08,950.91,948.29,949.26,2278,2830,0
2020-09-01 13:00:00,949.3,954.18,945.99,952.7,2545,2670,0
2020-09-01 14:00:00,952.69,955.58,952.14,953.3,2248,2310,0
2020-09-01 15:00:00,953.24,961.31,953.07,960.31,4300,2520,0
2020-09-01 16:00:00,960.3,961.94,948.38,948.69,5771,830,0
2020-09-01 17:00:00,948.72,950.91,943.71,950.1,7853,1770,0
2020-09-01 18:00:00,950.13,950.37,944.3,945.55,4201,1830,0
2020-09-01 19:00:00,945.53,947.37,944.07,945.54,5104,2130,0
2020-09-01 20:00:00,945.59,945.87,941.11,943.66,5930,2190,0
2020-09-01 21:00:00,943.64,945.22,939.59,939.81,3767,2300,0
2020-09-01 22:00:00,939.82,944.12,939.17,944.11,2921,2550,0
2020-09-01 23:00:00,944.13,944.58,942.65,943.92,1106,2680,0
2020-09-02 01:00:00,938.5,946.53,938.5,944.24,1152,3680,0
2020-09-02 02:00:00,944.1,946.09,943.42,945.65,1024,3940,0
2020-09-02 03:00:00,945.7,946.42,941.35,941.91,1943,3680,0
2020-09-02 04:00:00,941.86,942.56,934.7,936.89,2631,3850,0
2020-09-02 05:00:00,936.76,940.01,935.48,938.86,1793,4630,0
2020-09-02 06:00:00,938.85,939.27,936.1,938.35,1091,4610,0
2020-09-02 07:00:00,938.35,938.47,935.48,935.48,1283,4400,0
2020-09-02 08:00:00,935.5,938.43,934.62,936.47,2051,4750,0
2020-09-02 09:00:00,936.47,938.61,935.66,937.32,2421,4200,0
2020-09-02 10:00:00,937.21,938.78,928.62,933.14,3183,2550,0
2020-09-02 11:00:00,933.12,937.73,932.97,935.76,2965,3080,0
2020-09-02 12:00:00,936.01,940.65,934.78,940.64,2246,3060,0
2020-09-02 13:00:00,940.62,941.73,936.52,936.52,1665,2890,0
2020-09-02 14:00:00,936.53,937.92,928.75,933.15,3320,1140,0
2020-09-02 15:00:00,933.22,935.4,917.87,927.19,5416,500,0
2020-09-02 16:00:00,927.21,927.87,909.24,910.86,7210,730,0
2020-09-02 17:00:00,910.81,911.96,904.33,911.08,6872,1650,0
2020-09-02 18:00:00,911.07,911.55,903.02,905.13,4939,500,0
2020-09-02 19:00:00,905.13,906.26,897.05,901.44,4923,880,0
2020-09-02 20:00:00,901.48,906.41,898.63,902.78,4326,2360,0
2020-09-02 21:00:00,902.76,907.74,901.75,907.16,2851,2430,0
2020-09-02 22:00:00,907.15,909.73,906.42,909.53,2863,2520,0
2020-09-02 23:00:00,909.48,909.72,907.24,907.53,1147,3020,0
2020-09-03 01:00:00,897.34,907.15,897.34,902.47,1141,3490,0
2020-09-03 02:00:00,902.63,910.36,901.64,909.36,1415,2820,0
2020-09-03 03:00:00,909.35,911.19,907.61,907.97,1785,3190,0
2020-09-03 04:00:00,908.01,912.06,903.35,911.46,2637,3400,0
2020-09-03 05:00:00,911.49,916.96,909.8,912.44,2402,3760,0
2020-09-03 06:00:00,912.45,913.37,910.66,911.54,1768,4040,0
2020-09-03 07:00:00,911.55,912.71,909.11,909.26,1516,3680,0
2020-09-03 08:00:00,909.26,910.67,902.39,902.78,2954,3260,0
2020-09-03 09:00:00,902.78,905.75,899.51,901.74,2434,2770,0
2020-09-03 10:00:00,901.57,911.9,900.38,910.19,2384,2840,0
2020-09-03 11:00:00,910.17,916.41,906.45,913.32,2007,1360,0
2020-09-03 12:00:00,913.31,914.56,909.435,910.15,1459,500,0
2020-09-03 13:00:00,910.15,914.06,907.92,908.28,1340,500,0
2020-09-03 14:00:00,908.28,909.28,900.18,903.57,2354,500,0
2020-09-03 15:00:00,903.46,908.15,898.76,902.75,4522,2320,0
2020-09-03 16:00:00,902.72,910.7,899.02,907.87,4836,920,0
2020-09-03 17:00:00,907.88,912.21,900.04,904.47,7017,500,0
2020-09-03 18:00:00,904.21,906.45,885.27,896.82,7761,500,0
2020-09-03 19:00:00,896.83,901.1,891.72,891.97,5601,1740,0
2020-09-03 20:00:00,891.99,893.86,888.74,893.67,4750,2220,0
2020-09-03 21:00:00,893.6,897.39,892.32,894.54,3342,2490,0
2020-09-03 22:00:00,894.55,894.84,890.03,890.62,3687,2240,0
2020-09-03 23:00:00,890.6,892.4,889.27,890.3,1245,2520,0
2020-09-04 01:00:00,885.57,892.29,885.57,888.33,954,2930,0
2020-09-04 02:00:00,888.27,891.0,887.97,889.24,1330,3060,0
2020-09-04 03:00:00,889.28,897.52,888.77,894.82,2665,3490,0
2020-09-04 04:00:00,894.83,897.68,892.66,896.82,2931,4360,0
2020-09-04 05:00:00,896.81,899.35,893.79,893.95,1934,4290,0
2020-09-04 06:00:00,893.96,898.41,892.75,895.72,1288,4330,0
2020-09-04 07:00:00,895.72,897.64,894.23,896.15,726,4040,0
2020-09-04 08:00:00,895.98,896.37,892.06,893.56,1504,3810,0
2020-09-04 09:00:00,893.56,897.8,891.11,897.1,2476,2950,0
2020-09-04 10:00:00,896.88,907.42,895.19,903.92,3039,750,0
2020-09-04 11:00:00,903.91,906.93,901.29,905.19,1940,1750,0
2020-09-04 12:00:00,905.24,914.565,904.91,909.55,1638,500,0
2020-09-04 13:00:00,909.47,912.17,906.76,907.45,1314,500,0
2020-09-04 14:00:00,907.405,909.22,904.46,908.63,1919,690,0
2020-09-04 15:00:00,908.68,910.85,900.79,900.95,4880,600,0
2020-09-04 16:00:00,901.09,908.53,897.4,902.78,6408,2170,0
2020-09-04 17:00:00,902.78,907.94,895.45,900.51,7668,2280,0
2020-09-04 18:00:00,900.51,900.97,892.24,896.58,6021,1530,0
2020-09-04 19:00:00,896.58,905.33,893.52,900.72,4910,900,0
2020-09-04 20:00:00,900.73,902.62,896.29,902.27,3848,3070,0
2020-09-04 21:00:00,902.28,908.22,899.99,907.78,3517,3920,0
2020-09-04 22:00:00,907.8,908.55,898.97,904.87,2596,520,0
2020-09-04 23:00:00,904.31,904.41,902.65,903.4,481,500,0
2020-09-07 01:00:00,897.38,902.58,896.38,898.01,1032,500,0
2020-09-07 02:00:00,898.05,903.39,898.01,900.865,929,500,0
2020-09-07 03:00:00,900.865,903.03,899.83,900.91,1094,1640,0
2020-09-07 04:00:00,900.91,906.34,898.645,905.97,1894,4260,0
2020-09-07 05:00:00,906.02,906.88,902.02,904.66,1145,3940,0
2020-09-07 06:00:00,904.66,905.29,902.57,903.59,697,4270,0
2020-09-07 07:00:00,903.59,903.78,902.23,902.42,745,4070,0
2020-09-07 08:00:00,902.52,903.73,899.11,899.55,1699,4540,0
2020-09-07 09:00:00,899.6,902.59,898.87,900.56,1828,4300,0
2020-09-07 10:00:00,900.61,904.97,900.0,903.49,2087,2560,0
2020-09-07 11:00:00,903.49,905.37,901.07,903.96,1126,2320,0
2020-09-07 12:00:00,903.95,904.1,899.91,901.18,1312,2440,0
2020-09-07 13:00:00,901.2,902.52,900.03,900.06,1483,2100,0
2020-09-07 14:00:00,900.07,901.17,898.78,899.21,1323,2280,0
2020-09-07 15:00:00,899.27,902.71,898.17,901.67,1537,1470,0
2020-09-07 16:00:00,901.49,901.97,898.51,900.31,2590,1490,0
2020-09-07 17:00:00,900.36,905.87,899.45,903.85,2458,1930,0
2020-09-07 18:00:00,903.65,907.34,903.63,906.7,1705,2330,0
2020-09-07 19:00:00,906.68,908.41,906.09,906.97,1116,1950,0
2020-09-08 01:00:00,908.29,910.61,907.51,910.37,664,3880,0
2020-09-08 02:00:00,910.16,910.65,907.66,909.51,837,1800,0
2020-09-08 03:00:00,909.49,911.35,908.45,908.95,731,1630,0
2020-09-08 04:00:00,908.975,909.26,905.54,907.28,1058,1965,0
2020-09-08 05:00:00,907.29,909.99,907.19,908.72,957,3170,0
2020-09-08 06:00:00,908.69,909.02,906.02,909.02,1177,3360,0
2020-09-08 07:00:00,908.97,910.72,908.46,908.5,530,3370,0
2020-09-08 08:00:00,908.5,913.93,908.35,913.79,969,2610,0
2020-09-08 09:00:00,913.79,914.99,911.14,913.67,1852,2810,0
2020-09-08 10:00:00,913.7,918.38,912.2,915.94,2013,3100,0
2020-09-08 11:00:00,916.25,917.15,907.39,907.48,2148,3000,0
2020-09-08 12:00:00,907.52,908.82,899.77,899.77,2440,2440,0
2020-09-08 13:00:00,899.77,902.07,895.92,899.18,2952,2250,0
2020-09-08 14:00:00,899.07,901.09,891.78,899.51,3978,1420,0
2020-09-08 15:00:00,899.57,904.41,895.86,900.33,5064,1980,0
2020-09-08 16:00:00,900.33,903.97,892.2,903.13,7817,1230,0
2020-09-08 17:00:00,903.01,914.72,901.25,903.93,7268,1990,0
2020-09-08 18:00:00,904.0,912.78,901.46,908.18,4313,2260,0
2020-09-08 19:00:00,908.23,914.08,907.29,911.65,4808,2560,0
2020-09-08 20:00:00,911.62,911.81,906.53,910.41,3800,2490,0
2020-09-08 21:00:00,910.52,910.68,902.3,903.03,2369,2870,0
2020-09-08 22:00:00,902.82,903.59,900.29,900.29,1823,3090,0
2020-09-08 23:00:00,900.29,902.34,899.63,900.15,1319,2990,0
2020-09-09 01:00:00,899.85,900.16,896.69,899.29,951,3330,0
2020-09-09 02:00:00,899.27,902.33,897.95,902.17,841,3480,0
2020-09-09 03:00:00,902.21,904.99,901.18,903.61,1888,3150,0
2020-09-09 04:00:00,903.57,904.04,897.13,902.92,2050,3750,0
2020-09-09 05:00:00,902.95,903.53,899.38,901.83,755,3130,0
2020-09-09 06:00:00,901.83,902.54,900.73,902.29,369,4730,0
2020-09-09 07:00:00,902.29,903.88,901.565,903.22,586,3160,0
2020-09-09 08:00:00,903.2,905.71,900.75,900.91,1302,2910,0
2020-09-09 09:00:00,900.8,902.56,898.13,898.15,1320,2680,0
2020-09-09 10:00:00,898.2,909.85,898.2,905.42,2577,3400,0
2020-09-09 11:00:00,905.45,910.67,902.92,906.36,2322,3390,0
2020-09-09 12:00:00,906.52,908.93,905.22,908.16,2020,3400,0
2020-09-09 13:00:00,908.2,908.2,903.37,903.52,1853,3090,0
2020-09-09 14:00:00,903.52,906.55,901.56,906.04,2009,2670,0
2020-09-09 15:00:00,906.01,917.41,905.15,915.51,3709,1350,0
2020-09-09 16:00:00,915.41,924.76,913.15,922.4,5940,540,0
2020-09-09 17:00:00,922.29,924.46,913.71,921.76,4972,500,0
2020-09-09 18:00:00,921.76,923.33,914.5,917.07,2743,500,0
2020-09-09 19:00:00,917.07,923.27,917.07,922.67,1374,600,0
2020-09-09 20:00:00,922.65,923.22,918.24,920.0,1769,880,0
2020-09-09 21:00:00,920.0,924.43,919.86,923.77,941,1250,0
2020-09-09 22:00:00,923.77,924.44,921.7,922.69,1578,1150,0
2020-09-09 23:00:00,922.69,922.77,920.26,920.74,810,1380,0
2020-09-10 01:00:00,906.94,920.85,906.94,920.1,517,3010,0
2020-09-10 02:00:00,920.2,923.2,920.19,921.85,596,2730,0
2020-09-10 03:00:00,921.79,921.92,917.565,918.985,669,2670,0
2020-09-10 04:00:00,919.065,921.93,917.34,918.43,968,3450,0
2020-09-10 05:00:00,918.43,921.6,916.56,921.39,610,2850,0
2020-09-10 06:00:00,921.39,921.47,917.35,919.62,652,2530,0
2020-09-10 07:00:00,919.62,919.97,917.77,919.57,631,1260,0
2020-09-10 08:00:00,919.28,927.9,919.07,927.55,1000,1090,0
2020-09-10 09:00:00,927.62,929.59,923.45,924.78,1715,570,0
2020-09-10 10:00:00,924.78,924.78,921.06,921.7,2218,1690,0
2020-09-10 11:00:00,921.72,923.96,919.41,922.63,2164,2800,0
2020-09-10 12:00:00,922.59,924.07,920.77,923.79,1649,2860,0
2020-09-10 13:00:00,923.78,924.75,920.09,920.85,1759,2570,0
2020-09-10 14:00:00,920.83,923.64,918.6,921.95,2190,2940,0
2020-09-10 15:00:00,921.98,931.34,920.96,930.12,5142,2540,0
2020-09-10 16:00:00,930.08,936.49,929.16,933.25,5269,1750,0
2020-09-10 17:00:00,933.25,939.18,928.85,929.96,4695,1460,0
2020-09-10 18:00:00,930.01,942.88,928.06,938.85,4817,1020,0
2020-09-10 19:00:00,938.97,941.28,933.38,936.39,4731,2110,0
2020-09-10 20:00:00,936.38,938.94,933.58,933.94,3356,2450,0
2020-09-10 21:00:00,933.79,934.48,926.88,930.2,4378,2520,0
2020-09-10 22:00:00,930.19,930.34,922.98,924.83,3917,3400,0
2020-09-10 23:00:00,924.82,928.66,924.59,928.15,1004,3240,0
2020-09-11 01:00:00,916.55,928.66,916.55,928.02,884,3080,0
2020-09-11 02:00:00,928.03,928.6,925.03,925.47,1082,2390,0
2020-09-11 03:00:00,925.5,929.6,923.85,928.66,2137,2940,0
2020-09-11 04:00:00,928.64,930.27,926.44,927.58,3537,3510,0
2020-09-11 05:00:00,927.61,929.44,923.14,924.96,2338,3600,0
2020-09-11 06:00:00,924.94,925.98,923.2,925.28,1717,3860,0
2020-09-11 07:00:00,925.33,926.38,923.8,924.63,660,3680,0
2020-09-11 08:00:00,924.63,928.9,924.01,928.54,1770,2790,0
2020-09-11 09:00:00,928.49,929.7,926.53,929.25,2171,2080,0
2020-09-11 10:00:00,929.33,929.75,924.14,925.29,3202,1760,0
2020-09-11 11:00:00,925.32,930.44,925.25,930.44,2271,1680,0
2020-09-11 12:00:00,930.44,934.9,930.42,934.62,1822,2850,0
2020-09-11 13:00:00,934.65,935.26,929.41,930.82,1507,3860,0
2020-09-11 14:00:00,930.83,935.53,929.75,932.46,2471,3460,0
2020-09-11 15:00:00,932.46,935.76,930.3,932.9,3806,2520,0
2020-09-11 16:00:00,932.81,942.505,929.08,938.15,4931,860,0
2020-09-11 17:00:00,938.03,944.22,935.99,937.55,6332,780,0
2020-09-11 18:00:00,937.55,940.99,934.02,935.36,3539,1540,0
2020-09-11 19:00:00,935.36,938.38,931.55,931.86,2441,1790,0
2020-09-11 20:00:00,931.78,935.61,926.59,927.5,5805,2470,0
2020-09-11 21:00:00,927.51,930.83,926.53,929.05,3400,3210,0
2020-09-11 22:00:00,928.99,930.21,926.94,928.58,3193,3270,0
2020-09-11 23:00:00,928.56,929.3,926.02,926.05,704,3750,0
2020-09-14 01:00:00,924.04,936.08,923.37,934.38,1594,3710,0
2020-09-14 02:00:00,934.29,934.81,932.58,934.71,1315,3500,0
2020-09-14 03:00:00,934.69,936.36,930.65,932.81,1512,3025,0
2020-09-14 04:00:00,932.835,941.86,932.81,940.49,1176,2920,0
2020-09-14 05:00:00,940.49,943.72,939.68,941.72,802,2310,0
2020-09-14 06:00:00,941.73,943.89,939.33,939.58,1150,1170,0
2020-09-14 07:00:00,939.61,940.0,937.5,937.58,902,2140,0
2020-09-14 08:00:00,937.63,941.55,936.99,941.14,1317,2810,0
2020-09-14 09:00:00,941.13,941.58,937.07,938.68,2790,3210,0
2020-09-14 10:00:00,938.69,941.7,937.88,939.45,3672,3020,0
2020-09-14 11:00:00,939.53,941.87,937.07,938.85,2717,2400,0
2020-09-14 12:00:00,938.82,938.87,933.37,934.62,2206,3400,0
2020-09-14 13:00:00,934.6,939.41,934.51,938.81,2485,3060,0
2020-09-14 14:00:00,938.87,939.21,935.68,937.44,2586,3040,0
2020-09-14 15:00:00,937.41,947.54,937.37,947.29,4752,690,0
2020-09-14 16:00:00,947.29,954.73,947.29,953.28,6582,2270,0
2020-09-14 17:00:00,953.36,957.0,951.3,956.98,5986,2620,0
2020-09-14 18:00:00,956.98,958.79,954.53,955.19,4528,2120,0
2020-09-14 19:00:00,955.21,956.99,949.09,952.08,3734,2700,0
2020-09-14 20:00:00,952.14,954.25,950.16,952.36,3062,2580,0
2020-09-14 21:00:00,952.34,957.69,951.08,956.86,3411,2960,0
2020-09-14 22:00:00,956.84,957.2,955.55,956.35,3376,2810,0
2020-09-14 23:00:00,956.36,957.1,955.4,955.75,1096,2990,0
2020-09-15 01:00:00,944.37,957.77,944.37,957.62,645,3470,0
2020-09-15 02:00:00,957.61,958.73,954.44,957.99,699,3420,0
2020-09-15 03:00:00,958.05,958.93,955.76,957.49,1368,3460,0
2020-09-15 04:00:00,957.48,963.81,957.48,963.26,3210,1600,0
2020-09-15 05:00:00,963.31,964.2,958.49,960.0,2736,2340,0
2020-09-15 06:00:00,960.01,961.09,958.3,958.31,2024,3280,0
2020-09-15 07:00:00,958.33,961.87,957.75,961.85,1325,3300,0
2020-09-15 08:00:00,961.77,963.47,960.13,963.47,1878,2920,0
2020-09-15 09:00:00,963.52,965.49,961.16,964.01,2105,1320,0
2020-09-15 10:00:00,964.05,965.12,961.2,964.36,2979,1610,0
2020-09-15 11:00:00,964.24,965.61,962.14,963.07,2017,1940,0
2020-09-15 12:00:00,963.01,965.29,960.05,961.65,1568,2410,0
2020-09-15 13:00:00,961.65,967.43,961.41,967.3,2659,2670,0
2020-09-15 14:00:00,967.26,969.98,964.71,968.98,3244,2820,0
2020-09-15 15:00:00,969.04,974.62,968.85,972.48,5016,2270,0
2020-09-15 16:00:00,972.48,972.48,959.9,962.8,7573,2270,0
2020-09-15 17:00:00,962.9,963.11,955.97,960.36,7967,2720,0
2020-09-15 18:00:00,960.2,964.64,958.63,964.5,5175,2590,0
2020-09-15 19:00:00,964.51,971.93,964.51,971.79,4100,2460,0
2020-09-15 20:00:00,971.82,976.24,970.8,973.41,3717,1720,0
2020-09-15 21:00:00,973.41,976.35,973.035,975.77,2342,2020,0
2020-09-15 22:00:00,975.72,975.77,968.865,971.21,2620,2160,0
2020-09-15 23:00:00,971.23,972.17,970.37,970.72,775,2610,0
2020-09-16 01:00:00,962.7,970.97,962.7,970.07,459,3120,0
2020-09-16 02:00:00,970.07,970.39,965.61,967.84,492,2470,0
2020-09-16 03:00:00,967.84,970.11,964.39,965.935,1357,2490,0
2020-09-16 04:00:00,965.965,970.55,962.41,970.32,2998,2530,0
2020-09-16 05:00:00,970.34,974.52,969.31,972.83,2116,2790,0
2020-09-16 06:00:00,972.77,973.82,971.73,971.95,1572,4060,0
2020-09-16 07:00:00,972.02,973.49,971.31,972.72,945,4080,0
2020-09-16 08:00:00,972.75,974.48,971.65,972.02,1823,3220,0
2020-09-16 09:00:00,971.93,974.74,970.94,974.66,2282,3900,0
2020-09-16 10:00:00,974.57,980.6,974.29,979.59,2228,1860,0
2020-09-16 11:00:00,979.61,981.7,974.36,975.23,2791,2540,0
2020-09-16 12:00:00,975.24,980.98,975.17,979.0,2155,970,0
2020-09-16 13:00:00,979.0,981.04,977.505,978.43,2439,630,0
2020-09-16 14:00:00,978.4,978.73,969.42,973.63,2255,1330,0
2020-09-16 15:00:00,973.63,977.26,967.38,972.49,4287,860,0
2020-09-16 16:00:00,972.58,976.33,968.5,970.06,6420,2110,0
2020-09-16 17:00:00,970.05,975.64,968.79,974.9,5856,2680,0
2020-09-16 18:00:00,974.95,979.44,974.13,978.5,3543,1530,0
2020-09-16 19:00:00,978.55,979.72,968.78,969.24,3624,2500,0
2020-09-16 20:00:00,969.27,972.03,964.61,964.94,4032,500,0
2020-09-16 21:00:00,964.93,973.66,963.08,966.79,9856,3420,0
2020-09-16 22:00:00,966.88,970.07,960.73,967.7,4787,4460,0
2020-09-16 23:00:00,967.68,972.57,966.83,970.85,1432,3820,0
2020-09-17 01:00:00,970.78,971.9,968.22,971.86,719,3070,0
2020-09-17 02:00:00,971.88,972.03,967.63,968.03,1027,1560,0
2020-09-17 03:00:00,968.04,968.74,950.15,958.25,2908,2210,0
2020-09-17 04:00:00,958.29,961.79,948.84,949.68,4511,3380,0
2020-09-17 05:00:00,949.69,952.03,947.45,950.72,2741,3600,0
2020-09-17 06:00:00,950.69,950.69,936.88,942.14,4022,4100,0
2020-09-17 07:00:00,942.13,946.68,941.67,944.58,1965,3280,0
2020-09-17 08:00:00,944.54,950.73,943.73,946.8,2794,3700,0
2020-09-17 09:00:00,946.92,949.54,941.0,946.37,3951,2520,0
2020-09-17 10:00:00,946.38,949.47,943.98,947.47,4842,1590,0
2020-09-17 11:00:00,947.52,952.85,946.47,950.25,3001,2250,0
2020-09-17 12:00:00,950.25,951.26,943.81,948.415,2959,2740,0
2020-09-17 13:00:00,948.415,948.85,945.175,945.6,1983,2890,0
2020-09-17 14:00:00,945.58,949.54,944.2,948.59,3579,2550,0
2020-09-17 15:00:00,948.24,948.36,938.35,940.74,5284,2090,0
2020-09-17 16:00:00,940.74,941.28,928.4,937.04,10793,910,0
2020-09-17 17:00:00,936.99,941.2,929.16,937.05,10807,520,0
2020-09-17 18:00:00,937.13,941.51,924.29,930.36,8649,540,0
2020-09-17 19:00:00,930.34,931.59,921.95,929.33,7192,500,0
2020-09-17 20:00:00,929.33,936.84,923.98,936.32,5252,500,0
2020-09-17 21:00:00,936.36,939.48,933.96,934.96,3810,800,0
2020-09-17 22:00:00,934.99,940.0,929.91,935.68,3680,900,0
2020-09-17 23:00:00,935.66,940.26,935.065,938.89,1570,2450,0
2020-09-18 01:00:00,919.92,940.67,919.92,938.9,1013,2320,0
2020-09-18 02:00:00,938.91,939.73,936.88,937.25,1276,2700,0
2020-09-18 03:00:00,937.25,942.06,936.63,939.17,2486,2730,0
2020-09-18 04:00:00,939.17,943.8,935.9,939.66,3719,2970,0
2020-09-18 05:00:00,939.59,942.0,936.13,941.94,2270,2540,0
2020-09-18 06:00:00,941.93,944.54,937.79,941.53,1924,920,0
2020-09-18 07:00:00,941.53,943.57,940.93,942.31,1218,2410,0
2020-09-18 08:00:00,942.26,943.08,939.69,940.15,2375,2620,0
2020-09-18 09:00:00,940.01,945.05,940.0,942.74,3721,500,0
2020-09-18 10:00:00,942.8,945.11,939.84,941.08,3710,2320,0
2020-09-18 11:00:00,941.07,945.77,937.78,943.64,3130,3000,0
2020-09-18 12:00:00,943.59,947.81,942.34,945.91,2884,2600,0
2020-09-18 13:00:00,945.94,946.14,941.7,942.23,2531,2050,0
2020-09-18 14:00:00,942.25,945.28,937.705,941.14,3498,1960,0
2020-09-18 15:00:00,941.14,942.055,934.55,937.57,4986,1650,0
2020-09-18 16:00:00,937.72,938.25,929.75,930.54,7800,1420,0
2020-09-18 17:00:00,930.55,937.38,930.53,932.59,7637,640,0
2020-09-18 18:00:00,932.59,936.48,928.96,935.7,7067,500,0
2020-09-18 19:00:00,935.7,938.6,931.59,938.55,7541,500,0
2020-09-18 20:00:00,938.55,939.15,929.27,932.64,7631,1220,0
2020-09-18 21:00:00,932.67,935.94,929.07,933.89,5156,500,0
2020-09-18 22:00:00,933.9,934.2,928.57,932.83,2756,500,0
2020-09-18 23:00:00,932.84,933.37,911.04,928.05,597,500,0
2020-09-21 01:00:00,929.58,932.25,924.68,932.09,1881,3530,0
2020-09-21 02:00:00,932.15,934.27,931.39,932.87,1567,2700,0
2020-09-21 03:00:00,932.86,940.0,932.17,938.43,2621,2520,0
2020-09-21 04:00:00,938.37,942.68,935.78,935.85,3642,3650,0
2020-09-21 05:00:00,935.87,941.24,935.73,940.06,2537,3830,0
2020-09-21 06:00:00,940.04,940.34,937.79,939.52,1887,4020,0
2020-09-21 07:00:00,939.58,940.43,938.05,938.11,1253,3320,0
2020-09-21 08:00:00,937.96,939.53,935.51,937.99,2772,3250,0
2020-09-21 09:00:00,938.04,942.62,935.7,942.47,3488,1910,0
2020-09-21 10:00:00,942.49,943.67,931.85,932.2,5370,1960,0
2020-09-21 11:00:00,932.02,933.52,920.66,923.38,5903,3100,0
2020-09-21 12:00:00,923.48,928.61,919.37,921.88,5610,1570,0
2020-09-21 13:00:00,922.02,924.81,918.44,922.86,4696,1300,0
2020-09-21 14:00:00,922.86,924.8,919.8,924.75,3899,2080,0
2020-09-21 15:00:00,924.66,925.58,906.63,907.96,7668,1790,0
2020-09-21 16:00:00,908.12,909.74,896.88,897.07,12651,2930,0
2020-09-21 17:00:00,896.98,899.11,865.51,875.57,17892,2630,0
2020-09-21 18:00:00,875.87,880.74,857.82,871.69,13522,2310,0
2020-09-21 19:00:00,871.66,878.67,871.18,876.02,9213,2930,0
2020-09-21 20:00:00,876.0,883.0,875.0,882.41,6690,3010,0
2020-09-21 21:00:00,882.38,882.73,877.74,880.99,4583,2380,0
2020-09-21 22:00:00,880.99,887.21,880.85,886.76,4277,2610,0
2020-09-21 23:00:00,886.79,888.36,885.98,886.2,1660,3040,0
2020-09-22 01:00:00,883.8,886.87,883.14,884.68,1193,3330,0
2020-09-22 02:00:00,884.66,890.49,884.4,890.34,1398,2760,0
2020-09-22 03:00:00,890.32,891.33,885.84,887.66,3519,2310,0
2020-09-22 04:00:00,887.71,889.06,879.25,880.78,6440,2530,0
2020-09-22 05:00:00,880.78,887.91,879.06,887.76,3286,2030,0
2020-09-22 06:00:00,887.78,896.38,887.35,894.19,2157,630,0
2020-09-22 07:00:00,894.19,895.69,891.02,894.32,1781,2510,0
2020-09-22 08:00:00,894.28,894.46,885.24,885.9,2823,3010,0
2020-09-22 09:00:00,885.88,889.81,879.76,887.06,6104,2180,0
2020-09-22 10:00:00,887.04,891.85,879.26,883.2,6376,2830,0
2020-09-22 11:00:00,882.96,890.42,882.92,887.15,5191,2070,0
2020-09-22 12:00:00,887.28,893.16,887.09,891.17,3566,1460,0
2020-09-22 13:00:00,891.15,894.78,887.27,893.61,3410,1770,0
2020-09-22 14:00:00,893.68,893.74,881.83,883.38,4457,2130,0
2020-09-22 15:00:00,883.39,887.26,881.3,881.76,6398,620,0
2020-09-22 16:00:00,881.73,885.81,872.74,874.15,9942,550,0
2020-09-22 17:00:00,874.17,879.4,871.11,871.26,10791,980,0
2020-09-22 18:00:00,871.22,876.59,864.71,866.09,9383,680,0
2020-09-22 19:00:00,866.09,871.03,863.54,866.53,6469,500,0
2020-09-22 20:00:00,866.49,871.62,863.69,869.45,5341,500,0
2020-09-22 21:00:00,869.43,871.15,868.07,870.14,3842,1910,0
2020-09-22 22:00:00,870.15,870.74,868.5,870.32,3321,1890,0
2020-09-22 23:00:00,870.35,870.55,869.23,869.31,973,2090,0
2020-09-23 01:00:00,853.3,869.14,853.3,865.65,1472,2580,0
2020-09-23 02:00:00,865.65,877.32,864.94,877.08,1902,2510,0
2020-09-23 03:00:00,877.08,879.17,870.68,872.27,3999,2890,0
2020-09-23 04:00:00,872.06,876.97,870.66,875.15,5134,2920,0
2020-09-23 05:00:00,875.21,877.55,871.11,872.63,3662,2950,0
2020-09-23 06:00:00,872.67,872.98,869.26,870.34,3203,4010,0
2020-09-23 07:00:00,870.35,870.53,861.38,861.72,4816,4140,0
2020-09-23 08:00:00,861.74,871.62,861.74,869.4,4047,1920,0
2020-09-23 09:00:00,869.37,869.37,849.29,858.66,6549,1450,0
2020-09-23 10:00:00,858.56,861.23,854.4,858.8,5725,2680,0
2020-09-23 11:00:00,858.85,863.56,854.26,860.73,4907,2260,0
2020-09-23 12:00:00,860.72,865.55,860.6,864.71,4436,3540,0
2020-09-23 13:00:00,864.73,878.34,864.39,870.95,3804,2190,0
2020-09-23 14:00:00,870.7,873.65,860.53,860.56,4144,1770,0
2020-09-23 15:00:00,860.58,862.36,853.48,857.93,7008,2430,0
2020-09-23 16:00:00,857.95,861.9,850.9,852.65,10432,1630,0
2020-09-23 17:00:00,852.73,858.79,849.47,853.19,12966,1260,0
2020-09-23 18:00:00,853.17,861.59,852.22,852.81,8765,1530,0
2020-09-23 19:00:00,852.76,853.88,846.76,850.59,5915,500,0
2020-09-23 20:00:00,850.59,851.1,839.91,840.53,4275,500,0
2020-09-23 21:00:00,840.53,847.29,839.75,842.48,7822,560,0
2020-09-23 22:00:00,842.42,843.13,833.89,841.32,6437,500,0
2020-09-23 23:00:00,841.32,842.67,835.75,841.85,1596,500,0
2020-09-24 01:00:00,824.43,844.25,824.43,838.48,1928,3000,0
2020-09-24 02:00:00,838.44,839.97,831.83,835.98,3177,3350,0
2020-09-24 03:00:00,835.98,842.97,835.86,842.89,4035,1980,0
2020-09-24 04:00:00,842.89,849.25,838.49,840.28,5682,2000,0
2020-09-24 05:00:00,840.24,845.23,829.8,840.5,3958,4050,0
2020-09-24 06:00:00,840.49,845.58,838.55,840.43,3468,3490,0
2020-09-24 07:00:00,840.41,843.01,833.72,833.8,2871,3940,0
2020-09-24 08:00:00,833.84,836.8,831.97,836.05,4901,3120,0
2020-09-24 09:00:00,836.05,839.19,833.13,837.64,6124,890,0
2020-09-24 10:00:00,837.58,845.09,837.23,844.24,5962,1120,0
2020-09-24 11:00:00,844.21,844.84,837.7,841.54,3941,690,0
2020-09-24 12:00:00,841.54,845.12,839.02,841.03,3922,560,0
2020-09-24 13:00:00,840.96,841.95,836.42,837.17,4180,2680,0
2020-09-24 14:00:00,837.12,838.8,833.76,834.45,4059,2490,0
2020-09-24 15:00:00,834.47,835.74,828.4,831.29,7207,500,0
2020-09-24 16:00:00,831.41,838.76,829.48,834.19,11138,1210,0
2020-09-24 17:00:00,834.19,840.24,830.22,836.12,11599,2040,0
2020-09-24 18:00:00,836.14,842.47,831.6,842.39,8315,1110,0
2020-09-24 19:00:00,842.34,849.29,842.27,843.985,8528,1230,0
2020-09-24 20:00:00,843.915,853.21,842.65,849.21,7553,560,0
2020-09-24 21:00:00,849.19,851.97,845.3,848.06,5796,510,0
2020-09-24 22:00:00,848.07,852.0,846.23,852.0,6261,960,0
2020-09-24 23:00:00,852.02,852.81,848.65,850.85,1403,1220,0
2020-09-25 01:00:00,838.9,852.44,838.9,850.75,1173,1240,0
2020-09-25 02:00:00,850.86,853.79,849.41,852.33,1274,1380,0
2020-09-25 03:00:00,852.32,853.76,847.53,851.66,2733,1300,0
2020-09-25 04:00:00,851.7,853.41,846.66,848.27,5224,2360,0
2020-09-25 05:00:00,848.28,852.77,847.99,851.07,3079,3040,0
2020-09-25 06:00:00,851.1,857.09,851.1,856.67,2615,3300,0
2020-09-25 07:00:00,856.71,861.98,855.48,861.72,2513,3310,0
2020-09-25 08:00:00,861.74,862.34,855.63,856.41,3125,3920,0
2020-09-25 09:00:00,856.36,864.11,855.86,862.52,4265,3150,0
2020-09-25 10:00:00,862.53,862.55,855.365,857.47,6488,500,0
2020-09-25 11:00:00,857.47,858.78,853.62,856.49,3960,1240,0
2020-09-25 12:00:00,856.47,859.35,853.63,854.9,3955,2410,0
2020-09-25 13:00:00,854.9,855.21,838.26,838.84,4667,2120,0
2020-09-25 14:00:00,838.84,848.08,834.75,847.07,6843,1690,0
2020-09-25 15:00:00,847.07,848.68,838.55,841.47,6919,1410,0
2020-09-25 16:00:00,841.42,845.84,835.78,845.43,10228,1390,0
2020-09-25 17:00:00,845.42,855.46,837.06,849.57,10749,1735,0
2020-09-25 18:00:00,849.59,852.22,845.49,845.79,7150,1970,0
2020-09-25 19:00:00,845.82,849.86,842.3,849.2,4970,1600,0
2020-09-25 20:00:00,849.0,851.99,847.41,851.92,4194,1640,0
2020-09-25 21:00:00,851.91,855.22,850.16,852.96,3238,1800,0
2020-09-25 22:00:00,852.83,854.98,850.13,850.37,2858,2710,0
2020-09-25 23:00:00,850.41,850.42,842.02,842.62,498,3760,0
2020-09-28 01:00:00,841.05,854.83,841.0,853.44,1844,4300,0
2020-09-28 02:00:00,853.39,854.41,851.79,853.04,1209,4170,0
2020-09-28 03:00:00,853.03,854.67,848.57,851.08,2653,3640,0
2020-09-28 04:00:00,851.02,856.46,849.54,853.85,3794,2900,0
2020-09-28 05:00:00,853.77,856.16,850.68,851.33,2277,3560,0
2020-09-28 06:00:00,851.29,855.29,850.62,855.02,1767,2910,0
2020-09-28 07:00:00,854.94,856.33,854.3,855.11,1987,3120,0
2020-09-28 08:00:00,855.01,855.21,849.53,849.66,3056,3080,0
2020-09-28 09:00:00,849.7,856.78,848.38,853.36,4159,2220,0
2020-09-28 10:00:00,853.39,855.66,850.79,850.79,3751,2010,0
2020-09-28 11:00:00,850.77,852.46,847.57,849.76,2945,1410,0
2020-09-28 12:00:00,849.79,856.77,849.305,853.12,2160,830,0
2020-09-28 13:00:00,853.12,862.8,852.06,861.24,2338,580,0
2020-09-28 14:00:00,861.09,869.16,860.92,867.85,2926,510,0
2020-09-28 15:00:00,867.95,868.69,861.43,864.57,4137,930,0
2020-09-28 16:00:00,864.55,874.36,847.1,871.49,5731,1190,0
2020-09-28 17:00:00,871.54,884.87,866.705,873.35,6766,1100,0
2020-09-28 18:00:00,873.38,881.44,873.25,878.95,5285,2310,0
2020-09-28 19:00:00,878.98,886.45,878.22,882.94,2649,500,0
2020-09-28 20:00:00,882.92,884.13,879.11,883.2,2893,500,0
2020-09-28 21:00:00,883.2,887.77,882.67,884.84,2930,2130,0
2020-09-28 22:00:00,884.81,885.63,880.48,881.41,1847,2010,0
2020-09-28 23:00:00,881.48,882.02,879.25,879.3,1052,1890,0
2020-09-29 01:00:00,881.17,882.99,879.11,882.83,1041,3910,0
2020-09-29 02:00:00,882.89,886.46,882.28,882.9,1546,2760,0
2020-09-29 03:00:00,882.78,886.32,881.69,882.72,2245,2600,0
2020-09-29 04:00:00,882.72,884.89,878.84,881.72,3538,2530,0
2020-09-29 05:00:00,881.72,882.66,878.56,879.9,1958,3300,0
2020-09-29 06:00:00,879.92,881.9,873.0,878.46,1910,3760,0
2020-09-29 07:00:00,878.52,882.7,877.16,880.39,1741,3400,0
2020-09-29 08:00:00,880.3,880.83,874.68,879.11,2532,3550,0
2020-09-29 09:00:00,879.05,881.47,876.82,879.32,3286,3050,0
2020-09-29 10:00:00,879.32,882.44,875.76,881.62,4423,1920,0
2020-09-29 11:00:00,881.61,881.64,875.2,877.13,3451,1860,0
2020-09-29 12:00:00,877.14,882.66,876.14,881.76,4572,2410,0
2020-09-29 13:00:00,881.68,884.77,879.14,884.67,3759,1730,0
2020-09-29 14:00:00,884.67,887.64,880.42,882.71,5293,590,0
2020-09-29 15:00:00,882.71,885.49,877.635,879.65,7136,1380,0
2020-09-29 16:00:00,879.73,883.48,876.26,878.69,10435,1910,0
2020-09-29 17:00:00,878.62,888.41,877.89,880.53,12342,2560,0
2020-09-29 18:00:00,880.51,889.0,879.65,881.26,9115,2580,0
2020-09-29 19:00:00,881.29,890.6,881.09,890.26,7231,2590,0
2020-09-29 20:00:00,890.27,892.11,887.24,890.4,6509,720,0
2020-09-29 21:00:00,890.35,891.11,887.11,887.68,4430,650,0
2020-09-29 22:00:00,887.71,888.06,884.17,885.76,4077,740,0
2020-09-29 23:00:00,885.78,887.33,882.68,884.22,1198,1390,0
2020-09-30 01:00:00,882.69,887.8,882.51,887.62,839,1240,0
2020-09-30 02:00:00,887.65,888.49,884.35,884.38,912,850,0
2020-09-30 03:00:00,884.36,887.7,883.16,883.52,2448,680,0
2020-09-30 04:00:00,883.32,887.2,882.48,884.28,4040,1110,0
2020-09-30 05:00:00,884.28,888.1,880.78,880.93,2895,710,0
2020-09-30 06:00:00,880.93,881.17,876.71,878.16,3072,1050,0
2020-09-30 07:00:00,878.16,879.18,874.42,878.35,1776,1560,0
2020-09-30 08:00:00,878.32,880.48,869.57,870.04,3003,1350,0
2020-09-30 09:00:00,870.01,874.52,868.98,873.82,4357,870,0
2020-09-30 10:00:00,873.51,878.8,870.09,873.26,6112,890,0
2020-09-30 11:00:00,873.26,874.67,869.71,871.68,5425,1100,0
2020-09-30 12:00:00,871.68,872.13,869.16,871.43,4826,1880,0
2020-09-30 13:00:00,871.47,877.29,869.36,873.49,5022,1820,0
2020-09-30 14:00:00,873.52,875.73,871.4,874.15,4394,2660,0
2020-09-30 15:00:00,874.17,889.44,870.83,882.7,7812,1670,0
2020-09-30 16:00:00,882.78,888.66,877.55,881.89,11559,1750,0
2020-09-30 17:00:00,881.79,900.305,881.5,898.68,14583,680,0
2020-09-30 18:00:00,898.68,906.44,896.95,901.3,10943,500,0
2020-09-30 19:00:00,901.28,904.445,900.17,904.02,6725,500,0
2020-09-30 20:00:00,903.965,903.99,891.99,897.97,8586,1420,0
2020-09-30 21:00:00,897.99,903.37,896.17,898.69,7768,500,0
2020-09-30 22:00:00,898.63,898.8,893.72,895.44,9052,1370,0
2020-09-30 23:00:00,895.46,896.83,891.11,891.58,2661,1720,0
2020-10-01 01:00:00,879.55,896.03,879.55,895.84,1211,2950,0
2020-10-01 02:00:00,895.82,896.24,894.03,894.66,1356,3070,0
2020-10-01 03:00:00,894.64,897.32,892.29,893.65,2677,3550,0
2020-10-01 04:00:00,893.73,904.22,893.56,900.52,3688,3950,0
2020-10-01 05:00:00,900.47,904.39,900.47,903.82,2006,3320,0
2020-10-01 06:00:00,903.86,904.37,902.7,903.64,1191,4170,0
2020-10-01 07:00:00,903.61,905.8,902.83,903.72,1142,3020,0
2020-10-01 08:00:00,903.7,905.92,901.87,904.92,1597,2660,0
2020-10-01 09:00:00,904.84,909.49,904.5,906.41,3179,1600,0
2020-10-01 10:00:00,906.43,908.49,901.66,904.28,5537,1410,0
2020-10-01 11:00:00,904.26,904.66,896.55,898.41,4645,1240,0
2020-10-01 12:00:00,898.39,902.36,898.26,900.85,4367,1700,0
2020-10-01 13:00:00,900.85,901.29,893.98,898.18,3701,1890,0
2020-10-01 14:00:00,898.08,906.3,896.51,904.5,5150,1910,0
2020-10-01 15:00:00,904.39,907.01,897.76,897.78,7561,2280,0
2020-10-01 16:00:00,897.84,899.5,891.73,891.73,10208,2660,0
2020-10-01 17:00:00,893.67,899.17,887.26,898.05,13298,2560,0
2020-10-01 18:00:00,898.07,903.93,896.49,901.39,11976,1350,0
2020-10-01 19:00:00,901.32,901.74,893.49,895.93,9310,1340,0
2020-10-01 20:00:00,895.98,904.47,895.33,898.875,7987,1310,0
2020-10-01 21:00:00,898.925,902.53,895.08,902.06,10091,1100,0
2020-10-01 22:00:00,902.04,902.71,897.68,899.62,7398,1310,0
2020-10-01 23:00:00,899.62,900.5,897.16,898.05,2428,1430,0
2020-10-02 01:00:00,885.0,899.55,885.0,898.99,671,2120,0
2020-10-02 02:00:00,898.92,899.32,895.08,895.78,1005,1650,0
2020-10-02 03:00:00,895.78,896.91,891.32,891.92,2192,1630,0
2020-10-02 04:00:00,891.84,894.43,890.48,890.56,1874,5070,0
2020-10-02 05:00:00,890.55,892.17,888.07,890.58,1696,3900,0
2020-10-02 06:00:00,890.56,894.32,889.26,894.11,1683,2840,0
2020-10-02 07:00:00,894.12,895.17,887.07,887.61,2135,2940,0
2020-10-02 08:00:00,887.61,893.77,884.16,888.49,5060,2230,0
2020-10-02 09:00:00,888.49,899.02,887.81,894.795,3877,2540,0
2020-10-02 10:00:00,894.78,899.33,890.66,892.51,4284,2050,0
2020-10-02 11:00:00,892.53,895.44,889.49,891.44,3734,1180,0
2020-10-02 12:00:00,891.44,893.37,887.17,887.86,3238,570,0
2020-10-02 13:00:00,887.89,889.81,885.07,887.29,3368,1700,0
2020-10-02 14:00:00,887.28,891.04,884.85,885.31,3467,2360,0
2020-10-02 15:00:00,884.94,891.04,882.84,890.23,6164,1520,0
2020-10-02 16:00:00,890.21,891.85,886.25,887.36,9084,1190,0
2020-10-02 17:00:00,887.53,894.85,886.72,889.17,6710,1710,0
2020-10-02 18:00:00,889.16,891.8,880.58,882.03,7430,1760,0
2020-10-02 19:00:00,881.99,889.59,879.6,882.69,9081,1690,0
2020-10-02 20:00:00,882.6,885.29,880.79,882.1,7597,1610,0
2020-10-02 21:00:00,882.07,884.25,880.85,882.16,5240,1840,0
2020-10-02 22:00:00,882.18,883.13,880.51,880.57,4602,1910,0
2020-10-02 23:00:00,880.61,881.45,879.05,879.31,836,1820,0
2020-10-05 01:00:00,876.95,883.51,876.69,878.74,1352,4290,0
2020-10-05 02:00:00,878.79,885.66,878.25,885.27,1669,3720,0
2020-10-05 03:00:00,885.17,886.7,882.63,886.12,2489,2040,0
2020-10-05 04:00:00,886.12,886.67,882.07,884.66,2321,1970,0
2020-10-05 05:00:00,884.65,886.6,884.02,885.05,2026,2720,0
2020-10-05 06:00:00,885.13,885.13,876.92,877.59,1758,3480,0
2020-10-05 07:00:00,877.61,878.43,874.65,875.56,1480,3580,0
2020-10-05 08:00:00,875.51,878.85,875.08,878.57,1170,4170,0
2020-10-05 09:00:00,878.52,878.6,874.35,875.46,2168,3750,0
2020-10-05 10:00:00,875.43,879.26,873.33,877.24,3917,1230,0
2020-10-05 11:00:00,877.29,884.05,877.2,882.36,3587,1090,0
2020-10-05 12:00:00,882.37,885.44,880.62,884.4,2843,1580,0
2020-10-05 13:00:00,884.39,886.12,883.13,885.49,2249,1850,0
2020-10-05 14:00:00,885.48,885.48,880.79,883.23,2631,2780,0
2020-10-05 15:00:00,883.27,889.55,883.01,887.37,4884,2260,0
2020-10-05 16:00:00,887.37,891.34,884.09,890.55,6185,1260,0
2020-10-05 17:00:00,890.6,901.17,890.05,896.75,8784,500,0
2020-10-05 18:00:00,896.85,897.05,891.53,895.25,6721,880,0
2020-10-05 19:00:00,895.27,899.55,894.28,896.46,2842,810,0
2020-10-05 20:00:00,896.51,899.52,895.64,897.64,2772,1410,0
2020-10-05 21:00:00,897.6,898.87,895.25,898.75,2186,1410,0
2020-10-05 22:00:00,898.75,900.31,896.99,897.55,2546,1470,0
2020-10-05 23:00:00,897.66,904.32,896.83,899.23,1232,1670,0
2020-10-06 01:00:00,898.28,899.72,896.91,898.92,574,2930,0
2020-10-06 02:00:00,898.92,901.21,896.56,899.89,1180,2700,0
2020-10-06 03:00:00,899.89,901.31,898.71,901.29,1264,2670,0
2020-10-06 04:00:00,901.31,901.75,895.76,897.93,1519,2560,0
2020-10-06 05:00:00,897.78,898.62,896.3,897.47,752,3060,0
2020-10-06 06:00:00,897.47,900.24,896.86,898.1,1029,2960,0
2020-10-06 07:00:00,898.12,898.26,895.99,896.26,578,3270,0
2020-10-06 08:00:00,896.31,897.25,894.94,897.18,935,2930,0
2020-10-06 09:00:00,897.16,898.26,895.88,897.61,1144,3380,0
2020-10-06 10:00:00,897.61,901.39,892.39,892.95,2722,2480,0
2020-10-06 11:00:00,892.94,894.02,885.49,887.67,2749,1500,0
2020-10-06 12:00:00,887.66,887.66,881.59,881.6,1410,1520,0
2020-10-06 13:00:00,881.6,887.08,880.07,885.08,3390,700,0
2020-10-06 14:00:00,885.15,894.23,884.85,891.24,4051,1190,0
2020-10-06 15:00:00,891.25,891.5,876.67,877.12,4527,1100,0
2020-10-06 16:00:00,877.22,884.67,874.2,880.02,6687,1750,0
2020-10-06 17:00:00,880.02,880.66,871.65,871.81,7861,1580,0
2020-10-06 18:00:00,871.78,873.16,864.73,864.98,6315,1110,0
2020-10-06 19:00:00,865.04,869.51,864.63,868.36,1826,1100,0
2020-10-06 20:00:00,868.34,868.46,863.6,865.62,1666,600,0
2020-10-06 21:00:00,865.61,870.15,855.84,858.46,1870,1700,0
2020-10-06 22:00:00,858.46,863.98,852.5,857.39,2505,3400,0
2020-10-06 23:00:00,857.43,858.47,850.25,851.82,781,3370,0
2020-10-07 01:00:00,840.63,858.0,840.63,852.71,1892,3030,0
2020-10-07 02:00:00,852.76,862.17,852.34,861.66,1948,3010,0
2020-10-07 03:00:00,861.71,862.12,858.29,860.59,2504,2340,0
2020-10-07 04:00:00,860.55,861.68,856.19,860.66,2198,3160,0
2020-10-07 05:00:00,860.7,862.31,859.37,859.99,1960,3220,0
2020-10-07 06:00:00,859.98,863.59,859.08,862.85,1667,2590,0
2020-10-07 07:00:00,862.88,865.93,861.19,862.45,1324,3030,0
2020-10-07 08:00:00,862.57,868.61,861.99,865.57,2062,3470,0
2020-10-07 09:00:00,865.57,870.83,864.72,870.61,2894,2340,0
2020-10-07 10:00:00,870.28,872.69,867.06,871.28,4900,1540,0
2020-10-07 11:00:00,871.25,871.68,863.37,863.55,2728,1470,0
2020-10-07 12:00:00,863.67,865.74,862.515,863.59,1761,2240,0
2020-10-07 13:00:00,863.58,865.27,858.47,858.47,3425,2440,0
2020-10-07 14:00:00,858.39,865.89,857.53,865.48,4503,1870,0
2020-10-07 15:00:00,865.47,871.22,862.24,869.19,6854,2110,0
2020-10-07 16:00:00,869.18,870.04,862.1,864.85,8356,2160,0
2020-10-07 17:00:00,864.97,867.65,854.63,860.98,8204,1570,0
2020-10-07 18:00:00,861.02,866.59,860.89,862.33,6865,2120,0
2020-10-07 19:00:00,862.35,865.12,859.86,864.23,5991,2120,0
2020-10-07 20:00:00,864.25,867.0,862.11,862.28,4216,2090,0
2020-10-07 21:00:00,862.27,866.5,862.11,865.75,4110,2080,0
2020-10-07 22:00:00,865.71,867.8,865.18,865.24,3547,2070,0
2020-10-07 23:00:00,865.29,867.06,864.71,866.77,1398,2000,0
2020-10-08 01:00:00,866.33,866.98,865.82,865.98,869,3280,0
2020-10-08 02:00:00,865.82,866.85,865.22,865.79,1025,2940,0
2020-10-08 03:00:00,865.74,868.01,863.56,866.76,2072,1880,0
2020-10-08 04:00:00,866.78,867.54,861.99,865.52,2354,2770,0
2020-10-08 05:00:00,865.52,865.8,862.34,863.76,1183,3080,0
2020-10-08 06:00:00,863.76,864.04,860.35,861.64,754,3230,0
2020-10-08 07:00:00,861.61,862.44,860.11,861.78,481,3410,0
2020-10-08 08:00:00,861.88,865.02,861.85,864.16,1100,3150,0
2020-10-08 09:00:00,864.26,868.49,862.49,867.86,1753,2810,0
2020-10-08 10:00:00,868.07,868.55,864.35,866.31,3172,2330,0
2020-10-08 11:00:00,866.3,867.2,862.65,865.81,3564,2390,0
2020-10-08 12:00:00,865.8,866.64,863.52,865.63,2972,2260,0
2020-10-08 13:00:00,865.57,868.94,865.08,866.31,3269,2250,0
2020-10-08 14:00:00,866.33,867.0,863.38,864.67,3606,2330,0
2020-10-08 15:00:00,864.66,872.55,863.04,870.61,5678,2120,0
2020-10-08 16:00:00,870.6,876.59,866.47,872.64,7398,1685,0
2020-10-08 17:00:00,872.58,873.84,865.91,868.42,9252,700,0
2020-10-08 18:00:00,868.41,872.44,867.52,867.83,6482,2160,0
2020-10-08 19:00:00,867.89,869.74,863.03,863.7,4809,2100,0
2020-10-08 20:00:00,863.74,866.46,859.03,866.21,5143,2050,0
2020-10-08 21:00:00,866.26,868.1,865.31,867.66,2898,2070,0
2020-10-08 22:00:00,867.65,867.9,866.47,867.22,2854,2000,0
2020-10-08 23:00:00,867.24,867.27,866.09,866.47,1137,2350,0
2020-10-09 01:00:00,868.02,869.78,866.85,868.33,919,2740,0
2020-10-09 02:00:00,868.32,868.67,865.82,867.04,937,2760,0
2020-10-09 03:00:00,867.08,870.76,866.44,870.66,1825,2720,0
2020-10-09 04:00:00,870.65,873.02,857.12,872.21,4380,2680,0
2020-10-09 05:00:00,872.2,875.57,871.59,875.35,2496,2710,0
2020-10-09 06:00:00,875.37,877.03,872.85,873.35,2120,2780,0
2020-10-09 07:00:00,873.39,874.37,871.95,872.6,1331,3210,0
2020-10-09 08:00:00,872.58,876.15,870.63,871.07,1821,3390,0
2020-10-09 09:00:00,871.02,877.72,870.2,876.91,1968,1450,0
2020-10-09 10:00:00,876.89,881.14,876.32,880.89,3643,3120,0
2020-10-09 11:00:00,880.85,883.13,876.16,877.43,2056,1710,0
2020-10-09 12:00:00,877.45,879.63,877.03,878.26,1889,2170,0
2020-10-09 13:00:00,878.24,881.57,877.34,878.09,1889,890,0
2020-10-09 14:00:00,878.18,885.42,877.69,881.53,2056,670,0
2020-10-09 15:00:00,881.58,893.43,881.58,893.31,5386,1140,0
2020-10-09 16:00:00,893.26,897.29,885.61,889.65,6777,1170,0
2020-10-09 17:00:00,889.63,893.59,886.53,889.25,7390,2020,0
2020-10-09 18:00:00,889.22,891.42,884.74,889.03,6609,1850,0
2020-10-09 19:00:00,889.01,891.23,886.83,888.86,5655,1850,0
2020-10-09 20:00:00,888.93,890.92,884.94,890.81,4236,1850,0
2020-10-09 21:00:00,890.82,893.12,890.47,891.82,4371,1850,0
2020-10-09 22:00:00,891.8,892.54,888.36,891.87,3276,1850,0
2020-10-09 23:00:00,891.8,891.93,889.13,889.27,717,2120,0
2020-10-12 01:00:00,888.6,888.8,882.6,885.33,1126,2920,0
2020-10-12 02:00:00,885.38,888.26,884.17,884.4,1186,3640,0
2020-10-12 03:00:00,884.4,884.4,876.25,879.05,1719,3800,0
2020-10-12 04:00:00,879.25,887.05,876.01,886.78,3475,1430,0
2020-10-12 05:00:00,886.77,886.86,884.64,885.25,1829,1720,0
2020-10-12 06:00:00,885.29,888.08,884.14,887.17,1384,2080,0
2020-10-12 07:00:00,887.12,890.84,884.87,889.3,1487,500,0
2020-10-12 08:00:00,889.3,893.26,888.54,892.76,1932,1240,0
2020-10-12 09:00:00,892.76,893.18,886.98,888.78,2478,500,0
2020-10-12 10:00:00,888.75,889.72,885.7,889.6,3673,1240,0
2020-10-12 11:00:00,889.63,892.01,885.37,885.76,2563,1540,0
2020-10-12 12:00:00,885.78,886.22,881.58,883.41,2971,1460,0
2020-10-12 13:00:00,883.41,885.92,883.01,884.31,2713,1550,0
2020-10-12 14:00:00,884.33,886.07,882.46,884.96,2811,2400,0
2020-10-12 15:00:00,884.97,888.73,884.49,885.8,4035,1950,0
2020-10-12 16:00:00,885.72,885.89,876.81,881.91,7376,1960,0
2020-10-12 17:00:00,881.82,883.96,877.07,880.33,6132,2370,0
2020-10-12 18:00:00,880.37,882.59,875.36,878.3,5127,2610,0
2020-10-12 19:00:00,878.32,879.64,873.67,878.17,3672,2140,0
2020-10-12 20:00:00,878.11,879.35,868.17,877.03,3739,1880,0
2020-10-12 21:00:00,876.91,879.22,875.48,877.02,2844,2030,0
2020-10-12 22:00:00,877.02,879.14,876.71,877.26,1753,2270,0
2020-10-12 23:00:00,877.26,877.67,876.56,876.9,790,2210,0
2020-10-13 01:00:00,862.09,878.81,862.09,876.36,548,2840,0
2020-10-13 02:00:00,876.34,879.91,875.97,878.99,911,3980,0
2020-10-13 03:00:00,878.99,879.18,872.36,874.94,3518,3980,0
2020-10-13 04:00:00,874.86,875.83,872.67,873.07,2680,4100,0
2020-10-13 05:00:00,873.09,873.7,868.16,870.29,3861,3980,0
2020-10-13 06:00:00,870.22,871.94,869.27,871.28,1806,4030,0
2020-10-13 07:00:00,871.26,873.93,869.76,873.73,1212,3770,0
2020-10-13 08:00:00,873.76,877.75,872.34,875.03,2698,3290,0
2020-10-13 09:00:00,875.03,878.17,873.35,873.83,3351,510,0
2020-10-13 10:00:00,873.83,874.29,867.64,868.85,4776,770,0
2020-10-13 11:00:00,868.89,874.94,868.58,873.77,3901,1630,0
2020-10-13 12:00:00,873.81,873.81,871.79,873.23,2225,2670,0
2020-10-13 13:00:00,873.21,874.05,872.06,872.52,2979,2530,0
2020-10-13 14:00:00,872.54,875.4,870.76,873.31,3923,2500,0
2020-10-13 15:00:00,873.33,880.69,867.46,868.71,7442,2240,0
2020-10-13 16:00:00,868.76,872.6,862.24,871.68,13498,1340,0
2020-10-13 17:00:00,871.68,872.64,864.63,872.15,11049,1400,0
2020-10-13 18:00:00,872.17,879.49,871.41,874.51,8090,1060,0
2020-10-13 19:00:00,874.47,874.89,871.87,872.26,6910,1560,0
2020-10-13 20:00:00,872.29,873.14,865.8,866.6,8651,1550,0
2020-10-13 21:00:00,866.58,869.74,865.31,868.61,6285,1590,0
2020-10-13 22:00:00,868.58,870.45,868.22,868.25,4448,1650,0
2020-10-13 23:00:00,868.18,869.3,867.76,867.82,1628,1620,0
2020-10-14 01:00:00,855.36,869.64,855.36,868.19,975,2000,0
2020-10-14 02:00:00,868.2,870.06,867.71,869.8,1095,1840,0
2020-10-14 03:00:00,869.79,870.91,866.68,868.69,1755,1920,0
2020-10-14 04:00:00,868.62,869.76,863.85,868.44,3796,3310,0
2020-10-14 05:00:00,868.44,872.98,867.0,872.94,1990,3460,0
2020-10-14 06:00:00,872.91,875.98,872.64,875.14,2018,2750,0
2020-10-14 07:00:00,875.15,876.42,873.33,874.12,1671,2740,0
2020-10-14 08:00:00,874.11,875.65,872.53,875.01,2280,2970,0
2020-10-14 09:00:00,875.01,877.53,872.03,875.61,2628,850,0
2020-10-14 10:00:00,875.49,876.09,872.58,875.76,3829,1080,0
2020-10-14 11:00:00,875.69,877.94,872.54,875.88,3712,1590,0
2020-10-14 12:00:00,875.89,877.39,869.99,875.32,3900,1080,0
2020-10-14 13:00:00,875.32,876.36,869.03,869.67,4883,960,0
2020-10-14 14:00:00,869.68,872.98,868.75,870.83,4986,2730,0
2020-10-14 15:00:00,870.8,879.76,870.67,871.55,6737,2780,0
2020-10-14 16:00:00,871.54,873.51,857.33,869.16,9147,500,0
2020-10-14 17:00:00,869.2,869.77,858.68,861.07,9702,2420,0
2020-10-14 18:00:00,861.09,866.33,859.4,860.08,7904,2700,0
2020-10-14 19:00:00,860.07,862.06,857.48,859.43,8850,2700,0
2020-10-14 20:00:00,859.34,862.65,858.98,861.76,5836,2650,0
2020-10-14 21:00:00,861.73,862.59,859.26,860.81,4520,2800,0
2020-10-14 22:00:00,860.8,861.87,859.04,859.2,5233,2810,0
2020-10-14 23:00:00,859.08,860.44,859.08,859.81,2015,2840,0
2020-10-15 01:00:00,847.15,861.24,846.94,857.8,1539,3240,0
2020-10-15 02:00:00,857.81,859.09,856.95,858.81,1447,3330,0
2020-10-15 03:00:00,858.86,859.8,844.57,857.27,2357,3310,0
2020-10-15 04:00:00,857.22,860.27,854.92,860.02,3595,4040,0
2020-10-15 05:00:00,860.01,860.39,855.62,856.82,2262,4010,0
2020-10-15 06:00:00,856.82,861.11,855.85,860.76,1939,3820,0
2020-10-15 07:00:00,860.8,864.67,859.68,863.13,1847,3480,0
2020-10-15 08:00:00,863.08,863.99,861.2,862.18,2319,3340,0
2020-10-15 09:00:00,861.97,862.6,859.32,860.37,3487,2230,0
2020-10-15 10:00:00,860.17,862.44,857.29,862.11,5504,2250,0
2020-10-15 11:00:00,862.13,862.64,853.22,855.88,6948,1870,0
2020-10-15 12:00:00,855.86,858.88,853.76,858.02,5992,1830,0
2020-10-15 13:00:00,858.04,858.66,852.85,855.62,5334,1650,0
2020-10-15 14:00:00,855.63,856.74,852.26,852.26,4628,2810,0
2020-10-15 15:00:00,852.1,854.38,841.89,842.09,9074,1960,0
2020-10-15 16:00:00,842.1,858.21,841.74,854.26,12607,1590,0
2020-10-15 17:00:00,854.16,861.915,852.42,860.265,11272,500,0
2020-10-15 18:00:00,860.265,868.46,858.61,863.32,9266,710,0
2020-10-15 19:00:00,863.34,867.69,862.53,864.03,5869,1130,0
2020-10-15 20:00:00,863.95,864.28,857.04,862.94,4784,2330,0
2020-10-15 21:00:00,862.94,865.07,862.51,864.82,2875,2330,0
2020-10-15 22:00:00,864.82,867.22,863.8,865.57,2965,2390,0
2020-10-15 23:00:00,865.62,866.08,864.54,865.58,1129,2540,0
2020-10-16 01:00:00,851.26,866.74,851.26,865.01,658,2990,0
2020-10-16 02:00:00,865.01,869.27,865.01,866.66,1131,2020,0
2020-10-16 03:00:00,866.66,867.72,864.81,867.04,1803,3070,0
2020-10-16 04:00:00,867.07,868.97,865.16,866.72,2895,3290,0
2020-10-16 05:00:00,866.77,868.64,863.54,867.81,2368,2650,0
2020-10-16 06:00:00,867.82,869.32,862.49,864.91,2221,2900,0
2020-10-16 07:00:00,864.98,865.23,862.59,863.07,1577,2950,0
2020-10-16 08:00:00,863.08,866.5,862.01,864.28,2505,860,0
2020-10-16 09:00:00,864.22,864.66,858.24,863.58,2941,500,0
2020-10-16 10:00:00,863.54,867.14,859.405,864.02,5005,500,0
2020-10-16 11:00:00,864.03,865.11,860.23,862.14,4577,2500,0
2020-10-16 12:00:00,862.11,862.4,857.44,861.07,3224,2360,0
2020-10-16 13:00:00,861.17,863.25,858.62,861.8,4316,2410,0
2020-10-16 14:00:00,861.9,864.58,860.63,861.81,5127,2460,0
2020-10-16 15:00:00,861.78,871.57,861.6,869.91,6165,1530,0
2020-10-16 16:00:00,869.91,874.84,865.16,871.22,8640,810,0
2020-10-16 17:00:00,871.31,877.7,867.37,872.11,8599,580,0
2020-10-16 18:00:00,872.13,874.17,865.87,872.42,7715,810,0
2020-10-16 19:00:00,872.42,873.48,867.06,868.02,4939,900,0
2020-10-16 20:00:00,868.05,869.32,864.33,864.93,3934,830,0
2020-10-16 21:00:00,864.93,866.68,863.68,866.23,2845,1020,0
2020-10-16 22:00:00,866.28,866.28,860.88,863.67,3390,1090,0
2020-10-16 23:00:00,863.78,864.68,861.98,862.3,716,1210,0
2020-10-19 01:00:00,860.38,866.51,858.4,865.3,817,2460,0
2020-10-19 02:00:00,865.3,866.59,864.34,866.14,536,2060,0
2020-10-19 03:00:00,866.14,867.87,864.54,865.6,928,1980,0
2020-10-19 04:00:00,865.6,867.39,863.36,864.61,2249,2530,0
2020-10-19 05:00:00,864.61,866.7,864.11,866.69,2213,3470,0
2020-10-19 06:00:00,866.7,867.93,863.71,867.37,1618,1805,0
2020-10-19 07:00:00,867.38,868.11,865.36,867.32,819,2825,0
2020-10-19 08:00:00,867.32,872.6,866.28,871.17,2162,3550,0
2020-10-19 09:00:00,871.17,873.43,870.37,871.19,2945,1610,0
2020-10-19 10:00:00,871.16,873.2,868.81,869.31,3469,1780,0
2020-10-19 11:00:00,869.32,874.55,869.12,874.35,2934,1800,0
2020-10-19 12:00:00,874.35,878.11,872.96,877.33,3363,2640,0
2020-10-19 13:00:00,877.4,878.87,875.48,877.77,2862,2820,0
2020-10-19 14:00:00,877.77,878.32,875.355,875.7,2161,1400,0
2020-10-19 15:00:00,875.7,880.195,869.27,871.55,4738,700,0
2020-10-19 16:00:00,871.55,871.6,864.25,864.71,6608,1450,0
2020-10-19 17:00:00,864.71,866.25,856.93,865.48,8606,500,0
2020-10-19 18:00:00,865.62,868.6,858.61,860.96,8017,2160,0
2020-10-19 19:00:00,860.93,863.78,860.2,862.62,6251,1850,0
2020-10-19 20:00:00,862.62,864.79,860.88,861.44,2717,1960,0
2020-10-19 21:00:00,861.44,863.11,854.78,856.18,4181,2150,0
2020-10-19 22:00:00,856.19,857.76,853.17,856.93,7198,2560,0
2020-10-19 23:00:00,856.92,859.64,856.69,859.19,2134,2550,0
2020-10-20 01:00:00,845.67,860.73,845.67,858.06,1200,3810,0
2020-10-20 02:00:00,858.08,858.99,856.21,857.79,1497,3440,0
2020-10-20 03:00:00,857.73,858.75,856.65,857.9,2156,3840,0
2020-10-20 04:00:00,857.92,859.93,854.62,855.51,4027,3260,0
2020-10-20 05:00:00,855.46,859.54,854.68,858.94,3312,2290,0
2020-10-20 06:00:00,859.01,861.44,858.12,858.86,2158,1860,0
2020-10-20 07:00:00,858.83,859.82,857.33,857.67,1729,2220,0
2020-10-20 08:00:00,857.54,859.48,856.56,858.13,2511,2650,0
2020-10-20 09:00:00,858.13,860.23,855.87,859.01,3789,2320,0
2020-10-20 10:00:00,859.04,859.76,854.42,855.37,4863,2250,0
2020-10-20 11:00:00,855.3,856.89,854.5,856.03,3143,2920,0
2020-10-20 12:00:00,856.05,861.62,855.98,860.64,4202,2740,0
2020-10-20 13:00:00,860.61,863.41,859.59,861.52,3348,2680,0
2020-10-20 14:00:00,861.54,862.04,860.23,861.39,3182,2250,0
2020-10-20 15:00:00,861.43,870.805,860.05,868.025,5530,1630,0
2020-10-20 16:00:00,868.05,874.495,865.3,870.86,7611,500,0
2020-10-20 17:00:00,870.92,879.205,868.18,874.22,11696,630,0
2020-10-20 18:00:00,874.17,877.12,872.09,875.2,9534,2600,0
2020-10-20 19:00:00,875.18,877.58,873.3,875.9,7613,2630,0
2020-10-20 20:00:00,875.92,882.42,875.31,881.005,5688,520,0
2020-10-20 21:00:00,881.045,881.98,878.2,878.77,3576,660,0
2020-10-20 22:00:00,878.8,880.09,874.65,876.78,6757,1840,0
2020-10-20 23:00:00,876.76,877.87,873.93,875.43,2518,2080,0
2020-10-21 01:00:00,875.95,878.79,875.92,878.44,949,3410,0
2020-10-21 02:00:00,878.44,879.75,874.36,875.23,1147,3020,0
2020-10-21 03:00:00,875.11,879.01,874.51,875.87,1931,3080,0
2020-10-21 04:00:00,875.82,880.03,875.22,879.13,3179,3170,0
2020-10-21 05:00:00,879.18,881.91,879.16,880.14,2019,1230,0
2020-10-21 06:00:00,880.09,881.94,880.09,880.47,993,1330,0
2020-10-21 07:00:00,880.47,883.25,879.58,882.06,1243,880,0
2020-10-21 08:00:00,882.06,882.73,877.98,878.75,1714,860,0
2020-10-21 09:00:00,878.78,883.23,877.55,879.81,2326,1010,0
2020-10-21 10:00:00,879.75,881.1,877.24,880.82,3225,2270,0
2020-10-21 11:00:00,880.82,881.08,873.32,874.0,2911,3040,0
2020-10-21 12:00:00,873.94,878.33,873.7,876.78,3203,2350,0
2020-10-21 13:00:00,876.97,881.25,876.31,880.89,2934,2190,0
2020-10-21 14:00:00,880.96,881.12,877.35,878.55,3897,2090,0
2020-10-21 15:00:00,878.7,890.3,878.7,888.8,5538,1690,0
2020-10-21 16:00:00,888.83,894.95,887.68,893.64,6654,970,0
2020-10-21 17:00:00,893.62,895.845,889.56,889.92,7414,1770,0
2020-10-21 18:00:00,889.99,891.09,883.31,887.34,7695,1910,0
2020-10-21 19:00:00,887.43,892.65,887.41,890.47,6858,2080,0
2020-10-21 20:00:00,890.49,892.8,889.17,891.5,5354,2210,0
2020-10-21 21:00:00,891.67,892.49,890.7,891.73,3444,2260,0
2020-10-21 22:00:00,891.68,892.26,888.17,889.19,4687,2180,0
2020-10-21 23:00:00,889.17,889.78,887.83,888.75,1879,2400,0
2020-10-22 01:00:00,890.12,891.95,889.3,890.5,1004,2590,0
2020-10-22 02:00:00,890.28,891.08,885.81,886.91,2376,2350,0
2020-10-22 03:00:00,886.92,889.46,885.64,888.17,2359,2510,0
2020-10-22 04:00:00,888.17,892.22,887.49,888.03,3009,2530,0
2020-10-22 05:00:00,888.01,888.05,883.57,886.28,2111,2940,0
2020-10-22 06:00:00,886.28,887.14,885.56,886.57,938,3150,0
2020-10-22 07:00:00,886.52,887.81,885.56,885.78,729,2010,0
2020-10-22 08:00:00,885.78,891.28,885.73,889.05,1412,3010,0
2020-10-22 09:00:00,889.03,892.22,888.67,891.65,2443,2720,0
2020-10-22 10:00:00,891.6,892.77,887.14,891.55,2757,1870,0
2020-10-22 11:00:00,891.55,892.9,889.39,889.68,2180,1080,0
2020-10-22 12:00:00,889.71,889.94,886.29,888.71,2084,1040,0
2020-10-22 13:00:00,888.71,889.94,885.5,888.11,2336,1420,0
2020-10-22 14:00:00,888.04,888.69,883.31,884.37,1794,1840,0
2020-10-22 15:00:00,884.39,884.96,865.32,866.38,7147,530,0
2020-10-22 16:00:00,866.48,873.17,862.69,864.16,7660,2240,0
2020-10-22 17:00:00,864.06,876.49,862.35,876.33,9984,1820,0
2020-10-22 18:00:00,876.36,884.05,875.8,881.6,6791,2550,0
2020-10-22 19:00:00,881.63,884.15,879.93,883.32,4770,2620,0
2020-10-22 20:00:00,883.39,887.48,882.19,885.65,5183,2600,0
2020-10-22 21:00:00,885.67,887.33,885.09,886.71,4061,2730,0
2020-10-22 22:00:00,886.72,887.11,884.43,886.19,3436,2670,0
2020-10-22 23:00:00,886.22,887.12,885.2,885.56,1604,2680,0
2020-10-23 01:00:00,870.24,887.04,870.24,886.31,1254,2800,0
2020-10-23 02:00:00,886.32,886.55,882.77,883.09,1588,2680,0
2020-10-23 03:00:00,883.05,883.54,880.9,882.53,2609,2920,0
2020-10-23 04:00:00,882.5,884.83,881.11,884.56,2945,3120,0
2020-10-23 05:00:00,884.8,887.96,883.76,887.57,2840,2970,0
2020-10-23 06:00:00,887.55,888.3,885.88,886.94,1379,2060,0
2020-10-23 07:00:00,886.94,887.41,885.95,886.99,1237,2840,0
2020-10-23 08:00:00,887.02,887.51,884.12,885.17,1176,2790,0
2020-10-23 09:00:00,885.02,886.44,882.88,885.61,2369,1140,0
2020-10-23 10:00:00,885.7,891.13,885.675,890.95,3302,640,0
2020-10-23 11:00:00,890.95,892.55,889.67,889.715,2841,540,0
2020-10-23 12:00:00,889.735,891.79,888.13,890.23,2233,500,0
2020-10-23 13:00:00,890.2,893.47,889.16,892.61,2416,580,0
2020-10-23 14:00:00,892.62,903.615,892.1,900.55,3288,770,0
2020-10-23 15:00:00,900.55,915.43,900.55,911.22,6049,1460,0
2020-10-23 16:00:00,911.22,918.51,909.28,910.77,8505,1650,0
2020-10-23 17:00:00,910.66,918.35,906.86,910.65,8650,870,0
2020-10-23 18:00:00,910.68,916.14,905.55,910.85,6288,1480,0
2020-10-23 19:00:00,910.88,912.78,902.66,904.42,5762,2010,0
2020-10-23 20:00:00,904.39,907.2,902.53,905.71,4676,2190,0
2020-10-23 21:00:00,905.73,908.42,905.49,905.6,3130,2770,0
2020-10-23 22:00:00,905.54,907.54,904.42,906.68,3505,2560,0
2020-10-23 23:00:00,906.68,906.68,902.76,903.16,1200,3080,0
2020-10-26 00:00:00,899.27,904.55,899.24,902.01,2519,3580,0
2020-10-26 01:00:00,901.94,904.28,899.92,899.92,1591,3180,0
2020-10-26 02:00:00,899.9,900.18,895.57,895.75,2183,2920,0
2020-10-26 03:00:00,895.67,896.95,888.43,889.57,4296,3240,0
2020-10-26 04:00:00,889.56,893.35,889.12,890.91,2736,3520,0
2020-10-26 05:00:00,890.9,892.5,889.86,892.24,2592,3320,0
2020-10-26 06:00:00,892.24,892.76,890.33,891.58,1595,3030,0
2020-10-26 07:00:00,891.56,892.83,882.76,889.51,3179,500,0
2020-10-26 08:00:00,889.52,890.34,887.48,889.23,3036,1960,0
2020-10-26 09:00:00,889.17,893.29,885.81,891.8,4228,1480,0
2020-10-26 10:00:00,891.59,894.89,888.51,892.2,5505,1240,0
2020-10-26 11:00:00,892.2,892.97,888.73,891.44,3500,1760,0
2020-10-26 12:00:00,891.71,896.96,887.19,896.91,3713,2360,0
2020-10-26 13:00:00,896.92,898.45,887.1,888.91,3550,2280,0
2020-10-26 14:00:00,888.63,889.23,871.6,876.84,6639,690,0
2020-10-26 15:00:00,876.85,886.29,874.04,884.08,8101,1330,0
2020-10-26 16:00:00,884.06,884.06,872.62,875.01,8408,1630,0
2020-10-26 17:00:00,874.97,879.33,871.51,877.46,9184,750,0
2020-10-26 18:00:00,877.38,879.24,873.23,875.75,6665,670,0
2020-10-26 19:00:00,875.75,879.48,871.94,873.54,6336,550,0
2020-10-26 20:00:00,873.53,877.4,873.01,875.67,4944,1930,0
2020-10-26 21:00:00,875.66,876.42,874.5,876.17,4445,2000,0
2020-10-26 22:00:00,876.19,877.18,873.87,874.32,1959,2010,0
2020-10-27 00:00:00,870.86,876.24,870.52,875.77,984,2870,0
2020-10-27 01:00:00,875.75,876.74,874.66,875.45,1433,2690,0
2020-10-27 02:00:00,875.67,878.72,874.69,878.67,2458,2660,0
2020-10-27 03:00:00,878.75,883.41,878.74,880.47,3339,2300,0
2020-10-27 04:00:00,880.45,883.21,879.71,880.69,3086,2290,0
2020-10-27 05:00:00,880.69,881.66,878.7,879.07,2353,2240,0
2020-10-27 06:00:00,879.08,880.16,878.22,879.05,1490,2700,0
2020-10-27 07:00:00,879.03,881.17,878.23,879.16,2535,2770,0
2020-10-27 08:00:00,879.19,882.97,879.19,881.53,3163,3020,0
2020-10-27 09:00:00,881.53,881.53,876.45,880.32,3670,1500,0
2020-10-27 10:00:00,880.26,880.73,875.83,877.9,5259,1360,0
2020-10-27 11:00:00,877.82,878.35,871.61,872.55,4339,1920,0
2020-10-27 12:00:00,872.63,878.56,872.55,878.56,3455,1460,0
2020-10-27 13:00:00,878.53,880.53,877.18,879.36,3394,1250,0
2020-10-27 14:00:00,879.37,884.1,877.31,878.63,4537,1130,0
2020-10-27 15:00:00,878.63,882.37,875.76,880.97,7615,1440,0
2020-10-27 16:00:00,880.96,886.61,878.43,885.59,6067,1140,0
2020-10-27 17:00:00,885.54,887.54,884.56,886.85,7497,1650,0
2020-10-27 18:00:00,886.89,887.78,883.46,886.13,6302,1910,0
2020-10-27 19:00:00,886.2,888.23,884.94,887.17,4683,1980,0
2020-10-27 20:00:00,887.18,887.6,884.05,884.82,4579,1990,0
2020-10-27 21:00:00,884.88,885.58,882.05,883.1,4453,2160,0
2020-10-27 22:00:00,883.08,883.57,881.49,882.2,2187,1960,0
2020-10-28 00:00:00,867.96,881.16,867.96,875.79,2116,3700,0
2020-10-28 01:00:00,875.84,878.29,875.84,877.89,1069,3690,0
2020-10-28 02:00:00,877.93,881.01,875.56,879.91,2490,3420,0
2020-10-28 03:00:00,879.9,882.05,879.5,880.6,1592,3550,0
2020-10-28 04:00:00,880.6,881.99,879.5,881.54,1391,3350,0
2020-10-28 05:00:00,881.54,884.11,880.92,883.42,1242,3080,0
2020-10-28 06:00:00,883.42,886.55,883.29,885.85,1214,2880,0
2020-10-28 07:00:00,885.85,886.99,884.65,885.69,1769,3330,0
2020-10-28 08:00:00,885.71,887.88,884.09,884.65,4527,2850,0
2020-10-28 09:00:00,884.5,886.43,883.07,884.3,4740,2740,0
2020-10-28 10:00:00,884.34,885.74,876.1,880.57,6884,2430,0
2020-10-28 11:00:00,880.56,881.57,874.88,877.46,4772,1680,0
2020-10-28 12:00:00,877.6,879.56,873.61,874.03,5284,1305,0
2020-10-28 13:00:00,874.06,875.44,868.44,871.25,6887,520,0
2020-10-28 14:00:00,871.15,871.54,857.21,865.62,9752,950,0
2020-10-28 15:00:00,865.46,866.13,857.96,864.23,9953,1790,0
2020-10-28 16:00:00,864.22,873.06,859.75,865.95,10485,1230,0
2020-10-28 17:00:00,865.96,879.68,862.48,877.59,10028,1440,0
2020-10-28 18:00:00,877.59,878.52,870.81,873.785,6228,1020,0
2020-10-28 19:00:00,873.785,874.89,867.69,873.62,6291,1340,0
2020-10-28 20:00:00,873.77,875.75,870.49,872.99,5580,1610,0
2020-10-28 21:00:00,873.1,874.07,869.82,871.22,6040,2030,0
2020-10-28 22:00:00,871.31,871.68,867.71,869.1,2076,2160,0
2020-10-29 00:00:00,855.89,872.2,855.85,869.93,1219,3370,0
2020-10-29 01:00:00,869.98,872.66,867.36,872.35,1279,2750,0
2020-10-29 02:00:00,872.35,872.35,866.68,866.83,1760,2530,0
2020-10-29 03:00:00,866.83,868.28,864.54,866.95,3193,2450,0
2020-10-29 04:00:00,866.97,867.18,862.26,864.99,1961,2320,0
2020-10-29 05:00:00,864.99,870.77,864.36,870.42,1354,1440,0
2020-10-29 06:00:00,870.47,871.28,868.92,870.38,1266,2850,0
2020-10-29 07:00:00,870.63,873.62,869.99,871.95,2022,1920,0
2020-10-29 08:00:00,871.96,877.03,870.54,874.97,3154,1370,0
2020-10-29 09:00:00,874.87,875.32,871.01,872.79,4472,2090,0
2020-10-29 10:00:00,872.75,874.01,865.06,865.85,6525,930,0
2020-10-29 11:00:00,865.85,870.56,864.8,865.3,4433,980,0
2020-10-29 12:00:00,865.29,866.82,861.98,865.89,4230,840,0
2020-10-29 13:00:00,865.86,866.31,859.57,859.98,5048,1540,0
2020-10-29 14:00:00,859.95,868.02,854.91,857.33,7633,720,0
2020-10-29 15:00:00,857.07,867.29,853.52,863.63,11442,1380,0
2020-10-29 16:00:00,863.56,863.56,855.68,858.27,10015,1120,0
2020-10-29 17:00:00,858.22,858.3,846.49,847.1,8464,740,0
2020-10-29 18:00:00,847.28,852.91,845.74,847.81,6796,610,0
2020-10-29 19:00:00,847.83,852.35,847.25,851.75,5638,1150,0
2020-10-29 20:00:00,851.75,854.63,851.44,853.46,5182,1310,0
2020-10-29 21:00:00,853.44,855.2,852.04,852.14,5063,1280,0
2020-10-29 22:00:00,852.12,853.33,848.16,848.42,2639,1770,0
2020-10-30 00:00:00,836.75,851.98,836.75,849.08,1290,2490,0
2020-10-30 01:00:00,849.06,852.67,848.83,851.9,1564,2840,0
2020-10-30 02:00:00,851.97,852.49,849.66,850.23,3100,2700,0
2020-10-30 03:00:00,850.21,855.36,847.82,855.19,3840,1600,0
2020-10-30 04:00:00,855.19,856.56,853.85,854.83,2919,1930,0
2020-10-30 05:00:00,854.82,859.37,854.35,858.37,3488,1620,0
2020-10-30 06:00:00,858.36,860.12,856.62,857.01,2598,2180,0
2020-10-30 07:00:00,857.03,858.5,850.92,851.29,4990,1180,0
2020-10-30 08:00:00,851.2,852.91,847.32,850.69,4763,1270,0
2020-10-30 09:00:00,850.63,851.87,847.6,850.59,4641,710,0
2020-10-30 10:00:00,850.61,853.92,849.59,852.42,6997,1140,0
2020-10-30 11:00:00,852.43,856.76,852.25,855.26,5005,1550,0
2020-10-30 12:00:00,855.33,856.71,852.215,855.315,4716,2390,0
2020-10-30 13:00:00,855.215,858.805,853.695,857.455,4991,2320,0
2020-10-30 14:00:00,857.485,861.965,852.805,860.015,7029,1800,0
2020-10-30 15:00:00,859.985,860.905,850.895,854.155,9270,840,0
2020-10-30 16:00:00,854.125,854.835,843.425,847.725,10886,1100,0
2020-10-30 17:00:00,847.725,852.285,845.485,846.175,8984,1360,0
2020-10-30 18:00:00,846.175,851.205,845.805,845.905,4672,410,0
2020-10-30 19:00:00,845.905,848.865,844.605,846.245,5269,1180,0
2020-10-30 20:00:00,846.245,847.715,844.295,846.615,4475,1360,0
2020-10-30 21:00:00,846.635,847.665,845.475,847.445,4373,1400,0
2020-10-30 22:00:00,847.415,849.025,845.885,846.645,862,2050,0
2020-11-02 01:00:00,844.975,847.655,838.355,840.375,1256,2780,0
2020-11-02 02:00:00,840.375,843.325,838.765,839.075,1030,3350,0
2020-11-02 03:00:00,839.065,846.785,837.365,844.595,2004,2920,0
2020-11-02 04:00:00,844.595,848.655,844.405,847.095,1352,2570,0
2020-11-02 05:00:00,847.095,850.115,845.545,849.235,1675,2450,0
2020-11-02 06:00:00,849.235,851.335,848.385,849.205,1459,600,0
2020-11-02 07:00:00,849.195,858.415,849.195,855.795,2438,1580,0
2020-11-02 08:00:00,855.795,856.455,852.265,852.905,1687,3460,0
2020-11-02 09:00:00,852.905,855.835,852.375,854.055,1758,2780,0
2020-11-02 10:00:00,854.055,854.745,849.265,853.245,4061,1610,0
2020-11-02 11:00:00,853.245,860.315,852.845,856.475,3795,1900,0
2020-11-02 12:00:00,856.395,856.995,853.565,855.505,2432,1160,0
2020-11-02 13:00:00,855.585,858.675,855.405,857.655,2380,1350,0
2020-11-02 14:00:00,857.655,862.425,852.915,854.475,2380,510,0
2020-11-02 15:00:00,854.475,860.715,853.895,855.135,3306,410,0
2020-11-02 16:00:00,855.135,861.3,854.245,858.965,3729,1230,0
2020-11-02 17:00:00,858.86,865.305,854.805,855.985,4706,1550,0
2020-11-02 18:00:00,855.985,861.125,854.02,857.205,3060,1310,0
2020-11-02 19:00:00,857.285,860.715,855.805,859.805,2201,1990,0
2020-11-02 20:00:00,859.805,860.315,855.285,855.605,2447,2100,0
2020-11-02 21:00:00,855.605,861.735,855.275,861.345,2027,2020,0
2020-11-02 22:00:00,861.315,861.885,859.945,861.355,1924,2160,0
2020-11-02 23:00:00,861.335,861.855,860.485,860.725,1149,2440,0
2020-11-03 01:00:00,860.655,861.045,847.605,859.905,786,3590,0
2020-11-03 02:00:00,859.945,861.495,858.445,859.735,1349,3420,0
2020-11-03 03:00:00,859.725,863.605,857.155,863.435,1513,3500,0
2020-11-03 04:00:00,863.435,864.935,862.395,863.265,996,3410,0
2020-11-03 05:00:00,863.215,863.345,858.935,860.035,1026,3950,0
2020-11-03 06:00:00,860.035,861.095,857.925,858.005,918,3870,0
2020-11-03 07:00:00,858.185,862.435,858.005,860.225,1717,3890,0
2020-11-03 08:00:00,860.135,861.265,858.465,860.305,1856,3610,0
2020-11-03 09:00:00,860.255,861.655,858.275,860.045,2525,2560,0
2020-11-03 10:00:00,860.045,869.475,858.175,868.395,3679,2200,0
2020-11-03 11:00:00,868.365,875.315,866.385,874.025,2436,580,0
2020-11-03 12:00:00,874.075,875.825,870.305,870.755,1536,860,0
2020-11-03 13:00:00,870.755,877.575,870.755,874.925,1628,1190,0
2020-11-03 14:00:00,874.925,877.015,873.565,873.995,1645,2120,0
2020-11-03 15:00:00,873.945,884.87,873.66,874.495,3748,890,0
2020-11-03 16:00:00,874.495,876.48,862.325,863.135,4693,1180,0
2020-11-03 17:00:00,863.165,872.485,863.045,871.995,5633,350,0
2020-11-03 18:00:00,871.995,879.725,869.275,873.985,4446,350,0
2020-11-03 19:00:00,873.965,874.765,871.635,873.195,3305,1150,0
2020-11-03 20:00:00,873.195,875.255,870.165,870.825,3295,1370,0
2020-11-03 21:00:00,870.815,871.875,867.895,868.525,2662,2030,0
2020-11-03 22:00:00,868.525,870.215,866.395,869.085,3042,2190,0
2020-11-03 23:00:00,869.085,870.465,867.915,869.985,639,2550,0
2020-11-04 01:00:00,871.145,876.895,869.685,873.64,1431,2460,0
2020-11-04 02:00:00,873.64,878.475,858.975,858.995,2444,3500,0
2020-11-04 03:00:00,859.075,868.555,856.845,863.675,2995,3350,0
2020-11-04 04:00:00,863.655,866.515,849.085,856.505,4413,2840,0
2020-11-04 05:00:00,856.505,866.975,856.175,861.585,3790,2150,0
2020-11-04 06:00:00,861.585,864.695,859.625,862.245,2671,2260,0
2020-11-04 07:00:00,862.265,866.455,861.835,862.445,2635,1740,0
2020-11-04 08:00:00,862.445,864.425,859.075,861.805,2484,2110,0
2020-11-04 09:00:00,861.805,863.185,852.405,856.935,4527,480,0
2020-11-04 10:00:00,856.935,860.745,852.175,859.355,4257,390,0
2020-11-04 11:00:00,859.345,863.985,858.485,861.245,3458,1600,0
2020-11-04 12:00:00,861.245,863.715,857.445,861.655,2834,1770,0
2020-11-04 13:00:00,861.655,872.465,859.385,870.045,2861,1070,0
2020-11-04 14:00:00,870.055,875.425,869.435,872.395,3382,890,0
2020-11-04 15:00:00,872.375,876.135,869.315,872.795,4073,1830,0
2020-11-04 16:00:00,872.805,876.485,864.915,869.305,4167,1200,0
2020-11-04 17:00:00,869.115,879.975,868.695,875.16,3547,510,0
2020-11-04 18:00:00,875.16,876.645,869.565,875.185,2336,1260,0
2020-11-04 19:00:00,875.185,876.065,866.185,866.495,2480,880,0
2020-11-04 20:00:00,866.495,872.275,864.58,870.695,1776,1010,0
2020-11-04 21:00:00,870.725,871.335,868.115,870.675,1243,1460,0
2020-11-04 22:00:00,870.735,871.315,868.605,870.875,1103,1770,0
2020-11-04 23:00:00,870.875,872.335,870.015,871.315,1034,1900,0
2020-11-05 01:00:00,870.345,872.485,856.365,871.185,603,2900,0
2020-11-05 02:00:00,871.135,874.195,869.905,870.915,1202,2600,0
2020-11-05 03:00:00,870.915,874.205,869.46,872.535,1406,3230,0
2020-11-05 04:00:00,872.535,873.305,868.605,873.005,1312,2830,0
2020-11-05 05:00:00,873.005,874.835,872.505,873.765,962,2580,0
2020-11-05 06:00:00,873.765,874.815,871.625,872.375,802,2610,0
2020-11-05 07:00:00,872.355,877.245,871.375,876.615,1256,2250,0
2020-11-05 08:00:00,876.615,877.185,873.255,874.655,1142,2220,0
2020-11-05 09:00:00,874.655,883.795,873.885,882.805,2136,2470,0
2020-11-05 10:00:00,882.805,887.945,880.665,884.425,2622,860,0
2020-11-05 11:00:00,884.425,888.135,882.575,886.005,1976,1450,0
2020-11-05 12:00:00,886.005,890.095,883.83,889.205,2005,610,0
2020-11-05 13:00:00,889.205,890.535,884.375,886.745,2052,380,0
2020-11-05 14:00:00,886.745,891.955,883.905,889.845,2584,1430,0
2020-11-05 15:00:00,889.985,898.46,888.165,895.685,3334,810,0
2020-11-05 16:00:00,895.685,897.535,889.915,896.095,4522,1340,0
2020-11-05 17:00:00,896.055,907.365,896.015,902.555,5136,1100,0
2020-11-05 18:00:00,902.555,906.475,896.625,897.035,3172,780,0
2020-11-05 19:00:00,897.035,898.225,893.275,896.055,2259,440,0
2020-11-05 20:00:00,896.055,897.195,886.815,889.405,2165,730,0
2020-11-05 21:00:00,889.405,896.975,889.405,896.665,2283,1340,0
2020-11-05 22:00:00,896.695,897.725,892.805,894.565,1645,1470,0
2020-11-05 23:00:00,894.635,896.585,893.925,895.065,782,2130,0
2020-11-06 01:00:00,895.295,896.025,882.185,893.325,1049,2400,0
2020-11-06 02:00:00,893.325,895.085,890.465,890.465,1298,2110,0
2020-11-06 03:00:00,890.465,895.005,888.305,894.215,1578,1640,0
2020-11-06 04:00:00,894.14,896.38,893.365,894.955,1519,2200,0
2020-11-06 05:00:00,894.76,896.175,891.605,891.665,1062,1770,0
2020-11-06 06:00:00,891.665,893.775,890.895,891.625,744,1550,0
2020-11-06 07:00:00,891.495,896.185,890.825,893.745,915,1220,0
2020-11-06 08:00:00,893.745,895.835,890.935,894.685,1112,1620,0
2020-11-06 09:00:00,894.685,900.375,892.835,900.305,1605,960,0
2020-11-06 10:00:00,900.305,905.675,898.165,898.415,1820,910,0
2020-11-06 11:00:00,898.365,902.105,896.09,899.125,2586,1970,0
2020-11-06 12:00:00,899.105,902.385,897.305,900.985,2675,2690,0
2020-11-06 13:00:00,900.975,906.565,900.645,904.035,2354,2550,0
2020-11-06 14:00:00,904.025,905.895,898.675,900.545,2587,2540,0
2020-11-06 15:00:00,900.595,912.515,898.945,910.41,4423,1265,0
2020-11-06 16:00:00,910.31,913.97,893.975,894.705,5205,710,0
2020-11-06 17:00:00,894.755,900.525,892.765,893.035,3803,1810,0
2020-11-06 18:00:00,893.055,895.405,888.315,889.925,3493,1920,0
2020-11-06 19:00:00,889.935,897.505,889.495,897.265,3161,2200,0
2020-11-06 20:00:00,897.275,898.375,893.795,898.325,2379,2470,0
2020-11-06 21:00:00,898.285,898.905,894.735,895.095,1828,2260,0
2020-11-06 22:00:00,895.045,896.455,893.795,894.615,1777,2400,0
2020-11-06 23:00:00,894.595,894.685,892.825,893.865,431,2840,0
2020-11-09 01:00:00,897.865,905.465,897.865,903.005,1571,3020,0
2020-11-09 02:00:00,903.005,903.005,898.015,899.765,1554,3630,0
2020-11-09 03:00:00,899.605,903.985,898.475,901.235,2163,3610,0
2020-11-09 04:00:00,901.235,903.535,900.555,902.795,1813,2920,0
2020-11-09 05:00:00,902.705,905.095,901.075,905.035,1612,3230,0
2020-11-09 06:00:00,905.045,905.705,903.645,903.805,1361,3370,0
2020-11-09 07:00:00,903.835,906.485,902.865,903.155,1602,3740,0
2020-11-09 08:00:00,903.135,903.665,898.905,900.345,1768,3680,0
2020-11-09 09:00:00,900.345,902.205,897.925,900.365,1691,2610,0
2020-11-09 10:00:00,900.365,905.345,898.915,901.995,2616,2120,0
2020-11-09 11:00:00,902.215,904.375,901.785,902.605,2293,1850,0
2020-11-09 12:00:00,902.615,904.805,902.465,904.075,1193,1600,0
2020-11-09 13:00:00,904.075,906.475,891.65,893.99,3234,1630,0
2020-11-09 14:00:00,894.01,894.15,871.035,885.475,7172,350,0
2020-11-09 15:00:00,885.475,885.475,858.185,865.995,7435,350,0
2020-11-09 16:00:00,865.995,870.855,855.925,858.695,6948,2060,0
2020-11-09 17:00:00,858.675,861.145,855.275,859.295,7769,2090,0
2020-11-09 18:00:00,859.235,861.745,850.285,860.865,6919,600,0
2020-11-09 19:00:00,860.885,868.595,860.805,867.655,4410,600,0
2020-11-09 20:00:00,867.645,871.025,865.325,867.075,3589,1390,0
2020-11-09 21:00:00,867.085,873.465,866.595,871.785,3024,620,0
2020-11-09 22:00:00,871.805,873.255,868.935,869.015,2967,1330,0
2020-11-09 23:00:00,869.045,872.385,867.055,868.935,1363,1830,0
2020-11-10 01:00:00,863.855,872.775,854.435,872.245,1156,2570,0
2020-11-10 02:00:00,872.235,873.045,869.345,871.215,1655,2940,0
2020-11-10 03:00:00,871.215,871.395,867.425,870.265,1724,3380,0
2020-11-10 04:00:00,870.255,874.005,870.045,872.045,2137,2720,0
2020-11-10 05:00:00,872.025,874.015,871.765,872.145,1831,2650,0
2020-11-10 06:00:00,872.165,873.585,871.925,872.385,1151,3930,0
2020-11-10 07:00:00,872.405,872.795,870.295,871.315,1115,3640,0
2020-11-10 08:00:00,871.325,876.455,870.145,876.075,1933,2320,0
2020-11-10 09:00:00,876.165,879.265,873.645,874.065,2559,2230,0
2020-11-10 10:00:00,874.115,880.055,874.015,878.365,2894,2340,0
2020-11-10 11:00:00,878.555,880.105,871.745,874.825,1883,350,0
2020-11-10 12:00:00,874.82,877.005,868.98,870.445,2235,670,0
2020-11-10 13:00:00,870.445,877.655,869.605,877.185,1994,1050,0
2020-11-10 14:00:00,877.185,878.325,870.23,873.675,1827,1450,0
2020-11-10 15:00:00,873.675,874.405,866.285,872.295,3128,2030,0
2020-11-10 16:00:00,872.305,875.435,866.175,875.275,5135,2150,0
2020-11-10 17:00:00,875.365,883.43,873.925,882.85,5172,375,0
2020-11-10 18:00:00,882.85,888.47,882.585,887.865,3012,500,0
2020-11-10 19:00:00,887.765,893.345,887.765,892.345,2684,470,0
2020-11-10 20:00:00,892.395,894.045,882.605,886.115,2163,580,0
2020-11-10 21:00:00,886.115,886.805,883.115,886.275,1595,1710,0
2020-11-10 22:00:00,886.275,886.605,882.18,883.035,1347,1680,0
2020-11-10 23:00:00,882.755,885.915,882.215,885.225,642,2030,0
2020-11-11 01:00:00,885.495,886.015,872.735,882.775,1013,2560,0
2020-11-11 02:00:00,882.795,885.745,882.235,883.775,1066,2660,0
2020-11-11 03:00:00,883.775,886.645,883.145,885.585,1510,2860,0
2020-11-11 04:00:00,885.435,890.595,884.975,890.325,1255,2990,0
2020-11-11 05:00:00,890.325,891.925,887.055,888.755,1111,2920,0
2020-11-11 06:00:00,888.805,889.165,886.785,887.735,755,3550,0
2020-11-11 07:00:00,887.735,890.175,887.135,888.525,722,3470,0
2020-11-11 08:00:00,888.525,891.045,887.375,889.385,853,3410,0
2020-11-11 09:00:00,889.475,889.985,884.165,884.165,1207,2810,0
2020-11-11 10:00:00,884.165,886.265,881.935,885.575,1892,2570,0
2020-11-11 11:00:00,885.595,889.175,884.335,888.895,2392,2320,0
2020-11-11 12:00:00,888.845,889.795,884.505,884.995,2029,2450,0
2020-11-11 13:00:00,885.135,886.635,882.275,883.735,2173,2110,0
2020-11-11 14:00:00,883.735,886.585,881.315,881.705,2520,670,0
2020-11-11 15:00:00,881.705,882.995,868.105,871.545,3803,360,0
2020-11-11 16:00:00,871.505,873.985,861.785,864.715,5018,730,0
2020-11-11 17:00:00,864.715,867.645,860.165,865.725,4414,840,0
2020-11-11 18:00:00,865.765,870.115,863.965,866.465,2968,1260,0
2020-11-11 19:00:00,866.495,867.075,859.675,865.295,2422,1240,0
2020-11-11 20:00:00,865.325,869.865,862.845,866.345,2164,1550,0
2020-11-11 21:00:00,866.315,867.605,863.675,864.715,1832,1970,0
2020-11-11 22:00:00,864.695,868.095,864.555,866.965,1659,2240,0
2020-11-11 23:00:00,866.905,867.925,866.565,867.605,768,2260,0
2020-11-12 01:00:00,867.035,868.415,852.695,866.425,643,2580,0
2020-11-12 02:00:00,866.415,868.855,865.255,867.725,947,3070,0
2020-11-12 03:00:00,867.685,870.345,866.045,869.495,1976,2140,0
2020-11-12 04:00:00,869.565,870.485,866.815,869.235,1186,2980,0
2020-11-12 05:00:00,869.215,870.675,867.565,868.615,1195,3490,0
2020-11-12 06:00:00,868.655,869.665,867.675,868.425,921,3270,0
2020-11-12 07:00:00,868.435,871.205,867.525,868.975,1463,2180,0
2020-11-12 08:00:00,868.925,870.215,865.285,867.735,1703,2160,0
2020-11-12 09:00:00,867.735,869.985,865.305,866.585,1729,1990,0
2020-11-12 10:00:00,866.595,870.715,865.065,869.485,2448,2470,0
2020-11-12 11:00:00,869.495,873.785,867.615,872.105,2189,2030,0
2020-11-12 12:00:00,872.095,873.295,869.955,870.395,2072,2270,0
2020-11-12 13:00:00,870.405,876.885,870.275,872.735,1965,2070,0
2020-11-12 14:00:00,872.795,873.945,869.645,869.975,1993,2110,0
2020-11-12 15:00:00,869.995,875.955,866.905,875.445,3155,2030,0
2020-11-12 16:00:00,875.475,880.175,874.715,879.01,4023,1320,0
2020-11-12 17:00:00,879.01,885.715,877.475,883.255,3209,750,0
2020-11-12 18:00:00,883.255,885.315,881.13,883.735,2273,460,0
2020-11-12 19:00:00,883.745,886.025,883.475,884.145,2770,1700,0
2020-11-12 20:00:00,884.125,885.345,882.045,884.785,2682,1630,0
2020-11-12 21:00:00,884.775,885.605,881.135,882.235,2247,1860,0
2020-11-12 22:00:00,882.225,882.265,879.585,880.675,2341,1825,0
2020-11-12 23:00:00,880.695,882.895,879.685,882.615,1020,2080,0
2020-11-13 01:00:00,882.905,882.905,868.405,880.785,700,2190,0
2020-11-13 02:00:00,880.765,883.105,880.025,882.395,1121,2230,0
2020-11-13 03:00:00,882.375,887.255,881.955,885.445,1596,2180,0
2020-11-13 04:00:00,885.445,887.09,884.245,886.34,999,3010,0
2020-11-13 05:00:00,886.34,886.955,884.2,884.76,735,3150,0
2020-11-13 06:00:00,884.765,888.96,884.655,888.155,630,2685,0
2020-11-13 07:00:00,888.155,889.45,886.185,887.775,782,2905,0
2020-11-13 08:00:00,887.815,890.135,887.485,889.64,658,2645,0
2020-11-13 09:00:00,889.64,890.255,888.13,889.965,819,2530,0
2020-11-13 10:00:00,889.965,891.435,885.655,886.945,1521,1635,0
2020-11-13 11:00:00,886.945,891.905,885.515,891.695,1460,1080,0
2020-11-13 12:00:00,891.615,892.255,889.645,890.125,1418,790,0
2020-11-13 13:00:00,890.125,890.565,887.6,888.375,1012,1140,0
2020-11-13 14:00:00,888.375,892.685,888.095,890.685,1353,1310,0
2020-11-13 15:00:00,890.635,897.81,890.375,896.625,2757,970,0
2020-11-13 16:00:00,896.565,897.295,890.025,890.575,3737,1150,0
2020-11-13 17:00:00,890.625,895.595,886.635,892.035,4336,1360,0
2020-11-13 18:00:00,891.745,893.945,890.485,891.165,2304,1820,0
2020-11-13 19:00:00,891.155,895.345,890.765,894.305,1735,1370,0
2020-11-13 20:00:00,894.255,895.155,890.695,892.095,1825,1430,0
2020-11-13 21:00:00,891.965,894.565,891.775,894.205,1784,1890,0
2020-11-13 22:00:00,894.185,894.225,892.515,893.605,1443,1600,0
2020-11-13 23:00:00,893.585,893.585,890.615,890.715,606,1940,0
2020-11-16 01:00:00,892.905,897.505,891.875,895.245,908,2380,0
2020-11-16 02:00:00,895.245,896.965,894.095,896.275,680,2160,0
2020-11-16 03:00:00,896.275,900.825,895.145,898.485,1684,1640,0
2020-11-16 04:00:00,898.525,901.735,898.525,900.385,1515,740,0
2020-11-16 05:00:00,900.435,903.085,899.775,901.575,1028,2810,0
2020-11-16 06:00:00,901.525,903.535,900.515,903.295,737,2660,0
2020-11-16 07:00:00,903.295,903.295,899.045,899.645,1044,2700,0
2020-11-16 08:00:00,899.565,899.985,897.425,898.615,1053,3050,0
2020-11-16 09:00:00,898.645,904.595,897.525,904.515,1112,2630,0
2020-11-16 10:00:00,904.515,908.865,903.685,906.195,2261,1460,0
2020-11-16 11:00:00,906.205,908.625,904.945,906.185,2805,1560,0
2020-11-16 12:00:00,906.165,906.725,904.135,905.195,1927,1150,0
2020-11-16 13:00:00,905.225,906.525,891.555,892.715,3875,1180,0
2020-11-16 14:00:00,892.725,900.005,889.795,895.185,5833,410,0
2020-11-16 15:00:00,895.095,909.405,891.815,909.165,4998,990,0
2020-11-16 16:00:00,909.215,912.365,902.995,903.855,4955,650,0
2020-11-16 17:00:00,903.805,913.445,902.295,913.375,4821,1690,0
2020-11-16 18:00:00,913.325,928.455,912.445,926.845,4150,610,0
2020-11-16 19:00:00,926.845,928.975,923.905,928.13,2814,550,0
2020-11-16 20:00:00,928.17,928.46,922.555,923.015,2306,1090,0
2020-11-16 21:00:00,923.015,926.375,922.455,922.575,1596,550,0
2020-11-16 22:00:00,922.575,928.005,922.41,927.905,1447,1390,0
2020-11-16 23:00:00,927.835,928.585,926.375,928.115,1071,1860,0
2020-11-17 01:00:00,927.355,928.425,925.305,926.745,923,1460,0
2020-11-17 02:00:00,926.745,929.385,926.725,927.525,954,1760,0
2020-11-17 03:00:00,927.505,928.495,922.735,922.775,1077,2110,0
2020-11-17 04:00:00,922.775,925.755,922.455,923.595,922,1620,0
2020-11-17 05:00:00,923.585,926.005,923.225,925.455,874,1330,0
2020-11-17 06:00:00,925.455,926.785,923.965,926.555,663,1420,0
2020-11-17 07:00:00,926.605,926.655,921.915,923.005,1110,560,0
2020-11-17 08:00:00,923.005,924.205,920.445,922.155,950,350,0
2020-11-17 09:00:00,922.175,924.115,920.095,921.105,1210,960,0
2020-11-17 10:00:00,921.175,926.285,919.255,924.195,1743,660,0
2020-11-17 11:00:00,924.195,927.385,921.915,923.475,1338,440,0
2020-11-17 12:00:00,923.475,924.425,921.155,924.325,1185,570,0
2020-11-17 13:00:00,924.295,927.705,924.295,927.515,2139,1040,0
2020-11-17 14:00:00,927.435,930.5,925.355,928.065,2110,685,0
2020-11-17 15:00:00,928.165,936.075,927.595,934.875,3254,950,0
2020-11-17 16:00:00,934.825,937.185,928.555,935.025,3936,1040,0
2020-11-17 17:00:00,935.045,937.385,927.53,933.905,3187,900,0
2020-11-17 18:00:00,933.875,936.795,931.335,931.515,1966,1260,0
2020-11-17 19:00:00,931.415,933.635,929.495,933.105,1248,740,0
2020-11-17 20:00:00,933.205,935.955,932.095,932.825,1605,1100,0
2020-11-17 21:00:00,932.855,936.615,932.715,935.425,1116,495,0
2020-11-17 22:00:00,935.475,936.045,929.125,930.715,1595,540,0
2020-11-17 23:00:00,930.745,930.875,928.055,929.215,732,370,0
2020-11-18 01:00:00,928.105,930.465,915.745,930.225,532,1110,0
2020-11-18 02:00:00,930.205,931.465,927.385,929.785,986,1130,0
2020-11-18 03:00:00,929.775,930.495,924.075,927.275,1640,370,0
2020-11-18 04:00:00,927.295,927.615,922.885,924.755,1056,690,0
2020-11-18 05:00:00,924.885,928.165,923.535,927.745,681,2810,0
2020-11-18 06:00:00,927.765,930.225,927.765,929.425,451,2640,0
2020-11-18 07:00:00,929.395,929.745,927.865,928.495,689,2310,0
2020-11-18 08:00:00,928.395,931.605,925.975,931.415,907,2160,0
2020-11-18 09:00:00,931.415,936.985,929.795,936.835,1276,880,0
2020-11-18 10:00:00,936.905,940.395,934.725,936.125,1955,580,0
2020-11-18 11:00:00,936.375,938.855,933.045,936.475,1438,750,0
2020-11-18 12:00:00,936.555,938.365,926.645,926.735,1354,470,0
2020-11-18 13:00:00,926.835,930.645,925.155,925.805,1245,1070,0
2020-11-18 14:00:00,925.755,927.135,908.425,925.735,1854,680,0
2020-11-18 15:00:00,925.635,935.765,924.125,935.565,1598,1110,0
2020-11-18 16:00:00,935.525,940.325,932.635,938.575,2357,650,0
2020-11-18 17:00:00,938.625,951.305,938.325,951.155,2515,490,0
2020-11-18 18:00:00,950.985,955.665,942.06,947.0,2508,360,0
2020-11-18 19:00:00,947.17,950.945,945.755,946.765,1647,840,0
2020-11-18 20:00:00,946.715,950.385,944.69,946.255,2247,960,0
2020-11-18 21:00:00,946.225,947.795,944.415,947.285,1081,1180,0
2020-11-18 22:00:00,947.235,947.935,942.665,943.045,1308,1210,0
2020-11-18 23:00:00,942.945,944.325,941.845,944.325,656,1240,0
2020-11-19 01:00:00,943.155,944.585,928.875,940.415,816,3000,0
2020-11-19 02:00:00,940.365,940.825,934.82,938.955,1393,2520,0
2020-11-19 03:00:00,939.035,945.615,938.515,944.515,1565,1860,0
2020-11-19 04:00:00,944.485,948.655,944.115,946.595,1068,2630,0
2020-11-19 05:00:00,946.595,946.595,938.255,941.075,958,2960,0
2020-11-19 06:00:00,941.195,941.955,938.405,938.615,699,2790,0
2020-11-19 07:00:00,938.605,940.965,935.315,935.575,1234,2690,0
2020-11-19 08:00:00,935.605,936.755,931.045,936.335,2026,2260,0
2020-11-19 09:00:00,936.365,940.285,935.045,938.905,1371,2050,0
2020-11-19 10:00:00,938.905,940.865,933.775,935.955,1888,840,0
2020-11-19 11:00:00,935.935,940.205,934.25,937.995,1935,350,0
2020-11-19 12:00:00,938.055,941.655,935.575,941.545,1261,580,0
2020-11-19 13:00:00,941.39,950.855,938.005,947.735,1764,355,0
2020-11-19 14:00:00,947.605,951.26,947.29,948.585,1402,590,0
2020-11-19 15:00:00,948.635,953.635,938.535,943.345,2746,490,0
2020-11-19 16:00:00,943.615,947.835,938.53,943.995,3023,580,0
2020-11-19 17:00:00,943.965,952.415,943.385,945.915,1974,1170,0
2020-11-19 18:00:00,945.595,947.095,940.075,945.745,2465,1390,0
2020-11-19 19:00:00,945.875,945.875,941.925,944.155,1308,1210,0
2020-11-19 20:00:00,944.175,948.995,944.025,946.155,1574,1230,0
2020-11-19 21:00:00,946.125,951.125,945.875,949.155,1229,900,0
2020-11-19 22:00:00,949.105,954.235,948.085,953.665,1268,1190,0
2020-11-19 23:00:00,953.665,953.845,952.125,952.285,539,1540,0
2020-11-20 01:00:00,948.22,952.345,934.395,949.545,827,660,0
2020-11-20 02:00:00,949.445,951.595,948.575,950.175,931,730,0
2020-11-20 03:00:00,950.205,954.965,949.365,953.095,1060,940,0
2020-11-20 04:00:00,953.065,953.935,951.015,952.485,1120,1100,0
2020-11-20 05:00:00,952.405,954.045,951.95,953.925,643,1210,0
2020-11-20 06:00:00,953.935,957.415,951.245,956.33,828,390,0
2020-11-20 07:00:00,956.195,959.575,953.785,957.505,808,420,0
2020-11-20 08:00:00,957.505,958.945,954.465,956.205,1280,2020,0
2020-11-20 09:00:00,956.165,958.225,954.085,956.385,1130,1920,0
2020-11-20 10:00:00,956.435,959.165,956.065,958.285,1326,1450,0
2020-11-20 11:00:00,958.305,959.595,947.395,951.135,2179,520,0
2020-11-20 12:00:00,951.085,956.835,950.885,954.485,738,1390,0
2020-11-20 13:00:00,954.475,959.245,954.135,957.615,754,970,0
2020-11-20 14:00:00,957.565,958.715,953.995,956.305,1191,1220,0
2020-11-20 15:00:00,956.005,962.285,955.205,956.61,1959,995,0
2020-11-20 16:00:00,956.605,964.445,955.625,959.265,2936,670,0
2020-11-20 17:00:00,959.265,963.695,950.845,951.735,1166,980,0
2020-11-20 18:00:00,951.635,956.695,949.185,951.755,1329,850,0
2020-11-20 19:00:00,951.655,953.705,950.655,952.745,819,950,0
2020-11-20 20:00:00,952.695,954.605,952.325,953.695,961,1380,0
2020-11-20 21:00:00,953.685,956.295,953.155,953.905,575,1490,0
2020-11-20 22:00:00,953.955,954.185,952.435,952.635,542,1380,0
2020-11-20 23:00:00,952.485,952.945,944.825,947.215,439,1630,0
2020-11-23 01:00:00,945.595,950.075,945.265,948.595,476,2630,0
2020-11-23 02:00:00,948.545,949.145,946.845,947.755,430,2560,0
2020-11-23 03:00:00,947.805,950.785,947.205,950.015,824,2220,0
2020-11-23 04:00:00,949.985,950.675,947.815,950.305,752,2410,0
2020-11-23 05:00:00,950.405,951.955,949.925,951.125,309,2240,0
2020-11-23 06:00:00,951.025,951.025,949.415,949.665,230,2130,0
2020-11-23 07:00:00,949.675,951.255,949.675,951.135,240,1920,0
2020-11-23 08:00:00,951.085,952.225,948.615,948.975,408,2040,0
2020-11-23 09:00:00,948.875,951.635,944.795,951.365,904,2050,0
2020-11-23 10:00:00,951.265,952.145,946.235,947.445,1663,1500,0
2020-11-23 11:00:00,947.345,952.425,946.995,952.295,1073,1130,0
2020-11-23 12:00:00,952.345,952.595,945.15,948.975,1252,610,0
2020-11-23 13:00:00,949.025,949.575,933.905,938.835,1714,480,0
2020-11-23 14:00:00,938.435,943.325,936.775,942.905,1790,1630,0
2020-11-23 15:00:00,942.865,950.005,941.025,948.865,2963,1550,0
2020-11-23 16:00:00,948.845,950.065,930.265,934.505,5175,750,0
2020-11-23 17:00:00,934.655,942.185,931.335,933.965,5079,350,0
2020-11-23 18:00:00,934.015,935.925,918.215,924.785,4850,350,0
2020-11-23 19:00:00,924.765,929.865,922.825,927.925,1751,1350,0
2020-11-23 20:00:00,927.925,932.085,927.845,930.105,1531,1220,0
2020-11-23 21:00:00,930.11,931.795,928.615,931.765,1170,1480,0
2020-11-23 22:00:00,931.705,934.025,928.91,929.785,1408,1480,0
2020-11-23 23:00:00,929.785,930.355,928.585,930.025,576,1780,0
2020-11-24 01:00:00,928.105,934.045,915.045,931.555,1108,2400,0
2020-11-24 02:00:00,931.525,936.995,928.655,936.635,1191,2480,0
2020-11-24 03:00:00,936.595,937.925,932.415,934.525,2625,2380,0
2020-11-24 04:00:00,934.545,935.685,930.845,932.385,1931,2800,0
2020-11-24 05:00:00,932.405,937.965,932.035,936.825,1315,2050,0
2020-11-24 06:00:00,936.845,937.095,932.785,935.925,864,2410,0
2020-11-24 07:00:00,935.825,937.835,934.895,935.875,1248,2380,0
2020-11-24 08:00:00,935.905,937.735,935.525,937.255,1116,2630,0
2020-11-24 09:00:00,937.255,937.965,932.535,932.675,941,1970,0
2020-11-24 10:00:00,932.755,940.915,932.755,937.025,1971,1395,0
2020-11-24 11:00:00,937.105,944.245,937.105,939.035,1750,1180,0
2020-11-24 12:00:00,939.165,941.375,926.635,927.435,2587,1270,0
2020-11-24 13:00:00,927.555,930.895,926.42,929.285,2160,1000,0
2020-11-24 14:00:00,929.305,931.695,928.415,929.845,2114,890,0
2020-11-24 15:00:00,929.875,938.185,923.775,935.915,3798,940,0
2020-11-24 16:00:00,935.865,954.445,934.325,952.17,3724,1220,0
2020-11-24 17:00:00,952.095,963.945,949.705,958.635,6253,590,0
2020-11-24 18:00:00,958.635,960.035,953.515,954.155,3342,1750,0
2020-11-24 19:00:00,954.175,959.425,953.675,956.915,1972,1560,0
2020-11-24 20:00:00,956.885,959.365,953.495,957.815,2122,1850,0
2020-11-24 21:00:00,957.805,960.255,955.665,959.705,1493,2420,0
2020-11-24 22:00:00,959.725,961.805,958.795,960.855,1408,2290,0
2020-11-24 23:00:00,960.785,962.965,959.735,962.105,725,2470,0
2020-11-25 01:00:00,961.475,962.095,948.725,959.715,939,2860,0
2020-11-25 02:00:00,959.735,962.075,958.445,960.615,1048,3170,0
2020-11-25 03:00:00,960.595,966.975,960.445,966.415,1876,2070,0
2020-11-25 04:00:00,966.385,966.385,961.955,963.045,1571,2780,0
2020-11-25 05:00:00,962.945,963.485,960.025,961.565,1463,3200,0
2020-11-25 06:00:00,961.665,966.295,960.595,965.195,884,3800,0
2020-11-25 07:00:00,965.115,965.665,959.955,960.855,1646,3270,0
2020-11-25 08:00:00,960.805,968.535,959.765,966.235,1597,1610,0
2020-11-25 09:00:00,966.135,967.545,963.275,967.495,1435,1180,0
2020-11-25 10:00:00,967.375,967.985,960.825,962.395,2492,1100,0
2020-11-25 11:00:00,962.345,964.405,957.635,963.445,1721,2050,0
2020-11-25 12:00:00,963.495,963.585,958.555,960.115,1496,1730,0
2020-11-25 13:00:00,960.215,960.965,951.265,955.265,1506,1970,0
2020-11-25 14:00:00,955.365,960.525,948.135,959.295,929,2760,0
2020-11-25 15:00:00,959.295,966.345,955.395,958.915,1883,2250,0
2020-11-25 16:00:00,958.915,960.765,951.295,960.015,2038,2280,0
2020-11-25 17:00:00,960.065,968.545,959.625,965.315,1623,2110,0
2020-11-25 18:00:00,965.065,968.725,963.435,967.185,1906,2030,0
2020-11-25 19:00:00,967.215,970.305,967.185,969.015,1113,1170,0
2020-11-25 20:00:00,969.035,969.475,963.55,964.365,1745,1570,0
2020-11-25 21:00:00,964.345,966.375,961.37,964.815,1720,1910,0
2020-11-25 22:00:00,964.865,968.195,964.575,967.075,1410,2100,0
2020-11-25 23:00:00,966.725,967.535,966.105,966.225,630,2400,0
2020-11-26 01:00:00,966.105,968.685,965.815,967.595,494,1760,0
2020-11-26 02:00:00,967.645,969.785,965.505,968.565,983,2580,0
2020-11-26 03:00:00,968.595,970.595,968.015,969.675,830,3100,0
2020-11-26 04:00:00,969.665,969.995,967.385,969.485,779,3160,0
2020-11-26 05:00:00,969.515,969.765,968.635,969.375,612,3420,0
2020-11-26 06:00:00,969.375,970.455,968.895,970.185,556,3540,0
2020-11-26 07:00:00,970.215,970.285,963.455,965.455,1099,3670,0
2020-11-26 08:00:00,965.445,969.035,965.445,967.945,811,4170,0
2020-11-26 09:00:00,967.945,969.385,965.695,967.065,751,2870,0
2020-11-26 10:00:00,967.045,968.405,964.585,964.82,1178,2900,0
2020-11-26 11:00:00,964.775,965.365,960.265,961.835,1206,2680,0
2020-11-26 12:00:00,961.835,963.575,960.815,963.385,551,3270,0
2020-11-26 13:00:00,963.355,964.465,962.545,963.335,463,3050,0
2020-11-26 14:00:00,963.335,964.215,960.115,961.215,465,2090,0
2020-11-26 15:00:00,961.215,962.935,958.905,959.735,799,2060,0
2020-11-26 16:00:00,959.735,961.765,951.915,955.125,989,1490,0
2020-11-26 17:00:00,955.075,961.225,952.315,960.685,783,1640,0
2020-11-26 18:00:00,960.575,965.655,960.325,965.045,921,2360,0
2020-11-26 19:00:00,965.065,965.555,962.295,963.905,606,2430,0
2020-11-27 01:00:00,966.695,966.695,954.425,961.065,428,3400,0
2020-11-27 02:00:00,961.085,965.385,960.115,964.595,767,3770,0
2020-11-27 03:00:00,964.645,964.885,961.345,961.345,582,3630,0
2020-11-27 04:00:00,961.345,961.345,958.735,959.195,576,3630,0
2020-11-27 05:00:00,959.195,959.265,955.455,957.435,678,3810,0
2020-11-27 06:00:00,957.465,957.905,955.575,956.015,442,3740,0
2020-11-27 07:00:00,956.015,956.315,951.905,953.275,1120,3520,0
2020-11-27 08:00:00,953.245,954.215,952.255,952.745,827,2700,0
2020-11-27 09:00:00,952.745,959.195,950.605,959.105,465,660,0
2020-11-27 10:00:00,959.105,962.965,958.465,962.365,820,1070,0
2020-11-27 11:00:00,962.465,965.975,956.645,957.545,1126,1840,0
2020-11-27 12:00:00,957.545,962.325,954.875,959.045,1781,3410,0
2020-11-27 13:00:00,959.045,961.795,956.845,958.305,1018,3480,0
2020-11-27 14:00:00,958.305,962.705,958.115,960.955,1508,2810,0
2020-11-27 15:00:00,960.985,961.135,947.885,948.205,4544,2000,0
2020-11-27 16:00:00,948.205,962.82,946.385,961.575,4433,1970,0
2020-11-27 17:00:00,961.625,969.835,959.89,966.305,3154,2400,0
2020-11-27 18:00:00,966.255,971.455,964.385,964.585,2228,1690,0
2020-11-27 19:00:00,964.605,967.485,961.975,967.125,1436,1700,0
2020-11-27 20:00:00,967.125,968.005,965.285,965.395,280,2420,0
2020-11-30 01:00:00,960.005,970.495,958.875,968.105,1020,4390,0
2020-11-30 02:00:00,968.105,970.425,962.715,967.655,1809,4410,0
2020-11-30 03:00:00,967.635,969.525,965.185,967.445,2044,4180,0
2020-11-30 04:00:00,967.715,967.785,958.03,958.13,3959,4050,0
2020-11-30 05:00:00,958.18,961.735,955.395,961.185,3564,4100,0
2020-11-30 06:00:00,961.155,962.005,958.125,958.265,1245,4040,0
2020-11-30 07:00:00,958.295,959.075,954.255,956.515,3410,4080,0
2020-11-30 08:00:00,956.465,958.665,953.005,956.265,3415,4120,0
2020-11-30 09:00:00,956.265,960.735,955.465,959.675,1799,3010,0
2020-11-30 10:00:00,959.715,962.165,956.435,959.075,2716,2890,0
2020-11-30 11:00:00,959.075,962.785,957.215,960.325,1811,3680,0
2020-11-30 12:00:00,960.295,960.515,955.425,956.845,2244,3820,0
2020-11-30 13:00:00,956.845,964.055,956.645,960.525,2648,3820,0
2020-11-30 14:00:00,960.525,968.375,960.445,966.685,2769,3450,0
2020-11-30 15:00:00,966.765,979.135,966.485,976.98,4894,3300,0
2020-11-30 16:00:00,976.98,978.955,972.13,977.55,4810,3000,0
2020-11-30 17:00:00,977.6,979.865,965.455,968.695,4847,3190,0
2020-11-30 18:00:00,968.695,970.035,961.575,968.765,3962,3220,0
2020-11-30 19:00:00,968.785,976.725,968.585,975.795,2567,3090,0
2020-11-30 20:00:00,975.715,975.715,959.355,965.765,3179,3620,0
2020-11-30 21:00:00,965.715,969.865,964.395,969.765,1787,4020,0
2020-11-30 22:00:00,969.795,970.315,963.805,964.915,1790,4120,0
2020-11-30 23:00:00,964.895,965.775,963.935,965.425,787,4130,0
2020-12-01 01:00:00,961.13,969.615,955.165,968.145,796,4330,0
2020-12-01 02:00:00,968.195,971.525,967.495,971.285,798,4250,0
2020-12-01 03:00:00,971.255,973.915,969.875,972.215,1626,2810,0
2020-12-01 04:00:00,972.335,982.375,971.725,981.585,1838,3960,0
2020-12-01 05:00:00,981.605,984.335,978.695,983.125,1357,4020,0
2020-12-01 06:00:00,983.155,983.965,981.63,981.925,845,4050,0
2020-12-01 07:00:00,981.875,984.635,981.035,982.755,1689,4000,0
2020-12-01 08:00:00,982.785,985.365,982.195,983.065,1890,4110,0
2020-12-01 09:00:00,982.955,985.775,982.955,984.975,2023,4040,0
2020-12-01 10:00:00,985.005,988.465,983.43,987.055,2933,3350,0
2020-12-01 11:00:00,986.975,989.235,978.875,981.725,1804,3010,0
2020-12-01 12:00:00,981.725,984.275,979.905,983.975,1541,3780,0
2020-12-01 13:00:00,983.895,987.765,981.305,982.065,2485,3750,0
2020-12-01 14:00:00,982.015,985.335,980.165,985.165,1989,3520,0
2020-12-01 15:00:00,985.245,990.825,985.175,989.545,4166,2940,0
2020-12-01 16:00:00,989.575,995.245,986.185,990.245,5730,2540,0
2020-12-01 17:00:00,990.545,994.265,985.89,993.665,4746,2370,0
2020-12-01 18:00:00,993.715,1001.885,993.595,1001.265,3811,2450,0
2020-12-01 19:00:00,1001.265,1002.775,998.555,1000.225,3097,520,0
2020-12-01 20:00:00,1000.245,1001.755,997.995,1000.545,3023,3910,0
2020-12-01 21:00:00,1000.595,1002.315,1000.395,1001.375,1995,3990,0
2020-12-01 22:00:00,1001.325,1002.525,1000.205,1002.095,1655,3920,0
2020-12-01 23:00:00,1002.165,1002.195,1000.245,1000.365,566,4160,0
2020-12-02 01:00:00,997.14,1000.615,989.845,998.255,748,4240,0
2020-12-02 02:00:00,998.035,1000.105,993.075,995.005,1158,4250,0
2020-12-02 03:00:00,995.055,995.055,986.435,986.615,1979,4200,0
2020-12-02 04:00:00,986.735,990.535,986.5,987.515,2055,4030,0
2020-12-02 05:00:00,987.585,991.375,987.445,991.265,1347,4050,0
2020-12-02 06:00:00,991.235,991.985,989.245,989.265,753,3980,0
2020-12-02 07:00:00,989.295,989.295,980.895,983.505,1796,4120,0
2020-12-02 08:00:00,983.355,989.065,982.525,987.085,1616,4080,0
2020-12-02 09:00:00,987.065,994.935,986.195,992.175,1668,4110,0
2020-12-02 10:00:00,992.125,1004.345,990.545,1002.255,2516,3830,0
2020-12-02 11:00:00,1002.255,1002.685,995.915,999.805,2950,3920,0
2020-12-02 12:00:00,999.775,1013.995,999.445,1012.605,2125,2830,0
2020-12-02 13:00:00,1012.605,1013.995,1009.905,1012.155,1827,3480,0
2020-12-02 14:00:00,1012.105,1012.255,1001.105,1008.815,2192,3360,0
2020-12-02 15:00:00,1008.845,1013.605,1007.795,1010.355,4064,3410,0
2020-12-02 16:00:00,1010.355,1013.315,1005.835,1012.505,3601,3690,0
2020-12-02 17:00:00,1012.605,1017.925,1011.655,1016.745,4271,3760,0
2020-12-02 18:00:00,1016.745,1018.055,1009.635,1009.635,2928,3470,0
2020-12-02 19:00:00,1009.635,1011.905,1006.825,1007.355,1876,2460,0
2020-12-02 20:00:00,1007.355,1011.855,1005.425,1011.105,1660,3640,0
2020-12-02 21:00:00,1011.105,1012.27,1008.285,1011.255,1468,3870,0
2020-12-02 22:00:00,1011.255,1011.815,1009.545,1010.765,1066,3600,0
2020-12-02 23:00:00,1010.815,1014.435,1010.815,1013.275,495,4000,0
2020-12-03 01:00:00,1009.905,1014.445,1001.815,1011.165,677,4300,0
2020-12-03 02:00:00,1011.115,1011.495,1008.915,1009.665,986,4310,0
2020-12-03 03:00:00,1009.635,1011.405,1006.535,1008.775,1825,4160,0
2020-12-03 04:00:00,1008.775,1010.555,1008.305,1009.995,891,4100,0
2020-12-03 05:00:00,1010.015,1014.935,1009.685,1013.465,1395,4120,0
2020-12-03 06:00:00,1013.495,1016.105,1012.245,1015.685,802,4090,0
2020-12-03 07:00:00,1015.735,1016.685,1013.205,1014.035,1502,4100,0
2020-12-03 08:00:00,1013.965,1015.795,1011.995,1014.005,1466,4100,0
2020-12-03 09:00:00,1014.025,1027.405,1013.855,1027.055,2472,4090,0
2020-12-03 10:00:00,1027.025,1027.915,1021.515,1024.455,1924,3640,0
2020-12-03 11:00:00,1024.455,1026.405,1020.645,1024.105,1916,3520,0
2020-12-03 12:00:00,1024.075,1029.145,1023.315,1027.715,1933,3890,0
2020-12-03 13:00:00,1027.765,1029.755,1026.375,1028.995,1636,3710,0
2020-12-03 14:00:00,1028.965,1032.795,1026.865,1029.145,1987,2980,0
2020-12-03 15:00:00,1029.145,1034.195,1021.775,1022.735,3594,2080,0
2020-12-03 16:00:00,1022.735,1031.015,1021.445,1027.505,4140,1710,0
2020-12-03 17:00:00,1027.555,1035.675,1022.875,1025.065,3712,3010,0
2020-12-03 18:00:00,1025.065,1026.295,998.395,1026.095,5381,3945,0
2020-12-03 19:00:00,1026.095,1029.625,1021.005,1028.995,2251,3530,0
2020-12-03 20:00:00,1025.995,1034.305,1025.435,1029.475,1823,2790,0
2020-12-03 21:00:00,1029.495,1034.575,1028.545,1033.855,1302,2290,0
2020-12-03 22:00:00,1033.785,1036.695,1031.455,1034.175,2282,2870,0
2020-12-03 23:00:00,1034.155,1034.155,1030.485,1030.795,644,3910,0
2020-12-04 01:00:00,1027.645,1032.475,1019.295,1027.195,662,4300,0
2020-12-04 02:00:00,1027.225,1034.715,1025.935,1032.185,1057,4270,0
2020-12-04 03:00:00,1032.265,1033.665,1026.215,1030.305,2163,4110,0
2020-12-04 04:00:00,1030.335,1040.485,1028.05,1040.365,1825,4040,0
2020-12-04 05:00:00,1040.365,1046.915,1038.785,1039.075,1659,4070,0
2020-12-04 06:00:00,1038.855,1042.305,1038.735,1039.555,656,5130,0
2020-12-04 07:00:00,1039.585,1039.955,1033.265,1033.395,1104,5130,0
2020-12-04 08:00:00,1033.375,1044.015,1032.995,1043.645,1602,5220,0
2020-12-04 09:00:00,1044.055,1044.915,1040.395,1040.435,1543,4060,0
2020-12-04 10:00:00,1040.615,1048.975,1039.445,1043.295,1776,2770,0
2020-12-04 11:00:00,1043.275,1053.905,1042.545,1050.725,1596,3060,0
2020-12-04 12:00:00,1050.725,1057.455,1050.245,1056.035,1555,4380,0
2020-12-04 13:00:00,1056.035,1060.185,1054.625,1059.785,1255,2580,0
2020-12-04 14:00:00,1059.785,1061.44,1052.245,1054.565,1913,2840,0
2020-12-04 15:00:00,1054.595,1064.745,1049.015,1060.095,5334,3630,0
2020-12-04 16:00:00,1060.115,1080.07,1059.195,1073.69,6465,3990,0
2020-12-04 17:00:00,1073.69,1076.465,1047.415,1053.055,6882,3890,0
2020-12-04 18:00:00,1053.125,1059.325,1045.995,1058.525,3927,2860,0
2020-12-04 19:00:00,1058.425,1063.615,1056.515,1061.425,1832,3370,0
2020-12-04 20:00:00,1061.335,1063.475,1058.915,1062.235,1434,3200,0
2020-12-04 21:00:00,1062.165,1063.095,1059.075,1061.535,941,3170,0
2020-12-04 22:00:00,1061.465,1062.665,1060.745,1061.825,1137,4520,0
2020-12-04 23:00:00,1060.665,1060.665,1050.245,1055.935,623,6200,0
2020-12-07 01:00:00,1052.235,1065.185,1036.005,1037.675,1742,6390,0
2020-12-07 02:00:00,1039.205,1055.375,1023.735,1054.515,2500,6630,0
2020-12-07 03:00:00,1054.565,1054.685,1031.945,1038.075,2556,6320,0
2020-12-07 04:00:00,1037.855,1039.295,1027.795,1033.765,2212,6240,0
2020-12-07 05:00:00,1033.765,1041.115,1030.265,1038.425,1465,6240,0
2020-12-07 06:00:00,1038.405,1041.515,1038.405,1039.595,569,6230,0
2020-12-07 07:00:00,1039.545,1045.565,1039.005,1045.215,774,6170,0
2020-12-07 08:00:00,1045.045,1045.095,1035.605,1040.215,1333,6260,0
2020-12-07 09:00:00,1040.215,1042.925,1034.245,1042.035,1851,5380,0
2020-12-07 10:00:00,1042.135,1042.465,1022.145,1033.715,3533,2600,0
2020-12-07 11:00:00,1033.715,1035.93,1023.965,1025.215,2170,1230,0
2020-12-07 12:00:00,1025.315,1026.835,1003.075,1022.005,4080,3290,0
2020-12-07 13:00:00,1022.005,1022.045,1013.135,1017.315,1631,4760,0
2020-12-07 14:00:00,1017.315,1024.195,1016.815,1023.545,1552,5000,0
2020-12-07 15:00:00,1023.545,1027.225,1015.795,1022.215,3658,4900,0
2020-12-07 16:00:00,1022.315,1038.605,1018.995,1037.535,6032,4760,0
2020-12-07 17:00:00,1037.535,1045.725,1029.575,1042.715,6560,4670,0
2020-12-07 18:00:00,1042.745,1046.235,1037.365,1040.895,2557,4790,0
2020-12-07 19:00:00,1040.865,1043.325,1034.295,1038.145,1693,4330,0
2020-12-07 20:00:00,1038.145,1039.955,1031.515,1034.055,2371,4540,0
2020-12-07 21:00:00,1034.025,1034.055,1028.255,1031.545,1421,4620,0
2020-12-07 22:00:00,1031.545,1031.885,1017.645,1025.125,2062,3700,0
2020-12-07 23:00:00,1025.165,1027.735,1018.28,1020.495,851,5940,0
2020-12-08 01:00:00,1007.765,1030.295,1007.765,1028.425,925,6430,0
2020-12-08 02:00:00,1028.375,1029.205,1024.855,1027.245,1001,6560,0
2020-12-08 03:00:00,1027.395,1032.735,1022.275,1027.615,3146,6240,0
2020-12-08 04:00:00,1027.715,1027.955,1013.005,1020.985,1920,6210,0
2020-12-08 05:00:00,1021.015,1022.495,1018.645,1022.495,1460,6240,0
2020-12-08 06:00:00,1022.525,1024.165,1021.375,1023.755,1261,6170,0
2020-12-08 07:00:00,1023.755,1024.275,1020.525,1021.055,1957,6100,0
2020-12-08 08:00:00,1020.955,1023.295,1020.425,1022.395,1542,6190,0
2020-12-08 09:00:00,1023.675,1024.145,1015.035,1017.005,1918,4590,0
2020-12-08 10:00:00,1016.975,1022.005,1011.585,1020.825,2178,5180,0
2020-12-08 11:00:00,1020.745,1024.825,1020.685,1021.425,1868,5310,0
2020-12-08 12:00:00,1021.425,1023.695,1019.865,1021.985,647,5620,0
2020-12-08 13:00:00,1021.985,1022.485,1015.685,1015.855,1644,4860,0
2020-12-08 14:00:00,1015.865,1024.295,1015.865,1023.965,1441,5260,0
2020-12-08 15:00:00,1023.895,1030.155,1023.155,1023.355,3972,5160,0
2020-12-08 16:00:00,1023.355,1033.245,1021.385,1028.085,4538,5660,0
2020-12-08 17:00:00,1028.085,1030.745,1020.705,1026.825,5327,5650,0
2020-12-08 18:00:00,1026.835,1029.255,1022.325,1026.065,2594,5000,0
2020-12-08 19:00:00,1026.065,1027.905,1024.765,1025.935,1461,4740,0
2020-12-08 20:00:00,1025.915,1028.005,1023.925,1026.455,1227,4790,0
2020-12-08 21:00:00,1026.485,1027.595,1024.125,1025.885,1340,4740,0
2020-12-08 22:00:00,1025.855,1026.965,1024.365,1026.135,1257,5960,0
2020-12-08 23:00:00,1025.975,1026.125,1024.735,1025.465,509,6200,0
2020-12-09 01:00:00,1009.655,1027.315,1009.655,1025.815,452,6420,0
2020-12-09 02:00:00,1025.845,1028.265,1025.655,1027.205,672,6310,0
2020-12-09 03:00:00,1027.255,1028.945,1023.465,1026.885,2322,6380,0
2020-12-09 04:00:00,1026.805,1030.945,1026.385,1030.765,1506,6090,0
2020-12-09 05:00:00,1030.815,1030.875,1025.545,1026.205,1483,6120,0
2020-12-09 06:00:00,1026.185,1028.285,1025.125,1028.085,1085,6120,0
2020-12-09 07:00:00,1028.085,1028.825,1026.175,1026.705,1334,6180,0
2020-12-09 08:00:00,1026.655,1030.505,1024.345,1029.155,2056,6190,0
2020-12-09 09:00:00,1029.075,1029.975,1020.175,1022.785,1765,5650,0
2020-12-09 10:00:00,1022.795,1028.085,1021.365,1027.295,1327,4630,0
2020-12-09 11:00:00,1027.295,1028.485,1022.065,1026.245,1305,4610,0
2020-12-09 12:00:00,1026.245,1027.115,1017.915,1019.445,1462,4390,0
2020-12-09 13:00:00,1019.445,1022.745,1012.065,1012.815,988,4590,0
2020-12-09 14:00:00,1012.825,1018.865,1012.625,1015.495,2140,4560,0
2020-12-09 15:00:00,1015.615,1026.165,1014.995,1021.605,4253,4240,0
2020-12-09 16:00:00,1021.605,1025.305,1015.485,1015.545,4977,4180,0
2020-12-09 17:00:00,1015.515,1026.795,1013.815,1024.535,3909,4060,0
2020-12-09 18:00:00,1024.535,1024.535,1011.515,1016.125,2126,4170,0
2020-12-09 19:00:00,1016.125,1017.355,1007.145,1010.605,2692,4410,0
2020-12-09 20:00:00,1010.545,1011.655,991.005,994.635,4542,2000,0
2020-12-09 21:00:00,994.735,1000.935,992.915,996.825,3536,5040,0
2020-12-09 22:00:00,996.775,1002.905,996.265,1000.595,1485,4950,0
2020-12-09 23:00:00,1000.555,1003.215,999.405,1001.435,1073,5260,0
2020-12-10 01:00:00,987.605,1003.445,987.605,1000.415,970,6490,0
2020-12-10 02:00:00,1000.325,1003.525,999.345,1003.205,1257,6320,0
2020-12-10 03:00:00,1003.185,1006.685,1002.355,1003.675,2453,6240,0
2020-12-10 04:00:00,1003.645,1007.915,1003.055,1007.235,1624,6140,0
2020-12-10 05:00:00,1007.235,1007.645,1003.745,1004.065,1390,6080,0
2020-12-10 06:00:00,1004.035,1005.385,1003.925,1004.535,949,6070,0
2020-12-10 07:00:00,1004.465,1005.345,1001.245,1002.81,1596,6130,0
2020-12-10 08:00:00,1002.78,1003.335,998.025,1000.5,2199,5900,0
2020-12-10 09:00:00,1000.48,1010.235,1000.345,1008.875,1868,5165,0
2020-12-10 10:00:00,1008.875,1009.59,1004.665,1006.34,1928,5230,0
2020-12-10 11:00:00,1006.185,1009.655,1002.895,1009.305,1335,5485,0
2020-12-10 12:00:00,1009.305,1013.225,1006.565,1011.495,1121,5330,0
2020-12-10 13:00:00,1011.495,1013.165,1010.975,1012.545,969,5270,0
2020-12-10 14:00:00,1012.545,1012.925,1008.645,1010.795,2242,5500,0
2020-12-10 15:00:00,1010.775,1038.885,1010.545,1037.695,4238,3380,0
2020-12-10 16:00:00,1037.625,1038.975,1028.825,1035.305,6487,2960,0
2020-12-10 17:00:00,1035.325,1038.235,1027.155,1028.615,3941,5100,0
2020-12-10 18:00:00,1028.665,1029.005,1021.345,1026.235,2792,5060,0
2020-12-10 19:00:00,1026.055,1028.085,1021.155,1021.625,2110,5300,0
2020-12-10 20:00:00,1021.625,1022.435,1017.685,1022.435,2610,4990,0
2020-12-10 21:00:00,1022.455,1026.645,1021.755,1025.615,1839,5000,0
2020-12-10 22:00:00,1025.635,1032.415,1025.595,1030.975,1901,4970,0
2020-12-10 23:00:00,1030.995,1031.37,1026.695,1027.275,716,5495,0
2020-12-11 01:00:00,1013.405,1030.965,1013.405,1030.355,1204,5650,0
2020-12-11 02:00:00,1030.405,1031.685,1028.475,1029.805,1412,5460,0
2020-12-11 03:00:00,1029.775,1034.805,1024.275,1034.015,2729,5320,0
2020-12-11 04:00:00,1033.945,1034.115,1024.485,1030.655,2285,5340,0
2020-12-11 05:00:00,1030.625,1031.205,1026.205,1029.115,1466,5430,0
2020-12-11 06:00:00,1029.115,1029.775,1028.525,1029.155,567,5330,0
2020-12-11 07:00:00,1029.085,1030.805,1022.985,1026.865,1110,5210,0
2020-12-11 08:00:00,1026.885,1030.145,1024.335,1028.735,1501,5230,0
2020-12-11 09:00:00,1028.685,1032.485,1024.985,1025.965,1449,4960,0
2020-12-11 10:00:00,1026.235,1029.255,1019.555,1020.225,2106,4940,0
2020-12-11 11:00:00,1020.125,1024.205,1016.705,1017.375,1698,5160,0
2020-12-11 12:00:00,1017.455,1024.025,1017.085,1018.425,2391,2940,0
2020-12-11 13:00:00,1018.405,1018.715,1005.635,1011.915,3994,2350,0
2020-12-11 14:00:00,1011.845,1017.115,1006.505,1015.295,2889,1020,0
2020-12-11 15:00:00,1015.225,1017.535,1003.495,1017.385,4677,510,0
2020-12-11 16:00:00,1017.385,1017.385,1001.135,1009.085,3670,970,0
2020-12-11 17:00:00,1008.885,1023.985,1008.545,1015.445,5092,2300,0
2020-12-11 18:00:00,1015.605,1021.285,1010.085,1012.065,2678,2810,0
2020-12-11 19:00:00,1012.105,1015.055,1009.685,1013.415,1381,2550,0
2020-12-11 20:00:00,1013.285,1015.165,1011.705,1014.755,1826,5010,0
2020-12-11 21:00:00,1014.785,1014.875,1010.645,1011.445,1609,5080,0
2020-12-11 22:00:00,1011.485,1012.575,1010.795,1011.365,1268,5170,0
2020-12-11 23:00:00,1011.415,1011.545,1002.535,1008.605,428,5730,0
2020-12-14 01:00:00,1004.005,1017.975,1003.355,1017.225,1262,5500,0
2020-12-14 02:00:00,1017.255,1017.645,1012.575,1012.995,1252,5320,0
2020-12-14 03:00:00,1012.975,1017.775,1011.765,1015.835,3103,5260,0
2020-12-14 04:00:00,1015.865,1017.655,1014.605,1017.605,1622,5250,0
2020-12-14 05:00:00,1017.355,1018.225,1015.925,1017.915,821,5290,0
2020-12-14 06:00:00,1017.935,1018.475,1016.715,1017.085,585,5120,0
2020-12-14 07:00:00,1017.085,1017.145,1014.645,1015.885,1679,5130,0
2020-12-14 08:00:00,1015.835,1016.765,1014.595,1016.675,1963,5240,0
2020-12-14 09:00:00,1016.625,1019.455,1015.665,1017.805,1533,5060,0
2020-12-14 10:00:00,1017.775,1019.595,1014.065,1014.135,2742,4240,0
2020-12-14 11:00:00,1014.105,1016.895,1012.575,1015.155,1413,5040,0
2020-12-14 12:00:00,1015.205,1015.315,1009.845,1014.665,1860,4590,0
2020-12-14 13:00:00,1014.685,1019.385,1013.515,1017.495,1596,5010,0
2020-12-14 14:00:00,1017.195,1024.885,1016.985,1023.055,1432,4870,0
2020-12-14 15:00:00,1023.125,1026.675,1019.295,1025.825,5233,4010,0
2020-12-14 16:00:00,1025.955,1026.595,1019.105,1023.825,4564,4200,0
2020-12-14 17:00:00,1023.795,1024.045,1004.225,1004.555,4460,4590,0
2020-12-14 18:00:00,1004.555,1006.535,997.305,1004.125,2844,3930,0
2020-12-14 19:00:00,1004.125,1011.925,1003.875,1009.175,1653,4880,0
2020-12-14 20:00:00,1009.175,1009.175,1005.785,1007.535,1430,4770,0
2020-12-14 21:00:00,1007.535,1010.335,1006.565,1007.425,1336,4980,0
2020-12-14 22:00:00,1007.545,1007.935,1005.615,1006.475,1699,5000,0
2020-12-14 23:00:00,1006.475,1008.585,1005.445,1005.445,996,5150,0
2020-12-15 01:00:00,1003.015,1009.975,996.445,1006.455,924,5420,0
2020-12-15 02:00:00,1006.535,1007.585,1004.855,1005.935,1127,5280,0
2020-12-15 03:00:00,1006.045,1007.095,994.165,1005.135,3251,5210,0
2020-12-15 04:00:00,1004.715,1008.985,1004.045,1007.935,2341,5100,0
2020-12-15 05:00:00,1008.065,1009.975,1007.335,1007.495,1293,5000,0
2020-12-15 06:00:00,1007.485,1007.975,1003.835,1007.025,791,5140,0
2020-12-15 07:00:00,1007.025,1012.015,1006.695,1010.295,2200,5160,0
2020-12-15 08:00:00,1010.445,1012.555,1009.105,1012.395,2055,5220,0
2020-12-15 09:00:00,1012.395,1015.755,1011.355,1013.635,1438,4940,0
2020-12-15 10:00:00,1013.665,1016.635,1010.585,1015.725,2080,4600,0
2020-12-15 11:00:00,1015.695,1020.155,1014.195,1018.845,1753,4930,0
2020-12-15 12:00:00,1018.895,1021.135,1017.575,1019.415,1558,4100,0
2020-12-15 13:00:00,1019.415,1020.455,1017.705,1018.225,1459,5020,0
2020-12-15 14:00:00,1018.275,1025.485,1018.245,1022.665,2719,4070,0
2020-12-15 15:00:00,1022.665,1035.815,1022.045,1029.595,5750,4110,0
2020-12-15 16:00:00,1029.625,1030.495,1022.525,1025.275,5178,4870,0
2020-12-15 17:00:00,1025.195,1029.955,1024.595,1027.095,4698,5090,0
2020-12-15 18:00:00,1027.215,1031.005,1025.665,1028.245,4175,5000,0
2020-12-15 19:00:00,1027.885,1033.755,1027.045,1033.755,2843,5070,0
2020-12-15 20:00:00,1033.705,1037.375,1031.735,1037.265,2670,4960,0
2020-12-15 21:00:00,1037.165,1037.775,1035.405,1037.165,1990,5030,0
2020-12-15 22:00:00,1037.265,1038.355,1035.965,1038.175,2037,5050,0
2020-12-15 23:00:00,1038.145,1038.425,1036.435,1036.435,694,5110,0
2020-12-16 01:00:00,1022.025,1040.345,1022.025,1036.335,962,5360,0
2020-12-16 02:00:00,1036.495,1037.835,1032.875,1035.485,1032,5360,0
2020-12-16 03:00:00,1035.505,1037.925,1034.865,1037.015,2993,5100,0
2020-12-16 04:00:00,1036.995,1045.645,1036.565,1044.805,3073,5050,0
2020-12-16 05:00:00,1044.855,1045.725,1043.365,1044.605,1930,5060,0
2020-12-16 06:00:00,1044.555,1044.935,1043.155,1043.895,1170,5060,0
2020-12-16 07:00:00,1043.915,1044.425,1039.935,1040.465,1639,5110,0
2020-12-16 08:00:00,1040.435,1043.915,1037.385,1042.435,2851,5210,0
2020-12-16 09:00:00,1042.235,1044.895,1040.855,1041.875,1970,4880,0
2020-12-16 10:00:00,1041.935,1048.255,1040.375,1047.405,2935,4990,0
2020-12-16 11:00:00,1047.405,1049.795,1044.215,1049.415,2829,5060,0
2020-12-16 12:00:00,1049.315,1049.765,1045.365,1045.945,2517,5070,0
2020-12-16 13:00:00,1045.965,1050.365,1045.565,1046.645,2007,5100,0
2020-12-16 14:00:00,1046.625,1047.125,1042.075,1044.585,3267,5000,0
2020-12-16 15:00:00,1044.555,1045.965,1033.085,1033.135,4476,4570,0
2020-12-16 16:00:00,1033.185,1038.045,1029.885,1030.585,3924,3920,0
2020-12-16 17:00:00,1030.485,1033.305,1023.515,1027.505,2294,1580,0
2020-12-16 18:00:00,1027.745,1032.415,1027.295,1032.105,1200,2530,0
2020-12-16 19:00:00,1032.105,1032.645,1028.085,1029.055,1071,860,0
2020-12-16 20:00:00,1029.055,1029.975,1018.245,1018.365,1211,2030,0
2020-12-16 21:00:00,1018.515,1032.055,1016.825,1031.865,3266,2510,0
2020-12-16 22:00:00,1031.865,1036.575,1030.525,1036.575,2024,2130,0
2020-12-16 23:00:00,1036.585,1036.685,1033.575,1035.125,515,2520,0
2020-12-17 01:00:00,1033.455,1037.755,1025.875,1034.765,442,2920,0
2020-12-17 02:00:00,1034.765,1036.115,1031.335,1035.585,627,2730,0
2020-12-17 03:00:00,1035.585,1038.945,1033.195,1035.985,1065,2560,0
2020-12-17 04:00:00,1036.035,1038.665,1034.805,1038.465,497,2930,0
2020-12-17 05:00:00,1038.515,1039.825,1037.405,1038.505,510,2780,0
2020-12-17 06:00:00,1038.505,1042.405,1037.925,1041.765,600,2800,0
2020-12-17 07:00:00,1041.755,1045.845,1041.575,1045.275,710,3590,0
2020-12-17 08:00:00,1045.325,1048.045,1045.035,1047.445,1091,3140,0
2020-12-17 09:00:00,1047.445,1051.705,1047.445,1050.345,1045,3020,0
2020-12-17 10:00:00,1050.345,1054.445,1049.975,1051.655,1599,3320,0
2020-12-17 11:00:00,1051.505,1054.285,1047.575,1052.835,2191,3220,0
2020-12-17 12:00:00,1052.985,1053.545,1049.835,1051.955,1274,3840,0
2020-12-17 13:00:00,1051.955,1056.155,1051.955,1055.685,841,3740,0
2020-12-17 14:00:00,1055.785,1059.045,1054.175,1058.095,1303,3780,0
2020-12-17 15:00:00,1058.045,1058.615,1050.855,1052.035,2186,3610,0
2020-12-17 16:00:00,1052.135,1056.005,1041.005,1048.465,2739,2510,0
2020-12-17 17:00:00,1049.365,1051.825,1029.855,1040.605,3457,2420,0
2020-12-17 18:00:00,1040.905,1046.875,1036.565,1039.565,1798,1980,0
2020-12-17 19:00:00,1039.565,1044.345,1038.375,1044.155,1033,1030,0
2020-12-17 20:00:00,1044.035,1046.425,1042.545,1045.615,2435,520,0
2020-12-17 21:00:00,1043.615,1048.915,1043.615,1045.775,1824,520,0
2020-12-17 22:00:00,1045.875,1047.695,1045.705,1047.435,1836,1150,0
2020-12-17 23:00:00,1047.345,1048.905,1043.865,1044.545,684,1020,0
2020-12-18 01:00:00,1041.79,1044.835,1037.755,1041.195,1078,3700,0
2020-12-18 02:00:00,1041.165,1041.725,1038.045,1039.075,2285,2600,0
2020-12-18 03:00:00,1039.035,1042.075,1029.485,1038.735,3718,2600,0
2020-12-18 04:00:00,1038.755,1039.965,1036.745,1037.055,2191,2780,0
2020-12-18 05:00:00,1037.055,1038.545,1036.725,1038.425,1826,3910,0
2020-12-18 06:00:00,1038.395,1039.195,1036.665,1038.345,564,3540,0
2020-12-18 07:00:00,1038.385,1038.725,1034.145,1035.005,1746,3830,0
2020-12-18 08:00:00,1034.985,1039.265,1034.075,1038.095,2413,3880,0
2020-12-18 09:00:00,1039.405,1040.655,1037.975,1039.125,1762,2700,0
2020-12-18 10:00:00,1039.125,1042.285,1036.555,1041.885,1102,3190,0
2020-12-18 11:00:00,1041.885,1042.215,1038.535,1042.205,1245,3000,0
2020-12-18 12:00:00,1042.205,1047.765,1040.715,1046.525,920,3460,0
2020-12-18 13:00:00,1046.495,1052.465,1045.715,1049.855,1701,3560,0
2020-12-18 14:00:00,1049.855,1050.095,1046.855,1047.285,1715,4600,0
2020-12-18 15:00:00,1047.235,1049.535,1041.905,1043.645,4520,3830,0
2020-12-18 16:00:00,1043.745,1044.735,1025.515,1033.905,5139,2900,0
2020-12-18 17:00:00,1034.225,1042.075,1031.725,1040.025,4829,4220,0
2020-12-18 18:00:00,1040.025,1043.335,1030.715,1034.825,3217,3900,0
2020-12-18 19:00:00,1034.845,1036.485,1033.785,1036.245,1085,4250,0
2020-12-18 20:00:00,1036.175,1038.865,1035.105,1036.205,1366,4290,0
2020-12-18 21:00:00,1036.255,1037.615,1034.345,1035.205,2442,4690,0
2020-12-18 22:00:00,1035.175,1036.455,1033.025,1035.935,2419,4780,0
2020-12-18 23:00:00,1035.935,1036.995,1034.85,1036.255,954,5280,0
2020-12-21 01:00:00,1035.165,1037.105,1031.535,1031.985,982,2980,0
2020-12-21 02:00:00,1032.135,1040.285,1032.005,1037.515,1813,4320,0
2020-12-21 03:00:00,1037.415,1046.585,1037.115,1044.225,3897,4410,0
2020-12-21 04:00:00,1044.245,1046.285,1041.635,1044.625,2663,4260,0
2020-12-21 05:00:00,1044.775,1045.995,1041.915,1043.275,1964,5120,0
2020-12-21 06:00:00,1043.275,1047.515,1042.825,1047.515,1250,5000,0
2020-12-21 07:00:00,1047.465,1048.785,1044.935,1048.715,1454,5180,0
2020-12-21 08:00:00,1048.665,1054.415,1047.085,1050.915,1705,4830,0
2020-12-21 09:00:00,1050.765,1050.845,1029.775,1032.145,1886,5170,0
2020-12-21 10:00:00,1032.195,1038.075,1031.055,1032.325,1980,4080,0
2020-12-21 11:00:00,1032.125,1032.705,1012.215,1016.855,2768,2430,0
2020-12-21 12:00:00,1016.855,1016.855,910.905,980.535,7507,2500,0
2020-12-21 13:00:00,980.555,995.935,971.625,994.055,3035,5760,0
2020-12-21 14:00:00,994.055,1000.825,988.155,996.555,2739,4780,0
2020-12-21 15:00:00,996.705,996.915,977.175,989.645,4508,3620,0
2020-12-21 16:00:00,989.645,1005.035,984.255,1002.415,5567,2450,0
2020-12-21 17:00:00,1002.375,1003.665,993.565,997.105,5810,4120,0
2020-12-21 18:00:00,997.125,1008.025,992.595,1007.415,2981,3830,0
2020-12-21 19:00:00,1007.415,1015.485,1007.005,1010.925,2806,3170,0
2020-12-21 20:00:00,1011.045,1017.555,1009.715,1013.695,2707,2380,0
2020-12-21 21:00:00,1013.745,1017.385,1013.265,1014.755,2391,2690,0
2020-12-21 22:00:00,1014.705,1015.165,1011.005,1012.515,2518,2680,0
2020-12-21 23:00:00,1012.515,1012.565,1010.695,1011.015,855,3170,0
2020-12-22 01:00:00,1010.495,1013.775,999.345,1010.195,1827,3470,0
2020-12-22 02:00:00,1010.165,1010.995,1003.445,1003.835,1876,3900,0
2020-12-22 03:00:00,1003.815,1010.235,1002.655,1008.815,4056,3500,0
2020-12-22 04:00:00,1008.765,1014.245,1008.255,1010.935,2898,2810,0
2020-12-22 05:00:00,1011.085,1012.185,999.825,1002.505,2311,4360,0
2020-12-22 06:00:00,1002.655,1005.615,1001.285,1002.915,742,3270,0
2020-12-22 07:00:00,1002.915,1003.165,995.085,995.925,1956,2960,0
2020-12-22 08:00:00,995.925,999.055,988.47,988.925,2547,4535,0
2020-12-22 09:00:00,988.695,997.965,987.3,996.535,1650,2530,0
2020-12-22 10:00:00,996.635,1005.055,993.385,1002.015,1509,2430,0
2020-12-22 11:00:00,1002.015,1006.485,1001.355,1004.445,1687,2790,0
2020-12-22 12:00:00,1004.565,1013.395,1004.545,1013.395,3299,2260,0
2020-12-22 13:00:00,1013.295,1019.445,1012.085,1013.495,3534,2800,0
2020-12-22 14:00:00,1013.595,1020.085,1011.745,1017.725,4094,1550,0
2020-12-22 15:00:00,1017.825,1020.495,1016.875,1019.175,4469,2200,0
2020-12-22 16:00:00,1019.095,1021.335,1008.535,1008.535,6575,1340,0
2020-12-22 17:00:00,1008.555,1011.845,993.355,996.785,4805,370,0
2020-12-22 18:00:00,996.785,1006.295,996.365,1003.155,5931,3170,0
2020-12-22 19:00:00,1003.175,1009.515,1001.815,1008.575,4194,390,0
2020-12-22 20:00:00,1008.575,1009.005,1002.535,1003.265,3564,2180,0
2020-12-22 21:00:00,1003.365,1005.875,1000.715,1005.565,2871,2470,0
2020-12-22 22:00:00,1005.615,1005.965,1002.705,1004.775,2586,2140,0
2020-12-22 23:00:00,1004.705,1005.335,1003.875,1004.175,859,4070,0
2020-12-23 01:00:00,1002.825,1010.005,991.215,1008.925,1891,4245,0
2020-12-23 02:00:00,1009.03,1009.885,1001.25,1002.895,2471,4605,0
2020-12-23 03:00:00,1002.885,1008.775,1002.155,1005.045,5032,4470,0
2020-12-23 04:00:00,1005.095,1005.945,1001.625,1004.65,4326,4360,0
2020-12-23 05:00:00,1004.62,1007.36,1002.535,1006.19,1527,4725,0
2020-12-23 06:00:00,1006.165,1008.79,1005.89,1006.835,1101,4260,0
2020-12-23 07:00:00,1006.665,1009.04,1005.93,1007.145,2320,4895,0
2020-12-23 08:00:00,1007.17,1009.215,1004.17,1008.225,2336,4785,0
2020-12-23 09:00:00,1008.245,1013.545,1007.555,1011.985,2534,4240,0
2020-12-23 10:00:00,1012.06,1015.79,1011.035,1015.625,2855,3875,0
2020-12-23 11:00:00,1015.585,1017.435,1013.975,1014.815,1440,3930,0
2020-12-23 12:00:00,1014.815,1016.775,1012.775,1014.535,1026,3730,0
2020-12-23 13:00:00,1014.535,1015.755,1011.185,1012.685,875,3720,0
2020-12-23 14:00:00,1012.685,1012.735,1004.885,1007.895,1647,3830,0
2020-12-23 15:00:00,1007.895,1013.105,1003.205,1008.565,4547,3260,0
2020-12-23 16:00:00,1008.515,1020.825,1006.595,1015.945,6474,1900,0
2020-12-23 17:00:00,1016.115,1021.305,1011.635,1012.495,5975,1670,0
2020-12-23 18:00:00,1012.495,1019.975,1012.475,1018.975,3687,2100,0
2020-12-23 19:00:00,1019.005,1019.565,1011.215,1014.865,1995,3320,0
2020-12-23 20:00:00,1014.915,1020.055,1014.565,1017.715,2514,3160,0
2020-12-23 21:00:00,1017.755,1020.215,1015.685,1016.145,1407,3030,0
2020-12-23 22:00:00,1016.145,1016.565,1012.225,1015.805,1921,2790,0
2020-12-23 23:00:00,1015.715,1017.015,1014.725,1015.175,653,4140,0
2020-12-24 01:00:00,999.675,1016.455,999.675,1015.065,783,5530,0
2020-12-24 02:00:00,1015.095,1017.235,1004.105,1015.655,1255,5550,0
2020-12-24 03:00:00,1015.705,1023.885,1013.975,1020.395,4106,5210,0
2020-12-24 04:00:00,1020.395,1024.095,1020.395,1020.865,1454,3970,0
2020-12-24 05:00:00,1020.865,1021.925,1017.335,1019.985,770,4060,0
2020-12-24 06:00:00,1019.985,1020.325,1007.655,1019.765,629,3780,0
2020-12-24 07:00:00,1019.815,1021.235,1018.415,1019.245,642,3760,0
2020-12-24 08:00:00,1019.245,1020.735,1017.845,1020.605,848,4480,0
2020-12-24 09:00:00,1020.605,1022.335,1018.285,1020.245,921,4640,0
2020-12-24 10:00:00,1020.245,1027.585,1019.625,1024.825,2277,4720,0
2020-12-24 11:00:00,1024.905,1026.685,1020.615,1023.365,2056,2630,0
2020-12-24 12:00:00,1023.255,1024.945,1019.875,1021.655,2154,2010,0
2020-12-24 13:00:00,1021.555,1024.425,1019.845,1022.705,2028,1420,0
2020-12-24 14:00:00,1022.755,1023.965,1020.145,1023.245,2454,1080,0
2020-12-24 15:00:00,1023.275,1025.345,1019.785,1024.025,3795,710,0
2020-12-24 16:00:00,1023.995,1025.385,1020.725,1024.985,4581,410,0
2020-12-24 17:00:00,1024.985,1027.925,1020.175,1027.265,3867,350,0
2020-12-24 18:00:00,1027.195,1029.135,1025.695,1027.385,2722,800,0
2020-12-24 19:00:00,1027.385,1027.865,1025.275,1025.865,1941,1930,0
2020-12-28 01:00:00,1023.005,1037.825,1023.005,1035.16,1999,3485,0
2020-12-28 02:00:00,1035.24,1035.915,1032.555,1033.415,2554,4880,0
2020-12-28 03:00:00,1033.465,1043.215,1033.465,1042.365,4634,4470,0
2020-12-28 04:00:00,1042.165,1042.915,1039.185,1039.495,990,5400,0
2020-12-28 05:00:00,1039.545,1040.505,1037.115,1038.535,826,4790,0
2020-12-28 06:00:00,1038.485,1038.635,1037.015,1038.315,421,5000,0
2020-12-28 07:00:00,1038.265,1039.415,1035.495,1036.675,943,5060,0
2020-12-28 08:00:00,1036.775,1036.955,1029.805,1034.48,3855,5610,0
2020-12-28 09:00:00,1034.675,1034.865,1030.865,1032.755,2656,5230,0
2020-12-28 10:00:00,1032.825,1034.645,1029.195,1032.095,2080,4060,0
2020-12-28 11:00:00,1032.06,1036.435,1031.56,1036.155,934,4580,0
2020-12-28 12:00:00,1036.155,1037.215,1029.745,1031.235,1293,4475,0
2020-12-28 13:00:00,1031.185,1033.935,1027.505,1029.495,1515,4110,0
2020-12-28 14:00:00,1029.495,1036.485,1027.925,1036.045,1133,5040,0
2020-12-28 15:00:00,1036.045,1047.675,1035.745,1043.415,1980,4840,0
2020-12-28 16:00:00,1043.365,1047.255,1041.47,1046.395,2737,4550,0
2020-12-28 17:00:00,1046.345,1050.405,1032.915,1035.225,6365,3250,0
2020-12-28 18:00:00,1035.205,1040.335,1032.705,1037.135,4815,4550,0
2020-12-28 19:00:00,1037.135,1038.965,1033.635,1035.685,3478,5360,0
2020-12-28 20:00:00,1035.635,1039.745,1034.245,1036.365,1831,5990,0
2020-12-28 21:00:00,1036.305,1036.615,1030.265,1032.075,2201,5820,0
2020-12-28 22:00:00,1032.005,1032.175,1029.405,1031.005,1881,7290,0
2020-12-28 23:00:00,1031.035,1031.845,1026.655,1026.695,660,6080,0
2020-12-29 01:00:00,1013.195,1037.245,1013.195,1036.075,1045,5800,0
2020-12-29 02:00:00,1035.975,1042.215,1035.075,1037.985,1383,5820,0
2020-12-29 03:00:00,1038.015,1042.955,1038.015,1041.455,2694,5840,0
2020-12-29 04:00:00,1041.335,1042.555,1039.015,1040.665,2460,5610,0
2020-12-29 05:00:00,1040.715,1041.635,1039.325,1040.915,1393,5440,0
2020-12-29 06:00:00,1040.965,1041.835,1040.005,1040.145,730,5270,0
2020-12-29 07:00:00,1040.205,1042.085,1038.935,1040.085,1894,6240,0
2020-12-29 08:00:00,1040.095,1040.575,1034.105,1036.155,2544,5380,0
2020-12-29 09:00:00,1036.305,1041.135,1035.435,1039.505,512,4240,0
2020-12-29 10:00:00,1039.505,1041.575,1038.195,1038.245,985,2460,0
2020-12-29 11:00:00,1038.195,1043.195,1034.395,1042.815,841,1720,0
2020-12-29 12:00:00,1042.815,1044.095,1040.435,1040.595,868,2630,0
2020-12-29 13:00:00,1040.595,1042.705,1037.415,1037.985,689,3720,0
2020-12-29 14:00:00,1037.985,1043.275,1037.135,1040.455,588,1180,0
2020-12-29 15:00:00,1040.455,1042.645,1038.235,1038.625,1215,2880,0
2020-12-29 16:00:00,1038.625,1053.045,1038.215,1046.645,2362,3380,0
2020-12-29 17:00:00,1046.645,1050.875,1038.145,1048.015,3704,3440,0
2020-12-29 18:00:00,1047.965,1062.155,1047.795,1056.385,3075,3690,0
2020-12-29 19:00:00,1056.565,1058.095,1048.595,1050.575,2343,3850,0
2020-12-29 20:00:00,1050.625,1052.785,1048.235,1049.345,1710,3230,0
2020-12-29 21:00:00,1049.365,1053.135,1048.845,1052.495,850,3500,0
2020-12-29 22:00:00,1052.495,1053.655,1051.925,1052.595,966,4750,0
2020-12-29 23:00:00,1052.595,1052.595,1049.035,1049.225,550,5160,0
2020-12-30 01:00:00,1045.34,1051.805,1045.34,1050.485,654,5070,0
2020-12-30 02:00:00,1050.485,1058.275,1049.235,1055.695,1540,4090,0
2020-12-30 03:00:00,1055.645,1062.635,1053.25,1061.395,3694,5720,0
2020-12-30 04:00:00,1061.455,1063.41,1060.205,1061.315,2140,5990,0
2020-12-30 05:00:00,1061.445,1062.415,1058.9,1059.455,1957,5500,0
2020-12-30 06:00:00,1059.505,1060.775,1059.16,1059.95,889,5925,0
2020-12-30 07:00:00,1059.945,1061.19,1055.065,1056.215,1672,5540,0
2020-12-30 08:00:00,1056.22,1060.125,1053.52,1059.075,1658,5285,0
2020-12-30 09:00:00,1059.075,1061.265,1056.985,1058.305,837,4670,0
2020-12-30 10:00:00,1058.305,1061.075,1056.675,1059.475,1236,3020,0
2020-12-30 11:00:00,1059.475,1063.055,1057.945,1058.345,1189,3420,0
2020-12-30 12:00:00,1058.345,1062.425,1057.985,1061.165,1029,4100,0
2020-12-30 13:00:00,1061.115,1062.285,1059.145,1060.685,1921,4620,0
2020-12-30 14:00:00,1060.585,1061.665,1058.745,1060.605,1928,4500,0
2020-12-30 15:00:00,1060.605,1067.725,1057.255,1066.875,1982,3890,0
2020-12-30 16:00:00,1066.825,1068.915,1060.765,1066.325,2430,3980,0
2020-12-30 17:00:00,1066.225,1068.975,1064.155,1068.075,1910,2650,0
2020-12-30 18:00:00,1068.025,1068.705,1063.295,1066.595,1627,4740,0
2020-12-30 19:00:00,1066.555,1066.555,1062.565,1065.325,1843,3930,0
2020-12-30 20:00:00,1065.355,1068.595,1064.675,1068.505,2057,3610,0
2020-12-30 21:00:00,1068.555,1070.575,1067.345,1067.885,1307,3190,0
2020-12-30 22:00:00,1067.965,1070.235,1066.905,1069.415,2099,3550,0
2020-12-30 23:00:00,1069.465,1069.535,1067.375,1068.305,1235,3700,0
2020-12-31 01:00:00,1067.675,1070.605,1061.275,1069.785,789,4770,0
2020-12-31 02:00:00,1069.795,1070.385,1067.845,1069.875,793,5270,0
2020-12-31 03:00:00,1069.915,1071.265,1064.185,1068.755,2458,5620,0
2020-12-31 04:00:00,1068.685,1071.475,1062.375,1065.195,1637,4930,0
2020-12-31 05:00:00,1065.255,1066.235,1060.095,1061.575,1565,5140,0
2020-12-31 06:00:00,1061.575,1063.445,1060.955,1061.435,895,5930,0
2020-12-31 07:00:00,1061.465,1062.625,1059.405,1061.805,1051,5590,0
2020-12-31 08:00:00,1061.855,1063.925,1059.685,1061.545,1661,5480,0
2020-12-31 09:00:00,1061.265,1065.405,1061.115,1064.945,1409,5120,0
2020-12-31 10:00:00,1064.925,1070.545,1064.525,1070.165,1372,4330,0
2020-12-31 11:00:00,1070.165,1076.265,1069.445,1074.865,974,2790,0
2020-12-31 12:00:00,1074.875,1078.485,1074.195,1077.655,1035,4690,0
2020-12-31 13:00:00,1077.675,1081.135,1077.015,1078.425,1128,4990,0
2020-12-31 14:00:00,1078.485,1078.815,1074.855,1074.985,1183,4240,0
2020-12-31 15:00:00,1074.815,1077.865,1064.475,1070.915,2263,3950,0
2020-12-31 16:00:00,1070.915,1076.385,1065.095,1066.495,2663,4330,0
2020-12-31 17:00:00,1066.495,1075.545,1065.415,1070.355,2491,4860,0
2020-12-31 18:00:00,1070.455,1073.705,1068.265,1070.375,1881,5000,0
2020-12-31 19:00:00,1070.555,1071.335,1066.725,1067.675,1139,4850,0
2020-12-31 22:00:00,1066.305,1070.125,1065.955,1069.605,529,4560,0
2020-12-31 23:00:00,1069.435,1069.435,1069.435,1069.435,1,5470,0
2021-01-04 01:00:00,1073.485,1083.13,1072.135,1079.565,2680,5490,0
2021-01-04 02:00:00,1079.69,1079.885,1071.215,1072.895,2163,6545,0
2021-01-04 03:00:00,1072.905,1080.46,1070.855,1076.725,4001,6460,0
2021-01-04 04:00:00,1076.925,1087.565,1076.015,1087.495,2251,4410,0
2021-01-04 05:00:00,1087.515,1092.515,1087.355,1092.355,1237,4440,0
2021-01-04 06:00:00,1092.345,1098.275,1086.675,1089.785,1055,5300,0
2021-01-04 07:00:00,1089.835,1090.335,1084.135,1087.185,1060,4760,0
2021-01-04 08:00:00,1087.185,1096.555,1086.825,1090.845,1561,4930,0
2021-01-04 09:00:00,1091.855,1097.345,1091.855,1096.845,2215,3850,0
2021-01-04 10:00:00,1096.875,1106.405,1096.455,1104.565,3215,3890,0
2021-01-04 11:00:00,1104.715,1111.125,1097.975,1097.975,1180,700,0
2021-01-04 12:00:00,1097.225,1101.425,1091.335,1101.225,843,3640,0
2021-01-04 13:00:00,1101.325,1107.675,1093.925,1095.065,861,3730,0
2021-01-04 14:00:00,1095.065,1104.965,1092.895,1104.445,1379,4580,0
2021-01-04 15:00:00,1104.295,1113.765,1101.245,1107.455,1812,1900,0
2021-01-04 16:00:00,1107.455,1128.265,1107.355,1125.545,4223,3270,0
2021-01-04 17:00:00,1125.445,1130.535,1100.405,1101.415,6189,350,0
2021-01-04 18:00:00,1101.415,1101.645,1074.365,1076.095,3862,350,0
2021-01-04 19:00:00,1076.095,1078.345,1040.68,1059.235,5342,1170,0
2021-01-04 20:00:00,1059.205,1069.225,1056.015,1068.845,2916,3600,0
2021-01-04 21:00:00,1068.845,1073.215,1062.975,1068.805,1700,350,0
2021-01-04 22:00:00,1068.805,1070.875,1062.475,1069.455,1616,2140,0
2021-01-04 23:00:00,1069.405,1071.595,1068.225,1071.445,600,1760,0
2021-01-05 01:00:00,1070.345,1074.665,1058.115,1065.565,1326,3870,0
2021-01-05 02:00:00,1065.145,1067.32,1058.615,1061.845,1780,5520,0
2021-01-05 03:00:00,1061.875,1066.105,1060.235,1060.685,2364,5480,0
2021-01-05 04:00:00,1060.655,1070.185,1060.575,1068.715,2107,5390,0
2021-01-05 05:00:00,1068.745,1073.265,1065.895,1066.405,2117,5350,0
2021-01-05 06:00:00,1066.395,1066.785,1060.305,1063.355,1304,4910,0
2021-01-05 07:00:00,1063.355,1065.915,1061.545,1064.805,1653,5510,0
2021-01-05 08:00:00,1064.825,1070.125,1062.095,1069.615,2072,4630,0
2021-01-05 09:00:00,1069.395,1071.835,1062.415,1062.495,2040,4260,0
2021-01-05 10:00:00,1062.515,1073.685,1062.465,1070.935,1427,1850,0
2021-01-05 11:00:00,1070.935,1076.385,1069.285,1071.255,1079,1360,0
2021-01-05 12:00:00,1071.105,1077.555,1071.105,1077.095,828,1830,0
2021-01-05 13:00:00,1077.095,1086.525,1076.995,1084.565,2095,990,0
2021-01-05 14:00:00,1084.585,1087.045,1076.715,1084.935,2955,2650,0
2021-01-05 15:00:00,1084.935,1086.555,1074.695,1081.315,3359,1840,0
2021-01-05 16:00:00,1081.385,1086.925,1077.315,1086.445,4423,1630,0
2021-01-05 17:00:00,1085.315,1101.105,1083.615,1098.885,4093,770,0
2021-01-05 18:00:00,1098.885,1112.445,1098.635,1111.975,3082,2110,0
2021-01-05 19:00:00,1111.995,1116.245,1103.355,1110.295,2225,1630,0
2021-01-05 20:00:00,1110.445,1111.935,1107.315,1110.255,2261,3010,0
2021-01-05 21:00:00,1110.315,1115.495,1109.535,1113.255,2197,2900,0
2021-01-05 22:00:00,1113.265,1113.715,1110.115,1113.265,2612,2480,0
2021-01-05 23:00:00,1113.265,1113.715,1110.725,1111.565,1193,3040,0
2021-01-06 01:00:00,1112.135,1112.135,1100.435,1105.105,1444,4210,0
2021-01-06 02:00:00,1105.125,1108.435,1103.335,1104.935,2539,3870,0
2021-01-06 03:00:00,1104.935,1106.735,1092.715,1093.605,5816,4680,0
2021-01-06 04:00:00,1093.455,1096.685,1085.06,1085.86,3044,5090,0
2021-01-06 05:00:00,1085.66,1094.505,1085.415,1092.19,3064,5385,0
2021-01-06 06:00:00,1092.14,1097.345,1089.83,1096.68,2805,5745,0
2021-01-06 07:00:00,1096.755,1097.23,1093.28,1094.21,3001,5575,0
2021-01-06 08:00:00,1094.18,1095.955,1088.155,1095.4,2374,5600,0
2021-01-06 09:00:00,1095.32,1104.065,1095.3,1103.765,3517,5670,0
2021-01-06 10:00:00,1103.735,1107.555,1098.19,1103.595,3689,3200,0
2021-01-06 11:00:00,1103.625,1106.265,1102.105,1106.065,2585,3650,0
2021-01-06 12:00:00,1106.015,1114.245,1105.295,1112.905,2903,2790,0
2021-01-06 13:00:00,1112.955,1115.685,1104.385,1105.105,2751,3640,0
2021-01-06 14:00:00,1105.105,1109.455,1090.025,1094.955,5457,2880,0
2021-01-06 15:00:00,1094.955,1107.265,1090.975,1093.175,4629,3720,0
2021-01-06 16:00:00,1093.125,1099.135,1085.725,1094.775,6153,3010,0
2021-01-06 17:00:00,1094.725,1105.375,1082.26,1088.205,5125,2095,0
2021-01-06 18:00:00,1088.205,1100.585,1078.345,1099.505,4590,1960,0
2021-01-06 19:00:00,1099.535,1104.675,1095.095,1104.585,1596,2250,0
2021-01-06 20:00:00,1104.585,1105.735,1097.37,1097.9,1521,2560,0
2021-01-06 21:00:00,1098.06,1109.815,1097.97,1107.815,2385,1640,0
2021-01-06 22:00:00,1107.815,1111.335,1100.065,1103.105,2236,1540,0
2021-01-06 23:00:00,1103.205,1105.005,1100.975,1102.135,691,2240,0
2021-01-07 01:00:00,1100.225,1106.205,1092.755,1103.395,720,4430,0
2021-01-07 02:00:00,1103.215,1104.765,1098.48,1098.9,1297,4470,0
2021-01-07 03:00:00,1098.9,1100.325,1095.185,1097.965,1688,4630,0
2021-01-07 04:00:00,1097.955,1098.715,1092.895,1096.785,1289,3620,0
2021-01-07 05:00:00,1096.785,1098.675,1093.285,1098.375,655,3820,0
2021-01-07 06:00:00,1098.395,1103.665,1097.765,1101.915,685,4260,0
2021-01-07 07:00:00,1101.915,1101.915,1096.295,1099.565,1081,4540,0
2021-01-07 08:00:00,1099.515,1106.885,1099.275,1104.995,1209,3540,0
2021-01-07 09:00:00,1104.815,1109.535,1102.455,1103.055,1977,1950,0
2021-01-07 10:00:00,1103.045,1104.685,1088.605,1101.765,2468,3330,0
2021-01-07 11:00:00,1101.715,1107.515,1097.755,1099.685,2023,1750,0
2021-01-07 12:00:00,1099.685,1101.535,1091.205,1091.615,1559,2450,0
2021-01-07 13:00:00,1091.565,1098.565,1089.925,1096.845,901,3940,0
2021-01-07 14:00:00,1096.795,1100.085,1095.405,1097.405,1413,3460,0
2021-01-07 15:00:00,1097.535,1107.455,1095.145,1102.615,2794,2270,0
2021-01-07 16:00:00,1102.635,1113.355,1100.745,1109.345,3138,2110,0
2021-01-07 17:00:00,1109.275,1115.495,1107.195,1115.445,2665,2990,0
2021-01-07 18:00:00,1115.235,1121.655,1113.615,1114.795,1878,2350,0
2021-01-07 19:00:00,1114.795,1115.515,1109.545,1114.115,1397,2980,0
2021-01-07 20:00:00,1114.115,1121.225,1113.065,1120.935,1336,2540,0
2021-01-07 21:00:00,1121.055,1122.105,1119.465,1121.965,1209,2350,0
2021-01-07 22:00:00,1122.035,1122.835,1119.345,1120.725,984,2150,0
2021-01-07 23:00:00,1120.785,1121.045,1116.765,1116.915,635,2530,0
2021-01-08 01:00:00,1102.905,1118.015,1102.905,1116.235,794,5440,0
2021-01-08 02:00:00,1116.145,1120.325,1115.295,1116.475,1072,5510,0
2021-01-08 03:00:00,1116.525,1124.525,1115.165,1120.185,1617,4910,0
2021-01-08 04:00:00,1120.055,1125.475,1116.995,1123.765,1236,2830,0
2021-01-08 05:00:00,1123.765,1124.275,1117.405,1121.035,1073,2680,0
2021-01-08 06:00:00,1120.935,1121.295,1114.265,1117.415,893,4160,0
2021-01-08 07:00:00,1117.465,1120.035,1113.355,1115.435,1132,3110,0
2021-01-08 08:00:00,1115.435,1122.385,1114.345,1121.885,965,3120,0
2021-01-08 09:00:00,1121.965,1129.195,1118.975,1121.285,1475,1820,0
2021-01-08 10:00:00,1121.265,1121.265,1097.18,1102.05,3127,2100,0
2021-01-08 11:00:00,1102.115,1106.705,1100.945,1106.335,1907,2440,0
2021-01-08 12:00:00,1106.455,1110.835,1104.865,1109.845,1190,1820,0
2021-01-08 13:00:00,1109.815,1114.405,1109.545,1113.415,965,1990,0
2021-01-08 14:00:00,1113.315,1114.945,1108.175,1110.385,1198,2920,0
2021-01-08 15:00:00,1110.355,1113.685,1099.02,1112.365,3699,1720,0
2021-01-08 16:00:00,1112.245,1113.485,1076.125,1082.025,4670,1420,0
2021-01-08 17:00:00,1082.105,1090.315,1065.325,1087.195,2962,350,0
2021-01-08 18:00:00,1086.755,1088.765,1075.355,1078.125,3228,2850,0
2021-01-08 19:00:00,1078.125,1078.965,1051.325,1066.975,4843,2150,0
2021-01-08 20:00:00,1067.095,1068.315,1052.805,1060.395,4904,2670,0
2021-01-08 21:00:00,1060.145,1067.795,1058.995,1067.375,2372,2740,0
2021-01-08 22:00:00,1067.375,1067.985,1063.195,1066.345,1702,3060,0
2021-01-08 23:00:00,1066.495,1067.445,1064.615,1065.815,936,3510,0
2021-01-11 01:00:00,1060.125,1067.815,1027.585,1046.145,2438,5600,0
2021-01-11 02:00:00,1046.525,1057.815,1044.695,1047.985,1879,6320,0
2021-01-11 03:00:00,1047.715,1047.715,1027.625,1034.145,3777,6100,0
2021-01-11 04:00:00,1034.125,1040.025,1031.655,1037.465,2414,5730,0
2021-01-11 05:00:00,1037.445,1039.285,1031.675,1038.315,2046,5400,0
2021-01-11 06:00:00,1038.265,1041.305,1034.425,1036.315,1313,5510,0
2021-01-11 07:00:00,1036.335,1044.985,1035.565,1044.605,2094,5780,0
2021-01-11 08:00:00,1044.615,1049.685,1042.925,1046.655,1989,5530,0
2021-01-11 09:00:00,1046.655,1049.215,1040.025,1046.665,1989,3770,0
2021-01-11 10:00:00,1046.715,1055.965,1045.075,1046.775,2740,5700,0
2021-01-11 11:00:00,1046.875,1050.425,1042.265,1045.895,1020,3490,0
2021-01-11 12:00:00,1045.895,1052.205,1043.795,1052.155,789,3240,0
2021-01-11 13:00:00,1052.155,1052.495,1048.105,1049.595,1124,2900,0
2021-01-11 14:00:00,1049.475,1050.435,1037.235,1039.125,2089,3490,0
2021-01-11 15:00:00,1038.975,1039.115,1013.185,1016.005,3939,3070,0
2021-01-11 16:00:00,1015.845,1032.385,1008.115,1031.955,5903,2200,0
2021-01-11 17:00:00,1031.885,1036.845,1021.865,1034.755,4073,2500,0
2021-01-11 18:00:00,1034.755,1034.755,1020.805,1033.275,3725,2930,0
2021-01-11 19:00:00,1033.275,1040.295,1031.095,1038.575,1853,2080,0
2021-01-11 20:00:00,1038.495,1043.045,1036.115,1038.025,2824,3050,0
2021-01-11 21:00:00,1037.975,1042.455,1036.065,1037.645,1954,3410,0
2021-01-11 22:00:00,1037.725,1038.555,1034.875,1035.125,2055,3040,0
2021-01-11 23:00:00,1035.155,1036.445,1033.115,1033.635,533,3170,0
2021-01-12 01:00:00,1028.955,1050.235,1023.085,1049.905,1483,4670,0
2021-01-12 02:00:00,1049.875,1062.205,1048.205,1060.955,2233,4240,0
2021-01-12 03:00:00,1061.055,1062.965,1051.165,1056.515,2517,4610,0
2021-01-12 04:00:00,1056.665,1061.995,1055.315,1060.265,2177,4070,0
2021-01-12 05:00:00,1060.285,1061.625,1056.525,1060.135,1297,3360,0
2021-01-12 06:00:00,1060.105,1061.325,1057.375,1058.605,750,3570,0
2021-01-12 07:00:00,1058.555,1065.585,1058.325,1065.405,2407,3600,0
2021-01-12 08:00:00,1065.375,1065.875,1058.545,1064.495,1746,4320,0
2021-01-12 09:00:00,1064.495,1066.225,1061.165,1062.045,1553,3820,0
2021-01-12 10:00:00,1062.065,1065.815,1057.605,1059.845,2282,2440,0
2021-01-12 11:00:00,1059.795,1066.815,1057.755,1065.695,2429,2060,0
2021-01-12 12:00:00,1065.695,1068.825,1062.125,1066.905,1831,820,0
2021-01-12 13:00:00,1066.905,1070.305,1063.305,1066.005,1287,1160,0
2021-01-12 14:00:00,1066.005,1068.195,1064.135,1068.185,806,2910,0
2021-01-12 15:00:00,1068.185,1068.505,1045.925,1047.585,1485,940,0
2021-01-12 16:00:00,1047.585,1061.365,1040.375,1057.455,4643,2420,0
2021-01-12 17:00:00,1057.455,1070.875,1057.305,1064.665,3051,2680,0
2021-01-12 18:00:00,1064.665,1067.195,1053.515,1061.385,2640,2970,0
2021-01-12 19:00:00,1061.305,1065.025,1054.585,1061.765,1530,2350,0
2021-01-12 20:00:00,1062.015,1069.395,1060.485,1068.355,1730,1980,0
2021-01-12 21:00:00,1068.355,1077.655,1068.175,1073.965,2867,3110,0
2021-01-12 22:00:00,1074.235,1076.425,1070.495,1075.565,2272,3200,0
2021-01-12 23:00:00,1075.625,1077.365,1074.365,1076.075,628,3420,0
2021-01-13 01:00:00,1073.905,1076.625,1059.825,1076.115,1031,4500,0
2021-01-13 02:00:00,1076.035,1081.155,1075.725,1079.505,1321,4570,0
2021-01-13 03:00:00,1079.355,1084.795,1077.805,1083.805,2286,4390,0
2021-01-13 04:00:00,1083.785,1084.115,1078.795,1080.675,1327,4430,0
2021-01-13 05:00:00,1080.655,1083.045,1078.435,1080.125,1218,4300,0
2021-01-13 06:00:00,1080.095,1080.145,1076.875,1078.625,864,4340,0
2021-01-13 07:00:00,1078.675,1078.975,1073.575,1076.715,1484,4400,0
2021-01-13 08:00:00,1076.685,1081.495,1076.165,1079.505,2093,4720,0
2021-01-13 09:00:00,1079.685,1084.045,1077.705,1079.745,1898,4580,0
2021-01-13 10:00:00,1079.705,1080.335,1072.435,1075.085,2606,4420,0
2021-01-13 11:00:00,1075.115,1076.155,1070.525,1074.395,2327,4330,0
2021-01-13 12:00:00,1074.495,1074.655,1065.235,1071.615,1791,3150,0
2021-01-13 13:00:00,1071.615,1075.495,1069.885,1070.095,1587,4090,0
2021-01-13 14:00:00,1070.065,1074.325,1065.865,1066.125,2515,4560,0
2021-01-13 15:00:00,1066.095,1083.255,1061.895,1082.555,4529,2990,0
2021-01-13 16:00:00,1082.655,1090.365,1080.045,1086.945,5436,1090,0
2021-01-13 17:00:00,1086.945,1104.545,1084.395,1100.195,4243,1000,0
2021-01-13 18:00:00,1100.445,1105.415,1098.595,1101.795,3156,2290,0
2021-01-13 19:00:00,1101.845,1106.485,1098.265,1105.785,2820,2390,0
2021-01-13 20:00:00,1105.935,1107.545,1102.615,1103.035,2849,2550,0
2021-01-13 21:00:00,1102.955,1106.585,1102.145,1103.625,2346,2550,0
2021-01-13 22:00:00,1103.645,1104.315,1096.76,1098.815,2399,2680,0
2021-01-13 23:00:00,1098.785,1099.825,1095.025,1098.265,878,3510,0
2021-01-14 01:00:00,1078.355,1101.705,1078.355,1097.765,940,5240,0
2021-01-14 02:00:00,1097.515,1101.385,1095.365,1098.015,1207,4510,0
2021-01-14 03:00:00,1097.985,1106.275,1097.985,1103.085,1777,4370,0
2021-01-14 04:00:00,1103.215,1103.495,1091.355,1101.385,2493,4200,0
2021-01-14 05:00:00,1101.31,1103.175,1097.045,1102.785,2255,4450,0
2021-01-14 06:00:00,1102.815,1102.815,1098.205,1102.075,1291,4445,0
2021-01-14 07:00:00,1102.085,1104.55,1100.04,1103.21,2204,4560,0
2021-01-14 08:00:00,1103.405,1103.405,1099.865,1102.03,1352,4670,0
2021-01-14 09:00:00,1101.98,1103.105,1098.93,1102.05,2066,4605,0
2021-01-14 10:00:00,1102.0,1111.255,1100.08,1107.82,2382,2120,0
2021-01-14 11:00:00,1107.925,1110.895,1102.935,1108.225,1932,3655,0
2021-01-14 12:00:00,1108.345,1111.015,1104.335,1106.195,1790,4285,0
2021-01-14 13:00:00,1106.195,1111.115,1104.725,1111.035,2055,4160,0
2021-01-14 14:00:00,1111.085,1115.035,1107.365,1108.555,1728,3200,0
2021-01-14 15:00:00,1108.965,1112.245,1099.845,1107.945,3164,2840,0
2021-01-14 16:00:00,1107.945,1115.025,1104.075,1105.975,5403,4020,0
2021-01-14 17:00:00,1106.025,1113.295,1104.705,1109.635,3427,3070,0
2021-01-14 18:00:00,1108.965,1115.595,1106.975,1114.255,1772,2310,0
2021-01-14 19:00:00,1114.185,1120.455,1112.075,1118.325,3378,3320,0
2021-01-14 20:00:00,1118.355,1121.325,1116.615,1119.325,3154,4070,0
2021-01-14 21:00:00,1119.175,1121.915,1118.205,1119.045,1326,4230,0
2021-01-14 22:00:00,1119.065,1121.535,1117.695,1119.255,1667,3820,0
2021-01-14 23:00:00,1119.225,1120.405,1118.255,1118.275,708,4010,0
2021-01-15 01:00:00,1118.815,1121.235,1106.485,1119.285,1245,4590,0
2021-01-15 02:00:00,1119.295,1122.385,1116.605,1116.735,1695,4310,0
2021-01-15 03:00:00,1116.705,1118.925,1110.115,1111.615,2661,4320,0
2021-01-15 04:00:00,1111.415,1113.085,1108.055,1110.955,1522,4420,0
2021-01-15 05:00:00,1111.255,1112.865,1107.475,1109.315,1482,4450,0
2021-01-15 06:00:00,1109.265,1111.155,1105.235,1109.735,1468,4250,0
2021-01-15 07:00:00,1109.755,1109.885,1096.135,1099.945,2337,4490,0
2021-01-15 08:00:00,1099.995,1102.665,1098.165,1099.485,2587,4470,0
2021-01-15 09:00:00,1099.475,1101.765,1098.465,1099.285,1539,3830,0
2021-01-15 10:00:00,1099.235,1100.345,1092.215,1094.195,2218,3820,0
2021-01-15 11:00:00,1094.145,1102.745,1092.215,1100.495,1756,2260,0
2021-01-15 12:00:00,1100.495,1104.215,1097.425,1102.625,2507,2920,0
2021-01-15 13:00:00,1102.645,1102.975,1095.735,1096.255,1929,920,0
2021-01-15 14:00:00,1096.285,1099.115,1086.835,1097.095,2048,1220,0
2021-01-15 15:00:00,1097.095,1100.475,1077.125,1084.505,4003,2590,0
2021-01-15 16:00:00,1084.505,1098.075,1082.805,1089.515,4972,1960,0
2021-01-15 17:00:00,1089.585,1091.335,1070.485,1082.255,7328,2280,0
2021-01-15 18:00:00,1082.285,1084.825,1073.825,1083.155,4286,2210,0
2021-01-15 19:00:00,1083.145,1087.145,1076.845,1084.465,3063,2750,0
2021-01-15 20:00:00,1084.345,1086.125,1079.795,1080.705,2916,2280,0
2021-01-15 21:00:00,1080.725,1082.595,1077.815,1078.255,1705,2200,0
2021-01-15 22:00:00,1078.255,1079.185,1074.515,1074.645,2148,2500,0
2021-01-15 23:00:00,1074.395,1074.425,1071.755,1072.315,933,3800,0
2021-01-18 01:00:00,1069.555,1081.755,1065.465,1066.135,2914,4820,0
2021-01-18 02:00:00,1066.165,1081.205,1065.975,1077.17,2950,4825,0
2021-01-18 03:00:00,1077.2,1085.625,1069.245,1083.78,3800,4820,0
2021-01-18 04:00:00,1083.755,1086.62,1080.475,1084.975,2426,5390,0
2021-01-18 05:00:00,1084.98,1085.53,1080.97,1081.515,1274,5040,0
2021-01-18 06:00:00,1081.485,1083.725,1066.945,1083.715,1006,4930,0
2021-01-18 07:00:00,1083.71,1088.695,1080.975,1087.65,2534,4910,0
2021-01-18 08:00:00,1087.7,1088.325,1083.74,1084.465,2404,4845,0
2021-01-18 09:00:00,1084.275,1085.06,1076.465,1078.38,1646,4660,0
2021-01-18 10:00:00,1078.36,1081.79,1075.72,1078.605,2624,3440,0
2021-01-18 11:00:00,1078.625,1081.18,1075.875,1076.485,2200,2475,0
2021-01-18 12:00:00,1076.475,1081.545,1075.675,1078.735,1521,3310,0
2021-01-18 13:00:00,1078.735,1082.065,1076.875,1078.215,1821,3240,0
2021-01-18 14:00:00,1078.235,1079.385,1072.165,1076.215,2045,3750,0
2021-01-18 15:00:00,1076.215,1076.905,1072.535,1076.105,1647,4250,0
2021-01-18 16:00:00,1076.095,1080.325,1072.545,1078.915,2108,4850,0
2021-01-18 17:00:00,1078.985,1082.335,1076.055,1081.295,2003,3600,0
2021-01-18 18:00:00,1081.295,1083.995,1079.045,1080.635,1735,3720,0
2021-01-18 19:00:00,1080.725,1081.085,1078.255,1080.095,1105,5930,0
2021-01-19 01:00:00,1080.095,1093.375,1078.375,1091.525,1056,6280,0
2021-01-19 02:00:00,1091.585,1097.895,1091.375,1096.275,1538,5670,0
2021-01-19 03:00:00,1096.355,1100.505,1096.295,1097.455,3623,5290,0
2021-01-19 04:00:00,1097.465,1098.315,1095.155,1095.645,1932,4930,0
2021-01-19 05:00:00,1095.545,1097.745,1094.415,1096.035,1944,5260,0
2021-01-19 06:00:00,1096.035,1096.635,1094.765,1096.295,1341,5190,0
2021-01-19 07:00:00,1096.315,1098.135,1092.515,1093.555,2501,5230,0
2021-01-19 08:00:00,1093.535,1095.755,1092.795,1094.815,1736,5690,0
2021-01-19 09:00:00,1094.815,1096.945,1092.445,1096.595,1762,4700,0
2021-01-19 10:00:00,1096.645,1102.705,1096.125,1098.775,2500,3580,0
2021-01-19 11:00:00,1098.795,1101.865,1098.365,1099.835,2557,3230,0
2021-01-19 12:00:00,1099.855,1100.615,1096.825,1099.465,2438,4570,0
2021-01-19 13:00:00,1099.465,1101.835,1099.115,1099.485,1638,4830,0
2021-01-19 14:00:00,1099.485,1099.615,1093.875,1096.025,2852,4920,0
2021-01-19 15:00:00,1095.995,1099.055,1093.575,1095.315,4027,3520,0
2021-01-19 16:00:00,1095.315,1095.315,1077.845,1081.025,7148,3190,0
2021-01-19 17:00:00,1080.875,1083.695,1074.845,1081.325,3464,1860,0
2021-01-19 18:00:00,1081.465,1086.685,1077.675,1085.475,2703,2520,0
2021-01-19 19:00:00,1085.435,1088.975,1082.145,1086.895,2218,2340,0
2021-01-19 20:00:00,1086.895,1087.575,1082.545,1083.885,1708,3160,0
2021-01-19 21:00:00,1083.885,1084.335,1079.065,1083.005,1520,3360,0
2021-01-19 22:00:00,1083.005,1086.135,1081.515,1084.765,1468,3180,0
2021-01-19 23:00:00,1084.765,1085.905,1083.195,1084.365,714,4540,0
2021-01-20 01:00:00,1070.125,1089.245,1070.125,1088.535,1247,5460,0
2021-01-20 02:00:00,1088.645,1090.395,1087.215,1089.905,1439,5420,0
2021-01-20 03:00:00,1089.935,1096.785,1089.725,1095.355,2781,3600,0
2021-01-20 04:00:00,1095.285,1098.825,1094.905,1097.165,2165,5560,0
2021-01-20 05:00:00,1097.19,1097.8,1094.045,1096.64,1094,4915,0
2021-01-20 06:00:00,1096.67,1098.56,1095.9,1096.8,973,4400,0
2021-01-20 07:00:00,1096.805,1099.275,1096.24,1098.635,2120,2000,0
2021-01-20 08:00:00,1098.81,1100.7,1097.33,1098.865,2583,4250,0
2021-01-20 09:00:00,1098.835,1101.065,1097.985,1099.695,1905,4440,0
2021-01-20 10:00:00,1099.615,1100.955,1096.055,1098.53,2573,4295,0
2021-01-20 11:00:00,1098.53,1099.435,1092.635,1094.265,2017,2300,0
2021-01-20 12:00:00,1094.265,1096.515,1090.105,1096.135,1632,3200,0
2021-01-20 13:00:00,1096.135,1096.805,1086.615,1086.655,2403,3550,0
2021-01-20 14:00:00,1086.685,1088.845,1081.985,1084.285,3636,3090,0
2021-01-20 15:00:00,1084.125,1103.175,1078.695,1102.105,6669,720,0
2021-01-20 16:00:00,1102.105,1107.435,1096.195,1100.915,9689,2230,0
2021-01-20 17:00:00,1100.875,1117.335,1100.715,1110.695,6950,2050,0
2021-01-20 18:00:00,1110.675,1111.855,1103.405,1109.365,4126,1590,0
2021-01-20 19:00:00,1109.385,1110.815,1105.465,1107.375,3420,3170,0
2021-01-20 20:00:00,1107.545,1113.855,1107.475,1111.705,3385,1790,0
2021-01-20 21:00:00,1111.755,1112.455,1109.295,1112.165,2585,2140,0
2021-01-20 22:00:00,1112.165,1112.965,1109.535,1111.015,2704,660,0
2021-01-20 23:00:00,1111.035,1112.995,1109.365,1110.605,1263,2510,0
2021-01-21 01:00:00,1108.1,1112.735,1106.225,1106.255,1146,5510,0
2021-01-21 02:00:00,1106.155,1106.865,1103.095,1103.925,1861,5530,0
2021-01-21 03:00:00,1103.905,1106.355,1101.855,1103.115,2631,5290,0
2021-01-21 04:00:00,1102.935,1106.24,1101.94,1105.77,2348,5350,0
2021-01-21 05:00:00,1105.82,1106.955,1103.975,1104.89,1937,5555,0
2021-01-21 06:00:00,1104.84,1105.085,1097.14,1098.835,1203,5495,0
2021-01-21 07:00:00,1098.785,1110.95,1098.785,1110.21,1606,5745,0
2021-01-21 08:00:00,1109.84,1111.995,1107.21,1110.33,1919,5660,0
2021-01-21 09:00:00,1110.365,1112.18,1107.57,1108.47,1915,4715,0
2021-01-21 10:00:00,1108.45,1120.96,1108.135,1119.875,2801,4030,0
2021-01-21 11:00:00,1119.9,1124.455,1117.945,1123.335,2434,2770,0
2021-01-21 12:00:00,1123.265,1125.795,1120.915,1123.975,1944,2340,0
2021-01-21 13:00:00,1123.975,1127.855,1123.825,1127.125,2120,2050,0
2021-01-21 14:00:00,1127.155,1143.625,1127.125,1140.395,3680,2100,0
2021-01-21 15:00:00,1140.395,1154.125,1134.125,1135.065,7081,2410,0
2021-01-21 16:00:00,1135.065,1142.775,1123.635,1133.415,7002,3800,0
2021-01-21 17:00:00,1133.495,1143.535,1131.975,1136.095,4323,3330,0
2021-01-21 18:00:00,1136.185,1136.185,1117.265,1122.225,2610,2790,0
2021-01-21 19:00:00,1122.225,1125.365,1117.765,1120.355,1864,2800,0
2021-01-21 20:00:00,1120.305,1123.085,1116.805,1122.305,1562,3160,0
2021-01-21 21:00:00,1122.255,1125.545,1119.895,1123.945,1112,3070,0
2021-01-21 22:00:00,1123.955,1128.475,1121.195,1125.265,1103,3400,0
2021-01-21 23:00:00,1125.335,1127.425,1124.995,1126.345,665,3960,0
2021-01-22 01:00:00,1123.245,1127.215,1115.165,1127.055,910,4690,0
2021-01-22 02:00:00,1127.155,1129.405,1122.325,1122.375,1746,4610,0
2021-01-22 03:00:00,1122.395,1122.425,1111.595,1112.975,3049,5100,0
2021-01-22 04:00:00,1112.975,1114.475,1108.445,1109.175,2734,4720,0
2021-01-22 05:00:00,1109.145,1113.81,1108.325,1112.16,2035,4880,0
2021-01-22 06:00:00,1112.14,1114.855,1111.935,1113.275,1278,5345,0
2021-01-22 07:00:00,1113.25,1113.355,1108.885,1109.845,1850,5250,0
2021-01-22 08:00:00,1109.895,1110.325,1105.59,1108.355,2556,5460,0
2021-01-22 09:00:00,1108.34,1109.135,1102.935,1105.36,1776,5145,0
2021-01-22 10:00:00,1105.385,1111.56,1103.735,1108.71,2502,4975,0
2021-01-22 11:00:00,1108.71,1110.6,1098.895,1100.515,2228,4320,0
2021-01-22 12:00:00,1100.495,1101.415,1091.975,1095.545,2703,4520,0
2021-01-22 13:00:00,1095.525,1098.155,1090.105,1093.865,2254,4270,0
2021-01-22 14:00:00,1093.845,1097.155,1085.585,1087.355,1961,2990,0
2021-01-22 15:00:00,1087.355,1102.965,1085.375,1099.325,2466,1640,0
2021-01-22 16:00:00,1099.265,1109.115,1091.695,1108.085,5599,3810,0
2021-01-22 17:00:00,1108.115,1114.275,1099.115,1103.245,5877,2770,0
2021-01-22 18:00:00,1103.245,1107.695,1100.445,1105.065,3328,3610,0
2021-01-22 19:00:00,1105.065,1108.295,1100.575,1104.505,3513,3770,0
2021-01-22 20:00:00,1104.455,1105.085,1097.125,1098.465,2445,1970,0
2021-01-22 21:00:00,1098.465,1103.755,1098.465,1101.905,1777,3600,0
2021-01-22 22:00:00,1101.835,1103.805,1100.775,1100.775,2140,3820,0
2021-01-22 23:00:00,1100.445,1100.445,1098.285,1099.085,702,4700,0
2021-01-25 01:00:00,1096.125,1108.325,1094.505,1102.925,1244,5630,0
2021-01-25 02:00:00,1103.145,1108.295,1100.955,1106.925,1356,5580,0
2021-01-25 03:00:00,1106.895,1107.865,1101.155,1102.735,2207,5670,0
2021-01-25 04:00:00,1102.755,1104.845,1098.445,1099.365,1028,5190,0
2021-01-25 05:00:00,1099.435,1101.685,1098.715,1099.435,1014,4610,0
2021-01-25 06:00:00,1099.445,1101.885,1099.225,1101.145,467,4580,0
2021-01-25 07:00:00,1101.245,1102.935,1098.695,1101.565,1274,4670,0
2021-01-25 08:00:00,1101.465,1103.015,1098.395,1099.315,1541,4420,0
2021-01-25 09:00:00,1099.345,1105.315,1098.265,1104.725,1349,4060,0
2021-01-25 10:00:00,1104.675,1104.795,1100.635,1101.915,1387,4460,0
2021-01-25 11:00:00,1102.045,1105.345,1097.015,1103.735,1781,4090,0
2021-01-25 12:00:00,1103.735,1111.595,1101.975,1111.595,2017,3770,0
2021-01-25 13:00:00,1111.545,1118.125,1111.025,1111.625,2493,2440,0
2021-01-25 14:00:00,1111.595,1114.865,1106.345,1109.145,2325,3940,0
2021-01-25 15:00:00,1108.935,1111.005,1099.465,1105.215,3073,3920,0
2021-01-25 16:00:00,1105.245,1116.235,1095.285,1096.465,4261,3460,0
2021-01-25 17:00:00,1096.385,1103.085,1094.065,1096.015,5460,3030,0
2021-01-25 18:00:00,1096.015,1098.695,1079.775,1093.555,5808,3580,0
2021-01-25 19:00:00,1093.605,1099.615,1091.775,1097.585,3306,3970,0
2021-01-25 20:00:00,1097.585,1101.215,1097.295,1099.785,2100,3680,0
2021-01-25 21:00:00,1099.915,1100.515,1097.525,1099.145,1561,4130,0
2021-01-25 22:00:00,1099.095,1100.605,1096.105,1100.575,1670,4180,0
2021-01-25 23:00:00,1100.325,1100.325,1098.165,1098.765,925,4590,0
2021-01-26 01:00:00,1081.975,1098.815,1081.975,1097.815,785,5250,0
2021-01-26 02:00:00,1097.825,1097.945,1090.71,1091.195,1280,4530,0
2021-01-26 03:00:00,1091.145,1096.265,1089.12,1095.305,2422,2355,0
2021-01-26 04:00:00,1095.275,1096.795,1093.175,1093.645,1469,4270,0
2021-01-26 05:00:00,1093.645,1094.745,1089.545,1090.345,1552,4220,0
2021-01-26 06:00:00,1090.215,1091.755,1083.435,1085.215,1372,4180,0
2021-01-26 07:00:00,1085.255,1087.785,1084.795,1086.495,1153,4550,0
2021-01-26 08:00:00,1086.395,1087.175,1080.995,1082.505,1806,4370,0
2021-01-26 09:00:00,1082.505,1085.605,1077.985,1080.765,2010,3440,0
2021-01-26 10:00:00,1080.935,1089.995,1080.935,1089.185,3361,3960,0
2021-01-26 11:00:00,1089.155,1090.335,1085.855,1086.425,2383,2620,0
2021-01-26 12:00:00,1086.595,1088.795,1084.565,1084.875,1707,3960,0
2021-01-26 13:00:00,1084.935,1092.815,1084.615,1090.415,2084,3600,0
2021-01-26 14:00:00,1090.345,1097.195,1090.175,1095.925,2619,3570,0
2021-01-26 15:00:00,1095.985,1107.005,1091.845,1099.485,3638,2260,0
2021-01-26 16:00:00,1099.535,1105.215,1095.825,1100.565,3901,2510,0
2021-01-26 17:00:00,1100.515,1105.905,1094.465,1095.455,5193,3460,0
2021-01-26 18:00:00,1095.455,1099.875,1092.935,1095.075,3408,2050,0
2021-01-26 19:00:00,1095.075,1101.145,1094.865,1100.625,1999,3600,0
2021-01-26 20:00:00,1100.585,1103.105,1100.105,1100.965,1523,3430,0
2021-01-26 21:00:00,1100.965,1102.095,1098.405,1100.135,1215,3720,0
2021-01-26 22:00:00,1100.135,1102.875,1099.405,1100.065,1140,3300,0
2021-01-26 23:00:00,1100.065,1100.905,1098.265,1099.015,703,3980,0
2021-01-27 01:00:00,1095.555,1100.315,1095.305,1098.865,1139,4730,0
2021-01-27 02:00:00,1098.915,1100.445,1096.475,1097.795,1124,4560,0
2021-01-27 03:00:00,1097.705,1098.035,1090.085,1091.975,2416,4730,0
2021-01-27 04:00:00,1092.055,1092.055,1088.925,1090.735,1429,4610,0
2021-01-27 05:00:00,1090.735,1091.465,1089.355,1089.855,1310,4410,0
2021-01-27 06:00:00,1089.825,1090.945,1089.245,1089.595,1321,4140,0
2021-01-27 07:00:00,1089.515,1094.885,1087.675,1093.795,1708,4720,0
2021-01-27 08:00:00,1093.795,1095.075,1090.78,1091.9,1636,4925,0
2021-01-27 09:00:00,1091.875,1092.76,1089.58,1092.715,2042,4550,0
2021-01-27 10:00:00,1092.715,1094.62,1089.875,1091.395,3035,4105,0
2021-01-27 11:00:00,1091.395,1093.025,1085.765,1087.815,1981,2500,0
2021-01-27 12:00:00,1087.815,1088.455,1084.995,1086.015,968,2010,0
2021-01-27 13:00:00,1086.095,1086.095,1075.635,1081.345,1689,1650,0
2021-01-27 14:00:00,1081.325,1082.665,1076.665,1078.105,3606,3670,0
2021-01-27 15:00:00,1078.105,1078.675,1063.925,1067.985,5200,3520,0
2021-01-27 16:00:00,1067.985,1072.145,1059.195,1068.205,8438,3000,0
2021-01-27 17:00:00,1068.185,1080.745,1065.035,1076.855,7277,2070,0
2021-01-27 18:00:00,1076.855,1077.175,1068.085,1073.945,4242,3870,0
2021-01-27 19:00:00,1073.975,1076.955,1070.115,1075.405,4254,3450,0
2021-01-27 20:00:00,1075.425,1079.985,1068.59,1068.595,3526,3770,0
2021-01-27 21:00:00,1068.61,1076.835,1063.175,1065.735,3551,4150,0
2021-01-27 22:00:00,1065.755,1070.635,1064.005,1066.245,3152,4690,0
2021-01-27 23:00:00,1066.265,1068.825,1065.195,1066.745,1174,5060,0
2021-01-28 01:00:00,1062.815,1067.005,1057.315,1060.445,1483,5750,0
2021-01-28 02:00:00,1060.425,1064.945,1060.365,1063.485,1777,4920,0
2021-01-28 03:00:00,1063.655,1068.715,1062.105,1066.455,3433,4890,0
2021-01-28 04:00:00,1066.405,1067.585,1061.93,1063.77,2575,4690,0
2021-01-28 05:00:00,1063.84,1064.05,1062.11,1063.45,2276,4720,0
2021-01-28 06:00:00,1063.46,1064.955,1061.97,1062.98,1562,4650,0
2021-01-28 07:00:00,1063.03,1063.745,1061.25,1061.725,1892,4590,0
2021-01-28 08:00:00,1061.67,1061.67,1058.235,1059.495,2691,4560,0
2021-01-28 09:00:00,1059.445,1059.5,1051.93,1055.64,2633,4045,0
2021-01-28 10:00:00,1055.54,1063.195,1050.775,1052.535,2523,2975,0
2021-01-28 11:00:00,1052.645,1059.445,1051.405,1058.795,1686,2570,0
2021-01-28 12:00:00,1058.795,1064.015,1058.185,1061.905,2758,3740,0
2021-01-28 13:00:00,1061.905,1066.915,1061.245,1065.435,3698,2450,0
2021-01-28 14:00:00,1065.415,1068.645,1063.815,1067.305,3126,3320,0
2021-01-28 15:00:00,1067.255,1091.515,1055.315,1089.755,7009,770,0
2021-01-28 16:00:00,1089.935,1099.075,1078.055,1078.115,9118,1580,0
2021-01-28 17:00:00,1078.215,1092.615,1076.105,1077.205,6317,2600,0
2021-01-28 18:00:00,1077.205,1079.275,1066.565,1066.725,6203,2730,0
2021-01-28 19:00:00,1066.745,1070.795,1062.075,1067.415,6464,2990,0
2021-01-28 20:00:00,1067.435,1073.715,1061.625,1071.715,4915,3610,0
2021-01-28 21:00:00,1071.715,1076.175,1069.935,1075.325,2270,3790,0
2021-01-28 22:00:00,1075.325,1077.315,1072.055,1072.325,1769,3820,0
2021-01-28 23:00:00,1072.305,1074.705,1068.585,1069.345,1170,4680,0
2021-01-29 01:00:00,1067.585,1076.855,1066.235,1076.465,1134,4900,0
2021-01-29 02:00:00,1076.515,1079.375,1073.165,1073.965,1551,4630,0
2021-01-29 03:00:00,1073.945,1079.825,1072.825,1072.825,2447,4450,0
2021-01-29 04:00:00,1072.845,1075.405,1071.745,1073.455,2415,4350,0
2021-01-29 05:00:00,1073.505,1074.015,1068.205,1069.245,1912,4410,0
2021-01-29 06:00:00,1069.285,1069.285,1064.465,1068.105,1967,4200,0
2021-01-29 07:00:00,1068.075,1073.525,1066.065,1072.125,1623,4740,0
2021-01-29 08:00:00,1072.145,1080.365,1069.565,1078.895,1881,4970,0
2021-01-29 09:00:00,1078.875,1081.175,1075.815,1079.825,2747,5320,0
2021-01-29 10:00:00,1079.775,1082.195,1069.305,1081.555,3630,4940,0
2021-01-29 11:00:00,1081.485,1089.795,1081.065,1086.725,5264,2930,0
2021-01-29 12:00:00,1086.725,1092.375,1084.105,1090.855,3604,3990,0
2021-01-29 13:00:00,1090.735,1097.045,1088.405,1095.235,4544,4010,0
2021-01-29 14:00:00,1095.255,1103.945,1093.945,1103.245,4678,3020,0
2021-01-29 15:00:00,1103.265,1111.815,1095.015,1109.895,6319,1720,0
2021-01-29 16:00:00,1109.925,1113.515,1081.665,1097.055,6855,1710,0
2021-01-29 17:00:00,1097.105,1100.025,1075.945,1084.285,5096,2600,0
2021-01-29 18:00:00,1084.295,1088.745,1073.685,1077.845,4397,2750,0
2021-01-29 19:00:00,1077.745,1083.435,1066.435,1074.085,5999,4490,0
2021-01-29 20:00:00,1074.055,1078.425,1066.595,1076.585,4977,3150,0
2021-01-29 21:00:00,1076.585,1081.785,1073.675,1073.915,2640,3250,0
2021-01-29 22:00:00,1073.885,1076.615,1069.465,1071.475,2532,3900,0
2021-01-29 23:00:00,1071.475,1074.095,1070.545,1073.185,593,3700,0
2021-02-01 01:00:00,1082.625,1100.045,1080.505,1088.945,3358,6570,0
2021-02-01 02:00:00,1088.955,1096.365,1088.605,1092.735,3275,5820,0
2021-02-01 03:00:00,1092.715,1095.935,1088.225,1090.145,3890,5970,0
2021-02-01 04:00:00,1090.115,1104.565,1090.035,1102.955,3822,5470,0
2021-02-01 05:00:00,1102.935,1104.635,1101.475,1103.065,2976,5510,0
2021-02-01 06:00:00,1103.115,1103.665,1100.555,1102.175,2091,4800,0
2021-02-01 07:00:00,1102.205,1103.895,1100.175,1102.715,2616,5050,0
2021-02-01 08:00:00,1102.685,1117.845,1101.285,1116.975,3614,2220,0
2021-02-01 09:00:00,1117.105,1118.255,1112.415,1115.455,4969,1400,0
2021-02-01 10:00:00,1115.455,1123.725,1113.565,1115.855,6099,3640,0
2021-02-01 11:00:00,1115.805,1123.115,1111.965,1115.975,3964,5100,0
2021-02-01 12:00:00,1115.945,1118.015,1108.315,1116.165,3300,3760,0
2021-02-01 13:00:00,1116.165,1122.045,1112.155,1118.275,3095,4670,0
2021-02-01 14:00:00,1118.255,1124.285,1116.785,1118.215,4962,5020,0
2021-02-01 15:00:00,1118.235,1128.355,1116.905,1118.295,5680,4160,0
2021-02-01 16:00:00,1118.375,1123.305,1115.475,1116.235,7650,4370,0
2021-02-01 17:00:00,1116.065,1128.985,1111.775,1113.695,10413,3530,0
2021-02-01 18:00:00,1113.695,1125.895,1109.075,1121.585,5617,3750,0
2021-02-01 19:00:00,1121.615,1130.295,1121.055,1129.525,4504,3060,0
2021-02-01 20:00:00,1129.495,1132.565,1126.505,1130.435,5223,4000,0
2021-02-01 21:00:00,1130.415,1131.655,1127.075,1130.125,3701,4330,0
2021-02-01 22:00:00,1130.145,1131.975,1127.995,1128.165,4509,4130,0
2021-02-01 23:00:00,1128.135,1130.335,1127.875,1129.175,1912,4270,0
2021-02-02 01:00:00,1112.555,1128.705,1112.555,1122.265,1518,4600,0
2021-02-02 02:00:00,1122.215,1122.455,1112.965,1114.675,2226,3230,0
2021-02-02 03:00:00,1114.675,1121.795,1114.575,1119.435,2568,2990,0
2021-02-02 04:00:00,1119.405,1120.825,1112.935,1115.665,2272,4060,0
2021-02-02 05:00:00,1115.665,1116.655,1109.565,1113.785,2864,4100,0
2021-02-02 06:00:00,1113.785,1115.675,1111.995,1112.585,1854,3250,0
2021-02-02 07:00:00,1112.585,1113.825,1111.645,1113.525,2108,4050,0
2021-02-02 08:00:00,1113.445,1116.195,1109.745,1110.555,2885,3850,0
2021-02-02 09:00:00,1110.555,1110.955,1094.885,1099.195,4588,4590,0
2021-02-02 10:00:00,1099.125,1105.185,1095.265,1098.025,5795,4610,0
2021-02-02 11:00:00,1098.085,1102.225,1095.825,1101.225,1911,3500,0
2021-02-02 12:00:00,1101.185,1107.115,1100.105,1107.085,1496,4080,0
2021-02-02 13:00:00,1107.085,1107.165,1096.355,1097.055,1442,3260,0
2021-02-02 14:00:00,1096.925,1103.525,1092.675,1100.345,2312,4840,0
2021-02-02 15:00:00,1100.395,1105.565,1091.525,1101.675,2796,4130,0
2021-02-02 16:00:00,1101.565,1110.145,1092.145,1094.385,3130,4440,0
2021-02-02 17:00:00,1094.415,1099.485,1092.295,1097.205,7563,4880,0
2021-02-02 18:00:00,1097.125,1102.265,1092.585,1094.695,4066,4700,0
2021-02-02 19:00:00,1094.695,1096.205,1084.685,1085.505,3762,4610,0
2021-02-02 20:00:00,1085.505,1090.445,1084.695,1088.275,2576,4210,0
2021-02-02 21:00:00,1088.275,1092.945,1087.715,1091.555,1250,4290,0
2021-02-02 22:00:00,1091.555,1092.085,1089.405,1090.845,1459,4400,0
2021-02-02 23:00:00,1090.845,1094.495,1089.405,1093.765,1017,4850,0
2021-02-03 01:00:00,1094.545,1097.005,1083.395,1092.125,2115,5410,0
2021-02-03 02:00:00,1092.095,1099.355,1092.095,1097.435,3191,5590,0
2021-02-03 03:00:00,1097.335,1098.255,1094.375,1097.485,4625,5420,0
2021-02-03 04:00:00,1097.455,1098.925,1095.885,1096.065,2716,5530,0
2021-02-03 05:00:00,1095.965,1096.915,1094.025,1096.095,1753,5300,0
2021-02-03 06:00:00,1096.065,1096.615,1094.975,1095.375,1306,5700,0
2021-02-03 07:00:00,1095.355,1097.695,1092.675,1094.355,2855,5510,0
2021-02-03 08:00:00,1094.325,1094.325,1090.905,1093.515,2360,5670,0
2021-02-03 09:00:00,1093.465,1096.185,1092.035,1095.615,2439,4830,0
2021-02-03 10:00:00,1095.645,1096.625,1091.505,1093.755,2911,4670,0
2021-02-03 11:00:00,1093.715,1095.975,1089.635,1094.965,2545,4440,0
2021-02-03 12:00:00,1094.985,1095.635,1091.325,1095.055,2771,5330,0
2021-02-03 13:00:00,1095.075,1097.895,1092.025,1094.755,2678,5270,0
2021-02-03 14:00:00,1094.775,1101.785,1093.875,1098.885,3555,5260,0
2021-02-03 15:00:00,1098.935,1108.935,1095.865,1103.215,6070,4440,0
2021-02-03 16:00:00,1103.185,1104.335,1092.765,1098.915,8465,4100,0
2021-02-03 17:00:00,1098.895,1100.595,1091.645,1099.255,9191,380,0
2021-02-03 18:00:00,1099.285,1106.615,1099.285,1104.725,4422,4100,0
2021-02-03 19:00:00,1104.745,1106.555,1100.995,1106.255,2799,3960,0
2021-02-03 20:00:00,1106.155,1107.435,1102.445,1104.985,3299,3830,0
2021-02-03 21:00:00,1105.035,1106.675,1102.315,1102.365,2536,4140,0
2021-02-03 22:00:00,1102.415,1104.435,1100.395,1102.185,3205,4200,0
2021-02-03 23:00:00,1102.215,1103.815,1101.935,1103.085,1425,4330,0
2021-02-04 01:00:00,1101.875,1104.115,1090.255,1103.295,956,5500,0
2021-02-04 02:00:00,1103.225,1103.625,1096.015,1096.065,1849,5230,0
2021-02-04 03:00:00,1096.045,1097.835,1090.875,1093.515,4117,5360,0
2021-02-04 04:00:00,1093.665,1094.245,1091.175,1092.015,2668,5280,0
2021-02-04 05:00:00,1092.065,1092.365,1085.235,1085.635,3750,5350,0
2021-02-04 06:00:00,1085.605,1086.735,1078.855,1080.105,2332,5300,0
2021-02-04 07:00:00,1080.085,1081.975,1077.475,1081.405,1724,3950,0
2021-02-04 08:00:00,1081.385,1088.705,1080.115,1088.515,1514,3610,0
2021-02-04 09:00:00,1088.515,1091.035,1086.135,1087.645,1958,4740,0
2021-02-04 10:00:00,1087.495,1090.805,1081.845,1083.355,3616,3940,0
2021-02-04 11:00:00,1083.375,1084.115,1076.945,1079.675,1802,3410,0
2021-02-04 12:00:00,1079.675,1083.715,1077.445,1079.285,1538,3110,0
2021-02-04 13:00:00,1079.285,1082.495,1077.695,1079.455,1384,3680,0
2021-02-04 14:00:00,1079.445,1088.485,1079.435,1087.905,1852,3780,0
2021-02-04 15:00:00,1088.055,1092.395,1080.825,1084.515,3984,4350,0
2021-02-04 16:00:00,1084.285,1086.945,1076.755,1085.415,10562,4300,0
2021-02-04 17:00:00,1085.465,1094.405,1081.445,1086.715,6379,5020,0
2021-02-04 18:00:00,1086.735,1098.415,1085.595,1097.955,3481,4470,0
2021-02-04 19:00:00,1097.955,1099.605,1090.995,1094.515,3759,3830,0
2021-02-04 20:00:00,1094.515,1097.775,1093.145,1096.765,3187,4040,0
2021-02-04 21:00:00,1096.765,1100.145,1096.225,1099.625,1888,4200,0
2021-02-04 22:00:00,1099.675,1100.465,1097.035,1100.325,2629,3910,0
2021-02-04 23:00:00,1100.325,1100.325,1098.695,1099.705,916,4080,0
2021-02-05 01:00:00,1082.725,1100.115,1082.725,1099.025,924,5340,0
2021-02-05 02:00:00,1098.975,1100.575,1097.435,1097.735,1073,5480,0
2021-02-05 03:00:00,1097.705,1100.625,1095.395,1099.595,1785,5470,0
2021-02-05 04:00:00,1099.645,1101.815,1097.725,1098.195,1544,5360,0
2021-02-05 05:00:00,1098.225,1099.905,1097.965,1099.035,972,4830,0
2021-02-05 06:00:00,1099.065,1099.705,1098.085,1098.145,1236,4550,0
2021-02-05 07:00:00,1098.215,1105.465,1098.045,1103.965,1354,5490,0
2021-02-05 08:00:00,1103.955,1106.035,1103.455,1104.495,1498,5320,0
2021-02-05 09:00:00,1104.495,1109.135,1104.345,1106.775,1220,4670,0
2021-02-05 10:00:00,1106.775,1115.995,1106.315,1115.415,3274,3520,0
2021-02-05 11:00:00,1115.395,1115.955,1109.255,1111.605,2064,4510,0
2021-02-05 12:00:00,1111.655,1115.625,1110.215,1113.015,980,4690,0
2021-02-05 13:00:00,1113.015,1115.175,1108.115,1108.115,1705,3610,0
2021-02-05 14:00:00,1108.115,1111.595,1105.995,1106.645,1004,3140,0
2021-02-05 15:00:00,1106.645,1125.785,1100.02,1120.445,6476,3730,0
2021-02-05 16:00:00,1120.395,1125.015,1114.975,1121.485,6955,4010,0
2021-02-05 17:00:00,1121.505,1123.855,1115.445,1119.945,5688,4360,0
2021-02-05 18:00:00,1119.965,1123.435,1118.375,1121.125,4416,4240,0
2021-02-05 19:00:00,1121.075,1127.425,1120.925,1123.415,4781,4180,0
2021-02-05 20:00:00,1123.335,1124.215,1120.555,1122.305,3986,2340,0
2021-02-05 21:00:00,1122.305,1126.355,1122.275,1122.785,1174,380,0
2021-02-05 22:00:00,1122.815,1125.245,1122.635,1124.285,1680,4180,0
2021-02-05 23:00:00,1124.285,1125.105,1122.615,1124.525,394,4570,0
2021-02-08 01:00:00,1124.575,1140.865,1124.425,1133.325,2510,4740,0
2021-02-08 02:00:00,1133.435,1133.755,1129.87,1131.055,1379,2600,0
2021-02-08 03:00:00,1131.045,1133.485,1129.215,1133.375,2436,3730,0
2021-02-08 04:00:00,1133.375,1136.355,1131.725,1133.505,2051,4230,0
2021-02-08 05:00:00,1133.475,1134.735,1131.285,1132.405,1551,4130,0
2021-02-08 06:00:00,1132.405,1133.835,1130.885,1131.415,886,4260,0
2021-02-08 07:00:00,1131.385,1137.925,1131.385,1136.425,1949,4260,0
2021-02-08 08:00:00,1136.355,1143.885,1136.155,1142.685,2136,4390,0
2021-02-08 09:00:00,1142.705,1151.135,1138.035,1146.655,1899,4330,0
2021-02-08 10:00:00,1146.635,1148.545,1139.105,1142.835,3012,4330,0
2021-02-08 11:00:00,1142.805,1148.915,1142.785,1146.305,2651,3690,0
2021-02-08 12:00:00,1146.475,1149.325,1145.275,1148.885,2238,3280,0
2021-02-08 13:00:00,1148.915,1161.505,1148.915,1156.275,2483,1910,0
2021-02-08 14:00:00,1156.225,1158.815,1154.285,1157.205,2361,3080,0
2021-02-08 15:00:00,1157.255,1168.385,1156.045,1163.035,4982,3320,0
2021-02-08 16:00:00,1163.005,1170.995,1162.395,1166.135,6596,3310,0
2021-02-08 17:00:00,1166.235,1173.835,1166.135,1169.375,4802,2690,0
2021-02-08 18:00:00,1169.975,1171.985,1163.005,1168.195,4087,4380,0
2021-02-08 19:00:00,1168.225,1169.095,1162.315,1164.285,2932,4400,0
2021-02-08 20:00:00,1164.235,1166.385,1161.205,1161.735,2121,2280,0
2021-02-08 21:00:00,1161.735,1165.655,1161.335,1164.615,1813,1520,0
2021-02-08 22:00:00,1164.565,1166.485,1159.985,1160.355,1247,3430,0
2021-02-08 23:00:00,1160.285,1161.975,1159.275,1160.225,974,3920,0
2021-02-09 01:00:00,1159.895,1160.955,1152.605,1160.305,1324,5860,0
2021-02-09 02:00:00,1160.315,1171.435,1160.225,1171.405,2663,4600,0
2021-02-09 03:00:00,1171.355,1177.555,1170.765,1177.195,3460,5120,0
2021-02-09 04:00:00,1177.165,1180.505,1170.785,1177.435,2323,4880,0
2021-02-09 05:00:00,1177.435,1181.155,1176.215,1179.465,1341,5500,0
2021-02-09 06:00:00,1179.435,1181.415,1179.135,1180.065,1483,4330,0
2021-02-09 07:00:00,1180.085,1183.395,1179.275,1183.185,4279,3930,0
2021-02-09 08:00:00,1183.185,1183.585,1178.675,1179.395,2253,4340,0
2021-02-09 09:00:00,1179.445,1180.165,1176.775,1177.975,1518,5290,0
2021-02-09 10:00:00,1177.945,1181.165,1176.115,1180.015,1967,3310,0
2021-02-09 11:00:00,1180.015,1182.105,1177.785,1179.485,2890,4130,0
2021-02-09 12:00:00,1179.485,1181.615,1177.315,1178.775,3100,4750,0
2021-02-09 13:00:00,1178.805,1182.215,1177.175,1179.095,3776,4520,0
2021-02-09 14:00:00,1179.125,1184.945,1177.785,1184.445,3045,4970,0
2021-02-09 15:00:00,1184.495,1189.895,1172.765,1183.505,6059,5060,0
2021-02-09 16:00:00,1183.485,1184.725,1162.495,1176.635,8104,4090,0
2021-02-09 17:00:00,1176.585,1191.665,1175.635,1185.735,6944,2960,0
2021-02-09 18:00:00,1185.775,1187.635,1178.595,1183.305,4753,3250,0
2021-02-09 19:00:00,1183.275,1187.715,1183.035,1185.575,2853,3250,0
2021-02-09 20:00:00,1185.555,1185.815,1177.885,1178.425,3133,3000,0
2021-02-09 21:00:00,1178.475,1184.415,1178.465,1182.065,1923,3680,0
2021-02-09 22:00:00,1182.065,1183.885,1179.025,1180.305,2682,3070,0
2021-02-09 23:00:00,1180.335,1180.805,1179.045,1179.045,1031,4140,0
2021-02-10 01:00:00,1179.585,1183.735,1173.705,1180.465,989,5670,0
2021-02-10 02:00:00,1180.515,1187.735,1180.515,1185.145,1194,4280,0
2021-02-10 03:00:00,1185.275,1198.665,1183.835,1198.495,3110,5280,0
2021-02-10 04:00:00,1198.845,1205.305,1198.405,1202.235,2543,5310,0
2021-02-10 05:00:00,1202.215,1207.475,1201.515,1206.195,2315,4870,0
2021-02-10 06:00:00,1206.165,1209.625,1206.115,1208.515,1440,3740,0
2021-02-10 07:00:00,1208.515,1209.465,1205.615,1206.105,2356,3600,0
2021-02-10 08:00:00,1206.085,1207.765,1205.845,1207.235,2188,2750,0
2021-02-10 09:00:00,1207.215,1207.905,1205.595,1207.335,2530,3300,0
2021-02-10 10:00:00,1207.335,1209.505,1204.075,1208.325,3696,3730,0
2021-02-10 11:00:00,1208.425,1218.065,1206.995,1215.215,2288,3510,0
2021-02-10 12:00:00,1215.215,1221.995,1214.915,1220.345,2950,4410,0
2021-02-10 13:00:00,1220.375,1222.465,1214.675,1214.745,2929,3890,0
2021-02-10 14:00:00,1214.765,1226.555,1212.565,1224.445,2461,4770,0
2021-02-10 15:00:00,1224.445,1251.305,1223.595,1243.155,7637,3240,0
2021-02-10 16:00:00,1243.155,1245.455,1224.805,1233.285,7219,2800,0
2021-02-10 17:00:00,1233.205,1238.435,1222.295,1224.705,10668,4280,0
2021-02-10 18:00:00,1224.655,1231.415,1222.255,1226.985,7849,4260,0
2021-02-10 19:00:00,1226.965,1236.235,1222.705,1235.015,4313,2650,0
2021-02-10 20:00:00,1234.895,1239.785,1234.225,1239.595,2007,2480,0
2021-02-10 21:00:00,1239.595,1244.985,1237.855,1237.945,1553,2580,0
2021-02-10 22:00:00,1237.945,1241.605,1235.355,1241.605,1388,3080,0
2021-02-10 23:00:00,1241.605,1243.905,1240.745,1242.965,876,3140,0
2021-02-11 01:00:00,1242.555,1242.555,1227.045,1235.755,704,4450,0
2021-02-11 02:00:00,1235.755,1237.745,1225.475,1225.815,823,3840,0
2021-02-11 03:00:00,1225.815,1230.335,1224.125,1228.585,1033,3140,0
2021-02-11 04:00:00,1228.585,1233.255,1225.885,1233.205,1197,3580,0
2021-02-11 05:00:00,1233.205,1246.125,1228.455,1245.865,1475,3380,0
2021-02-11 06:00:00,1245.865,1246.845,1239.915,1240.495,1456,4590,0
2021-02-11 07:00:00,1240.475,1243.785,1240.315,1241.195,704,4900,0
2021-02-11 08:00:00,1241.225,1253.705,1240.835,1252.815,1578,4830,0
2021-02-11 09:00:00,1252.965,1260.455,1248.345,1260.455,2176,3330,0
2021-02-11 10:00:00,1259.935,1270.995,1255.925,1270.455,3094,3480,0
2021-02-11 11:00:00,1270.455,1270.455,1249.515,1253.265,2251,3230,0
2021-02-11 12:00:00,1253.295,1260.925,1253.035,1258.485,1496,4180,0
2021-02-11 13:00:00,1258.515,1262.645,1249.295,1255.445,1850,3790,0
2021-02-11 14:00:00,1255.475,1256.245,1241.295,1243.145,2620,3850,0
2021-02-11 15:00:00,1243.165,1253.015,1238.865,1240.515,4410,3870,0
2021-02-11 16:00:00,1240.535,1246.765,1228.265,1240.455,7012,3810,0
2021-02-11 17:00:00,1240.505,1262.125,1239.245,1258.515,6514,3580,0
2021-02-11 18:00:00,1258.545,1259.175,1243.215,1245.995,4771,3460,0
2021-02-11 19:00:00,1245.845,1248.655,1232.265,1238.595,7841,2650,0
2021-02-11 20:00:00,1238.735,1241.675,1232.935,1240.385,3153,2350,0
2021-02-11 21:00:00,1240.385,1240.495,1231.295,1236.475,2678,2900,0
2021-02-11 22:00:00,1236.545,1241.075,1236.235,1240.195,2085,2890,0
2021-02-11 23:00:00,1240.175,1240.275,1235.285,1235.915,950,3850,0
2021-02-12 01:00:00,1219.025,1235.275,1219.025,1232.175,1002,5480,0
2021-02-12 02:00:00,1232.155,1232.955,1207.775,1211.225,1834,5860,0
2021-02-12 03:00:00,1211.205,1219.535,1208.385,1213.435,1841,5840,0
2021-02-12 04:00:00,1213.405,1213.615,1210.525,1211.365,1484,5440,0
2021-02-12 05:00:00,1211.355,1221.485,1211.295,1218.825,3093,5220,0
2021-02-12 06:00:00,1218.765,1221.465,1218.075,1220.735,1474,4630,0
2021-02-12 07:00:00,1220.705,1229.185,1220.315,1228.865,1728,4020,0
2021-02-12 08:00:00,1228.885,1229.265,1222.535,1223.155,1208,4140,0
2021-02-12 09:00:00,1223.495,1227.215,1221.435,1222.095,1981,3400,0
2021-02-12 10:00:00,1222.095,1223.445,1212.865,1216.615,3645,2530,0
2021-02-12 11:00:00,1216.545,1230.055,1216.345,1228.685,2573,2360,0
2021-02-12 12:00:00,1228.555,1236.815,1224.335,1233.045,3084,3650,0
2021-02-12 13:00:00,1233.015,1233.395,1220.325,1220.845,1537,4520,0
2021-02-12 14:00:00,1220.825,1224.115,1216.635,1222.355,1959,5010,0
2021-02-12 15:00:00,1222.275,1228.385,1219.965,1221.665,4538,4560,0
2021-02-12 16:00:00,1221.685,1230.735,1219.625,1226.575,5522,3830,0
2021-02-12 17:00:00,1226.615,1247.505,1223.075,1246.535,8137,3610,0
2021-02-12 18:00:00,1246.555,1254.545,1241.385,1251.365,6413,3330,0
2021-02-12 19:00:00,1251.345,1252.785,1244.255,1245.165,3582,3850,0
2021-02-12 20:00:00,1245.185,1251.625,1245.185,1249.015,3626,4110,0
2021-02-12 21:00:00,1249.095,1250.235,1247.795,1249.645,2218,4140,0
2021-02-12 22:00:00,1249.595,1252.815,1245.775,1251.645,1674,3140,0
2021-02-12 23:00:00,1251.645,1253.675,1250.755,1251.395,488,3620,0
2021-02-15 01:00:00,1254.045,1260.435,1253.975,1260.025,2170,5510,0
2021-02-15 02:00:00,1260.435,1272.015,1259.185,1269.485,2529,5600,0
2021-02-15 03:00:00,1269.515,1280.425,1266.655,1279.825,2870,5200,0
2021-02-15 04:00:00,1279.925,1285.595,1277.695,1278.055,2670,5230,0
2021-02-15 05:00:00,1278.075,1284.665,1277.555,1283.715,1308,5230,0
2021-02-15 06:00:00,1283.725,1284.325,1273.725,1277.895,1728,5410,0
2021-02-15 07:00:00,1278.045,1284.305,1276.845,1283.365,1832,5630,0
2021-02-15 08:00:00,1283.395,1287.245,1268.845,1272.615,1752,5790,0
2021-02-15 09:00:00,1272.645,1281.735,1270.605,1281.075,2407,5080,0
2021-02-15 10:00:00,1281.095,1291.995,1280.325,1286.785,2244,520,0
2021-02-15 11:00:00,1286.765,1286.905,1280.535,1282.055,2400,3830,0
2021-02-15 12:00:00,1282.055,1285.645,1279.745,1284.445,1612,4060,0
2021-02-15 13:00:00,1284.495,1304.955,1284.235,1303.745,2481,460,0
2021-02-15 14:00:00,1303.895,1304.245,1295.875,1297.765,2564,2750,0
2021-02-15 15:00:00,1297.795,1297.915,1286.075,1287.175,1599,3010,0
2021-02-15 16:00:00,1287.175,1297.235,1285.385,1293.555,1480,5240,0
2021-02-15 17:00:00,1293.515,1299.175,1292.735,1298.735,1363,6860,0
2021-02-15 18:00:00,1299.005,1302.895,1297.115,1301.615,1262,4300,0
2021-02-15 19:00:00,1301.535,1303.475,1299.715,1303.175,852,6890,0
2021-02-16 01:00:00,1303.265,1310.405,1294.155,1308.665,1928,5620,0
2021-02-16 02:00:00,1308.685,1321.335,1307.245,1319.665,3105,5620,0
2021-02-16 03:00:00,1319.615,1337.365,1317.515,1331.165,4644,5450,0
2021-02-16 04:00:00,1331.195,1335.675,1323.795,1326.455,2289,5530,0
2021-02-16 05:00:00,1326.425,1334.935,1326.275,1333.235,2131,5340,0
2021-02-16 06:00:00,1333.255,1333.635,1323.645,1325.185,1932,5430,0
2021-02-16 07:00:00,1325.235,1326.205,1296.785,1311.805,4497,5490,0
2021-02-16 08:00:00,1311.725,1314.515,1305.485,1309.935,2517,5740,0
2021-02-16 09:00:00,1310.135,1313.665,1284.955,1291.385,3418,3740,0
2021-02-16 10:00:00,1291.415,1319.795,1290.655,1317.335,4581,4040,0
2021-02-16 11:00:00,1317.305,1317.355,1300.585,1305.365,3210,3710,0
2021-02-16 12:00:00,1305.415,1307.475,1295.275,1302.945,2558,4490,0
2021-02-16 13:00:00,1303.145,1304.205,1292.795,1294.825,3039,4640,0
2021-02-16 14:00:00,1294.845,1302.355,1283.765,1283.765,3418,3300,0
2021-02-16 15:00:00,1283.715,1298.035,1264.625,1271.145,7532,4330,0
2021-02-16 16:00:00,1270.675,1277.305,1261.995,1266.345,9221,1040,0
2021-02-16 17:00:00,1266.435,1303.625,1265.385,1303.145,11125,1130,0
2021-02-16 18:00:00,1303.165,1303.385,1277.095,1277.745,7442,1110,0
2021-02-16 19:00:00,1277.755,1283.815,1268.135,1269.595,6055,3780,0
2021-02-16 20:00:00,1269.665,1271.675,1260.925,1261.015,4494,3400,0
2021-02-16 21:00:00,1260.965,1263.945,1256.405,1262.195,2077,3670,0
2021-02-16 22:00:00,1262.305,1264.485,1261.095,1262.805,1414,3180,0
2021-02-16 23:00:00,1262.805,1264.965,1259.145,1261.455,1069,2330,0
2021-02-17 01:00:00,1262.115,1262.115,1246.975,1256.755,2396,4700,0
2021-02-17 02:00:00,1256.735,1259.485,1255.565,1259.335,3854,4410,0
2021-02-17 03:00:00,1259.315,1260.355,1257.575,1259.345,3651,4220,0
2021-02-17 04:00:00,1259.315,1261.565,1258.435,1261.545,3566,4000,0
2021-02-17 05:00:00,1261.515,1262.565,1258.395,1261.685,1929,4030,0
2021-02-17 06:00:00,1261.665,1262.345,1259.075,1261.195,1580,4330,0
2021-02-17 07:00:00,1261.215,1263.405,1256.115,1256.235,2331,4140,0
2021-02-17 08:00:00,1256.205,1256.745,1247.435,1255.695,2504,4330,0
2021-02-17 09:00:00,1255.745,1256.485,1248.195,1248.535,2956,3480,0
2021-02-17 10:00:00,1248.465,1249.885,1232.545,1233.195,6084,4180,0
2021-02-17 11:00:00,1233.045,1234.025,1222.825,1230.725,5050,4370,0
2021-02-17 12:00:00,1230.825,1233.775,1228.365,1230.355,4308,3620,0
2021-02-17 13:00:00,1230.385,1240.145,1228.225,1238.085,1931,2060,0
2021-02-17 14:00:00,1238.125,1241.875,1227.245,1241.355,2544,790,0
2021-02-17 15:00:00,1241.205,1242.875,1229.355,1239.065,7918,1710,0
2021-02-17 16:00:00,1239.015,1260.785,1232.515,1256.635,12709,2850,0
2021-02-17 17:00:00,1256.685,1257.915,1234.415,1244.815,10127,920,0
2021-02-17 18:00:00,1244.765,1245.045,1237.805,1243.465,9294,3120,0
2021-02-17 19:00:00,1243.415,1258.665,1242.985,1248.825,7822,3060,0
2021-02-17 20:00:00,1249.565,1251.305,1242.845,1248.225,8120,3150,0
2021-02-17 21:00:00,1247.475,1254.625,1245.585,1251.605,5525,3300,0
2021-02-17 22:00:00,1251.625,1256.375,1251.445,1255.205,5533,3100,0
2021-02-17 23:00:00,1255.185,1256.255,1252.355,1253.165,1969,3430,0
2021-02-18 01:00:00,1249.525,1273.305,1240.605,1272.755,2389,4580,0
2021-02-18 02:00:00,1272.725,1277.935,1269.635,1273.105,2847,4580,0
2021-02-18 03:00:00,1273.095,1279.915,1270.675,1277.155,4787,5310,0
2021-02-18 04:00:00,1277.135,1282.765,1272.545,1282.765,3670,5280,0
2021-02-18 05:00:00,1282.785,1286.695,1276.045,1276.295,4348,5250,0
2021-02-18 06:00:00,1276.245,1278.785,1270.435,1274.925,5201,5340,0
2021-02-18 07:00:00,1274.945,1276.765,1256.395,1260.465,3893,5400,0
2021-02-18 08:00:00,1260.435,1269.045,1258.425,1262.585,1953,5610,0
2021-02-18 09:00:00,1262.625,1264.295,1250.235,1257.145,3327,5490,0
2021-02-18 10:00:00,1257.175,1269.855,1253.255,1265.825,4794,4420,0
2021-02-18 11:00:00,1265.705,1268.425,1262.965,1265.815,4277,5270,0
2021-02-18 12:00:00,1265.795,1265.955,1257.455,1260.505,3554,3960,0
2021-02-18 13:00:00,1260.515,1260.625,1246.475,1256.785,2833,3990,0
2021-02-18 14:00:00,1256.755,1266.525,1256.725,1266.315,2715,4240,0
2021-02-18 15:00:00,1266.245,1273.115,1259.375,1266.705,4647,4300,0
2021-02-18 16:00:00,1266.575,1271.535,1257.665,1264.065,10846,3990,0
2021-02-18 17:00:00,1264.045,1266.055,1243.225,1256.905,11888,3550,0
2021-02-18 18:00:00,1256.875,1265.455,1253.795,1263.325,2735,2500,0
2021-02-18 19:00:00,1263.325,1269.885,1260.355,1268.185,2661,2190,0
2021-02-18 20:00:00,1268.095,1269.185,1261.705,1267.655,4721,3030,0
2021-02-18 21:00:00,1267.655,1275.225,1267.655,1274.295,3229,2860,0
2021-02-18 22:00:00,1274.295,1274.855,1270.995,1274.255,1601,3010,0
2021-02-18 23:00:00,1274.255,1276.285,1271.895,1271.955,904,3220,0
2021-02-19 01:00:00,1269.505,1278.185,1256.505,1262.845,2684,4530,0
2021-02-19 02:00:00,1262.795,1272.245,1259.935,1266.695,3765,5100,0
2021-02-19 03:00:00,1266.725,1269.025,1251.675,1256.625,4558,5730,0
2021-02-19 04:00:00,1256.645,1256.855,1236.575,1238.635,3108,5830,0
2021-02-19 05:00:00,1238.965,1244.175,1230.025,1242.915,2954,5680,0
2021-02-19 06:00:00,1242.905,1250.745,1239.385,1249.775,2176,5510,0
2021-02-19 07:00:00,1249.755,1261.265,1249.725,1260.495,2845,5740,0
2021-02-19 08:00:00,1260.465,1268.155,1258.565,1258.725,2534,5720,0
2021-02-19 09:00:00,1258.675,1263.105,1258.415,1262.485,2697,5470,0
2021-02-19 10:00:00,1262.435,1264.885,1252.375,1264.465,5223,5450,0
2021-02-19 11:00:00,1264.395,1273.995,1258.805,1266.255,6309,3420,0
2021-02-19 12:00:00,1266.205,1270.215,1265.645,1270.215,3048,5330,0
2021-02-19 13:00:00,1270.245,1274.445,1265.625,1270.385,3662,4320,0
2021-02-19 14:00:00,1270.405,1272.965,1268.935,1269.745,3908,4810,0
2021-02-19 15:00:00,1269.725,1296.425,1269.305,1294.925,9246,3880,0
2021-02-19 16:00:00,1294.945,1296.125,1277.095,1289.915,12470,4400,0
2021-02-19 17:00:00,1289.945,1299.525,1286.065,1299.525,12313,3270,0
2021-02-19 18:00:00,1299.515,1299.635,1293.405,1297.005,9269,3660,0
2021-02-19 19:00:00,1297.055,1299.405,1282.625,1282.725,8997,3960,0
2021-02-19 20:00:00,1282.645,1284.315,1265.665,1276.445,7649,4150,0
2021-02-19 21:00:00,1276.475,1280.085,1270.435,1272.155,6122,4330,0
2021-02-19 22:00:00,1272.125,1277.205,1271.325,1275.715,3502,2680,0
2021-02-19 23:00:00,1275.715,1276.185,1264.175,1270.155,364,2720,0
2021-02-22 01:00:00,1281.645,1294.525,1281.175,1286.205,2887,4950,0
2021-02-22 02:00:00,1286.175,1296.675,1278.755,1291.965,2883,4670,0
2021-02-22 03:00:00,1291.995,1300.755,1288.255,1290.395,5117,4760,0
2021-02-22 04:00:00,1290.375,1291.825,1279.535,1281.905,3793,5290,0
2021-02-22 05:00:00,1282.105,1291.305,1273.225,1283.815,2966,5680,0
2021-02-22 06:00:00,1283.755,1289.855,1283.575,1287.515,1945,5750,0
2021-02-22 07:00:00,1287.475,1289.515,1284.055,1289.135,2875,5840,0
2021-02-22 08:00:00,1289.155,1298.405,1286.285,1288.875,3093,5090,0
2021-02-22 09:00:00,1288.875,1290.855,1268.255,1271.945,4473,2900,0
2021-02-22 10:00:00,1271.895,1272.025,1259.825,1267.955,4890,4220,0
2021-02-22 11:00:00,1267.955,1274.405,1266.685,1272.505,1701,3250,0
2021-02-22 12:00:00,1272.505,1274.885,1270.155,1273.055,1270,3090,0
2021-02-22 13:00:00,1273.055,1275.595,1268.215,1270.245,1493,2670,0
2021-02-22 14:00:00,1270.245,1272.845,1267.195,1270.155,1327,3270,0
2021-02-22 15:00:00,1270.155,1274.235,1260.305,1267.235,3044,3660,0
2021-02-22 16:00:00,1267.285,1271.925,1263.545,1265.845,11193,4370,0
2021-02-22 17:00:00,1265.865,1274.825,1265.815,1269.415,6488,2180,0
2021-02-22 18:00:00,1269.495,1274.675,1264.635,1273.865,3284,2240,0
2021-02-22 19:00:00,1273.855,1276.795,1271.605,1274.535,2918,2030,0
2021-02-22 20:00:00,1274.575,1277.145,1273.355,1275.385,2017,2180,0
2021-02-22 21:00:00,1275.385,1277.205,1273.505,1276.275,1654,1900,0
2021-02-22 22:00:00,1276.275,1276.775,1271.485,1273.265,2285,2200,0
2021-02-22 23:00:00,1273.205,1275.325,1272.985,1273.615,1068,2600,0
2021-02-23 01:00:00,1274.485,1276.245,1261.705,1275.345,830,3550,0
2021-02-23 02:00:00,1275.315,1275.315,1264.285,1268.895,1278,3860,0
2021-02-23 03:00:00,1268.885,1272.055,1261.615,1269.645,2729,4630,0
2021-02-23 04:00:00,1269.665,1276.545,1269.485,1274.615,2785,4240,0
2021-02-23 05:00:00,1274.595,1275.875,1267.225,1267.915,3356,4240,0
2021-02-23 06:00:00,1267.885,1273.785,1267.325,1273.725,1784,4360,0
2021-02-23 07:00:00,1273.715,1274.975,1270.565,1274.455,2296,4220,0
2021-02-23 08:00:00,1274.425,1277.105,1262.615,1263.825,3383,4580,0
2021-02-23 09:00:00,1263.805,1267.805,1261.745,1265.665,5128,4580,0
2021-02-23 10:00:00,1265.645,1266.485,1255.555,1262.595,3263,2940,0
2021-02-23 11:00:00,1262.595,1262.595,1246.295,1248.655,2361,2320,0
2021-02-23 12:00:00,1248.655,1249.945,1240.745,1240.765,2285,2170,0
2021-02-23 13:00:00,1240.765,1253.005,1236.225,1252.015,1627,2880,0
2021-02-23 14:00:00,1251.915,1263.775,1250.795,1254.695,2398,2580,0
2021-02-23 15:00:00,1254.695,1257.805,1243.725,1249.765,3401,1800,0
2021-02-23 16:00:00,1249.665,1251.295,1209.735,1224.925,10228,350,0
2021-02-23 17:00:00,1224.975,1242.135,1215.435,1233.575,8495,2170,0
2021-02-23 18:00:00,1233.625,1238.145,1224.905,1234.885,13296,3290,0
2021-02-23 19:00:00,1234.685,1239.615,1229.135,1230.235,7633,2630,0
2021-02-23 20:00:00,1230.235,1236.275,1228.195,1233.535,5426,2310,0
2021-02-23 21:00:00,1233.535,1235.505,1231.765,1234.475,4485,2610,0
2021-02-23 22:00:00,1234.425,1245.245,1233.725,1240.735,4946,2220,0
2021-02-23 23:00:00,1240.825,1242.205,1236.685,1238.405,2498,3470,0
2021-02-24 01:00:00,1240.745,1253.745,1228.455,1252.385,1707,4810,0
2021-02-24 02:00:00,1252.435,1255.085,1250.675,1253.605,2964,4410,0
2021-02-24 03:00:00,1253.675,1260.535,1251.815,1258.245,5856,4390,0
2021-02-24 04:00:00,1258.275,1259.335,1248.415,1252.275,2621,4160,0
2021-02-24 05:00:00,1252.265,1252.695,1245.745,1246.595,2026,4680,0
2021-02-24 06:00:00,1246.705,1249.665,1244.625,1247.805,1355,4540,0
2021-02-24 07:00:00,1247.785,1248.385,1240.925,1246.265,2337,4830,0
2021-02-24 08:00:00,1246.195,1246.495,1235.695,1243.745,2588,4590,0
2021-02-24 09:00:00,1243.775,1246.515,1240.695,1244.965,2011,4520,0
2021-02-24 10:00:00,1245.015,1261.635,1243.995,1260.785,4161,4310,0
2021-02-24 11:00:00,1260.885,1269.875,1257.825,1266.065,3778,4040,0
2021-02-24 12:00:00,1266.035,1270.345,1262.645,1266.515,3378,2640,0
2021-02-24 13:00:00,1266.515,1270.635,1264.105,1265.375,2764,3560,0
2021-02-24 14:00:00,1265.375,1271.185,1264.675,1265.615,3335,3190,0
2021-02-24 15:00:00,1265.595,1268.345,1239.195,1242.885,8016,1960,0
2021-02-24 16:00:00,1242.835,1254.195,1235.735,1239.915,7754,3130,0
2021-02-24 17:00:00,1239.885,1262.775,1238.615,1261.345,7439,3060,0
2021-02-24 18:00:00,1261.495,1265.535,1254.565,1261.465,5585,2920,0
2021-02-24 19:00:00,1261.495,1264.995,1257.335,1258.525,3968,2860,0
2021-02-24 20:00:00,1258.365,1261.535,1249.005,1260.575,3744,3310,0
2021-02-24 21:00:00,1260.595,1263.015,1255.565,1258.205,3443,2950,0
2021-02-24 22:00:00,1258.175,1269.235,1256.805,1268.665,3422,3440,0
2021-02-24 23:00:00,1268.565,1269.325,1267.225,1268.705,1144,2950,0
2021-02-25 01:00:00,1267.945,1269.825,1258.535,1264.125,1420,4190,0
2021-02-25 02:00:00,1264.155,1264.775,1255.855,1256.115,1127,4730,0
2021-02-25 03:00:00,1256.105,1262.155,1253.385,1257.585,3032,4680,0
2021-02-25 04:00:00,1257.455,1263.045,1257.255,1259.665,1618,4740,0
2021-02-25 05:00:00,1259.755,1262.055,1255.125,1260.005,1645,4170,0
2021-02-25 06:00:00,1260.025,1264.485,1259.665,1260.055,1361,4540,0
2021-02-25 07:00:00,1260.005,1264.975,1257.475,1263.425,2121,4730,0
2021-02-25 08:00:00,1263.445,1264.905,1256.595,1262.205,2673,4680,0
2021-02-25 09:00:00,1262.395,1262.785,1258.265,1259.935,1943,4320,0
2021-02-25 10:00:00,1259.835,1259.835,1248.765,1252.205,3584,4020,0
2021-02-25 11:00:00,1252.255,1256.405,1246.875,1256.125,4059,3670,0
2021-02-25 12:00:00,1256.195,1265.865,1250.675,1265.005,2479,3690,0
2021-02-25 13:00:00,1265.055,1267.875,1250.185,1252.895,3200,3550,0
2021-02-25 14:00:00,1252.945,1264.005,1252.165,1257.005,2742,3640,0
2021-02-25 15:00:00,1257.005,1261.685,1246.815,1249.515,3098,3500,0
2021-02-25 16:00:00,1249.285,1264.935,1245.805,1253.425,2131,2290,0
2021-02-25 17:00:00,1253.425,1257.025,1239.705,1242.555,4190,350,0
2021-02-25 18:00:00,1242.535,1247.075,1238.025,1242.785,5002,4340,0
2021-02-25 19:00:00,1242.685,1247.695,1228.405,1228.755,8186,2710,0
2021-02-25 20:00:00,1228.755,1235.805,1221.815,1229.585,8389,3030,0
2021-02-25 21:00:00,1229.565,1235.625,1225.235,1227.945,6225,3440,0
2021-02-25 22:00:00,1227.945,1228.925,1217.805,1222.165,5848,1920,0
2021-02-25 23:00:00,1222.135,1224.825,1216.685,1216.685,2172,3920,0
2021-02-26 01:00:00,1214.665,1224.985,1205.515,1222.135,2454,5000,0
2021-02-26 02:00:00,1222.175,1224.515,1208.905,1223.715,4509,2450,0
2021-02-26 03:00:00,1223.745,1226.035,1217.565,1224.455,6229,4590,0
2021-02-26 04:00:00,1224.405,1233.645,1222.905,1228.765,3339,4560,0
2021-02-26 05:00:00,1228.795,1228.805,1224.395,1225.435,2749,4290,0
2021-02-26 06:00:00,1225.455,1226.095,1216.045,1219.835,2715,4360,0
2021-02-26 07:00:00,1219.785,1221.205,1207.865,1209.265,3435,4250,0
2021-02-26 08:00:00,1209.235,1216.105,1208.995,1213.995,3303,4550,0
2021-02-26 09:00:00,1213.995,1218.065,1208.545,1211.755,2981,1510,0
2021-02-26 10:00:00,1211.755,1217.045,1201.335,1215.635,2719,2170,0
2021-02-26 11:00:00,1215.605,1216.275,1204.785,1205.505,1709,3130,0
2021-02-26 12:00:00,1205.565,1209.475,1202.715,1203.445,1910,3590,0
2021-02-26 13:00:00,1203.455,1204.905,1181.235,1185.465,3965,2420,0
2021-02-26 14:00:00,1185.485,1196.525,1180.695,1192.015,4766,3010,0
2021-02-26 15:00:00,1191.945,1208.355,1188.595,1204.355,6456,3910,0
2021-02-26 16:00:00,1204.355,1208.245,1184.835,1185.975,8267,3660,0
2021-02-26 17:00:00,1185.945,1189.175,1172.605,1174.915,11198,2760,0
2021-02-26 18:00:00,1174.915,1183.035,1166.705,1179.335,8565,3420,0
2021-02-26 19:00:00,1179.355,1186.755,1174.765,1184.215,5817,3780,0
2021-02-26 20:00:00,1184.245,1188.275,1179.775,1185.915,3879,3910,0
2021-02-26 21:00:00,1185.935,1187.115,1181.695,1183.685,3912,4410,0
2021-02-26 22:00:00,1183.715,1192.705,1183.675,1184.415,3894,2680,0
2021-02-26 23:00:00,1184.475,1190.625,1183.035,1186.805,798,4600,0
2021-03-01 01:00:00,1185.065,1205.085,1184.305,1200.845,2801,4830,0
2021-03-01 02:00:00,1200.995,1205.105,1198.345,1201.265,2603,4790,0
2021-03-01 03:00:00,1201.315,1217.185,1200.335,1216.095,3818,4560,0
2021-03-01 04:00:00,1216.065,1217.755,1211.075,1214.055,2737,4330,0
2021-03-01 05:00:00,1214.045,1218.075,1212.725,1213.685,2344,4280,0
2021-03-01 06:00:00,1213.665,1214.635,1208.585,1211.475,1984,4350,0
2021-03-01 07:00:00,1211.485,1223.425,1211.415,1218.125,2790,4510,0
2021-03-01 08:00:00,1218.105,1226.845,1216.325,1224.565,3082,4130,0
2021-03-01 09:00:00,1224.565,1228.335,1219.695,1221.905,3101,1980,0
2021-03-01 10:00:00,1221.885,1224.655,1216.875,1218.265,4345,2540,0
2021-03-01 11:00:00,1218.265,1220.205,1204.785,1207.205,4951,2520,0
2021-03-01 12:00:00,1207.235,1215.605,1205.835,1214.115,2191,2700,0
2021-03-01 13:00:00,1214.125,1221.655,1212.085,1213.795,1467,3060,0
2021-03-01 14:00:00,1214.985,1220.255,1210.385,1214.815,2338,3760,0
2021-03-01 15:00:00,1214.855,1220.095,1206.885,1207.515,6915,3530,0
2021-03-01 16:00:00,1207.495,1212.425,1195.795,1196.125,4985,1460,0
2021-03-01 17:00:00,1196.075,1214.145,1194.765,1210.705,3633,1830,0
2021-03-01 18:00:00,1210.465,1214.815,1196.015,1196.695,3321,3090,0
2021-03-01 19:00:00,1196.835,1198.835,1188.435,1189.665,2848,1790,0
2021-03-01 20:00:00,1189.665,1195.125,1184.885,1190.355,2846,1970,0
2021-03-01 21:00:00,1190.355,1192.075,1185.965,1190.805,1857,2920,0
2021-03-01 22:00:00,1190.805,1190.975,1184.705,1187.135,1620,1590,0
2021-03-01 23:00:00,1186.985,1190.605,1184.765,1186.645,885,2170,0
2021-03-02 01:00:00,1181.825,1193.305,1181.825,1192.635,995,3400,0
2021-03-02 02:00:00,1192.635,1198.025,1191.925,1195.655,1246,3510,0
2021-03-02 03:00:00,1195.665,1195.805,1181.755,1184.125,6266,4530,0
2021-03-02 04:00:00,1184.155,1187.695,1176.765,1179.275,4303,3720,0
2021-03-02 05:00:00,1179.265,1179.535,1173.395,1179.445,3433,3940,0
2021-03-02 06:00:00,1179.395,1180.335,1176.715,1176.845,1855,4120,0
2021-03-02 07:00:00,1176.895,1179.525,1169.885,1174.845,2790,3870,0
2021-03-02 08:00:00,1174.845,1179.465,1170.725,1178.395,1894,3790,0
2021-03-02 09:00:00,1178.395,1181.025,1173.645,1175.905,1556,3110,0
2021-03-02 10:00:00,1175.905,1184.465,1173.215,1176.885,2181,2470,0
2021-03-02 11:00:00,1176.885,1195.725,1174.885,1181.505,5868,3720,0
2021-03-02 12:00:00,1181.485,1189.935,1180.235,1187.455,4576,3810,0
2021-03-02 13:00:00,1187.475,1192.815,1183.885,1183.915,4478,4250,0
2021-03-02 14:00:00,1183.685,1190.515,1182.595,1189.925,3505,4370,0
2021-03-02 15:00:00,1189.945,1191.915,1170.715,1177.385,7710,3380,0
2021-03-02 16:00:00,1177.215,1193.095,1173.745,1190.675,10467,2730,0
2021-03-02 17:00:00,1190.545,1198.005,1182.675,1197.525,10399,2150,0
2021-03-02 18:00:00,1197.525,1205.085,1194.105,1202.075,11926,1980,0
2021-03-02 19:00:00,1202.025,1211.695,1201.565,1208.965,7537,1330,0
2021-03-02 20:00:00,1208.965,1214.685,1208.045,1212.975,7407,1900,0
2021-03-02 21:00:00,1212.925,1214.395,1204.835,1205.935,6646,2720,0
2021-03-02 22:00:00,1205.885,1210.625,1205.145,1205.485,7050,2800,0
2021-03-02 23:00:00,1205.385,1207.025,1204.765,1205.495,2133,3230,0
2021-03-03 01:00:00,1201.965,1204.795,1188.985,1202.465,1426,4860,0
2021-03-03 02:00:00,1202.435,1204.665,1201.265,1202.505,1854,4430,0
2021-03-03 03:00:00,1202.485,1203.135,1194.555,1197.175,2415,4520,0
2021-03-03 04:00:00,1197.235,1197.235,1192.365,1193.615,2412,4490,0
2021-03-03 05:00:00,1193.725,1200.215,1193.725,1199.255,1795,4530,0
2021-03-03 06:00:00,1199.185,1200.355,1198.775,1200.195,1162,4420,0
2021-03-03 07:00:00,1200.205,1203.255,1199.955,1202.185,1787,3350,0
2021-03-03 08:00:00,1202.155,1203.685,1199.045,1202.055,3517,3350,0
2021-03-03 09:00:00,1202.025,1208.915,1201.775,1204.935,3379,4200,0
2021-03-03 10:00:00,1204.905,1210.935,1204.305,1207.365,4902,3350,0
2021-03-03 11:00:00,1207.455,1212.635,1202.265,1202.355,4275,4010,0
2021-03-03 12:00:00,1202.365,1203.575,1196.895,1200.495,3230,4360,0
2021-03-03 13:00:00,1200.525,1206.565,1197.915,1204.015,2237,2670,0
2021-03-03 14:00:00,1204.035,1210.095,1202.315,1202.705,1686,2370,0
2021-03-03 15:00:00,1202.705,1202.705,1177.995,1183.895,5548,960,0
2021-03-03 16:00:00,1183.895,1189.745,1177.665,1180.785,13050,3310,0
2021-03-03 17:00:00,1180.955,1185.075,1169.395,1179.735,8753,3080,0
2021-03-03 18:00:00,1179.985,1190.635,1179.985,1185.885,4953,3160,0
2021-03-03 19:00:00,1185.865,1186.015,1180.135,1183.965,5405,3500,0
2021-03-03 20:00:00,1183.915,1183.925,1175.925,1179.245,4697,3330,0
2021-03-03 21:00:00,1179.285,1180.195,1170.645,1175.455,4325,3100,0
2021-03-03 22:00:00,1175.455,1178.995,1172.115,1173.505,2613,3440,0
2021-03-03 23:00:00,1173.505,1176.425,1162.705,1163.845,2111,4110,0
2021-03-04 01:00:00,1164.845,1167.735,1156.255,1161.785,2715,4070,0
2021-03-04 02:00:00,1161.585,1167.555,1158.125,1164.675,1820,3400,0
2021-03-04 03:00:00,1164.695,1166.485,1160.845,1164.305,3398,4190,0
2021-03-04 04:00:00,1164.305,1166.435,1161.385,1163.405,1634,3250,0
2021-03-04 05:00:00,1163.405,1164.095,1159.495,1160.225,3364,3650,0
2021-03-04 06:00:00,1160.225,1163.315,1153.675,1162.115,1699,3460,0
2021-03-04 07:00:00,1162.115,1171.585,1161.325,1168.995,1762,3480,0
2021-03-04 08:00:00,1168.995,1172.695,1164.615,1167.475,2478,3510,0
2021-03-04 09:00:00,1167.445,1171.235,1159.235,1159.365,3614,4600,0
2021-03-04 10:00:00,1159.335,1165.685,1152.515,1161.405,4200,3680,0
2021-03-04 11:00:00,1161.405,1162.005,1148.115,1158.085,3438,2660,0
2021-03-04 12:00:00,1158.075,1163.705,1153.195,1162.955,6568,3090,0
2021-03-04 13:00:00,1163.035,1169.435,1160.305,1164.285,4904,2980,0
2021-03-04 14:00:00,1164.285,1166.635,1161.225,1166.245,5371,3680,0
2021-03-04 15:00:00,1166.225,1176.175,1162.915,1166.675,7145,3640,0
2021-03-04 16:00:00,1166.695,1173.735,1156.755,1168.145,12880,3730,0
2021-03-04 17:00:00,1168.185,1176.975,1158.445,1176.195,17282,3680,0
2021-03-04 18:00:00,1176.215,1179.755,1166.815,1169.305,13341,3130,0
2021-03-04 19:00:00,1169.325,1174.265,1120.255,1127.495,19544,2830,0
2021-03-04 20:00:00,1127.515,1139.435,1117.955,1119.055,10817,1770,0
2021-03-04 21:00:00,1119.205,1130.035,1118.825,1128.185,10096,2090,0
2021-03-04 22:00:00,1128.135,1129.545,1122.275,1126.605,7026,2130,0
2021-03-04 23:00:00,1126.575,1130.395,1125.985,1126.555,1318,2300,0
2021-03-05 01:00:00,1124.445,1131.655,1119.955,1121.735,1353,3390,0
2021-03-05 02:00:00,1121.735,1121.835,1114.605,1117.165,2582,3300,0
2021-03-05 03:00:00,1117.165,1117.165,1108.425,1112.745,4014,3510,0
2021-03-05 04:00:00,1112.725,1120.285,1110.315,1119.345,1476,3560,0
2021-03-05 05:00:00,1119.345,1123.305,1118.565,1122.135,2541,3900,0
2021-03-05 06:00:00,1122.135,1122.905,1118.795,1121.455,1245,3920,0
2021-03-05 07:00:00,1121.455,1128.895,1119.885,1128.185,1542,3210,0
2021-03-05 08:00:00,1128.115,1128.415,1118.765,1120.705,2132,3310,0
2021-03-05 09:00:00,1120.705,1125.565,1119.875,1121.855,2534,3610,0
2021-03-05 10:00:00,1122.005,1123.715,1118.435,1123.315,2405,2410,0
2021-03-05 11:00:00,1123.435,1126.105,1118.505,1120.655,1718,3300,0
2021-03-05 12:00:00,1120.655,1124.305,1119.115,1119.585,2847,3540,0
2021-03-05 13:00:00,1119.605,1126.755,1119.475,1120.995,3887,3560,0
2021-03-05 14:00:00,1120.925,1131.915,1120.075,1131.145,3931,4320,0
2021-03-05 15:00:00,1131.195,1133.155,1116.325,1123.605,11725,2840,0
2021-03-05 16:00:00,1123.625,1131.145,1120.095,1122.055,11153,950,0
2021-03-05 17:00:00,1122.145,1132.165,1120.975,1122.425,15003,3750,0
2021-03-05 18:00:00,1122.395,1124.635,1116.065,1123.465,11934,3540,0
2021-03-05 19:00:00,1123.505,1133.435,1122.555,1130.865,9704,3310,0
2021-03-05 20:00:00,1130.865,1131.555,1126.645,1130.025,11337,3240,0
2021-03-05 21:00:00,1130.045,1131.355,1125.195,1130.785,8261,3880,0
2021-03-05 22:00:00,1130.925,1132.805,1129.145,1131.965,5427,3130,0
2021-03-05 23:00:00,1131.965,1132.315,1127.985,1127.995,439,4270,0
2021-03-08 01:00:00,1131.455,1140.965,1129.695,1140.585,5054,3160,0
2021-03-08 02:00:00,1140.625,1143.825,1137.615,1140.615,2644,3780,0
2021-03-08 03:00:00,1140.615,1151.585,1139.865,1150.485,6178,4070,0
2021-03-08 04:00:00,1150.485,1151.255,1137.475,1142.205,4089,3270,0
2021-03-08 05:00:00,1142.175,1143.295,1135.135,1137.195,2415,3020,0
2021-03-08 06:00:00,1137.195,1140.025,1134.985,1138.965,1633,4190,0
2021-03-08 07:00:00,1138.965,1142.265,1136.275,1140.905,3023,4220,0
2021-03-08 08:00:00,1140.925,1141.445,1135.235,1135.535,3066,4240,0
2021-03-08 09:00:00,1135.605,1136.385,1123.505,1129.355,3835,500,0
2021-03-08 10:00:00,1129.355,1139.145,1128.725,1133.605,2446,3230,0
2021-03-08 11:00:00,1133.605,1133.965,1123.705,1126.645,2000,2170,0
2021-03-08 12:00:00,1126.595,1135.785,1125.375,1135.405,2947,2410,0
2021-03-08 13:00:00,1135.355,1146.215,1135.305,1136.705,4938,2460,0
2021-03-08 14:00:00,1136.505,1140.145,1126.145,1128.125,4548,3590,0
2021-03-08 15:00:00,1128.125,1148.925,1118.115,1141.915,7821,3410,0
2021-03-08 16:00:00,1141.865,1146.585,1136.515,1139.865,13861,2470,0
2021-03-08 17:00:00,1139.885,1156.265,1139.865,1149.375,17095,1190,0
2021-03-08 18:00:00,1149.375,1154.835,1148.015,1149.545,12984,610,0
2021-03-08 19:00:00,1149.545,1155.765,1148.495,1150.655,9935,780,0
2021-03-08 20:00:00,1150.655,1153.015,1142.545,1143.415,8331,1940,0
2021-03-08 21:00:00,1143.415,1147.445,1143.325,1146.555,7535,2560,0
2021-03-08 22:00:00,1146.535,1146.645,1137.715,1138.205,7506,2400,0
2021-03-08 23:00:00,1138.205,1139.735,1137.385,1138.155,2209,2950,0
2021-03-09 01:00:00,1138.925,1146.175,1136.935,1141.445,1095,3370,0
2021-03-09 02:00:00,1141.445,1147.765,1138.495,1147.335,1441,4050,0
2021-03-09 03:00:00,1147.335,1151.775,1135.785,1138.845,2869,3720,0
2021-03-09 04:00:00,1138.815,1147.725,1138.805,1147.105,1787,4180,0
2021-03-09 05:00:00,1147.105,1157.365,1146.685,1154.225,1643,4180,0
2021-03-09 06:00:00,1154.225,1156.595,1148.395,1149.825,1463,3670,0
2021-03-09 07:00:00,1149.825,1153.815,1149.225,1151.425,1610,3380,0
2021-03-09 08:00:00,1151.405,1151.885,1147.565,1147.655,1890,3670,0
2021-03-09 09:00:00,1147.655,1160.805,1144.965,1160.425,2716,4020,0
2021-03-09 10:00:00,1160.475,1168.105,1157.565,1167.825,4592,3750,0
2021-03-09 11:00:00,1167.825,1174.345,1166.765,1170.265,2030,3160,0
2021-03-09 12:00:00,1170.265,1172.865,1164.935,1165.825,2672,3940,0
2021-03-09 13:00:00,1165.895,1176.185,1163.455,1174.395,2873,3870,0
2021-03-09 14:00:00,1174.335,1174.335,1163.565,1164.815,3358,4030,0
2021-03-09 15:00:00,1164.915,1170.565,1157.045,1166.245,6611,3520,0
2021-03-09 16:00:00,1166.015,1174.375,1163.315,1171.045,10906,3060,0
2021-03-09 17:00:00,1171.095,1179.205,1164.955,1165.925,10134,3720,0
2021-03-09 18:00:00,1165.955,1172.585,1164.835,1168.065,5094,3720,0
2021-03-09 19:00:00,1168.065,1172.435,1167.595,1171.885,3190,2860,0
2021-03-09 20:00:00,1171.865,1175.985,1170.335,1174.405,5090,2270,0
2021-03-09 21:00:00,1174.425,1175.385,1169.995,1173.635,4490,2770,0
2021-03-09 22:00:00,1173.635,1174.905,1169.855,1170.345,5176,2780,0
2021-03-09 23:00:00,1170.365,1172.455,1170.085,1170.295,1985,3270,0
2021-03-10 01:00:00,1170.035,1172.565,1168.905,1170.605,1219,4290,0
2021-03-10 02:00:00,1170.635,1172.045,1168.585,1168.785,1425,4000,0
2021-03-10 03:00:00,1168.815,1172.945,1165.495,1165.495,3223,4030,0
2021-03-10 04:00:00,1165.345,1165.895,1154.665,1159.665,2609,4080,0
2021-03-10 05:00:00,1159.605,1160.885,1157.835,1160.765,1758,3810,0
2021-03-10 06:00:00,1160.765,1161.525,1159.215,1160.575,1657,3510,0
2021-03-10 07:00:00,1160.595,1160.905,1156.845,1157.945,2504,4510,0
2021-03-10 08:00:00,1157.995,1159.625,1152.825,1158.705,2172,4540,0
2021-03-10 09:00:00,1158.675,1162.725,1157.915,1162.225,2879,4420,0
2021-03-10 10:00:00,1162.125,1169.095,1158.195,1168.835,4175,3890,0
2021-03-10 11:00:00,1168.855,1172.495,1167.225,1170.305,2715,3880,0
2021-03-10 12:00:00,1170.315,1171.365,1165.585,1166.255,1048,3590,0
2021-03-10 13:00:00,1166.255,1167.995,1162.145,1165.215,1336,3720,0
2021-03-10 14:00:00,1165.195,1168.785,1162.135,1166.585,2622,4400,0
2021-03-10 15:00:00,1166.555,1183.595,1162.325,1182.835,6825,2540,0
2021-03-10 16:00:00,1182.865,1189.905,1176.565,1187.485,9506,2660,0
2021-03-10 17:00:00,1187.485,1194.495,1185.485,1192.515,11497,2090,0
2021-03-10 18:00:00,1192.515,1198.625,1188.965,1198.355,6298,2460,0
2021-03-10 19:00:00,1198.355,1201.985,1194.675,1201.345,6208,2410,0
2021-03-10 20:00:00,1201.425,1201.835,1194.405,1201.305,4939,2020,0
2021-03-10 21:00:00,1201.305,1207.675,1200.665,1205.305,2467,2320,0
2021-03-10 22:00:00,1205.325,1205.775,1200.215,1201.535,1911,2220,0
2021-03-10 23:00:00,1201.555,1205.235,1201.315,1204.975,816,3130,0
2021-03-11 01:00:00,1202.925,1204.655,1198.675,1198.985,1780,4420,0
2021-03-11 02:00:00,1198.975,1202.345,1191.755,1193.455,2875,3610,0
2021-03-11 03:00:00,1193.485,1198.995,1192.695,1198.415,4209,3290,0
2021-03-11 04:00:00,1198.545,1210.435,1198.545,1209.625,3674,4270,0
2021-03-11 05:00:00,1209.595,1216.195,1208.385,1212.415,3942,4410,0
2021-03-11 06:00:00,1212.385,1213.425,1210.745,1212.475,1546,4200,0
2021-03-11 07:00:00,1212.505,1219.495,1212.385,1219.385,4359,3880,0
2021-03-11 08:00:00,1219.385,1220.665,1217.195,1218.075,5607,3770,0
2021-03-11 09:00:00,1218.055,1227.615,1217.795,1224.505,4555,2180,0
2021-03-11 10:00:00,1224.475,1227.195,1218.105,1219.695,6721,2180,0
2021-03-11 11:00:00,1219.695,1229.495,1214.535,1219.815,4735,2160,0
2021-03-11 12:00:00,1219.785,1224.335,1217.385,1224.005,5023,1670,0
2021-03-11 13:00:00,1224.025,1224.785,1218.485,1221.175,3356,1760,0
2021-03-11 14:00:00,1221.205,1223.625,1215.685,1222.245,6485,2990,0
2021-03-11 15:00:00,1222.245,1224.275,1206.185,1207.905,10345,2080,0
2021-03-11 16:00:00,1207.875,1209.595,1193.625,1207.555,9763,2080,0
2021-03-11 17:00:00,1207.555,1212.005,1199.385,1204.115,4452,910,0
2021-03-11 18:00:00,1204.105,1205.215,1199.485,1201.545,2824,1370,0
2021-03-11 19:00:00,1201.555,1202.295,1194.175,1194.975,2166,2110,0
2021-03-11 20:00:00,1195.035,1203.235,1194.295,1200.095,2685,2220,0
2021-03-11 21:00:00,1200.075,1201.525,1195.005,1196.965,1731,2390,0
2021-03-11 22:00:00,1196.965,1199.625,1196.575,1198.905,1589,2320,0
2021-03-11 23:00:00,1198.905,1200.825,1197.325,1198.065,753,2730,0
2021-03-12 01:00:00,1194.185,1203.765,1194.185,1203.075,1020,3720,0
2021-03-12 02:00:00,1203.055,1211.055,1202.905,1210.005,1874,3590,0
2021-03-12 03:00:00,1210.025,1210.905,1207.055,1209.885,1292,3560,0
2021-03-12 04:00:00,1209.895,1209.895,1195.785,1200.775,1317,3200,0
2021-03-12 05:00:00,1200.775,1205.555,1198.615,1204.195,1531,4020,0
2021-03-12 06:00:00,1204.215,1206.335,1203.525,1204.355,752,3020,0
2021-03-12 07:00:00,1204.355,1205.045,1201.055,1203.675,1634,4030,0
2021-03-12 08:00:00,1203.565,1203.565,1189.555,1190.845,2530,2800,0
2021-03-12 09:00:00,1190.815,1191.315,1179.475,1184.255,5545,3610,0
2021-03-12 10:00:00,1184.235,1187.005,1176.535,1177.695,8408,3830,0
2021-03-12 11:00:00,1177.715,1177.995,1169.775,1172.565,2855,2610,0
2021-03-12 12:00:00,1172.515,1182.935,1170.885,1180.725,1380,2260,0
2021-03-12 13:00:00,1180.725,1181.045,1176.235,1178.135,2082,2820,0
2021-03-12 14:00:00,1178.145,1189.105,1177.475,1189.105,1806,3350,0
2021-03-12 15:00:00,1189.105,1194.605,1183.745,1190.815,7773,720,0
2021-03-12 16:00:00,1190.835,1192.645,1174.595,1192.365,14052,1100,0
2021-03-12 17:00:00,1192.345,1193.735,1175.065,1187.915,14581,2170,0
2021-03-12 18:00:00,1187.915,1201.945,1185.905,1197.325,11280,1550,0
2021-03-12 19:00:00,1197.325,1199.655,1194.935,1197.915,8617,1800,0
2021-03-12 20:00:00,1197.965,1205.355,1195.055,1204.315,7826,2010,0
2021-03-12 21:00:00,1204.335,1204.995,1201.405,1202.735,7294,3000,0
2021-03-12 22:00:00,1202.705,1206.995,1201.895,1206.295,6199,2620,0
2021-03-12 23:00:00,1206.345,1206.855,1204.685,1206.065,585,3000,0
2021-03-15 00:00:00,1210.025,1211.675,1207.985,1209.325,1690,4650,0
2021-03-15 01:00:00,1209.305,1213.125,1202.115,1204.645,1757,4650,0
2021-03-15 02:00:00,1204.615,1214.905,1204.385,1211.065,2364,4870,0
2021-03-15 03:00:00,1211.095,1220.735,1210.145,1216.675,5570,4580,0
2021-03-15 04:00:00,1216.655,1219.165,1207.925,1210.005,3331,4710,0
2021-03-15 05:00:00,1209.955,1211.535,1206.145,1209.355,1834,4550,0
2021-03-15 06:00:00,1209.345,1209.345,1206.355,1208.545,1511,4770,0
2021-03-15 07:00:00,1208.475,1208.685,1198.865,1201.475,3996,4630,0
2021-03-15 08:00:00,1201.525,1205.495,1199.445,1205.235,2812,4630,0
2021-03-15 09:00:00,1205.285,1209.855,1202.175,1206.545,2292,4400,0
2021-03-15 10:00:00,1206.565,1218.245,1206.565,1217.255,5274,3850,0
2021-03-15 11:00:00,1217.255,1220.465,1214.715,1214.825,5596,2230,0
2021-03-15 12:00:00,1214.825,1216.155,1213.345,1215.845,3121,1920,0
2021-03-15 13:00:00,1215.815,1217.505,1214.345,1215.165,3367,2610,0
2021-03-15 14:00:00,1215.195,1221.305,1212.375,1219.695,7228,3180,0
2021-03-15 15:00:00,1219.625,1221.935,1209.745,1212.695,13745,3010,0
2021-03-15 16:00:00,1212.445,1214.215,1202.325,1206.675,13238,3450,0
2021-03-15 17:00:00,1206.675,1210.765,1199.075,1202.075,8708,3550,0
2021-03-15 18:00:00,1202.075,1207.345,1201.585,1204.635,7878,3360,0
2021-03-15 19:00:00,1204.635,1212.075,1204.615,1210.675,5210,2940,0
2021-03-15 20:00:00,1210.645,1214.025,1210.645,1211.285,5716,3510,0
2021-03-15 21:00:00,1211.255,1215.515,1210.435,1214.755,6103,3210,0
2021-03-15 22:00:00,1214.725,1215.595,1213.605,1215.185,1265,3620,0
2021-03-16 00:00:00,1214.585,1216.115,1212.355,1212.355,785,4340,0
2021-03-16 01:00:00,1212.345,1215.875,1210.195,1211.215,1154,4340,0
2021-03-16 02:00:00,1211.155,1215.735,1210.475,1213.375,1713,4120,0
2021-03-16 03:00:00,1213.375,1217.665,1212.695,1213.925,2672,3910,0
2021-03-16 04:00:00,1213.655,1213.735,1208.625,1211.275,2649,4610,0
2021-03-16 05:00:00,1211.405,1218.485,1211.375,1217.375,1598,4200,0
2021-03-16 06:00:00,1217.355,1217.425,1213.155,1213.445,772,4340,0
2021-03-16 07:00:00,1213.475,1223.135,1213.385,1221.965,1890,3920,0
2021-03-16 08:00:00,1221.965,1223.075,1216.115,1216.195,3112,3600,0
2021-03-16 09:00:00,1216.215,1216.585,1211.215,1214.965,3408,4110,0
2021-03-16 10:00:00,1214.995,1218.905,1212.565,1215.015,4735,3800,0
2021-03-16 11:00:00,1215.015,1215.425,1202.985,1206.655,4736,2350,0
2021-03-16 12:00:00,1206.385,1210.685,1205.885,1210.575,2056,3050,0
2021-03-16 13:00:00,1210.575,1227.305,1208.805,1226.885,3397,790,0
2021-03-16 14:00:00,1226.885,1236.885,1218.245,1218.745,8840,2350,0
2021-03-16 15:00:00,1218.705,1224.735,1214.275,1214.545,13129,2030,0
2021-03-16 16:00:00,1214.545,1220.435,1206.415,1214.665,12074,2410,0
2021-03-16 17:00:00,1214.645,1215.375,1209.085,1212.215,4653,2810,0
2021-03-16 18:00:00,1212.265,1215.595,1211.175,1215.115,5474,2400,0
2021-03-16 19:00:00,1215.085,1218.995,1211.015,1211.555,4366,2790,0
2021-03-16 20:00:00,1211.525,1214.535,1209.935,1212.175,4088,3460,0
2021-03-16 21:00:00,1212.195,1216.205,1211.285,1215.565,3916,3120,0
2021-03-16 22:00:00,1215.585,1215.645,1214.085,1214.815,2353,3130,0
2021-03-17 00:00:00,1213.475,1215.125,1211.045,1213.605,1347,3420,0
2021-03-17 01:00:00,1213.545,1215.515,1213.035,1214.745,1054,4600,0
2021-03-17 02:00:00,1214.755,1215.705,1211.215,1212.765,3266,4760,0
2021-03-17 03:00:00,1212.785,1212.855,1206.375,1212.605,3862,3970,0
2021-03-17 04:00:00,1212.625,1212.865,1207.455,1210.795,3381,3530,0
2021-03-17 05:00:00,1210.795,1210.905,1208.605,1210.735,2299,4610,0
2021-03-17 06:00:00,1210.705,1210.975,1209.405,1210.415,1683,4720,0
2021-03-17 07:00:00,1210.365,1211.075,1205.535,1208.835,2901,4380,0
2021-03-17 08:00:00,1208.885,1210.505,1207.855,1210.325,2530,4620,0
2021-03-17 09:00:00,1210.275,1210.465,1206.315,1208.235,3289,3820,0
2021-03-17 10:00:00,1208.205,1209.595,1206.925,1206.925,2753,3260,0
2021-03-17 11:00:00,1206.925,1210.895,1206.405,1209.695,3963,3660,0
2021-03-17 12:00:00,1209.675,1210.495,1207.425,1207.875,3812,3450,0
2021-03-17 13:00:00,1207.855,1207.935,1193.275,1195.125,6453,3480,0
2021-03-17 14:00:00,1195.155,1198.895,1186.495,1194.105,9002,2900,0
2021-03-17 15:00:00,1194.085,1207.085,1191.565,1198.465,13091,2990,0
2021-03-17 16:00:00,1198.435,1200.695,1189.675,1192.315,13919,1950,0
2021-03-17 17:00:00,1192.335,1200.855,1191.425,1197.775,7272,1880,0
2021-03-17 18:00:00,1197.775,1199.895,1194.825,1199.045,2853,2080,0
2021-03-17 19:00:00,1199.045,1201.475,1197.205,1197.825,2298,2440,0
2021-03-17 20:00:00,1198.015,1215.975,1198.015,1215.625,6268,2670,0
2021-03-17 21:00:00,1215.625,1219.605,1208.305,1213.045,4072,2450,0
2021-03-17 22:00:00,1212.925,1215.035,1212.155,1214.295,1386,2370,0
2021-03-18 00:00:00,1214.295,1219.165,1212.815,1216.015,1393,2430,0
2021-03-18 01:00:00,1215.945,1219.805,1213.915,1219.685,971,3560,0
2021-03-18 02:00:00,1219.685,1223.785,1219.065,1221.525,3786,2540,0
2021-03-18 03:00:00,1221.555,1226.075,1221.075,1225.305,5799,2840,0
2021-03-18 04:00:00,1225.335,1227.335,1223.645,1227.245,3418,3190,0
2021-03-18 05:00:00,1227.275,1228.345,1216.975,1217.325,5218,3080,0
2021-03-18 06:00:00,1217.355,1217.365,1210.235,1214.175,2846,2030,0
2021-03-18 07:00:00,1214.125,1218.905,1213.355,1216.705,3662,2950,0
2021-03-18 08:00:00,1216.675,1229.375,1216.285,1227.785,3143,3110,0
2021-03-18 09:00:00,1227.815,1228.295,1208.855,1212.205,8472,3250,0
2021-03-18 10:00:00,1212.225,1217.285,1205.945,1209.305,6367,3360,0
2021-03-18 11:00:00,1209.395,1214.305,1205.955,1206.715,4228,3380,0
2021-03-18 12:00:00,1206.915,1216.185,1205.075,1214.915,5189,2720,0
2021-03-18 13:00:00,1214.865,1216.765,1204.485,1209.695,2611,2570,0
2021-03-18 14:00:00,1209.695,1225.075,1206.925,1221.135,3753,2980,0
2021-03-18 15:00:00,1221.135,1222.895,1207.335,1215.305,15044,2580,0
2021-03-18 16:00:00,1215.975,1218.425,1209.095,1214.015,14968,2340,0
2021-03-18 17:00:00,1214.015,1230.575,1212.355,1226.765,11056,2000,0
2021-03-18 18:00:00,1226.825,1229.485,1211.995,1213.975,8029,2860,0
2021-03-18 19:00:00,1213.945,1222.665,1213.245,1222.055,8721,2840,0
2021-03-18 20:00:00,1222.005,1222.335,1212.505,1217.185,10429,3030,0
2021-03-18 21:00:00,1217.165,1217.795,1206.025,1209.615,11756,2760,0
2021-03-18 22:00:00,1209.585,1210.045,1206.685,1208.925,3567,3000,0
2021-03-19 00:00:00,1205.525,1211.345,1202.045,1203.265,1474,2670,0
2021-03-19 01:00:00,1203.275,1205.345,1200.595,1202.965,1586,2860,0
2021-03-19 02:00:00,1203.015,1205.455,1201.655,1201.685,2139,3800,0
2021-03-19 03:00:00,1201.865,1203.265,1197.555,1203.015,5060,3270,0
2021-03-19 04:00:00,1203.035,1203.295,1198.515,1200.165,3102,3850,0
2021-03-19 05:00:00,1200.165,1204.385,1198.125,1202.115,2630,4790,0
2021-03-19 06:00:00,1202.085,1207.485,1201.975,1206.795,1694,3990,0
2021-03-19 07:00:00,1206.745,1207.605,1202.835,1206.595,2267,4500,0
2021-03-19 08:00:00,1206.615,1208.305,1201.315,1208.065,4426,3790,0
2021-03-19 09:00:00,1208.045,1210.105,1205.015,1208.315,4592,3170,0
2021-03-19 10:00:00,1208.265,1213.445,1207.455,1210.435,6197,2640,0
2021-03-19 11:00:00,1210.435,1213.105,1197.155,1199.205,4099,3040,0
2021-03-19 12:00:00,1199.205,1202.725,1197.885,1201.625,1850,3300,0
2021-03-19 13:00:00,1201.625,1201.645,1190.865,1197.465,3082,3610,0
2021-03-19 14:00:00,1197.465,1199.115,1190.715,1193.395,3041,3520,0
2021-03-19 15:00:00,1193.395,1193.495,1171.095,1175.315,9897,1600,0
2021-03-19 16:00:00,1175.245,1186.065,1170.205,1185.565,12018,2760,0
2021-03-19 17:00:00,1185.615,1196.385,1183.885,1196.225,12328,3170,0
2021-03-19 18:00:00,1196.225,1198.025,1192.865,1197.855,9678,3200,0
2021-03-19 19:00:00,1197.885,1203.705,1197.225,1199.645,7243,3030,0
2021-03-19 20:00:00,1199.665,1200.945,1195.835,1199.885,7819,3290,0
2021-03-19 21:00:00,1199.915,1200.645,1195.475,1195.705,8205,3160,0
2021-03-19 22:00:00,1195.725,1197.635,1194.665,1196.565,683,3540,0
2021-03-22 00:00:00,1190.655,1191.705,1185.695,1187.295,2202,4700,0
2021-03-22 01:00:00,1187.345,1190.875,1184.935,1186.525,1800,4970,0
2021-03-22 02:00:00,1186.445,1189.055,1181.205,1181.875,1869,4200,0
2021-03-22 03:00:00,1181.855,1184.745,1173.775,1181.995,5350,4130,0
2021-03-22 04:00:00,1182.005,1183.475,1177.445,1181.445,3608,4350,0
2021-03-22 05:00:00,1181.415,1185.535,1179.395,1184.515,2414,4290,0
2021-03-22 06:00:00,1184.545,1192.665,1183.825,1187.225,2106,3730,0
2021-03-22 07:00:00,1187.195,1187.205,1182.625,1182.755,3328,3440,0
2021-03-22 08:00:00,1182.755,1183.985,1178.095,1179.195,2481,3780,0
2021-03-22 09:00:00,1179.065,1181.235,1165.825,1168.605,5527,3430,0
2021-03-22 10:00:00,1168.655,1176.575,1166.915,1169.085,2313,2900,0
2021-03-22 11:00:00,1169.025,1175.035,1166.905,1174.215,2124,2410,0
2021-03-22 12:00:00,1174.215,1176.385,1170.405,1173.495,1524,2620,0
2021-03-22 13:00:00,1173.495,1179.725,1172.255,1178.685,2382,2450,0
2021-03-22 14:00:00,1178.665,1179.275,1162.175,1167.135,3866,1850,0
2021-03-22 15:00:00,1167.075,1186.425,1166.395,1184.595,8278,1730,0
2021-03-22 16:00:00,1184.625,1191.675,1180.495,1189.395,14920,2040,0
2021-03-22 17:00:00,1189.425,1190.105,1175.185,1183.425,8401,2040,0
2021-03-22 18:00:00,1183.695,1184.005,1175.305,1183.385,4839,2840,0
2021-03-22 19:00:00,1183.415,1188.585,1180.275,1187.845,2243,2530,0
2021-03-22 20:00:00,1187.845,1189.065,1186.015,1187.225,1765,2460,0
2021-03-22 21:00:00,1187.225,1188.505,1184.595,1186.145,1808,2810,0
2021-03-22 22:00:00,1186.135,1186.815,1184.985,1185.345,1002,2870,0
2021-03-23 00:00:00,1181.155,1185.455,1181.155,1184.115,1846,3960,0
2021-03-23 01:00:00,1184.065,1187.355,1183.695,1186.435,3393,3540,0
2021-03-23 02:00:00,1186.435,1189.215,1180.685,1182.205,2022,3770,0
2021-03-23 03:00:00,1182.185,1184.875,1176.365,1177.755,3690,4130,0
2021-03-23 04:00:00,1177.785,1178.245,1173.615,1174.895,3933,3870,0
2021-03-23 05:00:00,1174.925,1177.405,1173.615,1177.225,3775,3700,0
2021-03-23 06:00:00,1177.195,1178.545,1174.215,1174.255,3182,3640,0
2021-03-23 07:00:00,1174.205,1177.995,1173.545,1177.245,3748,3770,0
2021-03-23 08:00:00,1177.225,1183.185,1175.755,1182.455,1772,3760,0
2021-03-23 09:00:00,1182.435,1183.755,1176.335,1177.075,2682,3240,0
2021-03-23 10:00:00,1177.055,1180.345,1174.165,1178.615,6165,3290,0
2021-03-23 11:00:00,1178.615,1180.405,1171.765,1174.475,4834,2820,0
2021-03-23 12:00:00,1174.475,1180.075,1173.545,1175.995,5643,2830,0
2021-03-23 13:00:00,1175.975,1177.985,1174.085,1174.705,4350,2040,0
2021-03-23 14:00:00,1174.625,1194.585,1173.735,1189.825,8719,1600,0
2021-03-23 15:00:00,1189.725,1192.125,1180.545,1186.535,15249,2660,0
2021-03-23 16:00:00,1186.505,1187.025,1175.505,1177.815,14422,2800,0
2021-03-23 17:00:00,1177.845,1179.265,1170.665,1175.875,3658,1270,0
2021-03-23 18:00:00,1175.875,1178.215,1172.545,1173.845,6306,3110,0
2021-03-23 19:00:00,1173.875,1174.585,1170.545,1172.975,2810,2660,0
2021-03-23 20:00:00,1172.975,1174.105,1169.965,1170.155,5518,2580,0
2021-03-23 21:00:00,1170.155,1170.915,1167.895,1168.855,2909,2350,0
2021-03-23 22:00:00,1168.855,1169.605,1166.555,1166.875,1259,2800,0
2021-03-24 00:00:00,1167.055,1168.585,1164.785,1167.715,927,3160,0
2021-03-24 01:00:00,1167.705,1167.705,1164.435,1165.105,942,2450,0
2021-03-24 02:00:00,1165.105,1166.595,1159.475,1162.155,2195,3630,0
2021-03-24 03:00:00,1162.105,1167.765,1159.925,1165.915,3851,2880,0
2021-03-24 04:00:00,1165.895,1175.025,1164.945,1171.465,4440,2700,0
2021-03-24 05:00:00,1171.545,1174.255,1170.755,1172.125,3687,3070,0
2021-03-24 06:00:00,1172.155,1174.475,1169.725,1171.015,1785,2620,0
2021-03-24 07:00:00,1170.965,1171.835,1168.725,1169.065,1992,3420,0
2021-03-24 08:00:00,1169.055,1172.255,1167.405,1171.755,2795,2790,0
2021-03-24 09:00:00,1171.685,1172.715,1163.625,1167.075,3878,2660,0
2021-03-24 10:00:00,1167.025,1175.535,1166.065,1175.245,3489,3390,0
2021-03-24 11:00:00,1175.245,1188.345,1174.495,1185.875,3982,2710,0
2021-03-24 12:00:00,1185.895,1186.335,1178.175,1181.105,2925,1650,0
2021-03-24 13:00:00,1181.135,1184.025,1177.495,1180.565,2187,2230,0
2021-03-24 14:00:00,1180.485,1184.555,1179.185,1180.565,4136,3280,0
2021-03-24 15:00:00,1180.615,1182.725,1173.625,1174.645,10306,2510,0
2021-03-24 16:00:00,1174.625,1177.885,1168.565,1177.425,5618,3100,0
2021-03-24 17:00:00,1177.435,1180.775,1173.945,1176.275,5015,3050,0
2021-03-24 18:00:00,1176.275,1183.735,1176.245,1180.365,5753,1890,0
2021-03-24 19:00:00,1180.365,1180.365,1172.685,1175.115,2617,2310,0
2021-03-24 20:00:00,1175.115,1177.215,1172.135,1173.415,2439,2930,0
2021-03-24 21:00:00,1173.415,1173.945,1168.955,1168.965,2152,2650,0
2021-03-24 22:00:00,1168.965,1170.815,1168.575,1169.675,872,2740,0
2021-03-25 00:00:00,1169.445,1171.005,1167.245,1169.865,827,4380,0
2021-03-25 01:00:00,1169.795,1176.565,1169.555,1174.035,1047,3690,0
2021-03-25 02:00:00,1174.025,1174.825,1171.775,1172.875,976,3190,0
2021-03-25 03:00:00,1172.875,1172.965,1163.695,1166.055,3208,3860,0
2021-03-25 04:00:00,1165.945,1171.485,1165.385,1171.385,3050,4190,0
2021-03-25 05:00:00,1171.385,1173.685,1169.085,1172.205,1562,3390,0
2021-03-25 06:00:00,1172.215,1172.315,1167.825,1169.975,792,3060,0
2021-03-25 07:00:00,1169.965,1172.565,1168.805,1168.825,1546,3580,0
2021-03-25 08:00:00,1168.835,1169.895,1167.055,1168.745,2393,4250,0
2021-03-25 09:00:00,1168.715,1169.575,1165.755,1166.785,2048,3030,0
2021-03-25 10:00:00,1166.785,1169.415,1163.835,1167.175,2732,4030,0
2021-03-25 11:00:00,1167.165,1170.085,1166.195,1168.345,1770,3040,0
2021-03-25 12:00:00,1168.345,1171.255,1166.585,1170.765,1474,3480,0
2021-03-25 13:00:00,1170.755,1172.075,1158.215,1158.875,1812,2610,0
2021-03-25 14:00:00,1158.805,1159.445,1143.045,1148.645,7136,2370,0
2021-03-25 15:00:00,1148.555,1176.355,1143.665,1174.405,18307,380,0
2021-03-25 16:00:00,1174.385,1181.815,1155.535,1159.215,17673,1080,0
2021-03-25 17:00:00,1159.195,1159.195,1150.095,1154.865,9565,670,0
2021-03-25 18:00:00,1154.865,1160.785,1153.235,1157.365,2694,1730,0
2021-03-25 19:00:00,1157.305,1157.405,1150.455,1152.725,4498,1860,0
2021-03-25 20:00:00,1152.725,1155.605,1150.555,1154.525,2907,2690,0
2021-03-25 21:00:00,1154.525,1155.265,1147.835,1148.395,2132,1970,0
2021-03-25 22:00:00,1148.395,1151.645,1147.785,1150.255,984,2320,0
2021-03-26 00:00:00,1150.235,1153.155,1148.515,1152.935,1052,3000,0
2021-03-26 01:00:00,1152.985,1153.805,1152.125,1153.235,1276,2290,0
2021-03-26 02:00:00,1153.245,1157.605,1150.655,1151.425,2048,2930,0
2021-03-26 03:00:00,1151.395,1156.775,1149.385,1154.955,2642,3020,0
2021-03-26 04:00:00,1155.075,1155.145,1148.475,1148.475,2592,3520,0
2021-03-26 05:00:00,1148.525,1154.725,1148.245,1152.975,1882,3760,0
2021-03-26 06:00:00,1152.975,1156.715,1151.875,1156.715,794,4180,0
2021-03-26 07:00:00,1156.765,1162.575,1156.075,1162.575,3071,3830,0
2021-03-26 08:00:00,1162.575,1163.135,1157.955,1157.955,2518,3700,0
2021-03-26 09:00:00,1158.005,1161.905,1155.885,1158.955,3119,3110,0
2021-03-26 10:00:00,1158.975,1163.145,1156.345,1159.645,4999,3310,0
2021-03-26 11:00:00,1159.645,1162.255,1155.335,1160.335,4318,3230,0
2021-03-26 12:00:00,1160.355,1160.355,1154.645,1154.985,3353,3290,0
2021-03-26 13:00:00,1155.025,1156.825,1150.115,1156.115,3182,3630,0
2021-03-26 14:00:00,1156.095,1169.615,1154.555,1166.795,6537,1760,0
2021-03-26 15:00:00,1166.715,1167.155,1158.615,1161.025,11574,1720,0
2021-03-26 16:00:00,1161.055,1173.005,1160.855,1171.915,11792,1350,0
2021-03-26 17:00:00,1171.895,1178.515,1171.635,1175.625,12376,1250,0
2021-03-26 18:00:00,1175.625,1180.335,1175.525,1176.805,8482,1230,0
2021-03-26 19:00:00,1176.825,1179.425,1174.745,1174.825,3439,1280,0
2021-03-26 20:00:00,1174.805,1178.565,1173.285,1177.295,7910,2790,0
2021-03-26 21:00:00,1177.315,1183.445,1176.925,1182.725,4900,2330,0
2021-03-26 22:00:00,1182.705,1184.545,1178.345,1178.345,750,2870,0
2021-03-29 01:00:00,1183.865,1187.635,1182.115,1184.665,886,3600,0
2021-03-29 02:00:00,1184.755,1185.385,1182.295,1184.185,706,3060,0
2021-03-29 03:00:00,1184.185,1184.425,1178.965,1180.075,1713,2510,0
2021-03-29 04:00:00,1180.105,1184.765,1174.625,1183.195,2580,1980,0
2021-03-29 05:00:00,1183.165,1187.105,1182.225,1183.425,1293,610,0
2021-03-29 06:00:00,1183.475,1184.485,1180.995,1182.645,797,3170,0
2021-03-29 07:00:00,1182.625,1183.225,1180.245,1181.365,1219,2720,0
2021-03-29 08:00:00,1181.365,1181.855,1176.725,1179.575,1712,2580,0
2021-03-29 09:00:00,1179.575,1180.685,1177.015,1178.995,1797,4150,0
2021-03-29 10:00:00,1178.995,1187.305,1177.655,1180.995,2220,1480,0
2021-03-29 11:00:00,1180.905,1180.925,1168.155,1173.605,2738,1680,0
2021-03-29 12:00:00,1173.605,1174.055,1167.885,1167.885,2114,3090,0
2021-03-29 13:00:00,1167.865,1180.375,1165.985,1177.615,1607,2070,0
2021-03-29 14:00:00,1177.665,1181.745,1177.105,1179.435,1788,3780,0
2021-03-29 15:00:00,1179.465,1199.175,1178.605,1191.875,2838,3160,0
2021-03-29 16:00:00,1191.955,1198.305,1165.695,1176.085,4548,2870,0
2021-03-29 17:00:00,1176.085,1183.315,1164.605,1165.055,2485,2820,0
2021-03-29 18:00:00,1164.755,1179.845,1161.145,1177.405,2108,1520,0
2021-03-29 19:00:00,1177.325,1187.125,1176.535,1182.545,2212,2690,0
2021-03-29 20:00:00,1182.565,1184.875,1177.675,1180.045,2341,3020,0
2021-03-29 21:00:00,1180.065,1180.335,1173.225,1175.445,1605,3450,0
2021-03-29 22:00:00,1175.445,1179.215,1174.455,1178.435,2488,3490,0
2021-03-29 23:00:00,1178.455,1178.595,1177.025,1177.895,489,3410,0
2021-03-30 01:00:00,1177.825,1180.805,1174.675,1179.515,930,4520,0
2021-03-30 02:00:00,1179.515,1180.995,1176.485,1177.415,940,4060,0
2021-03-30 03:00:00,1177.335,1177.335,1172.905,1174.605,1307,3280,0
2021-03-30 04:00:00,1174.635,1174.965,1169.935,1171.465,3120,4190,0
2021-03-30 05:00:00,1171.415,1173.075,1169.805,1170.145,2539,4160,0
2021-03-30 06:00:00,1170.145,1176.395,1170.115,1174.815,2282,4620,0
2021-03-30 07:00:00,1174.835,1174.955,1172.055,1173.965,2020,4740,0
2021-03-30 08:00:00,1173.985,1174.215,1171.165,1172.025,2003,4310,0
2021-03-30 09:00:00,1172.065,1179.145,1171.855,1175.165,4313,3950,0
2021-03-30 10:00:00,1175.175,1180.795,1172.785,1175.055,3319,4180,0
2021-03-30 11:00:00,1175.155,1180.845,1174.105,1176.015,1752,3830,0
2021-03-30 12:00:00,1175.995,1185.455,1175.415,1178.635,1339,3020,0
2021-03-30 13:00:00,1178.665,1180.205,1174.395,1175.845,1643,3260,0
2021-03-30 14:00:00,1175.845,1176.145,1167.515,1168.815,3376,3710,0
2021-03-30 15:00:00,1168.815,1173.645,1158.115,1165.455,8834,2550,0
2021-03-30 16:00:00,1165.475,1174.745,1160.905,1163.825,10451,3230,0
2021-03-30 17:00:00,1163.855,1166.945,1159.435,1163.185,8621,2850,0
2021-03-30 18:00:00,1163.185,1165.355,1160.055,1162.615,3431,2360,0
2021-03-30 19:00:00,1162.615,1164.655,1157.155,1159.515,2710,1870,0
2021-03-30 20:00:00,1159.515,1160.165,1156.245,1157.255,2499,2060,0
2021-03-30 21:00:00,1157.255,1158.305,1153.155,1156.065,2346,2150,0
2021-03-30 22:00:00,1156.065,1158.315,1155.715,1156.955,2221,2050,0
2021-03-30 23:00:00,1157.015,1157.845,1155.755,1157.845,1049,2680,0
2021-03-31 01:00:00,1157.425,1157.535,1154.625,1156.515,1137,3690,0
2021-03-31 02:00:00,1156.465,1161.405,1155.775,1158.855,2088,4800,0
2021-03-31 03:00:00,1158.885,1165.215,1157.425,1163.355,2506,3190,0
2021-03-31 04:00:00,1163.325,1165.005,1156.865,1160.745,4375,3000,0
2021-03-31 05:00:00,1160.745,1160.745,1156.275,1156.665,2432,3370,0
2021-03-31 06:00:00,1156.695,1160.315,1156.695,1158.305,2169,3290,0
2021-03-31 07:00:00,1158.285,1161.125,1158.185,1159.445,1100,3020,0
2021-03-31 08:00:00,1159.445,1164.225,1156.915,1163.995,1903,2900,0
2021-03-31 09:00:00,1163.965,1171.175,1162.965,1169.575,2444,3060,0
2021-03-31 10:00:00,1169.545,1175.975,1168.675,1173.325,2740,3120,0
2021-03-31 11:00:00,1173.355,1180.215,1171.725,1178.285,3455,2090,0
2021-03-31 12:00:00,1178.175,1178.675,1175.355,1177.205,2534,2460,0
2021-03-31 13:00:00,1177.255,1184.015,1176.995,1182.565,4141,1200,0
2021-03-31 14:00:00,1182.565,1183.755,1174.445,1175.365,2877,1930,0
2021-03-31 15:00:00,1175.435,1184.925,1172.575,1184.655,6415,1800,0
2021-03-31 16:00:00,1184.655,1185.995,1177.565,1184.845,11040,940,0
2021-03-31 17:00:00,1184.865,1194.415,1183.505,1192.135,11288,1200,0
2021-03-31 18:00:00,1192.115,1193.645,1183.245,1186.435,7938,2360,0
2021-03-31 19:00:00,1186.495,1191.595,1186.135,1189.145,5460,2330,0
2021-03-31 20:00:00,1189.165,1192.415,1186.275,1188.805,3745,2310,0
2021-03-31 21:00:00,1188.785,1191.235,1187.375,1189.375,769,2590,0
2021-03-31 22:00:00,1189.375,1192.185,1188.165,1188.215,617,2640,0
2021-03-31 23:00:00,1188.185,1189.055,1182.875,1182.965,479,2870,0
2021-04-01 01:00:00,1181.235,1186.465,1181.235,1185.225,582,3040,0
2021-04-01 02:00:00,1185.075,1189.365,1184.215,1187.255,702,2490,0
2021-04-01 03:00:00,1187.245,1187.985,1181.865,1184.135,1089,2850,0
2021-04-01 04:00:00,1184.135,1187.965,1181.385,1187.955,1389,2770,0
2021-04-01 05:00:00,1187.975,1191.175,1185.005,1185.985,2723,3370,0
2021-04-01 06:00:00,1185.975,1188.025,1184.105,1184.375,2492,2950,0
2021-04-01 07:00:00,1184.345,1185.165,1181.895,1182.945,1748,3130,0
2021-04-01 08:00:00,1182.935,1189.805,1182.005,1189.565,2310,3200,0
2021-04-01 09:00:00,1189.515,1190.435,1184.765,1190.115,3152,3070,0
2021-04-01 10:00:00,1190.145,1194.805,1188.035,1194.615,3376,2580,0
2021-04-01 11:00:00,1194.615,1196.455,1179.975,1185.825,3312,2600,0
2021-04-01 12:00:00,1185.885,1187.195,1183.625,1184.485,1467,3630,0
2021-04-01 13:00:00,1184.515,1185.945,1180.005,1180.015,1759,2990,0
2021-04-01 14:00:00,1180.115,1187.245,1173.605,1186.805,2462,2900,0
2021-04-01 15:00:00,1186.885,1193.895,1185.985,1191.615,4531,3030,0
2021-04-01 16:00:00,1191.645,1206.325,1191.545,1201.885,11086,2020,0
2021-04-01 17:00:00,1201.915,1204.335,1194.545,1203.095,8184,2790,0
2021-04-01 18:00:00,1203.145,1212.295,1202.875,1203.425,7363,2260,0
2021-04-01 19:00:00,1203.445,1205.485,1200.305,1201.765,4920,2630,0
2021-04-01 20:00:00,1201.815,1211.725,1200.585,1209.845,4772,2090,0
2021-04-01 21:00:00,1209.865,1209.945,1206.365,1208.825,5438,2410,0
2021-04-01 22:00:00,1208.795,1212.485,1208.305,1211.465,3359,2220,0
2021-04-01 23:00:00,1211.545,1212.085,1210.425,1212.025,609,2120,0
2021-04-05 01:00:00,1209.165,1219.435,1208.845,1217.265,849,5650,0
2021-04-05 02:00:00,1217.315,1218.105,1212.155,1214.705,740,4990,0
2021-04-05 03:00:00,1214.705,1215.395,1209.325,1214.045,825,5170,0
2021-04-05 04:00:00,1213.945,1217.335,1213.945,1216.375,627,4360,0
2021-04-05 05:00:00,1216.275,1217.235,1211.925,1212.805,838,3660,0
2021-04-05 06:00:00,1212.795,1214.145,1212.455,1213.865,427,4210,0
2021-04-05 07:00:00,1213.865,1213.865,1207.265,1208.195,550,3540,0
2021-04-05 08:00:00,1208.085,1212.135,1206.125,1206.795,724,5090,0
2021-04-05 09:00:00,1207.075,1207.435,1203.045,1206.145,681,4340,0
2021-04-05 10:00:00,1206.165,1206.625,1201.525,1204.425,611,3120,0
2021-04-05 11:00:00,1204.455,1211.495,1203.605,1207.135,804,2780,0
2021-04-05 12:00:00,1207.105,1208.945,1205.685,1207.125,453,1280,0
2021-04-05 13:00:00,1207.115,1207.315,1203.055,1204.865,650,530,0
2021-04-05 14:00:00,1205.055,1206.645,1201.445,1202.195,974,870,0
2021-04-05 15:00:00,1202.245,1210.665,1193.365,1202.545,3204,1000,0
2021-04-05 16:00:00,1202.495,1210.965,1192.725,1209.335,5082,2360,0
2021-04-05 17:00:00,1209.285,1215.315,1208.815,1213.685,5000,1830,0
2021-04-05 18:00:00,1213.685,1214.395,1204.655,1209.195,2049,1590,0
2021-04-05 19:00:00,1209.155,1209.155,1201.965,1203.665,1875,2590,0
2021-04-05 20:00:00,1203.585,1206.695,1202.735,1204.325,1846,3010,0
2021-04-05 21:00:00,1204.325,1208.605,1203.675,1206.585,1535,2970,0
2021-04-05 22:00:00,1206.615,1210.205,1205.075,1209.695,1442,3120,0
2021-04-05 23:00:00,1209.665,1210.775,1208.635,1210.625,681,3620,0
2021-04-06 01:00:00,1210.615,1211.625,1209.315,1209.565,470,2790,0
2021-04-06 02:00:00,1209.575,1212.375,1208.585,1210.535,650,3420,0
2021-04-06 03:00:00,1210.545,1212.605,1205.615,1207.355,1460,3480,0
2021-04-06 04:00:00,1207.465,1213.505,1206.955,1209.025,2051,3500,0
2021-04-06 05:00:00,1209.015,1211.015,1206.285,1209.705,744,2680,0
2021-04-06 06:00:00,1209.735,1211.035,1205.455,1207.595,1356,4710,0
2021-04-06 07:00:00,1207.585,1212.385,1206.285,1210.905,770,3080,0
2021-04-06 08:00:00,1210.905,1215.015,1209.905,1213.225,1241,530,0
2021-04-06 09:00:00,1213.205,1214.815,1207.315,1208.785,1498,3600,0
2021-04-06 10:00:00,1208.765,1209.085,1202.215,1206.765,1178,3030,0
2021-04-06 11:00:00,1206.805,1207.815,1204.115,1206.865,973,2750,0
2021-04-06 12:00:00,1206.855,1206.985,1199.325,1200.745,890,3260,0
2021-04-06 13:00:00,1200.745,1205.005,1200.245,1203.765,945,3180,0
2021-04-06 14:00:00,1203.765,1210.145,1203.725,1210.125,1023,3080,0
2021-04-06 15:00:00,1210.125,1225.145,1210.115,1225.125,3766,2280,0
2021-04-06 16:00:00,1225.225,1228.765,1217.805,1226.565,6870,1160,0
2021-04-06 17:00:00,1226.595,1243.745,1226.515,1242.325,6950,1780,0
2021-04-06 18:00:00,1242.325,1242.725,1235.295,1236.975,2427,3130,0
2021-04-06 19:00:00,1236.975,1240.325,1235.055,1236.235,1809,2530,0
2021-04-06 20:00:00,1236.005,1237.515,1230.815,1234.465,2808,1960,0
2021-04-06 21:00:00,1234.475,1237.505,1234.375,1235.305,1825,2180,0
2021-04-06 22:00:00,1235.305,1238.625,1234.245,1238.355,1678,1940,0
2021-04-06 23:00:00,1238.355,1239.335,1236.995,1238.785,737,2700,0
2021-04-07 01:00:00,1235.435,1241.815,1235.435,1237.355,726,2900,0
2021-04-07 02:00:00,1237.415,1242.425,1236.845,1241.525,664,2740,0
2021-04-07 03:00:00,1241.575,1243.215,1239.075,1241.395,1183,2550,0
2021-04-07 04:00:00,1241.395,1246.085,1240.715,1243.255,1590,2850,0
2021-04-07 05:00:00,1243.255,1245.215,1241.485,1243.445,987,3180,0
2021-04-07 06:00:00,1243.435,1244.905,1242.255,1244.125,724,2670,0
2021-04-07 07:00:00,1244.155,1244.905,1241.675,1242.375,933,2140,0
2021-04-07 08:00:00,1242.375,1242.665,1239.075,1239.075,574,2520,0
2021-04-07 09:00:00,1239.745,1243.255,1239.335,1242.225,920,3880,0
2021-04-07 10:00:00,1241.905,1242.425,1232.605,1237.835,1435,3000,0
2021-04-07 11:00:00,1237.855,1239.485,1233.705,1239.335,1164,2710,0
2021-04-07 12:00:00,1239.125,1239.125,1234.215,1234.215,893,3280,0
2021-04-07 13:00:00,1234.215,1235.485,1230.005,1232.125,1394,2080,0
2021-04-07 14:00:00,1232.075,1233.945,1222.815,1230.315,1663,1590,0
2021-04-07 15:00:00,1230.315,1243.975,1224.285,1243.635,3932,1230,0
2021-04-07 16:00:00,1243.615,1246.685,1226.315,1235.435,6887,1610,0
2021-04-07 17:00:00,1235.385,1236.985,1225.395,1228.805,6365,3390,0
2021-04-07 18:00:00,1228.755,1235.725,1223.755,1225.705,2130,3190,0
2021-04-07 19:00:00,1225.705,1227.675,1221.715,1227.105,1231,2280,0
2021-04-07 20:00:00,1227.105,1228.405,1225.435,1228.275,1089,2440,0
2021-04-07 21:00:00,1228.255,1232.295,1226.455,1229.545,1146,2420,0
2021-04-07 22:00:00,1229.545,1230.135,1225.935,1228.555,1063,2410,0
2021-04-07 23:00:00,1228.555,1229.115,1226.975,1227.655,487,2620,0
2021-04-08 01:00:00,1226.055,1228.875,1224.625,1225.585,743,3730,0
2021-04-08 02:00:00,1225.535,1226.355,1223.675,1225.435,498,3590,0
2021-04-08 03:00:00,1225.405,1226.755,1223.625,1225.785,776,3810,0
2021-04-08 04:00:00,1225.815,1226.895,1222.015,1225.505,1186,4000,0
2021-04-08 05:00:00,1225.485,1227.775,1223.725,1227.515,1118,4310,0
2021-04-08 06:00:00,1227.765,1233.175,1227.685,1232.905,818,3910,0
2021-04-08 07:00:00,1232.925,1233.275,1231.195,1231.815,510,3790,0
2021-04-08 08:00:00,1231.815,1237.755,1231.175,1233.845,1552,3480,0
2021-04-08 09:00:00,1233.875,1233.875,1228.905,1230.355,1131,4190,0
2021-04-08 10:00:00,1230.405,1235.245,1229.635,1229.955,1085,3840,0
2021-04-08 11:00:00,1229.965,1232.105,1224.895,1225.075,962,4370,0
2021-04-08 12:00:00,1225.065,1227.265,1224.145,1226.305,820,4250,0
2021-04-08 13:00:00,1226.325,1230.285,1225.955,1228.575,1169,4550,0
2021-04-08 14:00:00,1228.575,1235.305,1228.425,1233.965,1312,4540,0
2021-04-08 15:00:00,1233.815,1234.955,1227.155,1227.785,1868,4630,0
2021-04-08 16:00:00,1227.705,1234.125,1219.055,1220.675,4103,2890,0
2021-04-08 17:00:00,1220.675,1231.665,1216.845,1218.425,3061,2900,0
2021-04-08 18:00:00,1218.395,1222.055,1216.695,1220.855,1886,3620,0
2021-04-08 19:00:00,1220.855,1228.985,1220.535,1227.685,1764,3740,0
2021-04-08 20:00:00,1227.735,1233.445,1227.575,1230.215,1722,3470,0
2021-04-08 21:00:00,1230.235,1232.025,1229.755,1230.145,799,3900,0
2021-04-08 22:00:00,1230.115,1232.345,1229.675,1231.695,841,3920,0
2021-04-08 23:00:00,1231.445,1232.465,1230.055,1230.115,616,3910,0
2021-04-09 01:00:00,1229.175,1230.625,1228.875,1230.375,445,4100,0
2021-04-09 02:00:00,1230.455,1232.595,1229.315,1229.765,415,4000,0
2021-04-09 03:00:00,1229.665,1231.575,1227.675,1230.335,700,4730,0
2021-04-09 04:00:00,1230.645,1231.425,1228.075,1228.555,819,4340,0
2021-04-09 05:00:00,1228.535,1228.535,1221.775,1222.645,674,3800,0
2021-04-09 06:00:00,1222.665,1226.225,1222.105,1225.245,592,3570,0
2021-04-09 07:00:00,1225.215,1225.765,1222.525,1222.555,495,4550,0
2021-04-09 08:00:00,1222.455,1223.155,1214.695,1217.455,1154,3990,0
2021-04-09 09:00:00,1217.405,1219.045,1216.295,1218.645,1051,3230,0
2021-04-09 10:00:00,1218.715,1219.445,1211.935,1216.065,848,2980,0
2021-04-09 11:00:00,1216.065,1218.345,1213.295,1215.735,1073,2570,0
2021-04-09 12:00:00,1215.675,1216.515,1212.985,1214.005,716,3790,0
2021-04-09 13:00:00,1213.935,1215.885,1209.535,1209.745,1072,3740,0
2021-04-09 14:00:00,1209.715,1220.845,1209.215,1213.855,1187,2620,0
2021-04-09 15:00:00,1213.765,1215.565,1191.635,1203.225,2265,1980,0
2021-04-09 16:00:00,1203.255,1215.885,1189.635,1210.265,3181,2590,0
2021-04-09 17:00:00,1210.365,1212.175,1203.155,1203.155,2263,3620,0
2021-04-09 18:00:00,1203.155,1206.185,1197.485,1202.375,2075,3370,0
2021-04-09 19:00:00,1202.375,1204.215,1199.955,1204.085,992,3310,0
2021-04-09 20:00:00,1204.175,1208.345,1204.155,1204.625,1769,3280,0
2021-04-09 21:00:00,1204.625,1205.665,1201.615,1202.155,1124,3520,0
2021-04-09 22:00:00,1202.075,1204.605,1201.095,1203.545,1152,3280,0
2021-04-09 23:00:00,1203.515,1203.515,1200.865,1201.705,542,3810,0
2021-04-12 01:00:00,1200.775,1202.755,1198.905,1199.985,502,4590,0
2021-04-12 02:00:00,1199.985,1203.705,1199.025,1202.695,832,4850,0
2021-04-12 03:00:00,1202.915,1203.355,1197.245,1202.935,1089,5160,0
2021-04-12 04:00:00,1202.935,1203.095,1196.125,1197.205,1913,4910,0
2021-04-12 05:00:00,1197.145,1197.265,1191.885,1194.615,1440,4520,0
2021-04-12 06:00:00,1194.535,1195.905,1193.795,1195.195,895,5090,0
2021-04-12 07:00:00,1195.305,1196.085,1192.795,1192.915,616,5180,0
2021-04-12 08:00:00,1192.835,1193.805,1190.435,1193.565,765,5160,0
2021-04-12 09:00:00,1193.535,1195.395,1191.795,1194.275,962,4730,0
2021-04-12 10:00:00,1194.265,1197.465,1181.125,1186.175,1353,3420,0
2021-04-12 11:00:00,1186.155,1187.945,1183.245,1186.645,1125,2970,0
2021-04-12 12:00:00,1186.695,1190.055,1186.615,1188.395,1257,4760,0
2021-04-12 13:00:00,1188.395,1190.805,1187.285,1187.525,904,3350,0
2021-04-12 14:00:00,1187.545,1190.545,1187.185,1187.365,887,4240,0
2021-04-12 15:00:00,1187.365,1188.875,1179.085,1180.515,1767,4540,0
2021-04-12 16:00:00,1180.485,1182.115,1173.665,1177.075,3019,3550,0
2021-04-12 17:00:00,1176.955,1182.225,1173.795,1174.885,2654,4090,0
2021-04-12 18:00:00,1174.885,1177.375,1165.955,1168.835,2162,3740,0
2021-04-12 19:00:00,1168.785,1175.615,1167.275,1173.775,1639,4390,0
2021-04-12 20:00:00,1173.835,1175.185,1170.115,1171.905,1507,4270,0
2021-04-12 21:00:00,1171.885,1173.175,1169.575,1172.455,1074,3780,0
2021-04-12 22:00:00,1172.465,1173.505,1170.835,1173.135,732,4270,0
2021-04-12 23:00:00,1173.135,1173.765,1171.605,1172.055,427,5000,0
2021-04-13 01:00:00,1171.595,1173.465,1170.365,1172.635,530,3320,0
2021-04-13 02:00:00,1172.635,1173.205,1168.685,1169.585,683,3330,0
2021-04-13 03:00:00,1169.585,1169.625,1167.145,1168.655,960,3690,0
2021-04-13 04:00:00,1168.595,1171.885,1164.965,1171.315,1352,2890,0
2021-04-13 05:00:00,1171.315,1173.585,1170.865,1172.305,1084,3240,0
2021-04-13 06:00:00,1172.315,1172.515,1169.625,1170.165,909,3900,0
2021-04-13 07:00:00,1170.165,1170.395,1168.775,1169.615,617,4360,0
2021-04-13 08:00:00,1169.495,1169.895,1165.815,1169.895,1773,3680,0
2021-04-13 09:00:00,1169.895,1169.925,1167.265,1168.145,1721,4540,0
2021-04-13 10:00:00,1168.175,1173.815,1167.755,1173.445,1164,3570,0
2021-04-13 11:00:00,1173.495,1174.035,1169.765,1171.985,1343,2850,0
2021-04-13 12:00:00,1172.125,1173.345,1170.865,1171.315,1180,3880,0
2021-04-13 13:00:00,1171.285,1173.515,1164.235,1169.555,1577,3330,0
2021-04-13 14:00:00,1169.555,1173.175,1162.995,1170.105,2391,4200,0
2021-04-13 15:00:00,1170.055,1173.915,1160.495,1167.515,5473,3110,0
2021-04-13 16:00:00,1167.495,1182.505,1165.385,1181.815,7438,2380,0
2021-04-13 17:00:00,1181.775,1184.695,1161.835,1162.255,3394,1670,0
2021-04-13 18:00:00,1162.255,1163.665,1156.805,1160.645,2262,2370,0
2021-04-13 19:00:00,1160.665,1162.645,1154.545,1155.475,2036,2110,0
2021-04-13 20:00:00,1155.525,1162.835,1154.855,1156.305,2390,2660,0
2021-04-13 21:00:00,1156.305,1161.305,1156.065,1160.225,1172,3480,0
2021-04-13 22:00:00,1160.165,1162.605,1159.295,1160.605,1353,2530,0
2021-04-13 23:00:00,1160.545,1161.695,1158.465,1158.565,662,2710,0
2021-04-14 01:00:00,1157.205,1160.375,1156.395,1158.265,618,3200,0
2021-04-14 02:00:00,1158.275,1162.905,1156.125,1162.695,751,4010,0
2021-04-14 03:00:00,1162.975,1167.005,1159.765,1166.675,980,3080,0
2021-04-14 04:00:00,1166.765,1169.265,1164.195,1168.065,1797,3230,0
2021-04-14 05:00:00,1168.065,1170.525,1167.125,1169.165,924,3750,0
2021-04-14 06:00:00,1169.165,1169.165,1166.465,1167.255,1117,3550,0
2021-04-14 07:00:00,1167.305,1170.375,1165.145,1169.495,647,3060,0
2021-04-14 08:00:00,1169.525,1171.175,1165.875,1169.695,1080,2560,0
2021-04-14 09:00:00,1169.715,1176.885,1168.765,1176.765,2347,3390,0
2021-04-14 10:00:00,1176.735,1177.075,1172.445,1174.915,3915,3560,0
2021-04-14 11:00:00,1174.905,1183.375,1174.585,1178.975,1670,3180,0
2021-04-14 12:00:00,1178.975,1179.485,1175.055,1179.105,1746,3440,0
2021-04-14 13:00:00,1179.155,1180.975,1175.955,1179.885,2396,3200,0
2021-04-14 14:00:00,1179.745,1182.695,1175.515,1177.745,2359,3590,0
2021-04-14 15:00:00,1177.725,1182.595,1176.995,1182.155,2389,3530,0
2021-04-14 16:00:00,1182.055,1182.685,1169.095,1169.565,5855,2890,0
2021-04-14 17:00:00,1169.475,1185.985,1169.425,1183.095,7591,3190,0
2021-04-14 18:00:00,1183.075,1183.355,1173.475,1176.635,3256,3250,0
2021-04-14 19:00:00,1176.655,1177.495,1173.655,1173.945,2496,3020,0
2021-04-14 20:00:00,1173.925,1177.195,1173.645,1174.165,3153,2800,0
2021-04-14 21:00:00,1174.295,1175.225,1172.095,1172.565,4117,3110,0
2021-04-14 22:00:00,1172.565,1174.445,1172.075,1174.245,4429,2990,0
2021-04-14 23:00:00,1174.195,1174.215,1171.545,1171.695,1518,3280,0
2021-04-15 01:00:00,1171.005,1173.045,1171.005,1172.255,942,4990,0
2021-04-15 02:00:00,1172.305,1176.165,1171.945,1175.935,756,4010,0
2021-04-15 03:00:00,1175.935,1177.905,1175.495,1177.175,1745,3080,0
2021-04-15 04:00:00,1177.155,1179.035,1172.325,1173.635,2855,3360,0
2021-04-15 05:00:00,1173.605,1174.925,1171.715,1174.495,2536,3630,0
2021-04-15 06:00:00,1174.525,1176.035,1172.585,1172.865,1617,3900,0
2021-04-15 07:00:00,1172.815,1174.385,1172.595,1174.185,864,3950,0
2021-04-15 08:00:00,1174.185,1177.185,1173.785,1175.255,1374,4100,0
2021-04-15 09:00:00,1175.255,1184.375,1175.215,1181.665,2014,3980,0
2021-04-15 10:00:00,1181.645,1185.295,1181.395,1184.635,2964,3630,0
2021-04-15 11:00:00,1184.585,1192.015,1183.275,1187.935,2352,2140,0
2021-04-15 12:00:00,1187.935,1190.545,1186.165,1188.385,2000,3710,0
2021-04-15 13:00:00,1188.375,1192.375,1188.365,1191.525,1835,3040,0
2021-04-15 14:00:00,1191.565,1192.035,1186.505,1187.435,2105,3060,0
2021-04-15 15:00:00,1187.135,1196.265,1186.765,1194.565,3366,2570,0
2021-04-15 16:00:00,1194.565,1201.695,1187.405,1194.105,7964,1550,0
2021-04-15 17:00:00,1194.125,1204.145,1194.125,1204.045,3412,2230,0
2021-04-15 18:00:00,1204.045,1205.755,1196.845,1196.885,5494,2210,0
2021-04-15 19:00:00,1196.885,1200.205,1196.135,1197.285,2422,3140,0
2021-04-15 20:00:00,1197.315,1201.775,1195.165,1199.285,2873,3010,0
2021-04-15 21:00:00,1199.255,1202.165,1197.485,1198.345,1997,3260,0
2021-04-15 22:00:00,1198.345,1199.045,1196.135,1199.045,2896,3220,0
2021-04-15 23:00:00,1199.065,1199.065,1194.745,1196.315,1148,3780,0
2021-04-16 01:00:00,1190.925,1198.365,1190.925,1197.595,356,4360,0
2021-04-16 02:00:00,1197.595,1200.415,1197.355,1199.775,444,4020,0
2021-04-16 03:00:00,1199.775,1203.925,1199.765,1200.845,670,3820,0
2021-04-16 04:00:00,1200.875,1201.505,1197.765,1198.485,662,3960,0
2021-04-16 05:00:00,1198.495,1198.555,1195.175,1197.875,852,4190,0
2021-04-16 06:00:00,1197.805,1198.575,1196.995,1198.575,441,4580,0
2021-04-16 07:00:00,1198.475,1201.805,1198.215,1201.805,278,4560,0
2021-04-16 08:00:00,1201.805,1203.555,1199.795,1203.165,521,3840,0
2021-04-16 09:00:00,1203.145,1203.145,1196.705,1198.315,1191,4280,0
2021-04-16 10:00:00,1198.335,1202.145,1198.225,1199.665,754,4490,0
2021-04-16 11:00:00,1199.715,1201.505,1196.025,1197.535,940,3970,0
2021-04-16 12:00:00,1197.535,1199.465,1191.285,1198.785,1149,4100,0
2021-04-16 13:00:00,1198.755,1203.365,1197.185,1202.555,1194,4460,0
2021-04-16 14:00:00,1202.535,1210.525,1201.765,1209.425,1127,3120,0
2021-04-16 15:00:00,1209.425,1210.395,1201.515,1209.355,1826,3520,0
2021-04-16 16:00:00,1209.385,1210.425,1191.265,1192.135,3564,3620,0
2021-04-16 17:00:00,1192.215,1208.515,1191.965,1205.755,2580,3120,0
2021-04-16 18:00:00,1205.785,1207.195,1200.415,1203.725,1022,3080,0
2021-04-16 19:00:00,1203.695,1207.555,1201.335,1207.485,1004,3670,0
2021-04-16 20:00:00,1207.555,1208.175,1205.525,1205.845,1204,3390,0
2021-04-16 21:00:00,1205.795,1207.315,1204.775,1207.105,937,3170,0
2021-04-16 22:00:00,1207.105,1207.495,1203.365,1204.245,611,3210,0
2021-04-16 23:00:00,1204.245,1204.245,1201.865,1202.055,450,4230,0
2021-04-19 01:00:00,1200.735,1203.645,1200.735,1203.305,411,4300,0
2021-04-19 02:00:00,1203.305,1204.535,1202.745,1203.005,562,4280,0
2021-04-19 03:00:00,1203.005,1212.475,1202.135,1210.715,759,4380,0
2021-04-19 04:00:00,1210.735,1210.735,1200.875,1203.795,997,4670,0
2021-04-19 05:00:00,1203.795,1208.445,1203.435,1207.905,534,4990,0
2021-04-19 06:00:00,1207.955,1210.805,1206.385,1206.625,626,4470,0
2021-04-19 07:00:00,1206.585,1208.295,1205.915,1207.435,485,4890,0
2021-04-19 08:00:00,1207.435,1209.625,1206.125,1208.035,657,4170,0
2021-04-19 09:00:00,1208.045,1216.665,1207.335,1216.105,1029,3240,0
2021-04-19 10:00:00,1216.075,1219.215,1213.185,1218.345,1479,2700,0
2021-04-19 11:00:00,1218.345,1220.905,1217.145,1217.455,1426,2850,0
2021-04-19 12:00:00,1217.455,1219.755,1216.555,1216.915,771,3470,0
2021-04-19 13:00:00,1217.035,1220.565,1215.465,1217.145,798,3340,0
2021-04-19 14:00:00,1217.125,1219.565,1210.425,1214.405,1339,3780,0
2021-04-19 15:00:00,1214.575,1228.545,1208.425,1227.585,2338,3870,0
2021-04-19 16:00:00,1227.685,1229.955,1203.825,1218.085,3710,2660,0
2021-04-19 17:00:00,1218.055,1220.015,1208.485,1212.665,1579,3840,0
2021-04-19 18:00:00,1212.725,1213.725,1205.115,1207.025,1454,3130,0
2021-04-19 19:00:00,1207.015,1207.955,1203.395,1204.325,1217,3440,0
2021-04-19 20:00:00,1204.195,1208.945,1203.755,1208.445,1581,3340,0
2021-04-19 21:00:00,1208.595,1209.925,1207.385,1208.965,774,3440,0
2021-04-19 22:00:00,1208.935,1210.435,1207.785,1210.065,500,3710,0
2021-04-19 23:00:00,1210.075,1210.155,1208.405,1209.115,435,3780,0
2021-04-20 01:00:00,1209.995,1210.425,1205.325,1210.385,307,4640,0
2021-04-20 02:00:00,1210.415,1211.145,1208.945,1210.265,487,4310,0
2021-04-20 03:00:00,1210.265,1211.365,1205.365,1205.785,1273,4020,0
2021-04-20 04:00:00,1205.785,1208.905,1204.795,1208.815,1885,4640,0
2021-04-20 05:00:00,1208.785,1208.935,1204.765,1205.735,1789,4430,0
2021-04-20 06:00:00,1205.765,1211.835,1205.115,1209.555,1051,4520,0
2021-04-20 07:00:00,1209.505,1209.835,1206.845,1208.985,506,5240,0
2021-04-20 08:00:00,1208.975,1210.045,1206.355,1208.895,723,5220,0
2021-04-20 09:00:00,1208.975,1210.235,1205.605,1207.715,1081,3970,0
2021-04-20 10:00:00,1207.715,1212.565,1204.495,1209.725,1171,3900,0
2021-04-20 11:00:00,1209.725,1209.745,1202.605,1203.345,1115,3450,0
2021-04-20 12:00:00,1203.405,1203.465,1184.745,1193.245,1808,1670,0
2021-04-20 13:00:00,1193.605,1193.635,1188.815,1190.925,1059,3340,0
2021-04-20 14:00:00,1190.925,1195.175,1190.875,1194.135,972,3430,0
2021-04-20 15:00:00,1194.085,1194.685,1183.905,1190.395,2304,2480,0
2021-04-20 16:00:00,1190.465,1206.545,1184.385,1204.115,3480,2700,0
2021-04-20 17:00:00,1204.255,1206.745,1185.585,1188.655,2897,3550,0
2021-04-20 18:00:00,1188.625,1193.625,1184.945,1193.285,2593,3760,0
2021-04-20 19:00:00,1193.635,1197.545,1192.815,1193.865,1430,3270,0
2021-04-20 20:00:00,1193.855,1195.835,1189.505,1190.345,1529,3610,0
2021-04-20 21:00:00,1190.345,1190.865,1186.325,1187.605,897,3380,0
2021-04-20 22:00:00,1187.615,1190.195,1187.515,1188.675,570,3560,0
2021-04-20 23:00:00,1188.625,1189.565,1187.005,1187.455,444,4340,0
2021-04-21 01:00:00,1183.375,1188.705,1183.375,1186.335,512,5610,0
2021-04-21 02:00:00,1186.355,1188.025,1185.515,1186.295,476,4900,0
2021-04-21 03:00:00,1186.245,1189.005,1184.925,1185.265,1006,4550,0
2021-04-21 04:00:00,1185.245,1188.415,1184.435,1185.545,1238,4010,0
2021-04-21 05:00:00,1185.555,1187.065,1184.375,1186.055,1049,4480,0
2021-04-21 06:00:00,1186.035,1188.065,1185.565,1187.085,484,5060,0
2021-04-21 07:00:00,1187.055,1189.775,1186.575,1188.945,549,4520,0
2021-04-21 08:00:00,1188.895,1193.805,1187.605,1193.115,870,4590,0
2021-04-21 09:00:00,1193.085,1201.565,1191.865,1201.245,1159,4640,0
2021-04-21 10:00:00,1201.675,1203.365,1194.405,1197.155,1401,3670,0
2021-04-21 11:00:00,1197.145,1198.835,1186.535,1188.495,1222,1630,0
2021-04-21 12:00:00,1188.545,1191.935,1184.885,1186.615,1429,3430,0
2021-04-21 13:00:00,1186.615,1193.655,1184.715,1193.655,831,2830,0
2021-04-21 14:00:00,1193.665,1194.595,1190.015,1194.175,734,2750,0
2021-04-21 15:00:00,1194.175,1198.015,1188.875,1191.075,1588,3100,0
2021-04-21 16:00:00,1191.025,1208.335,1188.765,1203.715,3948,2740,0
2021-04-21 17:00:00,1203.665,1206.975,1195.915,1205.945,3164,2890,0
2021-04-21 18:00:00,1206.065,1219.345,1205.435,1215.185,1960,3040,0
2021-04-21 19:00:00,1214.995,1218.835,1208.875,1210.585,1340,3530,0
2021-04-21 20:00:00,1210.585,1215.925,1210.535,1215.015,1471,3130,0
2021-04-21 21:00:00,1215.035,1217.545,1213.865,1217.255,1061,3130,0
2021-04-21 22:00:00,1217.225,1220.765,1216.625,1220.285,909,2830,0
2021-04-21 23:00:00,1220.435,1220.435,1213.945,1214.795,544,3190,0
2021-04-22 01:00:00,1211.315,1216.775,1211.315,1215.195,441,4610,0
2021-04-22 02:00:00,1215.045,1218.905,1214.375,1217.175,999,3570,0
2021-04-22 03:00:00,1217.195,1217.195,1213.195,1214.005,950,4090,0
2021-04-22 04:00:00,1214.005,1217.865,1213.065,1216.135,1088,4310,0
2021-04-22 05:00:00,1216.085,1216.545,1213.085,1214.085,1003,3830,0
2021-04-22 06:00:00,1214.055,1217.195,1213.625,1214.945,526,4810,0
2021-04-22 07:00:00,1214.925,1215.315,1211.315,1215.145,860,4720,0
2021-04-22 08:00:00,1215.175,1215.565,1211.845,1212.465,738,4550,0
2021-04-22 09:00:00,1212.395,1214.375,1209.395,1213.985,844,4260,0
2021-04-22 10:00:00,1213.985,1214.365,1208.485,1208.485,835,3790,0
2021-04-22 11:00:00,1208.445,1208.495,1199.485,1201.075,1392,3530,0
2021-04-22 12:00:00,1201.075,1202.505,1198.365,1200.475,972,3060,0
2021-04-22 13:00:00,1200.495,1205.115,1199.915,1203.485,777,3760,0
2021-04-22 14:00:00,1203.485,1208.435,1202.785,1204.815,709,3920,0
2021-04-22 15:00:00,1204.705,1217.945,1202.395,1216.105,1618,2460,0
2021-04-22 16:00:00,1216.055,1216.765,1210.035,1211.465,2121,3600,0
2021-04-22 17:00:00,1211.495,1214.875,1201.035,1214.085,2858,2870,0
2021-04-22 18:00:00,1214.105,1217.705,1207.895,1210.725,1778,3580,0
2021-04-22 19:00:00,1210.685,1210.875,1205.825,1207.315,1777,3790,0
2021-04-22 20:00:00,1207.285,1207.935,1200.865,1201.905,2938,3410,0
2021-04-22 21:00:00,1201.855,1205.035,1199.025,1205.035,2032,3480,0
2021-04-22 22:00:00,1205.005,1205.505,1200.855,1204.255,1058,3600,0
2021-04-22 23:00:00,1204.275,1205.835,1203.925,1205.825,315,4110,0
2021-04-23 01:00:00,1202.565,1204.935,1202.455,1203.475,592,4950,0
2021-04-23 02:00:00,1203.625,1204.815,1203.125,1204.365,444,4690,0
2021-04-23 03:00:00,1204.345,1204.445,1203.135,1203.635,347,5240,0
2021-04-23 04:00:00,1203.685,1208.275,1203.405,1206.885,1181,4610,0
2021-04-23 05:00:00,1206.865,1207.315,1205.305,1206.565,738,4740,0
2021-04-23 06:00:00,1206.585,1207.545,1205.665,1206.415,592,4420,0
2021-04-23 07:00:00,1206.385,1207.615,1205.845,1206.535,659,4160,0
2021-04-23 08:00:00,1206.555,1207.265,1204.285,1207.095,857,4610,0
2021-04-23 09:00:00,1207.115,1212.325,1206.875,1209.075,1263,4680,0
2021-04-23 10:00:00,1209.095,1213.115,1208.505,1210.255,1325,4100,0
2021-04-23 11:00:00,1210.335,1215.135,1207.135,1213.715,1041,3580,0
2021-04-23 12:00:00,1213.755,1218.155,1212.205,1217.155,1077,3750,0
2021-04-23 13:00:00,1217.125,1220.465,1215.815,1218.915,836,3480,0
2021-04-23 14:00:00,1218.805,1234.815,1218.805,1232.495,2875,2260,0
2021-04-23 15:00:00,1232.535,1253.025,1229.715,1241.775,3905,2340,0
2021-04-23 16:00:00,1241.805,1251.455,1227.695,1234.575,4527,2510,0
2021-04-23 17:00:00,1234.575,1239.465,1216.825,1222.385,3514,3900,0
2021-04-23 18:00:00,1222.435,1232.855,1219.775,1229.125,2092,4380,0
2021-04-23 19:00:00,1229.265,1234.115,1228.565,1232.095,1325,4470,0
2021-04-23 20:00:00,1232.025,1232.235,1226.335,1229.815,1266,4230,0
2021-04-23 21:00:00,1229.815,1231.375,1227.055,1229.915,490,4380,0
2021-04-23 22:00:00,1229.905,1230.645,1228.535,1229.535,662,4350,0
2021-04-23 23:00:00,1229.535,1230.275,1226.825,1227.085,414,4750,0
2021-04-26 01:00:00,1230.845,1234.875,1230.415,1232.025,620,4600,0
2021-04-26 02:00:00,1232.025,1233.325,1230.265,1230.365,552,3940,0
2021-04-26 03:00:00,1230.385,1237.655,1229.665,1236.315,949,4690,0
2021-04-26 04:00:00,1236.315,1239.235,1234.135,1236.615,1373,4130,0
2021-04-26 05:00:00,1236.615,1238.615,1234.745,1237.275,709,4410,0
2021-04-26 06:00:00,1237.275,1238.085,1233.815,1235.965,585,5170,0
2021-04-26 07:00:00,1235.955,1236.765,1232.765,1232.765,706,4160,0
2021-04-26 08:00:00,1232.715,1235.785,1232.425,1232.575,980,4740,0
2021-04-26 09:00:00,1232.475,1236.885,1229.335,1236.865,1325,4490,0
2021-04-26 10:00:00,1236.865,1242.755,1234.765,1242.315,1030,4190,0
2021-04-26 11:00:00,1242.305,1248.155,1234.045,1236.045,1603,3000,0
2021-04-26 12:00:00,1236.075,1241.535,1234.395,1240.525,998,5180,0
2021-04-26 13:00:00,1240.605,1243.975,1232.305,1235.835,1016,4620,0
2021-04-26 14:00:00,1235.885,1237.145,1231.025,1236.785,1085,4890,0
2021-04-26 15:00:00,1236.765,1237.315,1224.565,1231.805,1657,4510,0
2021-04-26 16:00:00,1231.825,1243.795,1227.045,1229.235,3298,3930,0
2021-04-26 17:00:00,1229.355,1238.025,1226.775,1230.905,2526,4190,0
2021-04-26 18:00:00,1230.935,1236.595,1230.445,1234.085,1243,4600,0
2021-04-26 19:00:00,1234.105,1240.755,1232.755,1239.935,1248,5550,0
2021-04-26 20:00:00,1239.965,1243.735,1238.465,1243.405,1558,4330,0
2021-04-26 21:00:00,1243.355,1244.395,1242.125,1243.765,841,4320,0
2021-04-26 22:00:00,1243.765,1245.065,1241.195,1243.505,734,5060,0
2021-04-26 23:00:00,1243.505,1244.185,1242.415,1244.085,487,6110,0
2021-04-27 01:00:00,1244.255,1254.345,1242.755,1250.855,650,4660,0
2021-04-27 02:00:00,1250.835,1254.965,1246.025,1246.635,810,4580,0
2021-04-27 03:00:00,1246.635,1251.395,1246.455,1251.395,904,4410,0
2021-04-27 04:00:00,1251.405,1253.605,1247.205,1247.935,924,3890,0
2021-04-27 05:00:00,1247.915,1249.255,1240.015,1243.625,711,3890,0
2021-04-27 06:00:00,1243.615,1245.615,1237.855,1243.725,605,4350,0
2021-04-27 07:00:00,1243.775,1245.645,1243.215,1245.025,379,4290,0
2021-04-27 08:00:00,1245.025,1248.545,1243.215,1247.515,679,4280,0
2021-04-27 09:00:00,1247.575,1248.215,1240.495,1243.155,1106,4770,0
2021-04-27 10:00:00,1243.225,1244.295,1238.465,1238.825,896,4650,0
2021-04-27 11:00:00,1238.805,1241.665,1236.695,1241.455,861,4290,0
2021-04-27 12:00:00,1241.455,1245.015,1240.525,1243.985,922,4300,0
2021-04-27 13:00:00,1243.975,1248.115,1242.855,1247.465,854,4290,0
2021-04-27 14:00:00,1247.455,1250.385,1242.415,1245.225,981,4160,0
2021-04-27 15:00:00,1245.275,1251.825,1243.885,1249.405,1654,4210,0
2021-04-27 16:00:00,1249.405,1249.535,1240.245,1243.405,2123,4940,0
2021-04-27 17:00:00,1243.405,1254.015,1241.775,1251.935,2078,4830,0
2021-04-27 18:00:00,1251.895,1256.075,1249.005,1251.525,1418,4380,0
2021-04-27 19:00:00,1251.575,1252.925,1245.905,1245.955,973,4990,0
2021-04-27 20:00:00,1245.985,1246.155,1240.405,1240.775,1363,5050,0
2021-04-27 21:00:00,1240.785,1240.785,1227.205,1229.935,1379,4030,0
2021-04-27 22:00:00,1229.885,1230.225,1227.585,1228.705,1289,6190,0
2021-04-27 23:00:00,1228.725,1229.415,1227.435,1227.435,638,5810,0
2021-04-28 01:00:00,1226.195,1227.475,1218.395,1224.845,752,5000,0
2021-04-28 02:00:00,1224.875,1229.085,1224.385,1227.785,985,4780,0
2021-04-28 03:00:00,1227.915,1227.915,1220.085,1221.595,1758,4980,0
2021-04-28 04:00:00,1221.565,1222.615,1218.055,1222.075,3916,3990,0
2021-04-28 05:00:00,1222.055,1223.325,1220.205,1220.545,2151,5070,0
2021-04-28 06:00:00,1220.445,1220.975,1218.385,1220.025,829,4390,0
2021-04-28 07:00:00,1220.025,1220.975,1219.465,1220.435,398,3740,0
2021-04-28 08:00:00,1220.445,1222.835,1219.945,1219.985,781,3060,0
2021-04-28 09:00:00,1219.935,1224.695,1219.505,1222.405,1071,3830,0
2021-04-28 10:00:00,1222.405,1224.545,1220.585,1223.485,1026,3590,0
2021-04-28 11:00:00,1223.495,1226.945,1221.925,1226.025,917,3230,0
2021-04-28 12:00:00,1226.035,1226.275,1217.875,1219.835,1067,3260,0
2021-04-28 13:00:00,1219.825,1220.285,1213.005,1216.215,1244,3840,0
2021-04-28 14:00:00,1216.255,1217.695,1210.635,1211.005,1150,3070,0
2021-04-28 15:00:00,1210.855,1213.785,1205.635,1210.215,2430,3290,0
2021-04-28 16:00:00,1210.505,1215.205,1208.665,1211.675,4003,3610,0
2021-04-28 17:00:00,1211.675,1215.715,1208.785,1209.355,5316,3980,0
2021-04-28 18:00:00,1209.435,1212.135,1206.475,1211.435,3108,4050,0
2021-04-28 19:00:00,1211.405,1213.585,1209.045,1209.355,2063,4410,0
2021-04-28 20:00:00,1209.225,1213.155,1207.795,1207.795,1969,4440,0
2021-04-28 21:00:00,1207.905,1221.605,1206.875,1220.655,6451,5140,0
2021-04-28 22:00:00,1220.625,1225.565,1218.025,1221.645,4700,4490,0
2021-04-28 23:00:00,1221.665,1221.825,1218.895,1219.455,1576,5180,0
2021-04-29 01:00:00,1218.555,1223.725,1218.555,1222.015,697,5290,0
2021-04-29 02:00:00,1221.995,1223.065,1220.285,1220.975,862,4750,0
2021-04-29 03:00:00,1220.955,1224.055,1220.835,1223.255,1624,5080,0
2021-04-29 04:00:00,1223.305,1230.425,1223.305,1229.925,1670,5070,0
2021-04-29 05:00:00,1229.955,1230.675,1224.645,1225.695,1816,5090,0
2021-04-29 06:00:00,1225.685,1226.305,1223.025,1223.425,1255,5270,0
2021-04-29 07:00:00,1223.445,1225.085,1222.435,1224.435,834,5460,0
2021-04-29 08:00:00,1224.005,1226.135,1223.025,1225.565,932,5180,0
2021-04-29 09:00:00,1225.515,1225.785,1216.705,1218.065,1573,4850,0
2021-04-29 10:00:00,1218.035,1222.705,1216.825,1220.945,2199,3990,0
2021-04-29 11:00:00,1220.955,1222.365,1213.445,1218.335,1169,4230,0
2021-04-29 12:00:00,1218.355,1223.745,1214.745,1214.855,1774,3920,0
2021-04-29 13:00:00,1214.825,1215.415,1209.575,1214.195,2067,3240,0
2021-04-29 14:00:00,1214.195,1218.295,1214.045,1217.655,1587,2570,0
2021-04-29 15:00:00,1217.685,1227.205,1217.655,1221.925,2574,2000,0
2021-04-29 16:00:00,1221.925,1222.205,1189.325,1189.695,4820,940,0
2021-04-29 17:00:00,1189.585,1194.675,1173.635,1193.355,4618,2290,0
2021-04-29 18:00:00,1193.325,1204.175,1190.145,1199.655,2663,3460,0
2021-04-29 19:00:00,1199.655,1199.825,1189.805,1196.675,2767,2450,0
2021-04-29 20:00:00,1196.675,1199.035,1194.535,1198.435,1998,3180,0
2021-04-29 21:00:00,1198.485,1203.615,1198.305,1203.285,1652,3340,0
2021-04-29 22:00:00,1203.275,1203.955,1200.125,1203.735,1669,2700,0
2021-04-29 23:00:00,1203.685,1203.905,1199.835,1200.875,1386,3630,0
2021-04-30 01:00:00,1195.975,1202.815,1195.975,1202.615,646,3930,0
2021-04-30 02:00:00,1202.615,1206.995,1202.615,1206.565,1027,3710,0
2021-04-30 03:00:00,1206.585,1207.955,1204.995,1207.365,1809,3980,0
2021-04-30 04:00:00,1207.385,1207.755,1203.505,1204.595,2006,3270,0
2021-04-30 05:00:00,1204.575,1204.595,1202.285,1203.465,1268,3850,0
2021-04-30 06:00:00,1203.465,1205.845,1202.125,1202.125,870,3720,0
2021-04-30 07:00:00,1202.175,1205.695,1202.055,1205.025,907,3770,0
2021-04-30 08:00:00,1205.015,1205.265,1202.555,1204.115,1243,3930,0
2021-04-30 09:00:00,1204.115,1210.935,1203.695,1210.075,1637,2830,0
2021-04-30 10:00:00,1210.045,1211.515,1207.515,1208.635,2110,2840,0
2021-04-30 11:00:00,1208.635,1212.065,1207.865,1210.935,1545,2500,0
2021-04-30 12:00:00,1210.935,1215.025,1208.005,1208.555,2151,2360,0
2021-04-30 13:00:00,1208.555,1219.635,1208.395,1215.835,2369,2150,0
2021-04-30 14:00:00,1215.835,1222.775,1214.005,1220.755,2872,2040,0
2021-04-30 15:00:00,1220.785,1225.575,1216.365,1221.895,3114,1930,0
2021-04-30 16:00:00,1221.915,1222.815,1208.845,1209.705,4229,3480,0
2021-04-30 17:00:00,1209.725,1216.925,1206.845,1211.465,3927,4120,0
2021-04-30 18:00:00,1211.445,1212.585,1200.625,1200.985,3318,3820,0
2021-04-30 19:00:00,1201.015,1206.365,1200.865,1205.815,2800,3930,0
2021-04-30 20:00:00,1205.865,1206.125,1197.345,1198.185,5152,3750,0
2021-04-30 21:00:00,1198.215,1200.225,1197.765,1198.165,2527,3920,0
2021-04-30 22:00:00,1198.135,1198.795,1196.005,1197.265,2566,4020,0
2021-04-30 23:00:00,1197.115,1199.065,1196.665,1197.565,454,4420,0
2021-05-03 01:00:00,1191.875,1199.595,1191.345,1199.135,865,5170,0
2021-05-03 02:00:00,1199.195,1201.455,1198.985,1200.605,818,4900,0
2021-05-03 03:00:00,1200.525,1204.885,1197.355,1204.395,927,5070,0
2021-05-03 04:00:00,1204.425,1208.245,1202.445,1207.655,779,4950,0
2021-05-03 05:00:00,1207.685,1207.805,1204.005,1205.205,1206,4890,0
2021-05-03 06:00:00,1205.185,1208.105,1204.625,1207.325,714,4980,0
2021-05-03 07:00:00,1207.335,1207.785,1205.075,1205.475,453,4980,0
2021-05-03 08:00:00,1205.505,1205.625,1201.045,1201.515,591,5220,0
2021-05-03 09:00:00,1201.465,1207.305,1199.925,1206.545,969,4190,0
2021-05-03 10:00:00,1206.545,1207.415,1201.595,1201.965,1015,3780,0
2021-05-03 11:00:00,1201.965,1202.545,1197.915,1198.045,958,3270,0
2021-05-03 12:00:00,1198.075,1201.245,1193.425,1196.465,989,3400,0
2021-05-03 13:00:00,1196.465,1203.355,1195.965,1195.995,1279,3420,0
2021-05-03 14:00:00,1196.025,1201.795,1193.555,1199.085,1491,4570,0
2021-05-03 15:00:00,1198.845,1213.915,1196.605,1211.445,3227,4630,0
2021-05-03 16:00:00,1211.425,1236.885,1211.425,1233.965,3991,3850,0
2021-05-03 17:00:00,1233.965,1244.475,1233.965,1240.635,4827,2510,0
2021-05-03 18:00:00,1240.635,1243.285,1223.405,1225.785,3657,3100,0
2021-05-03 19:00:00,1225.785,1228.895,1222.765,1222.995,2028,3220,0
2021-05-03 20:00:00,1223.015,1232.985,1222.405,1229.595,3038,4180,0
2021-05-03 21:00:00,1229.625,1232.895,1229.045,1229.835,1906,4570,0
2021-05-03 22:00:00,1229.915,1230.545,1226.525,1227.225,1261,4600,0
2021-05-03 23:00:00,1227.305,1230.145,1227.155,1230.095,758,5020,0
2021-05-04 01:00:00,1230.525,1232.665,1225.545,1230.885,775,4770,0
2021-05-04 02:00:00,1230.915,1231.605,1230.395,1230.475,415,4510,0
2021-05-04 03:00:00,1230.445,1232.345,1230.365,1230.895,886,4880,0
2021-05-04 04:00:00,1230.865,1231.565,1230.405,1230.525,1005,5010,0
2021-05-04 05:00:00,1230.505,1233.105,1230.505,1233.025,1065,4150,0
2021-05-04 06:00:00,1233.055,1235.625,1231.965,1234.015,873,3340,0
2021-05-04 07:00:00,1234.035,1234.035,1231.215,1231.225,711,3750,0
2021-05-04 08:00:00,1231.255,1234.255,1224.305,1232.895,1305,4120,0
2021-05-04 09:00:00,1232.945,1233.215,1230.175,1232.705,1171,4290,0
2021-05-04 10:00:00,1232.745,1237.825,1227.275,1237.625,1253,4080,0
2021-05-04 11:00:00,1237.645,1244.815,1237.265,1237.775,2218,3750,0
2021-05-04 12:00:00,1237.745,1241.445,1235.855,1236.485,1603,4350,0
2021-05-04 13:00:00,1236.485,1242.795,1236.415,1240.495,1258,2770,0
2021-05-04 14:00:00,1240.595,1245.105,1234.995,1236.525,1988,4090,0
2021-05-04 15:00:00,1236.525,1248.475,1229.785,1247.955,2517,3680,0
2021-05-04 16:00:00,1247.955,1262.085,1245.715,1259.915,4522,2080,0
2021-05-04 17:00:00,1259.885,1268.275,1248.005,1250.275,5239,3260,0
2021-05-04 18:00:00,1250.275,1252.535,1217.015,1220.835,6051,2900,0
2021-05-04 19:00:00,1220.785,1230.495,1216.975,1225.485,3138,2300,0
2021-05-04 20:00:00,1225.515,1232.655,1225.415,1230.995,2575,3740,0
2021-05-04 21:00:00,1230.885,1233.605,1229.085,1229.945,1436,4240,0
2021-05-04 22:00:00,1229.925,1234.845,1227.005,1234.505,2952,4140,0
2021-05-04 23:00:00,1234.505,1238.865,1233.215,1238.545,1290,4370,0
2021-05-05 01:00:00,1233.715,1237.055,1231.055,1233.145,547,4840,0
2021-05-05 02:00:00,1233.145,1236.715,1233.145,1234.675,476,4740,0
2021-05-05 03:00:00,1234.675,1238.225,1233.955,1238.105,503,4520,0
2021-05-05 04:00:00,1238.135,1240.135,1235.835,1238.045,836,4350,0
2021-05-05 05:00:00,1238.045,1240.745,1236.805,1239.405,883,4070,0
2021-05-05 06:00:00,1239.405,1240.305,1238.245,1239.365,397,4490,0
2021-05-05 07:00:00,1239.365,1239.445,1237.285,1237.535,530,4490,0
2021-05-05 08:00:00,1237.535,1237.565,1231.545,1232.355,984,4710,0
2021-05-05 09:00:00,1232.335,1233.505,1226.395,1229.875,1255,3910,0
2021-05-05 10:00:00,1229.915,1231.705,1225.665,1225.685,1166,3780,0
2021-05-05 11:00:00,1225.695,1227.335,1218.905,1225.985,1274,3490,0
2021-05-05 12:00:00,1225.985,1231.405,1225.275,1230.235,910,3600,0
2021-05-05 13:00:00,1230.265,1231.445,1221.285,1221.375,938,2970,0
2021-05-05 14:00:00,1221.355,1227.365,1220.785,1226.975,985,3300,0
2021-05-05 15:00:00,1226.995,1229.865,1211.805,1214.965,3048,3280,0
2021-05-05 16:00:00,1214.965,1230.135,1213.955,1225.585,4088,3510,0
2021-05-05 17:00:00,1225.665,1229.445,1218.395,1228.265,4459,3030,0
2021-05-05 18:00:00,1228.315,1233.825,1223.425,1227.695,2050,2750,0
2021-05-05 19:00:00,1227.845,1228.175,1224.305,1226.855,1743,3330,0
2021-05-05 20:00:00,1226.855,1228.935,1224.315,1228.335,1982,3340,0
2021-05-05 21:00:00,1228.335,1229.115,1226.395,1227.975,1111,3640,0
2021-05-05 22:00:00,1227.915,1228.485,1225.625,1227.225,1757,2940,0
2021-05-05 23:00:00,1227.225,1229.315,1227.125,1228.615,1025,3790,0
2021-05-06 01:00:00,1222.185,1228.845,1222.185,1227.355,481,4590,0
2021-05-06 02:00:00,1227.355,1228.245,1220.755,1221.545,934,4120,0
2021-05-06 03:00:00,1221.445,1222.615,1217.795,1218.175,1267,4180,0
2021-05-06 04:00:00,1218.205,1223.325,1215.925,1221.845,2442,4260,0
2021-05-06 05:00:00,1221.865,1222.485,1217.915,1220.505,1080,4140,0
2021-05-06 06:00:00,1220.505,1223.505,1220.105,1223.375,1156,4310,0
2021-05-06 07:00:00,1223.385,1223.965,1221.015,1221.985,864,4110,0
2021-05-06 08:00:00,1221.935,1230.495,1221.575,1229.765,1186,4350,0
2021-05-06 09:00:00,1229.695,1234.155,1227.995,1232.225,1812,3070,0
2021-05-06 10:00:00,1232.225,1237.675,1231.455,1234.445,2253,2380,0
2021-05-06 11:00:00,1234.445,1240.045,1233.415,1236.625,2404,2470,0
2021-05-06 12:00:00,1236.605,1239.195,1234.005,1237.355,2384,3500,0
2021-05-06 13:00:00,1237.335,1238.715,1233.545,1235.635,1748,4370,0
2021-05-06 14:00:00,1235.635,1244.885,1232.615,1243.405,2551,3170,0
2021-05-06 15:00:00,1243.405,1244.595,1235.725,1235.825,3496,3710,0
2021-05-06 16:00:00,1235.805,1244.585,1227.575,1243.405,6509,3340,0
2021-05-06 17:00:00,1243.325,1247.385,1233.325,1245.115,5337,5040,0
2021-05-06 18:00:00,1245.145,1251.065,1242.025,1249.185,3702,4020,0
2021-05-06 19:00:00,1249.245,1253.315,1248.025,1251.155,3019,4400,0
2021-05-06 20:00:00,1251.205,1254.755,1250.355,1252.005,3207,3690,0
2021-05-06 21:00:00,1251.985,1252.575,1248.975,1251.305,4359,4720,0
2021-05-06 22:00:00,1251.325,1254.395,1250.755,1253.945,2351,4210,0
2021-05-06 23:00:00,1253.915,1254.295,1251.875,1252.915,1455,4740,0
2021-05-07 01:00:00,1253.125,1253.125,1243.365,1251.075,585,5260,0
2021-05-07 02:00:00,1251.095,1254.315,1250.855,1251.805,610,4900,0
2021-05-07 03:00:00,1251.835,1253.025,1247.825,1250.965,1446,3960,0
2021-05-07 04:00:00,1250.505,1255.335,1249.585,1254.945,1572,4700,0
2021-05-07 05:00:00,1254.895,1255.475,1253.115,1254.395,1659,4700,0
2021-05-07 06:00:00,1254.395,1257.945,1252.965,1253.535,1910,4460,0
2021-05-07 07:00:00,1253.505,1256.145,1253.365,1254.035,874,4090,0
2021-05-07 08:00:00,1254.035,1256.805,1247.795,1247.805,1584,4300,0
2021-05-07 09:00:00,1247.855,1250.535,1245.605,1246.685,1877,4300,0
2021-05-07 10:00:00,1246.705,1247.145,1242.625,1244.615,3314,4480,0
2021-05-07 11:00:00,1244.665,1249.865,1244.095,1248.465,2735,4780,0
2021-05-07 12:00:00,1248.415,1250.285,1246.745,1248.285,1476,5090,0
2021-05-07 13:00:00,1248.265,1257.305,1248.265,1257.005,2360,5010,0
2021-05-07 14:00:00,1257.025,1258.265,1254.245,1255.225,1932,5010,0
2021-05-07 15:00:00,1255.205,1268.835,1243.695,1259.685,8809,4440,0
2021-05-07 16:00:00,1259.605,1261.045,1237.925,1255.945,10107,4450,0
2021-05-07 17:00:00,1255.915,1261.585,1245.075,1250.935,6138,2440,0
2021-05-07 18:00:00,1250.935,1255.545,1246.265,1255.345,5023,2590,0
2021-05-07 19:00:00,1255.325,1255.375,1244.585,1249.925,4551,3100,0
2021-05-07 20:00:00,1249.895,1254.685,1248.675,1253.815,4027,3560,0
2021-05-07 21:00:00,1253.845,1256.045,1251.735,1255.495,4549,3760,0
2021-05-07 22:00:00,1255.465,1256.005,1254.125,1255.775,3557,3980,0
2021-05-07 23:00:00,1255.755,1255.755,1252.745,1253.775,568,4130,0
2021-05-10 01:00:00,1253.265,1253.775,1249.735,1250.335,871,4520,0
2021-05-10 02:00:00,1250.315,1258.805,1250.165,1258.235,1053,3690,0
2021-05-10 03:00:00,1258.205,1258.205,1252.875,1255.845,2005,5060,0
2021-05-10 04:00:00,1255.895,1260.375,1255.835,1258.305,3334,5380,0
2021-05-10 05:00:00,1258.355,1261.055,1256.935,1258.615,2008,5170,0
2021-05-10 06:00:00,1258.865,1259.305,1257.525,1257.885,1000,5150,0
2021-05-10 07:00:00,1257.835,1259.115,1256.775,1256.825,1578,4800,0
2021-05-10 08:00:00,1256.675,1262.305,1256.405,1261.305,3055,5130,0
2021-05-10 09:00:00,1261.365,1263.325,1259.175,1260.815,2400,4610,0
2021-05-10 10:00:00,1260.865,1262.065,1257.075,1259.885,3759,4440,0
2021-05-10 11:00:00,1259.905,1266.825,1259.815,1263.095,3021,4310,0
2021-05-10 12:00:00,1263.095,1266.135,1262.135,1265.995,1589,3550,0
2021-05-10 13:00:00,1266.015,1268.845,1265.105,1268.215,1913,3770,0
2021-05-10 14:00:00,1268.215,1277.935,1266.525,1273.205,2459,3140,0
2021-05-10 15:00:00,1273.155,1275.995,1267.405,1275.195,3212,3560,0
2021-05-10 16:00:00,1275.145,1275.635,1258.965,1267.235,9532,3510,0
2021-05-10 17:00:00,1267.285,1273.195,1260.025,1265.645,8552,4060,0
2021-05-10 18:00:00,1265.485,1269.175,1260.655,1268.285,5449,4110,0
2021-05-10 19:00:00,1268.285,1268.565,1259.855,1263.355,3639,4110,0
2021-05-10 20:00:00,1263.385,1263.485,1258.725,1260.585,3333,4360,0
2021-05-10 21:00:00,1260.615,1261.065,1246.965,1250.705,6094,4710,0
2021-05-10 22:00:00,1250.675,1255.305,1247.045,1253.285,5292,4740,0
2021-05-10 23:00:00,1253.235,1253.905,1247.875,1248.745,1877,4940,0
2021-05-11 01:00:00,1244.655,1248.345,1240.565,1244.405,950,5950,0
2021-05-11 02:00:00,1244.405,1252.115,1244.245,1250.885,1372,5030,0
2021-05-11 03:00:00,1250.885,1250.885,1241.585,1242.615,1430,5100,0
2021-05-11 04:00:00,1242.605,1244.955,1239.955,1242.975,1402,6510,0
2021-05-11 05:00:00,1242.975,1247.195,1242.505,1245.405,874,5390,0
2021-05-11 06:00:00,1245.405,1248.005,1244.325,1246.085,826,6470,0
2021-05-11 07:00:00,1246.085,1246.815,1245.515,1246.165,765,4930,0
2021-05-11 08:00:00,1246.145,1250.015,1245.265,1248.495,949,5110,0
2021-05-11 09:00:00,1248.485,1249.075,1245.265,1246.785,1212,5870,0
2021-05-11 10:00:00,1246.785,1248.095,1241.015,1245.075,2031,4760,0
2021-05-11 11:00:00,1245.075,1248.755,1242.225,1247.365,1738,4300,0
2021-05-11 12:00:00,1247.425,1248.215,1244.405,1246.925,1590,5030,0
2021-05-11 13:00:00,1246.925,1250.725,1245.775,1247.955,1994,5400,0
2021-05-11 14:00:00,1248.055,1248.895,1238.185,1240.535,2318,5010,0
2021-05-11 15:00:00,1240.595,1243.935,1217.995,1218.125,5179,5010,0
2021-05-11 16:00:00,1218.175,1234.385,1214.535,1234.215,4970,4090,0
2021-05-11 17:00:00,1234.215,1234.915,1217.135,1224.055,6420,4480,0
2021-05-11 18:00:00,1224.105,1236.925,1218.925,1235.675,6040,4300,0
2021-05-11 19:00:00,1235.685,1239.345,1233.405,1236.905,2137,4010,0
2021-05-11 20:00:00,1236.905,1242.005,1235.335,1239.145,1978,4410,0
2021-05-11 21:00:00,1239.145,1240.425,1235.875,1237.745,1530,4550,0
2021-05-11 22:00:00,1237.685,1240.655,1236.785,1236.785,1631,3960,0
2021-05-11 23:00:00,1236.855,1238.235,1234.755,1236.105,568,5090,0
2021-05-12 01:00:00,1233.925,1238.835,1233.925,1238.665,771,4220,0
2021-05-12 02:00:00,1238.805,1238.805,1235.785,1236.855,631,3880,0
2021-05-12 03:00:00,1236.825,1239.405,1227.995,1230.145,2459,4880,0
2021-05-12 04:00:00,1230.145,1232.525,1227.805,1229.225,2442,4350,0
2021-05-12 05:00:00,1229.245,1232.455,1228.075,1228.165,2521,5080,0
2021-05-12 06:00:00,1228.145,1230.265,1225.075,1226.145,2320,3910,0
2021-05-12 07:00:00,1226.095,1228.895,1225.395,1228.195,1548,5240,0
2021-05-12 08:00:00,1228.145,1232.015,1227.935,1229.085,2130,4940,0
2021-05-12 09:00:00,1229.105,1236.775,1229.105,1236.745,1323,4320,0
2021-05-12 10:00:00,1236.745,1242.545,1236.445,1239.765,1958,4020,0
2021-05-12 11:00:00,1239.765,1239.865,1233.455,1235.395,2621,4320,0
2021-05-12 12:00:00,1235.375,1238.195,1234.445,1237.095,2805,4710,0
2021-05-12 13:00:00,1237.115,1240.025,1234.275,1234.745,2601,4960,0
2021-05-12 14:00:00,1234.715,1236.815,1233.365,1235.255,3584,4380,0
2021-05-12 15:00:00,1235.275,1242.965,1219.245,1240.995,7975,3700,0
2021-05-12 16:00:00,1241.025,1248.045,1229.515,1235.995,14245,3330,0
2021-05-12 17:00:00,1235.995,1240.205,1228.965,1232.815,12693,3070,0
2021-05-12 18:00:00,1232.745,1235.025,1222.665,1223.335,5869,3230,0
2021-05-12 19:00:00,1223.335,1224.385,1217.265,1218.725,5822,4820,0
2021-05-12 20:00:00,1218.655,1224.755,1216.205,1219.715,4487,4160,0
2021-05-12 21:00:00,1219.755,1222.515,1217.005,1220.865,4146,4500,0
2021-05-12 22:00:00,1220.835,1220.975,1211.685,1214.955,7718,3310,0
2021-05-12 23:00:00,1214.985,1216.555,1211.385,1212.245,2257,3940,0
2021-05-13 01:00:00,1212.735,1217.735,1212.335,1215.785,1186,3910,0
2021-05-13 02:00:00,1215.795,1216.695,1215.055,1216.235,1011,3640,0
2021-05-13 03:00:00,1216.175,1216.965,1209.295,1215.395,2436,3850,0
2021-05-13 04:00:00,1215.445,1222.485,1213.095,1220.965,2969,4440,0
2021-05-13 05:00:00,1220.915,1222.015,1218.905,1220.005,1688,4530,0
2021-05-13 06:00:00,1219.985,1220.555,1215.865,1216.675,1087,4760,0
2021-05-13 07:00:00,1216.645,1218.765,1216.235,1217.235,634,4770,0
2021-05-13 08:00:00,1217.615,1217.795,1211.575,1214.425,2380,4500,0
2021-05-13 09:00:00,1214.425,1221.295,1214.335,1221.295,2363,3600,0
2021-05-13 10:00:00,1221.265,1221.845,1209.395,1209.845,3045,3390,0
2021-05-13 11:00:00,1209.845,1214.905,1205.905,1209.875,3343,4270,0
2021-05-13 12:00:00,1209.895,1210.565,1203.945,1203.945,2841,3900,0
2021-05-13 13:00:00,1204.145,1207.615,1199.425,1206.205,2382,2820,0
2021-05-13 14:00:00,1206.185,1210.105,1200.375,1207.905,3209,3890,0
2021-05-13 15:00:00,1207.935,1219.395,1203.235,1203.985,5118,4350,0
2021-05-13 16:00:00,1203.985,1217.105,1201.975,1216.115,7322,3480,0
2021-05-13 17:00:00,1216.135,1219.455,1208.185,1212.785,6352,2420,0
2021-05-13 18:00:00,1212.755,1214.035,1202.295,1204.485,5843,4220,0
2021-05-13 19:00:00,1204.285,1210.205,1202.495,1205.125,6555,4370,0
2021-05-13 20:00:00,1205.165,1205.465,1200.055,1200.725,8777,4300,0
2021-05-13 21:00:00,1200.705,1206.705,1199.445,1205.975,3425,3820,0
2021-05-13 22:00:00,1205.995,1210.615,1205.345,1207.265,5026,4500,0
2021-05-13 23:00:00,1207.245,1208.815,1206.765,1208.625,2071,4970,0
2021-05-14 01:00:00,1204.975,1209.495,1197.145,1206.275,1853,4780,0
2021-05-14 02:00:00,1206.255,1211.255,1205.985,1210.445,1349,4230,0
2021-05-14 03:00:00,1210.445,1217.195,1209.025,1216.945,1696,4330,0
2021-05-14 04:00:00,1216.895,1218.475,1213.475,1216.015,4365,4920,0
2021-05-14 05:00:00,1216.035,1216.455,1213.195,1215.235,2692,5120,0
2021-05-14 06:00:00,1215.285,1217.835,1213.845,1215.415,1903,5240,0
2021-05-14 07:00:00,1215.395,1217.965,1214.325,1217.345,1318,5260,0
2021-05-14 08:00:00,1217.315,1220.545,1214.795,1220.015,3351,4980,0
2021-05-14 09:00:00,1220.045,1226.035,1217.245,1223.655,4193,4350,0
2021-05-14 10:00:00,1223.205,1226.365,1218.805,1223.665,3032,3410,0
2021-05-14 11:00:00,1223.665,1227.085,1221.845,1224.635,3145,3370,0
2021-05-14 12:00:00,1224.655,1231.155,1223.225,1223.315,2994,3640,0
2021-05-14 13:00:00,1223.285,1226.325,1223.165,1225.805,2506,3090,0
2021-05-14 14:00:00,1225.805,1229.825,1225.135,1227.275,2433,3610,0
2021-05-14 15:00:00,1227.625,1232.815,1221.395,1228.925,4684,3600,0
2021-05-14 16:00:00,1228.935,1231.935,1223.285,1228.255,7632,3910,0
2021-05-14 17:00:00,1228.235,1231.015,1216.245,1220.435,12238,4690,0
2021-05-14 18:00:00,1220.285,1222.715,1218.125,1221.975,8560,4440,0
2021-05-14 19:00:00,1221.975,1225.405,1219.475,1219.475,5939,4040,0
2021-05-14 20:00:00,1219.475,1226.065,1219.225,1224.895,5826,4410,0
2021-05-14 21:00:00,1224.865,1227.225,1223.575,1227.065,4732,4690,0
2021-05-14 22:00:00,1227.045,1228.415,1226.555,1227.365,4473,4340,0
2021-05-14 23:00:00,1227.365,1227.635,1225.735,1226.135,606,4930,0
2021-05-17 01:00:00,1226.915,1232.735,1226.915,1229.305,607,4540,0
2021-05-17 02:00:00,1229.225,1230.035,1228.405,1229.235,1353,4630,0
2021-05-17 03:00:00,1229.205,1229.205,1222.225,1223.725,2061,4770,0
2021-05-17 04:00:00,1223.695,1229.115,1223.305,1226.535,3717,5010,0
2021-05-17 05:00:00,1226.485,1232.065,1224.815,1231.505,2520,4900,0
2021-05-17 06:00:00,1231.505,1232.545,1230.465,1230.535,3705,3610,0
2021-05-17 07:00:00,1230.555,1232.145,1230.355,1230.365,4016,3110,0
2021-05-17 08:00:00,1230.365,1234.245,1229.485,1229.905,5827,3580,0
2021-05-17 09:00:00,1229.905,1235.255,1229.905,1234.595,3361,3740,0
2021-05-17 10:00:00,1234.575,1235.785,1228.855,1230.935,4968,2830,0
2021-05-17 11:00:00,1230.885,1234.155,1229.925,1231.965,3415,3630,0
2021-05-17 12:00:00,1231.965,1232.855,1230.065,1231.625,3488,3460,0
2021-05-17 13:00:00,1231.625,1232.965,1229.835,1229.975,5041,4050,0
2021-05-17 14:00:00,1230.025,1233.285,1227.775,1229.215,3350,4090,0
2021-05-17 15:00:00,1229.245,1239.645,1227.905,1232.275,5187,2920,0
2021-05-17 16:00:00,1232.195,1234.125,1226.505,1228.385,6660,3540,0
2021-05-17 17:00:00,1228.155,1239.065,1225.805,1239.065,8881,3000,0
2021-05-17 18:00:00,1239.045,1239.425,1234.835,1238.055,7618,3550,0
2021-05-17 19:00:00,1238.055,1238.935,1233.775,1238.335,4995,4180,0
2021-05-17 20:00:00,1238.335,1241.655,1237.705,1240.625,5007,3990,0
2021-05-17 21:00:00,1240.575,1242.365,1239.395,1241.555,4682,4310,0
2021-05-17 22:00:00,1241.595,1244.735,1241.175,1241.825,2927,3820,0
2021-05-17 23:00:00,1241.765,1241.975,1239.145,1239.565,2088,3830,0
2021-05-18 01:00:00,1237.785,1240.575,1237.785,1238.775,1135,4910,0
2021-05-18 02:00:00,1238.795,1243.775,1238.495,1243.775,1390,3840,0
2021-05-18 03:00:00,1243.775,1245.855,1242.515,1245.035,2131,3980,0
2021-05-18 04:00:00,1245.065,1249.615,1244.315,1247.635,7447,3140,0
2021-05-18 05:00:00,1247.615,1248.585,1242.175,1242.875,4613,3680,0
2021-05-18 06:00:00,1242.845,1244.395,1241.805,1241.975,3433,3680,0
2021-05-18 07:00:00,1242.005,1242.135,1237.685,1240.845,2958,3900,0
2021-05-18 08:00:00,1240.825,1243.085,1240.675,1240.965,3693,4290,0
2021-05-18 09:00:00,1240.965,1242.845,1238.055,1242.265,3625,4580,0
2021-05-18 10:00:00,1242.295,1244.815,1237.465,1237.755,5320,3220,0
2021-05-18 11:00:00,1237.775,1240.215,1228.835,1232.865,5365,3250,0
2021-05-18 12:00:00,1232.865,1232.865,1218.285,1220.115,2938,3550,0
2021-05-18 13:00:00,1220.115,1226.715,1219.625,1223.505,1594,3720,0
2021-05-18 14:00:00,1223.505,1231.355,1220.695,1231.085,2946,3290,0
2021-05-18 15:00:00,1231.085,1233.985,1216.795,1220.705,4837,3460,0
2021-05-18 16:00:00,1220.605,1228.695,1213.515,1215.425,10626,2800,0
2021-05-18 17:00:00,1215.445,1221.445,1211.815,1218.885,7944,4240,0
2021-05-18 18:00:00,1218.885,1220.005,1214.195,1215.535,4247,3740,0
2021-05-18 19:00:00,1215.485,1221.695,1213.935,1221.285,6419,4700,0
2021-05-18 20:00:00,1221.265,1224.665,1220.475,1221.095,6805,4790,0
2021-05-18 21:00:00,1221.065,1221.995,1218.835,1221.245,7444,4370,0
2021-05-18 22:00:00,1221.355,1225.625,1220.545,1221.645,3296,4060,0
2021-05-18 23:00:00,1221.585,1222.175,1218.345,1218.585,3020,5120,0
2021-05-19 01:00:00,1214.255,1220.805,1214.255,1220.135,1552,5080,0
2021-05-19 02:00:00,1220.115,1222.355,1218.875,1220.415,1504,4860,0
2021-05-19 03:00:00,1220.405,1224.375,1216.785,1222.865,2885,5000,0
2021-05-19 04:00:00,1222.845,1223.915,1216.305,1217.785,6299,5080,0
2021-05-19 05:00:00,1217.685,1218.385,1214.245,1215.695,2753,5050,0
2021-05-19 06:00:00,1215.625,1219.455,1215.335,1219.115,2926,5200,0
2021-05-19 07:00:00,1219.145,1219.575,1214.815,1217.395,1371,4570,0
2021-05-19 08:00:00,1217.395,1220.675,1214.915,1219.835,2637,4350,0
2021-05-19 09:00:00,1219.855,1221.865,1218.845,1219.215,3056,4440,0
2021-05-19 10:00:00,1219.215,1226.345,1216.315,1224.975,4081,4140,0
2021-05-19 11:00:00,1224.925,1224.945,1210.225,1213.695,5949,2920,0
2021-05-19 12:00:00,1213.695,1216.275,1211.055,1211.545,2499,3370,0
2021-05-19 13:00:00,1211.605,1211.625,1206.885,1207.735,2483,3620,0
2021-05-19 14:00:00,1207.685,1207.735,1195.835,1200.065,4652,3010,0
2021-05-19 15:00:00,1200.065,1210.845,1186.505,1196.575,7272,2400,0
2021-05-19 16:00:00,1196.575,1207.995,1188.985,1205.595,12984,1650,0
2021-05-19 17:00:00,1205.575,1205.575,1187.065,1191.005,11209,3520,0
2021-05-19 18:00:00,1190.895,1198.995,1188.365,1198.745,4094,3390,0
2021-05-19 19:00:00,1198.795,1201.655,1197.075,1200.085,3256,4150,0
2021-05-19 20:00:00,1200.085,1201.035,1194.635,1195.885,2684,4130,0
2021-05-19 21:00:00,1195.985,1199.005,1188.455,1189.475,17122,4960,0
2021-05-19 22:00:00,1189.495,1193.225,1184.715,1193.025,13012,4380,0
2021-05-19 23:00:00,1193.025,1194.825,1192.225,1192.645,964,4160,0
2021-05-20 01:00:00,1192.605,1192.605,1186.635,1189.515,834,5090,0
2021-05-20 02:00:00,1189.425,1191.295,1188.165,1188.275,881,5480,0
2021-05-20 03:00:00,1188.295,1195.605,1186.935,1194.275,1207,7130,0
2021-05-20 04:00:00,1194.325,1197.785,1189.085,1196.535,1438,7120,0
2021-05-20 05:00:00,1196.435,1196.965,1190.495,1193.525,1215,7470,0
2021-05-20 06:00:00,1193.535,1195.755,1190.625,1192.725,932,8620,0
2021-05-20 07:00:00,1192.735,1196.215,1191.225,1195.665,754,8550,0
2021-05-20 08:00:00,1195.715,1200.735,1195.395,1197.035,1214,7610,0
2021-05-20 09:00:00,1197.045,1207.735,1195.325,1206.505,1626,6650,0
2021-05-20 10:00:00,1206.635,1209.995,1202.895,1208.975,3459,4690,0
2021-05-20 11:00:00,1208.925,1209.135,1202.145,1203.825,2513,5070,0
2021-05-20 12:00:00,1203.815,1204.995,1195.885,1197.635,1261,6390,0
2021-05-20 13:00:00,1197.755,1201.775,1196.105,1201.465,1264,6690,0
2021-05-20 14:00:00,1201.465,1207.325,1201.125,1204.875,1656,5150,0
2021-05-20 15:00:00,1204.675,1209.205,1198.375,1200.645,2079,5290,0
2021-05-20 16:00:00,1200.725,1206.575,1196.625,1201.905,3473,5610,0
2021-05-20 17:00:00,1201.755,1204.415,1197.945,1200.475,3419,5490,0
2021-05-20 18:00:00,1200.775,1207.825,1200.445,1204.975,2107,5510,0
2021-05-20 19:00:00,1204.965,1205.725,1201.475,1203.285,1775,5690,0
2021-05-20 20:00:00,1203.205,1204.785,1198.805,1199.255,2127,5270,0
2021-05-20 21:00:00,1199.335,1200.835,1197.135,1198.935,1374,5790,0
2021-05-20 22:00:00,1198.825,1201.675,1198.175,1199.745,1634,5200,0
2021-05-20 23:00:00,1199.825,1201.375,1192.805,1195.345,849,5780,0
2021-05-21 01:00:00,1190.615,1197.745,1190.615,1196.785,699,6040,0
2021-05-21 02:00:00,1196.955,1199.555,1196.955,1197.395,790,5960,0
2021-05-21 03:00:00,1197.355,1200.485,1196.545,1199.035,1311,7250,0
2021-05-21 04:00:00,1199.025,1201.415,1198.205,1198.625,1544,5620,0
2021-05-21 05:00:00,1198.585,1199.915,1195.535,1197.745,1160,5840,0
2021-05-21 06:00:00,1197.775,1200.175,1197.165,1200.155,742,5920,0
2021-05-21 07:00:00,1200.105,1202.515,1199.405,1202.315,756,5990,0
2021-05-21 08:00:00,1202.445,1203.585,1201.235,1201.835,1144,5150,0
2021-05-21 09:00:00,1201.765,1202.845,1197.935,1201.405,1249,5740,0
2021-05-21 10:00:00,1201.245,1201.245,1192.485,1196.925,1693,5070,0
2021-05-21 11:00:00,1196.965,1197.225,1190.825,1192.125,1739,6040,0
2021-05-21 12:00:00,1192.085,1198.445,1192.045,1197.995,1374,6320,0
2021-05-21 13:00:00,1198.025,1199.795,1194.645,1195.455,1177,6050,0
2021-05-21 14:00:00,1195.535,1198.205,1194.545,1195.295,1382,5600,0
2021-05-21 15:00:00,1195.215,1202.145,1192.985,1201.735,1924,5080,0
2021-05-21 16:00:00,1201.755,1205.085,1191.825,1193.765,3606,5740,0
2021-05-21 17:00:00,1193.945,1195.655,1170.975,1178.525,4549,4480,0
2021-05-21 18:00:00,1177.815,1178.135,1170.265,1171.705,3842,4830,0
2021-05-21 19:00:00,1171.705,1172.435,1165.445,1169.445,3409,4900,0
2021-05-21 20:00:00,1169.525,1171.815,1166.355,1170.665,2122,4700,0
2021-05-21 21:00:00,1170.665,1172.845,1170.275,1171.665,1346,5070,0
2021-05-21 22:00:00,1171.775,1173.675,1166.945,1168.435,1360,5080,0
2021-05-21 23:00:00,1168.345,1169.015,1161.535,1161.535,361,7340,0
2021-05-24 01:00:00,1163.715,1175.355,1163.585,1171.795,1451,3940,0
2021-05-24 02:00:00,1171.795,1174.935,1170.735,1173.515,1086,4260,0
2021-05-24 03:00:00,1173.425,1177.475,1171.755,1172.955,2410,4730,0
2021-05-24 04:00:00,1172.925,1180.075,1172.295,1178.325,3761,4270,0
2021-05-24 05:00:00,1178.285,1178.765,1172.805,1174.705,2462,4160,0
2021-05-24 06:00:00,1174.735,1176.065,1174.175,1174.545,1817,4950,0
2021-05-24 07:00:00,1174.575,1175.355,1169.495,1171.455,1390,4930,0
2021-05-24 08:00:00,1171.405,1173.535,1169.165,1169.415,2828,4810,0
2021-05-24 09:00:00,1169.445,1170.765,1165.795,1167.055,2753,4130,0
2021-05-24 10:00:00,1167.035,1171.745,1165.635,1166.685,3495,2860,0
2021-05-24 11:00:00,1166.655,1168.215,1161.115,1162.565,2703,3650,0
2021-05-24 12:00:00,1162.545,1166.165,1162.015,1166.005,1310,4180,0
2021-05-24 13:00:00,1166.005,1172.745,1165.625,1170.575,1912,4270,0
2021-05-24 14:00:00,1170.555,1178.295,1169.575,1177.155,4741,4720,0
2021-05-24 15:00:00,1177.175,1179.505,1173.075,1175.405,4887,4200,0
2021-05-24 16:00:00,1175.405,1181.385,1167.645,1180.505,11347,4370,0
2021-05-24 17:00:00,1180.485,1182.105,1174.065,1181.215,10181,4030,0
2021-05-24 18:00:00,1181.215,1182.335,1175.445,1176.775,7015,3110,0
2021-05-24 19:00:00,1176.775,1178.505,1174.475,1177.635,5378,4190,0
2021-05-24 20:00:00,1177.655,1178.505,1174.255,1176.015,3863,4000,0
2021-05-24 21:00:00,1176.075,1177.965,1176.045,1177.475,3123,4430,0
2021-05-24 22:00:00,1177.445,1178.205,1175.555,1176.635,6645,4160,0
2021-05-24 23:00:00,1176.605,1178.085,1175.915,1176.895,1355,4240,0
2021-05-25 01:00:00,1175.655,1179.015,1173.405,1177.285,1385,4200,0
2021-05-25 02:00:00,1177.315,1177.665,1174.025,1174.455,2002,4320,0
2021-05-25 03:00:00,1174.405,1175.025,1167.165,1173.395,2980,4600,0
2021-05-25 04:00:00,1173.425,1175.065,1168.465,1168.575,4091,5050,0
2021-05-25 05:00:00,1168.525,1177.385,1167.765,1176.345,2661,4540,0
2021-05-25 06:00:00,1176.365,1179.355,1175.285,1178.245,2631,4070,0
2021-05-25 07:00:00,1178.215,1178.895,1175.925,1176.645,1757,3720,0
2021-05-25 08:00:00,1176.645,1177.235,1172.365,1173.905,2666,3850,0
2021-05-25 09:00:00,1173.955,1180.735,1173.385,1179.155,4805,4400,0
2021-05-25 10:00:00,1179.185,1184.275,1176.875,1183.525,7026,4010,0
2021-05-25 11:00:00,1183.485,1185.385,1178.625,1181.235,4400,4670,0
2021-05-25 12:00:00,1181.255,1183.175,1180.655,1182.695,2451,4920,0
2021-05-25 13:00:00,1182.665,1184.105,1181.555,1183.545,3555,4470,0
2021-05-25 14:00:00,1183.515,1185.175,1182.065,1184.475,3987,4570,0
2021-05-25 15:00:00,1184.475,1191.135,1184.455,1186.035,4808,3370,0
2021-05-25 16:00:00,1186.055,1188.435,1181.445,1184.635,11599,3820,0
2021-05-25 17:00:00,1184.835,1188.505,1182.005,1184.965,11781,4720,0
2021-05-25 18:00:00,1184.945,1190.465,1183.075,1190.465,5933,3990,0
2021-05-25 19:00:00,1190.485,1198.025,1190.355,1196.265,6880,3910,0
2021-05-25 20:00:00,1196.265,1197.895,1193.675,1194.895,2229,4030,0
2021-05-25 21:00:00,1194.895,1195.295,1192.825,1194.695,1868,4140,0
2021-05-25 22:00:00,1194.695,1194.815,1192.855,1194.365,1962,4070,0
2021-05-25 23:00:00,1194.285,1194.575,1193.445,1193.445,1740,4940,0
2021-05-26 01:00:00,1187.895,1197.615,1187.895,1197.445,1056,4380,0
2021-05-26 02:00:00,1197.475,1197.845,1195.505,1196.055,1083,4710,0
2021-05-26 03:00:00,1196.075,1203.575,1195.975,1201.455,3160,4440,0
2021-05-26 04:00:00,1201.275,1206.705,1201.275,1205.525,3812,4860,0
2021-05-26 05:00:00,1205.505,1208.045,1205.415,1206.075,4348,4730,0
2021-05-26 06:00:00,1206.045,1208.875,1205.045,1206.915,4015,4800,0
2021-05-26 07:00:00,1206.905,1207.305,1205.805,1207.025,1840,4890,0
2021-05-26 08:00:00,1207.075,1208.675,1203.925,1204.635,3786,4810,0
2021-05-26 09:00:00,1204.605,1206.675,1201.585,1205.895,4377,4790,0
2021-05-26 10:00:00,1205.875,1205.955,1201.275,1205.235,5036,4730,0
2021-05-26 11:00:00,1205.245,1206.265,1201.225,1201.905,4255,3910,0
2021-05-26 12:00:00,1201.905,1204.105,1199.435,1202.335,4121,4360,0
2021-05-26 13:00:00,1202.365,1203.495,1199.175,1203.385,3135,4220,0
2021-05-26 14:00:00,1203.385,1205.145,1200.345,1200.565,3663,3810,0
2021-05-26 15:00:00,1200.535,1215.055,1200.475,1209.375,7162,3100,0
2021-05-26 16:00:00,1209.345,1209.855,1193.765,1194.195,11811,3480,0
2021-05-26 17:00:00,1194.215,1203.685,1190.565,1196.685,10008,4200,0
2021-05-26 18:00:00,1196.315,1202.925,1195.765,1198.285,5818,4410,0
2021-05-26 19:00:00,1198.245,1199.315,1195.655,1197.625,1762,4290,0
2021-05-26 20:00:00,1197.625,1198.455,1188.815,1190.105,4576,4120,0
2021-05-26 21:00:00,1190.105,1193.785,1189.625,1193.185,1480,3690,0
2021-05-26 22:00:00,1193.185,1194.625,1192.225,1193.725,1181,3680,0
2021-05-26 23:00:00,1193.725,1194.215,1192.325,1192.785,693,3960,0
2021-05-27 01:00:00,1186.775,1194.235,1186.775,1193.435,595,4420,0
2021-05-27 02:00:00,1193.435,1194.085,1190.365,1191.145,784,4280,0
2021-05-27 03:00:00,1191.195,1191.295,1183.805,1187.355,2224,3760,0
2021-05-27 04:00:00,1187.345,1187.655,1182.085,1186.545,1986,4080,0
2021-05-27 05:00:00,1186.485,1188.385,1184.785,1187.635,2292,4780,0
2021-05-27 06:00:00,1187.615,1190.965,1187.575,1189.565,1659,4590,0
2021-05-27 07:00:00,1189.585,1192.475,1189.025,1191.595,2077,4730,0
2021-05-27 08:00:00,1191.635,1195.005,1188.745,1194.735,2124,4570,0
2021-05-27 09:00:00,1194.735,1195.925,1191.495,1194.795,2767,4530,0
2021-05-27 10:00:00,1194.815,1197.835,1194.305,1196.715,2103,4240,0
2021-05-27 11:00:00,1196.685,1198.895,1189.305,1191.275,4524,3890,0
2021-05-27 12:00:00,1191.295,1192.205,1189.625,1191.615,3125,3510,0
2021-05-27 13:00:00,1191.595,1195.425,1190.865,1193.495,2655,3460,0
2021-05-27 14:00:00,1193.505,1194.565,1186.165,1188.225,4235,3820,0
2021-05-27 15:00:00,1188.255,1192.545,1178.095,1184.965,7039,4200,0
2021-05-27 16:00:00,1184.985,1187.005,1170.335,1175.305,11835,4270,0
2021-05-27 17:00:00,1175.255,1180.025,1173.935,1176.465,10207,4630,0
2021-05-27 18:00:00,1176.445,1178.595,1173.595,1175.495,6439,4580,0
2021-05-27 19:00:00,1175.565,1176.695,1170.375,1173.705,3604,3890,0
2021-05-27 20:00:00,1173.675,1181.545,1173.575,1179.825,6997,4660,0
2021-05-27 21:00:00,1179.855,1181.425,1178.825,1181.275,6626,4720,0
2021-05-27 22:00:00,1181.295,1181.625,1179.385,1180.825,3639,4750,0
2021-05-27 23:00:00,1180.775,1181.195,1180.065,1180.805,1420,4530,0
2021-05-28 01:00:00,1179.605,1180.215,1176.875,1178.675,529,5810,0
2021-05-28 02:00:00,1178.785,1181.515,1177.655,1181.005,713,4900,0
2021-05-28 03:00:00,1181.035,1181.955,1180.135,1181.625,1322,4790,0
2021-05-28 04:00:00,1181.655,1183.035,1178.235,1179.185,4079,4810,0
2021-05-28 05:00:00,1179.185,1181.215,1177.865,1179.525,2065,4530,0
2021-05-28 06:00:00,1179.505,1183.465,1179.505,1183.465,1275,4590,0
2021-05-28 07:00:00,1183.475,1184.945,1182.075,1183.025,740,3860,0
2021-05-28 08:00:00,1183.045,1183.175,1176.275,1176.525,2101,4170,0
2021-05-28 09:00:00,1176.505,1180.405,1174.745,1177.045,3456,4480,0
2021-05-28 10:00:00,1177.065,1179.695,1173.715,1178.515,4159,4590,0
2021-05-28 11:00:00,1178.435,1182.165,1178.345,1181.315,4623,4330,0
2021-05-28 12:00:00,1181.265,1183.905,1179.365,1180.135,3389,4390,0
2021-05-28 13:00:00,1180.135,1183.215,1179.485,1180.175,1955,4150,0
2021-05-28 14:00:00,1180.155,1181.905,1177.385,1178.255,5134,4070,0
2021-05-28 15:00:00,1178.285,1183.095,1168.025,1176.225,6901,3160,0
2021-05-28 16:00:00,1176.245,1185.135,1169.605,1175.595,13244,3270,0
2021-05-28 17:00:00,1175.575,1179.035,1170.245,1171.405,9611,4060,0
2021-05-28 18:00:00,1171.455,1180.725,1171.055,1177.935,8067,3500,0
2021-05-28 19:00:00,1178.055,1181.595,1176.025,1180.775,5602,3450,0
2021-05-28 20:00:00,1180.745,1183.435,1177.865,1179.605,7099,4470,0
2021-05-28 21:00:00,1179.605,1179.845,1177.835,1179.615,4542,4700,0
2021-05-28 22:00:00,1179.645,1181.815,1179.175,1181.115,4434,4340,0
2021-05-28 23:00:00,1181.115,1181.325,1179.495,1179.935,362,4650,0
2021-05-31 01:00:00,1184.675,1184.675,1181.185,1182.135,853,4760,0
2021-05-31 02:00:00,1182.145,1184.995,1182.145,1184.485,1610,4890,0
2021-05-31 03:00:00,1184.455,1187.365,1183.365,1187.195,2846,4800,0
2021-05-31 04:00:00,1187.165,1189.445,1185.265,1187.505,4681,4610,0
2021-05-31 05:00:00,1187.585,1188.875,1186.825,1188.135,1932,5060,0
2021-05-31 06:00:00,1188.105,1190.725,1187.275,1188.785,1655,4910,0
2021-05-31 07:00:00,1188.765,1188.785,1186.595,1186.875,2234,4970,0
2021-05-31 08:00:00,1186.925,1188.095,1185.075,1186.065,1421,4910,0
2021-05-31 09:00:00,1186.085,1186.785,1182.295,1184.465,2672,4620,0
2021-05-31 10:00:00,1184.515,1189.905,1183.575,1186.965,2247,4930,0
2021-05-31 11:00:00,1186.935,1188.955,1184.745,1187.115,2583,4950,0
2021-05-31 12:00:00,1187.095,1188.115,1185.145,1186.935,1902,5180,0
2021-05-31 13:00:00,1186.905,1188.305,1185.155,1187.465,1564,4330,0
2021-05-31 14:00:00,1187.455,1188.035,1184.675,1187.375,879,4040,0
2021-05-31 15:00:00,1187.425,1189.025,1185.395,1188.375,674,4570,0
2021-05-31 16:00:00,1184.665,1189.395,1183.845,1187.645,1491,5420,0
2021-05-31 17:00:00,1187.645,1189.045,1187.275,1188.325,1195,5240,0
2021-05-31 18:00:00,1188.305,1188.805,1187.035,1188.675,1054,4600,0
2021-05-31 19:00:00,1188.655,1189.405,1187.965,1188.825,540,4360,0
2021-06-01 01:00:00,1186.175,1189.715,1186.175,1189.495,1088,4800,0
2021-06-01 02:00:00,1189.535,1192.275,1189.305,1191.245,1407,3980,0
2021-06-01 03:00:00,1191.195,1192.415,1189.015,1190.535,2659,4690,0
2021-06-01 04:00:00,1190.515,1192.385,1189.115,1191.545,4663,4950,0
2021-06-01 05:00:00,1191.575,1194.145,1190.925,1192.425,2871,4330,0
2021-06-01 06:00:00,1192.395,1193.825,1191.975,1192.105,1448,4480,0
2021-06-01 07:00:00,1192.105,1193.315,1191.685,1192.865,1441,4920,0
2021-06-01 08:00:00,1192.845,1193.605,1191.845,1193.355,3524,4830,0
2021-06-01 09:00:00,1193.355,1194.395,1191.175,1192.975,4153,4100,0
2021-06-01 10:00:00,1192.995,1193.665,1189.425,1191.025,5201,4480,0
2021-06-01 11:00:00,1191.055,1191.675,1185.425,1186.755,5944,3680,0
2021-06-01 12:00:00,1186.755,1188.115,1180.595,1180.935,4188,3990,0
2021-06-01 13:00:00,1180.885,1181.645,1175.525,1179.945,2583,3740,0
2021-06-01 14:00:00,1179.945,1184.625,1178.425,1183.285,4165,4000,0
2021-06-01 15:00:00,1183.505,1185.555,1177.865,1184.835,6290,3450,0
2021-06-01 16:00:00,1184.885,1197.305,1183.305,1192.085,10964,3320,0
2021-06-01 17:00:00,1192.285,1207.305,1192.005,1201.665,13637,4360,0
2021-06-01 18:00:00,1201.695,1203.885,1193.495,1195.425,8221,3930,0
2021-06-01 19:00:00,1195.395,1200.195,1194.285,1199.325,5354,4230,0
2021-06-01 20:00:00,1199.485,1200.185,1195.205,1198.235,7317,4570,0
2021-06-01 21:00:00,1198.205,1200.015,1196.795,1197.205,4412,4600,0
2021-06-01 22:00:00,1197.225,1197.605,1193.815,1194.575,5782,4500,0
2021-06-01 23:00:00,1194.605,1194.915,1192.975,1193.005,1700,5030,0
2021-06-02 01:00:00,1190.395,1193.035,1190.395,1191.845,739,2070,0
2021-06-02 02:00:00,1191.845,1194.595,1190.625,1194.275,1398,2680,0
2021-06-02 03:00:00,1194.275,1195.345,1193.165,1194.745,3074,3300,0
2021-06-02 04:00:00,1194.665,1196.885,1191.105,1191.595,3714,3210,0
2021-06-02 05:00:00,1191.565,1192.515,1188.865,1189.045,3557,3520,0
2021-06-02 06:00:00,1189.015,1190.335,1188.035,1189.755,3059,3740,0
2021-06-02 07:00:00,1189.735,1189.755,1185.285,1185.845,1923,3470,0
2021-06-02 08:00:00,1185.845,1189.465,1185.615,1187.065,3491,3520,0
2021-06-02 09:00:00,1187.095,1187.095,1184.415,1186.285,4614,3710,0
2021-06-02 10:00:00,1186.335,1188.775,1184.475,1186.145,5645,4160,0
2021-06-02 11:00:00,1186.115,1187.935,1180.245,1184.505,2087,3160,0
2021-06-02 12:00:00,1184.565,1187.535,1184.225,1187.355,1391,3520,0
2021-06-02 13:00:00,1187.355,1187.385,1182.445,1182.505,2308,3580,0
2021-06-02 14:00:00,1182.525,1186.635,1180.815,1185.765,3860,4860,0
2021-06-02 15:00:00,1185.795,1189.285,1184.165,1189.265,5949,4750,0
2021-06-02 16:00:00,1189.315,1192.015,1184.775,1185.955,10586,4530,0
2021-06-02 17:00:00,1185.975,1191.205,1177.155,1179.945,6887,3940,0
2021-06-02 18:00:00,1179.435,1186.985,1178.335,1185.135,2424,3600,0
2021-06-02 19:00:00,1185.155,1188.055,1183.575,1187.875,1502,3550,0
2021-06-02 20:00:00,1187.875,1192.785,1187.525,1191.965,1808,3510,0
2021-06-02 21:00:00,1191.965,1194.145,1190.915,1192.725,1340,3640,0
2021-06-02 22:00:00,1192.725,1195.535,1192.595,1193.475,1491,2710,0
2021-06-02 23:00:00,1193.475,1194.265,1191.975,1192.125,698,2840,0
2021-06-03 01:00:00,1187.685,1192.695,1187.685,1192.005,583,4840,0
2021-06-03 02:00:00,1191.975,1194.435,1191.705,1193.815,678,3890,0
2021-06-03 03:00:00,1193.805,1196.255,1193.805,1194.955,1193,3510,0
2021-06-03 04:00:00,1194.985,1195.495,1190.975,1192.355,3045,4740,0
2021-06-03 05:00:00,1192.625,1193.525,1190.565,1191.535,2554,4920,0
2021-06-03 06:00:00,1191.505,1193.185,1191.085,1192.485,1519,4470,0
2021-06-03 07:00:00,1192.515,1192.685,1190.955,1190.955,1569,3900,0
2021-06-03 08:00:00,1190.955,1192.215,1188.685,1189.245,3328,3640,0
2021-06-03 09:00:00,1189.195,1189.255,1183.075,1185.885,4496,3540,0
2021-06-03 10:00:00,1185.915,1188.825,1182.995,1183.785,4217,3570,0
2021-06-03 11:00:00,1183.765,1187.825,1181.385,1186.315,4084,3030,0
2021-06-03 12:00:00,1186.285,1186.855,1184.825,1186.175,3421,3930,0
2021-06-03 13:00:00,1186.145,1189.825,1182.855,1184.555,4970,3850,0
2021-06-03 14:00:00,1184.525,1185.805,1181.305,1181.725,5059,3930,0
2021-06-03 15:00:00,1181.695,1182.705,1169.495,1170.275,9892,2100,0
2021-06-03 16:00:00,1170.295,1171.685,1153.245,1155.115,9201,2300,0
2021-06-03 17:00:00,1154.985,1156.375,1149.195,1155.925,6990,2550,0
2021-06-03 18:00:00,1155.895,1162.585,1155.075,1157.915,7148,3190,0
2021-06-03 19:00:00,1157.935,1161.765,1157.495,1161.425,5674,3720,0
2021-06-03 20:00:00,1161.485,1162.705,1158.715,1159.935,5970,3720,0
2021-06-03 21:00:00,1159.965,1161.625,1159.215,1160.515,2826,3720,0
2021-06-03 22:00:00,1160.515,1162.545,1160.305,1161.545,5520,3810,0
2021-06-03 23:00:00,1161.625,1161.725,1160.325,1161.125,1525,4040,0
2021-06-04 01:00:00,1160.395,1161.235,1157.495,1160.305,799,3720,0
2021-06-04 02:00:00,1160.355,1160.355,1157.115,1157.745,938,3710,0
2021-06-04 03:00:00,1157.775,1157.855,1153.415,1155.165,4017,3500,0
2021-06-04 04:00:00,1155.165,1158.695,1149.495,1150.265,6671,3440,0
2021-06-04 05:00:00,1150.235,1154.045,1149.685,1153.285,3558,3890,0
2021-06-04 06:00:00,1153.335,1156.675,1152.115,1154.245,2281,3890,0
2021-06-04 07:00:00,1154.275,1156.145,1152.705,1154.045,1946,3800,0
2021-06-04 08:00:00,1153.985,1155.125,1151.525,1151.935,3438,3410,0
2021-06-04 09:00:00,1151.935,1157.205,1151.425,1156.875,3539,2730,0
2021-06-04 10:00:00,1156.845,1158.545,1154.445,1156.115,3414,3470,0
2021-06-04 11:00:00,1156.065,1156.595,1151.975,1154.185,4024,2890,0
2021-06-04 12:00:00,1154.215,1154.735,1151.435,1152.545,4203,3450,0
2021-06-04 13:00:00,1152.515,1154.295,1150.525,1150.735,4308,3760,0
2021-06-04 14:00:00,1150.705,1152.845,1148.125,1148.935,4162,3410,0
2021-06-04 15:00:00,1148.875,1162.645,1140.535,1160.445,12169,3840,0
2021-06-04 16:00:00,1160.425,1166.725,1157.075,1165.875,12227,2670,0
2021-06-04 17:00:00,1165.905,1168.755,1162.035,1164.745,10095,3850,0
2021-06-04 18:00:00,1164.755,1167.935,1163.785,1165.895,4288,3900,0
2021-06-04 19:00:00,1165.915,1166.195,1162.255,1163.295,4601,3720,0
2021-06-04 20:00:00,1163.265,1166.485,1163.235,1166.295,5044,3610,0
2021-06-04 21:00:00,1166.315,1167.995,1165.555,1167.745,3125,3590,0
2021-06-04 22:00:00,1167.775,1167.885,1165.995,1167.115,2912,3280,0
2021-06-04 23:00:00,1167.165,1167.505,1166.325,1166.395,383,3950,0
2021-06-07 01:00:00,1168.555,1170.445,1168.195,1169.555,1530,3860,0
2021-06-07 02:00:00,1169.525,1171.355,1168.845,1171.275,1338,3760,0
2021-06-07 03:00:00,1171.245,1174.375,1169.775,1173.855,2751,4280,0
2021-06-07 04:00:00,1173.795,1174.645,1168.635,1168.645,3691,4440,0
2021-06-07 05:00:00,1168.625,1170.165,1166.735,1168.105,3700,4290,0
2021-06-07 06:00:00,1168.135,1169.735,1167.295,1169.165,2299,4170,0
2021-06-07 07:00:00,1169.195,1169.775,1167.845,1168.885,1584,4030,0
2021-06-07 08:00:00,1168.815,1168.965,1163.705,1164.175,2257,4020,0
2021-06-07 09:00:00,1164.175,1166.365,1162.815,1166.345,2748,3350,0
2021-06-07 10:00:00,1166.295,1166.705,1162.575,1166.305,3023,3270,0
2021-06-07 11:00:00,1166.285,1166.285,1162.655,1164.045,4626,3200,0
2021-06-07 12:00:00,1164.095,1164.255,1160.825,1163.275,3279,3860,0
2021-06-07 13:00:00,1163.345,1166.935,1162.835,1165.715,1829,3810,0
2021-06-07 14:00:00,1165.765,1171.695,1165.695,1170.525,3390,3720,0
2021-06-07 15:00:00,1170.575,1173.945,1168.435,1171.635,5329,2710,0
2021-06-07 16:00:00,1171.605,1177.865,1170.615,1172.025,10964,2520,0
2021-06-07 17:00:00,1172.025,1174.035,1168.845,1171.995,9056,3320,0
2021-06-07 18:00:00,1172.025,1173.625,1167.575,1170.945,6594,3680,0
2021-06-07 19:00:00,1170.925,1175.885,1170.805,1174.075,4636,3690,0
2021-06-07 20:00:00,1174.095,1175.445,1171.785,1173.565,5154,3660,0
2021-06-07 21:00:00,1173.535,1175.915,1173.285,1174.375,4462,3780,0
2021-06-07 22:00:00,1174.355,1175.385,1173.765,1174.785,5606,3350,0
2021-06-07 23:00:00,1174.835,1175.855,1173.465,1174.845,2362,3350,0
2021-06-08 01:00:00,1168.525,1176.495,1168.525,1175.345,955,3550,0
2021-06-08 02:00:00,1175.365,1176.565,1173.885,1174.935,1417,3940,0
2021-06-08 03:00:00,1174.985,1177.765,1172.935,1176.425,1592,4180,0
2021-06-08 04:00:00,1176.445,1178.585,1173.455,1173.485,3696,4340,0
2021-06-08 05:00:00,1173.455,1174.475,1170.005,1170.015,1895,4250,0
2021-06-08 06:00:00,1170.095,1171.795,1169.585,1170.115,1762,4090,0
2021-06-08 07:00:00,1170.085,1170.865,1169.815,1170.125,1360,4260,0
2021-06-08 08:00:00,1170.105,1170.915,1168.825,1168.825,1633,4350,0
2021-06-08 09:00:00,1168.855,1171.125,1168.335,1169.925,2767,3930,0
2021-06-08 10:00:00,1169.905,1170.585,1164.855,1165.135,4290,4030,0
2021-06-08 11:00:00,1165.155,1167.615,1162.645,1166.165,4173,4260,0
2021-06-08 12:00:00,1166.065,1166.205,1163.665,1164.345,3319,4190,0
2021-06-08 13:00:00,1164.315,1164.635,1162.365,1163.545,5951,3720,0
2021-06-08 14:00:00,1163.525,1168.055,1163.345,1167.775,4161,3920,0
2021-06-08 15:00:00,1167.855,1168.935,1155.465,1160.425,6267,3900,0
2021-06-08 16:00:00,1160.395,1167.285,1155.175,1157.895,10009,3020,0
2021-06-08 17:00:00,1157.895,1163.595,1156.825,1160.925,9788,2870,0
2021-06-08 18:00:00,1160.905,1162.095,1156.945,1158.595,7545,3410,0
2021-06-08 19:00:00,1158.595,1164.195,1158.055,1162.685,3242,3400,0
2021-06-08 20:00:00,1162.735,1164.495,1160.195,1163.305,4491,3340,0
2021-06-08 21:00:00,1163.305,1164.515,1162.525,1163.395,3197,3260,0
2021-06-08 22:00:00,1163.395,1164.365,1162.975,1163.615,5857,3290,0
2021-06-08 23:00:00,1163.635,1164.415,1162.995,1163.145,1383,3250,0
2021-06-09 01:00:00,1155.935,1163.635,1155.935,1163.635,2584,3050,0
2021-06-09 02:00:00,1163.635,1165.095,1163.505,1164.265,1149,3210,0
2021-06-09 03:00:00,1164.285,1165.175,1162.595,1165.075,1946,3380,0
2021-06-09 04:00:00,1165.045,1165.635,1161.585,1163.395,3920,3770,0
2021-06-09 05:00:00,1163.375,1164.125,1162.125,1164.015,2348,3770,0
2021-06-09 06:00:00,1164.035,1166.565,1163.445,1164.085,1203,3980,0
2021-06-09 07:00:00,1163.975,1164.355,1162.885,1163.095,1138,4240,0
2021-06-09 08:00:00,1163.115,1163.685,1161.505,1161.865,2249,3860,0
2021-06-09 09:00:00,1161.845,1162.055,1158.145,1159.075,2410,3260,0
2021-06-09 10:00:00,1159.045,1160.965,1156.755,1160.075,2007,3320,0
2021-06-09 11:00:00,1160.075,1161.925,1156.345,1156.725,1789,3190,0
2021-06-09 12:00:00,1156.705,1157.305,1154.125,1155.895,2387,3390,0
2021-06-09 13:00:00,1155.905,1158.105,1155.085,1157.335,2574,3150,0
2021-06-09 14:00:00,1157.365,1158.715,1155.145,1158.545,3741,3560,0
2021-06-09 15:00:00,1158.535,1161.545,1154.925,1159.185,4644,2880,0
2021-06-09 16:00:00,1159.185,1164.295,1157.955,1159.475,10709,2660,0
2021-06-09 17:00:00,1159.365,1159.715,1152.625,1155.145,3977,1870,0
2021-06-09 18:00:00,1155.145,1155.855,1150.335,1152.165,4284,3170,0
2021-06-09 19:00:00,1152.135,1153.285,1150.305,1152.075,5181,3490,0
2021-06-09 20:00:00,1152.105,1153.345,1150.505,1150.815,4844,3120,0
2021-06-09 21:00:00,1150.865,1153.255,1150.465,1153.005,5835,3270,0
2021-06-09 22:00:00,1152.995,1153.505,1150.075,1151.125,5644,3220,0
2021-06-09 23:00:00,1151.105,1152.225,1150.325,1151.265,1556,3540,0
2021-06-10 01:00:00,1151.145,1152.265,1150.405,1151.955,697,3390,0
2021-06-10 02:00:00,1151.955,1151.955,1149.275,1151.385,1202,3140,0
2021-06-10 03:00:00,1151.405,1152.855,1148.985,1149.235,2184,3580,0
2021-06-10 04:00:00,1149.205,1150.945,1144.145,1144.485,4340,3870,0
2021-06-10 05:00:00,1144.455,1145.945,1142.945,1144.985,3289,3810,0
2021-06-10 06:00:00,1145.015,1146.475,1144.605,1145.705,1897,3750,0
2021-06-10 07:00:00,1145.685,1146.125,1143.645,1143.925,1402,3690,0
2021-06-10 08:00:00,1143.955,1145.725,1139.315,1140.835,2876,3690,0
2021-06-10 09:00:00,1140.815,1143.005,1139.085,1140.475,3953,3590,0
2021-06-10 10:00:00,1140.495,1143.435,1139.345,1140.495,4844,4020,0
2021-06-10 11:00:00,1140.615,1142.755,1139.665,1142.565,2190,3760,0
2021-06-10 12:00:00,1142.565,1143.845,1141.055,1141.965,3948,4600,0
2021-06-10 13:00:00,1141.995,1144.135,1140.075,1144.135,3905,3820,0
2021-06-10 14:00:00,1144.105,1146.205,1140.645,1141.735,3463,4780,0
2021-06-10 15:00:00,1141.705,1148.785,1128.095,1146.045,11320,3720,0
2021-06-10 16:00:00,1146.025,1146.595,1129.215,1142.275,13666,3830,0
2021-06-10 17:00:00,1142.005,1148.685,1137.185,1140.605,10924,3710,0
2021-06-10 18:00:00,1140.575,1148.925,1140.125,1148.845,8027,3450,0
2021-06-10 19:00:00,1148.825,1149.915,1142.835,1147.925,7185,3460,0
2021-06-10 20:00:00,1147.945,1150.045,1146.445,1148.005,6279,2770,0
2021-06-10 21:00:00,1148.005,1152.055,1147.775,1151.985,3456,3630,0
2021-06-10 22:00:00,1152.015,1154.715,1151.215,1153.955,5111,2790,0
2021-06-10 23:00:00,1153.925,1154.305,1153.035,1154.025,1918,3610,0
2021-06-11 01:00:00,1143.855,1154.705,1143.855,1154.105,1372,2790,0
2021-06-11 02:00:00,1154.105,1154.285,1152.665,1153.285,693,2230,0
2021-06-11 03:00:00,1153.235,1153.885,1149.235,1151.365,1913,2300,0
2021-06-11 04:00:00,1151.395,1154.155,1149.995,1152.335,3316,3910,0
2021-06-11 05:00:00,1152.365,1153.255,1151.465,1151.965,1720,4120,0
2021-06-11 06:00:00,1152.015,1153.575,1152.015,1152.655,1787,4150,0
2021-06-11 07:00:00,1152.685,1154.875,1152.415,1154.105,1666,3910,0
2021-06-11 08:00:00,1154.085,1155.135,1153.205,1154.765,1677,3820,0
2021-06-11 09:00:00,1154.765,1157.535,1152.975,1155.795,3018,3460,0
2021-06-11 10:00:00,1155.945,1161.315,1155.945,1157.105,5284,3790,0
2021-06-11 11:00:00,1157.075,1157.275,1152.345,1154.325,3919,4300,0
2021-06-11 12:00:00,1154.355,1154.545,1150.435,1151.395,3513,4410,0
2021-06-11 13:00:00,1151.365,1154.735,1151.005,1152.235,4150,4200,0
2021-06-11 14:00:00,1152.205,1152.765,1148.165,1149.175,2936,4010,0
2021-06-11 15:00:00,1149.195,1157.975,1146.635,1155.655,7314,3730,0
2021-06-11 16:00:00,1155.685,1157.905,1150.935,1152.615,9678,2720,0
2021-06-11 17:00:00,1152.465,1157.565,1150.015,1157.135,10650,4260,0
2021-06-11 18:00:00,1157.155,1158.645,1148.885,1150.955,7351,4240,0
2021-06-11 19:00:00,1150.935,1153.565,1148.425,1152.185,5680,4230,0
2021-06-11 20:00:00,1152.235,1153.085,1148.825,1150.145,3913,3590,0
2021-06-11 21:00:00,1150.175,1151.185,1147.505,1149.955,3526,4290,0
2021-06-11 22:00:00,1149.905,1149.905,1145.135,1147.765,4211,3480,0
2021-06-11 23:00:00,1147.785,1148.635,1146.825,1146.825,637,4270,0
2021-06-14 01:00:00,1148.235,1151.135,1147.035,1147.875,1462,4140,0
2021-06-14 02:00:00,1147.845,1148.025,1144.015,1144.445,1688,4090,0
2021-06-14 03:00:00,1144.425,1145.565,1142.905,1144.175,2744,4060,0
2021-06-14 04:00:00,1144.175,1145.605,1142.885,1144.725,4432,3800,0
2021-06-14 05:00:00,1144.755,1145.165,1139.665,1143.915,1590,3550,0
2021-06-14 06:00:00,1143.935,1147.565,1143.145,1145.625,1582,3800,0
2021-06-14 07:00:00,1145.605,1146.425,1143.915,1146.105,1541,3810,0
2021-06-14 08:00:00,1146.075,1147.955,1145.165,1146.855,2480,4280,0
2021-06-14 09:00:00,1146.895,1148.455,1143.365,1144.475,3628,4330,0
2021-06-14 10:00:00,1144.495,1146.465,1142.365,1145.035,4483,3990,0
2021-06-14 11:00:00,1145.055,1148.475,1142.365,1146.935,3184,4020,0
2021-06-14 12:00:00,1146.915,1154.235,1146.435,1152.775,3050,4070,0
2021-06-14 13:00:00,1152.815,1153.085,1146.895,1150.115,3274,4020,0
2021-06-14 14:00:00,1150.135,1153.515,1148.545,1150.035,4794,4340,0
2021-06-14 15:00:00,1150.065,1158.065,1148.395,1154.665,7551,2530,0
2021-06-14 16:00:00,1154.685,1173.255,1152.565,1170.685,12339,2430,0
2021-06-14 17:00:00,1170.705,1173.695,1167.055,1167.335,10983,1520,0
2021-06-14 18:00:00,1167.235,1167.645,1162.285,1164.135,7475,1680,0
2021-06-14 19:00:00,1164.155,1166.925,1163.855,1164.175,4445,3770,0
2021-06-14 20:00:00,1164.145,1166.675,1163.825,1165.585,5182,3670,0
2021-06-14 21:00:00,1165.555,1166.145,1164.395,1165.585,5243,3620,0
2021-06-14 22:00:00,1165.565,1166.965,1164.975,1166.035,4603,2970,0
2021-06-14 23:00:00,1166.065,1166.755,1165.145,1166.215,1886,3150,0
2021-06-15 01:00:00,1165.455,1166.055,1165.415,1166.035,68,3670,0
2021-06-15 02:00:00,1165.955,1166.945,1165.205,1165.625,1211,2660,0
2021-06-15 03:00:00,1165.625,1169.905,1164.785,1168.205,3095,2640,0
2021-06-15 04:00:00,1168.185,1168.225,1158.935,1159.425,4910,2720,0
2021-06-15 05:00:00,1159.455,1165.325,1158.405,1158.995,2615,2920,0
2021-06-15 06:00:00,1158.995,1160.665,1157.765,1160.325,1554,3070,0
2021-06-15 07:00:00,1160.165,1163.315,1159.965,1162.195,1237,2950,0
2021-06-15 08:00:00,1162.195,1165.895,1161.015,1165.415,2269,2750,0
2021-06-15 09:00:00,1165.415,1168.255,1163.015,1163.535,2827,2710,0
2021-06-15 10:00:00,1163.485,1165.905,1161.415,1161.845,4149,3260,0
2021-06-15 11:00:00,1161.895,1162.355,1155.825,1157.945,5705,2950,0
2021-06-15 12:00:00,1157.725,1157.725,1155.755,1157.515,3972,2990,0
2021-06-15 13:00:00,1157.465,1159.795,1155.935,1159.185,3948,3300,0
2021-06-15 15:00:00,1159.225,1160.165,1154.825,1155.845,5217,3700,0
2021-06-15 16:00:00,1155.825,1157.735,1149.305,1149.965,11560,3310,0
2021-06-15 17:00:00,1149.885,1152.095,1147.725,1149.635,8941,2780,0
2021-06-15 18:00:00,1149.685,1153.695,1146.305,1146.395,5789,3210,0
2021-06-15 19:00:00,1146.425,1150.295,1146.145,1149.475,3706,2660,0
2021-06-15 20:00:00,1149.475,1151.705,1147.655,1151.475,2667,2710,0
2021-06-15 21:00:00,1151.445,1153.285,1150.795,1153.255,4894,3760,0
2021-06-15 22:00:00,1153.235,1155.255,1152.165,1155.125,3250,2900,0
2021-06-15 23:00:00,1155.245,1155.245,1153.695,1154.165,663,3100,0
2021-06-16 01:00:00,1153.785,1155.195,1151.165,1154.995,1789,3760,0
2021-06-16 02:00:00,1154.965,1154.985,1152.005,1153.885,893,3630,0
2021-06-16 03:00:00,1153.905,1154.595,1152.215,1152.875,2171,3870,0
2021-06-16 04:00:00,1152.905,1154.415,1151.405,1152.635,2666,3870,0
2021-06-16 05:00:00,1152.635,1153.765,1151.075,1153.525,2028,3590,0
2021-06-16 06:00:00,1153.545,1153.745,1152.405,1153.195,1397,3910,0
2021-06-16 07:00:00,1153.215,1153.265,1150.555,1152.175,1873,3100,0
2021-06-16 08:00:00,1152.175,1152.355,1148.515,1148.895,2262,3390,0
2021-06-16 09:00:00,1148.825,1150.145,1146.765,1149.405,2657,4020,0
2021-06-16 10:00:00,1149.435,1150.785,1147.095,1150.635,3880,3800,0
2021-06-16 11:00:00,1150.665,1152.135,1150.185,1150.715,4849,3320,0
2021-06-16 12:00:00,1150.815,1150.945,1147.585,1149.405,3188,3570,0
2021-06-16 13:00:00,1149.475,1150.765,1148.375,1148.485,2614,3600,0
2021-06-16 14:00:00,1148.505,1149.075,1144.785,1147.245,2906,2640,0
2021-06-16 15:00:00,1147.245,1150.465,1146.165,1148.265,5286,3690,0
2021-06-16 16:00:00,1148.315,1151.205,1144.545,1146.295,7189,3460,0
2021-06-16 17:00:00,1146.295,1148.425,1144.465,1146.545,4116,2170,0
2021-06-16 18:00:00,1146.565,1146.745,1143.725,1144.105,3978,2360,0
2021-06-16 19:00:00,1144.135,1145.115,1141.195,1143.575,3210,2580,0
2021-06-16 20:00:00,1143.565,1144.495,1141.795,1143.435,1909,2820,0
2021-06-16 21:00:00,1143.265,1143.265,1129.185,1134.155,22798,4000,0
2021-06-16 22:00:00,1134.155,1136.965,1127.465,1130.375,8082,3610,0
2021-06-16 23:00:00,1130.375,1131.825,1116.875,1122.485,2103,2710,0
2021-06-17 01:00:00,1121.695,1124.695,1118.665,1121.945,1983,3090,0
2021-06-17 02:00:00,1121.895,1127.245,1119.845,1126.365,3160,3910,0
2021-06-17 03:00:00,1126.385,1126.785,1122.945,1124.275,4055,4600,0
2021-06-17 04:00:00,1124.245,1128.605,1123.315,1128.555,3816,3970,0
2021-06-17 05:00:00,1128.585,1132.495,1128.025,1128.275,5540,3740,0
2021-06-17 06:00:00,1128.245,1128.465,1124.765,1124.815,2833,3860,0
2021-06-17 07:00:00,1124.835,1125.115,1124.055,1124.935,1590,3760,0
2021-06-17 08:00:00,1124.905,1125.275,1122.375,1122.965,3515,3080,0
2021-06-17 09:00:00,1122.965,1127.585,1118.685,1125.515,2982,3150,0
2021-06-17 10:00:00,1125.545,1125.755,1114.265,1117.105,3359,3140,0
2021-06-17 11:00:00,1117.085,1118.915,1111.975,1112.795,3411,3480,0
2021-06-17 12:00:00,1112.815,1114.805,1111.345,1114.125,4360,3400,0
2021-06-17 13:00:00,1114.155,1115.965,1102.545,1107.355,6137,3510,0
2021-06-17 14:00:00,1107.335,1111.195,1092.575,1093.505,4544,2060,0
2021-06-17 15:00:00,1093.505,1100.035,1084.805,1094.075,8586,2580,0
2021-06-17 16:00:00,1094.125,1099.535,1088.225,1089.595,14867,3630,0
2021-06-17 17:00:00,1089.595,1090.955,1083.655,1084.735,7413,2660,0
2021-06-17 18:00:00,1084.715,1086.235,1067.065,1071.535,10227,3270,0
2021-06-17 19:00:00,1071.535,1072.475,1058.735,1059.695,7168,4120,0
2021-06-17 20:00:00,1059.695,1061.475,1046.985,1057.985,3961,3220,0
2021-06-17 21:00:00,1057.865,1064.515,1057.265,1063.315,3117,2950,0
2021-06-17 22:00:00,1063.315,1067.545,1061.935,1063.575,3792,4420,0
2021-06-17 23:00:00,1063.525,1073.055,1051.885,1059.175,1824,3490,0
2021-06-18 01:00:00,1061.445,1065.215,1058.285,1062.355,996,4420,0
2021-06-18 02:00:00,1062.465,1067.385,1060.895,1064.185,901,4870,0
2021-06-18 03:00:00,1064.225,1079.405,1064.025,1072.505,1923,4700,0
2021-06-18 04:00:00,1072.585,1079.675,1072.425,1076.535,3354,4650,0
2021-06-18 05:00:00,1076.535,1077.255,1074.105,1075.945,1914,4850,0
2021-06-18 06:00:00,1075.915,1077.395,1074.625,1076.215,1299,4780,0
2021-06-18 07:00:00,1076.195,1076.445,1073.045,1073.315,1341,4530,0
2021-06-18 08:00:00,1073.315,1073.485,1065.655,1070.005,3783,4020,0
2021-06-18 09:00:00,1070.025,1074.815,1066.565,1070.305,4073,3860,0
2021-06-18 10:00:00,1070.235,1084.705,1070.025,1082.825,5247,4090,0
2021-06-18 11:00:00,1082.845,1086.105,1079.175,1080.285,4505,3880,0
2021-06-18 12:00:00,1080.285,1085.075,1078.735,1084.685,4211,3630,0
2021-06-18 13:00:00,1084.735,1084.765,1077.035,1082.305,3341,4450,0
2021-06-18 14:00:00,1082.415,1082.655,1076.745,1080.835,3612,3950,0
2021-06-18 15:00:00,1080.845,1081.075,1064.155,1066.965,6060,3090,0
2021-06-18 16:00:00,1066.965,1074.545,1060.795,1061.115,2632,3880,0
2021-06-18 18:00:00,1050.955,1054.555,1048.075,1051.755,1588,5500,0
2021-06-18 19:00:00,1051.765,1052.065,1041.755,1042.155,2768,4830,0
2021-06-18 20:00:00,1042.245,1049.525,1042.105,1048.595,2248,4530,0
2021-06-18 21:00:00,1048.615,1051.205,1043.005,1043.265,1760,5610,0
2021-06-18 22:00:00,1043.275,1046.865,1040.815,1040.875,1497,5950,0
2021-06-18 23:00:00,1040.875,1042.545,1038.055,1038.465,503,6700,0
2021-06-21 01:00:00,1039.745,1047.665,1039.485,1046.345,1328,4850,0
2021-06-21 02:00:00,1046.315,1046.605,1042.015,1042.265,1878,4850,0
2021-06-21 03:00:00,1042.235,1042.355,1038.495,1040.905,3445,5170,0
2021-06-21 04:00:00,1040.875,1041.755,1035.565,1036.455,4474,5190,0
2021-06-21 05:00:00,1036.455,1039.515,1036.165,1039.285,1273,4780,0
2021-06-21 06:00:00,1039.305,1039.515,1034.455,1034.845,1446,4570,0
2021-06-21 07:00:00,1034.845,1036.895,1033.285,1034.885,975,4910,0
2021-06-21 08:00:00,1034.835,1034.835,1025.105,1027.035,3130,4580,0
2021-06-21 09:00:00,1026.935,1042.085,1026.475,1037.855,4842,5010,0
2021-06-21 10:00:00,1037.855,1040.045,1031.835,1038.385,2264,4470,0
2021-06-21 11:00:00,1038.375,1045.725,1037.485,1043.165,2394,4700,0
2021-06-21 12:00:00,1043.175,1047.985,1041.465,1043.565,2737,4940,0
2021-06-21 13:00:00,1043.675,1044.905,1039.035,1040.055,3140,4100,0
2021-06-21 14:00:00,1040.075,1043.635,1039.575,1043.025,3771,4360,0
2021-06-21 15:00:00,1042.995,1043.625,1035.495,1039.805,5486,4620,0
2021-06-21 16:00:00,1039.695,1047.605,1037.305,1040.155,12141,3070,0
2021-06-21 17:00:00,1040.135,1056.315,1037.465,1052.565,6233,4270,0
2021-06-21 18:00:00,1052.565,1060.945,1051.775,1057.215,3076,3440,0
2021-06-21 19:00:00,1057.225,1060.535,1055.175,1057.905,2169,3680,0
2021-06-21 20:00:00,1057.965,1062.005,1055.595,1061.355,1912,3460,0
2021-06-21 21:00:00,1061.355,1061.985,1057.755,1061.215,1552,2950,0
2021-06-21 22:00:00,1061.025,1062.385,1059.885,1061.255,1524,3310,0
2021-06-21 23:00:00,1061.255,1062.275,1058.715,1060.265,727,3940,0
2021-06-22 01:00:00,1058.835,1061.125,1057.715,1059.125,670,4120,0
2021-06-22 02:00:00,1059.165,1062.535,1057.615,1060.645,963,3510,0
2021-06-22 03:00:00,1060.675,1060.875,1057.815,1058.525,1573,3650,0
2021-06-22 04:00:00,1058.585,1060.945,1057.405,1059.165,1546,4670,0
2021-06-22 05:00:00,1059.155,1062.485,1058.855,1060.285,1867,4660,0
2021-06-22 06:00:00,1060.255,1073.195,1060.195,1071.485,2463,4780,0
2021-06-22 07:00:00,1071.515,1072.575,1069.895,1070.055,1238,4950,0
2021-06-22 08:00:00,1069.995,1070.525,1059.075,1059.425,1603,4660,0
2021-06-22 09:00:00,1059.525,1065.515,1059.365,1063.755,2890,4440,0
2021-06-22 10:00:00,1063.695,1068.015,1060.765,1061.425,2683,3570,0
2021-06-22 11:00:00,1061.425,1063.225,1057.325,1062.235,2649,2820,0
2021-06-22 12:00:00,1062.185,1066.225,1060.025,1062.795,1921,3740,0
2021-06-22 13:00:00,1062.795,1065.655,1062.175,1064.165,1921,3070,0
2021-06-22 14:00:00,1064.115,1067.875,1060.285,1060.285,3228,3040,0
2021-06-22 15:00:00,1060.355,1066.705,1056.265,1059.275,4912,3870,0
2021-06-22 16:00:00,1059.255,1065.225,1056.875,1062.395,6800,3900,0
2021-06-22 17:00:00,1062.395,1070.635,1061.735,1069.585,5402,4220,0
2021-06-22 18:00:00,1069.555,1070.895,1065.635,1068.975,2944,4550,0
2021-06-22 19:00:00,1068.965,1077.085,1068.965,1076.235,2175,3960,0
2021-06-22 20:00:00,1076.235,1077.965,1074.045,1076.715,1794,4000,0
2021-06-22 21:00:00,1076.715,1078.625,1074.225,1077.505,1511,3880,0
2021-06-22 22:00:00,1077.505,1079.705,1075.385,1075.945,1430,3530,0
2021-06-22 23:00:00,1075.945,1078.535,1075.395,1076.745,949,3910,0
2021-06-23 01:00:00,1070.815,1078.225,1070.815,1077.585,805,4040,0
2021-06-23 02:00:00,1077.625,1078.805,1076.305,1076.335,830,3890,0
2021-06-23 03:00:00,1076.325,1076.935,1074.565,1076.935,1912,3980,0
2021-06-23 04:00:00,1076.825,1082.055,1076.825,1081.985,4107,5030,0
2021-06-23 05:00:00,1081.965,1084.935,1081.405,1083.865,2765,4460,0
2021-06-23 06:00:00,1083.865,1085.885,1082.755,1082.755,2028,4570,0
2021-06-23 07:00:00,1082.785,1089.645,1079.745,1087.525,1591,1890,0
2021-06-23 08:00:00,1087.525,1090.465,1084.865,1090.315,1755,4050,0
2021-06-23 09:00:00,1089.955,1090.485,1084.325,1089.425,2776,4150,0
2021-06-23 10:00:00,1089.425,1092.735,1084.725,1084.915,2838,3490,0
2021-06-23 11:00:00,1084.905,1089.755,1082.955,1082.955,3074,4170,0
2021-06-23 12:00:00,1082.965,1086.915,1078.915,1081.535,2788,3160,0
2021-06-23 13:00:00,1081.575,1084.305,1078.325,1082.785,1722,2990,0
2021-06-23 14:00:00,1082.875,1085.435,1080.385,1083.875,2467,3120,0
2021-06-23 15:00:00,1083.915,1091.885,1083.575,1090.395,3548,3290,0
2021-06-23 16:00:00,1090.425,1097.525,1088.265,1092.935,11444,3190,0
2021-06-23 17:00:00,1092.955,1095.275,1084.305,1086.075,10365,2250,0
2021-06-23 18:00:00,1086.075,1092.755,1083.845,1092.695,7265,3280,0
2021-06-23 19:00:00,1092.695,1094.605,1088.995,1090.985,5832,2800,0
2021-06-23 20:00:00,1090.965,1091.765,1088.365,1090.765,5713,2850,0
2021-06-23 21:00:00,1090.795,1090.815,1083.375,1086.785,3853,3030,0
2021-06-23 22:00:00,1086.865,1087.075,1081.605,1084.055,2068,3680,0
2021-06-23 23:00:00,1083.975,1086.015,1083.285,1085.105,1963,3430,0
2021-06-24 01:00:00,1085.855,1088.145,1082.815,1087.205,429,3760,0
2021-06-24 02:00:00,1087.045,1087.815,1085.145,1087.815,613,3510,0
2021-06-24 03:00:00,1087.905,1090.545,1087.345,1088.245,999,3750,0
2021-06-24 04:00:00,1088.205,1088.595,1077.545,1080.205,3278,4070,0
2021-06-24 05:00:00,1080.165,1081.555,1078.105,1079.155,1787,4460,0
2021-06-24 06:00:00,1079.165,1079.735,1077.875,1079.475,1770,3730,0
2021-06-24 07:00:00,1079.445,1079.445,1074.475,1075.695,936,3600,0
2021-06-24 08:00:00,1075.675,1077.295,1071.095,1074.965,981,3520,0
2021-06-24 09:00:00,1074.975,1076.975,1073.975,1075.395,1612,3830,0
2021-06-24 10:00:00,1075.305,1079.445,1073.445,1078.635,2147,4610,0
2021-06-24 11:00:00,1078.635,1082.875,1077.715,1079.725,2541,4820,0
2021-06-24 12:00:00,1079.715,1083.445,1078.105,1082.125,1274,4820,0
2021-06-24 13:00:00,1082.125,1085.035,1081.585,1083.855,1280,5010,0
2021-06-24 14:00:00,1083.855,1088.605,1083.125,1088.235,1854,4910,0
2021-06-24 15:00:00,1088.235,1094.595,1087.635,1089.665,2988,4110,0
2021-06-24 16:00:00,1089.695,1093.765,1086.745,1088.165,7222,4480,0
2021-06-24 17:00:00,1087.725,1090.455,1083.745,1087.515,4935,4360,0
2021-06-24 18:00:00,1087.515,1092.905,1086.645,1090.945,2380,4770,0
2021-06-24 19:00:00,1090.955,1097.485,1090.045,1095.795,2113,3990,0
2021-06-24 20:00:00,1095.815,1096.555,1091.525,1093.475,1869,4540,0
2021-06-24 21:00:00,1093.525,1097.495,1093.525,1096.355,1481,4410,0
2021-06-24 22:00:00,1096.365,1096.435,1093.445,1094.265,1546,4360,0
2021-06-24 23:00:00,1094.245,1095.315,1093.555,1094.175,932,4120,0
2021-06-25 01:00:00,1094.055,1096.025,1093.325,1094.355,369,4020,0
2021-06-25 02:00:00,1094.435,1095.795,1093.215,1094.515,1156,3570,0
2021-06-25 03:00:00,1094.495,1094.905,1092.815,1093.015,2067,4480,0
2021-06-25 04:00:00,1093.015,1099.125,1092.955,1099.125,2779,3980,0
2021-06-25 05:00:00,1099.125,1099.445,1097.365,1097.675,1481,4060,0
2021-06-25 06:00:00,1097.675,1098.645,1097.575,1097.585,464,4320,0
2021-06-25 07:00:00,1097.635,1098.935,1097.125,1097.305,684,4050,0
2021-06-25 08:00:00,1097.425,1100.905,1096.725,1100.405,1724,4780,0
2021-06-25 09:00:00,1100.455,1103.045,1098.755,1101.235,3046,4290,0
2021-06-25 10:00:00,1101.255,1105.525,1100.775,1104.115,3688,3460,0
2021-06-25 11:00:00,1104.115,1104.545,1100.075,1101.995,1787,3810,0
2021-06-25 12:00:00,1101.885,1102.595,1099.575,1100.275,2065,3640,0
2021-06-25 13:00:00,1100.305,1101.035,1097.445,1099.615,2460,3650,0
2021-06-25 14:00:00,1099.725,1104.585,1099.665,1102.275,1434,3630,0
2021-06-25 15:00:00,1102.275,1111.415,1101.335,1104.985,5301,3770,0
2021-06-25 16:00:00,1104.965,1111.555,1099.995,1104.885,9106,3630,0
2021-06-25 17:00:00,1105.025,1107.015,1098.605,1099.085,4139,4960,0
2021-06-25 18:00:00,1099.165,1104.305,1097.145,1103.195,2758,4600,0
2021-06-25 19:00:00,1103.205,1105.665,1102.545,1104.635,1754,4350,0
2021-06-25 20:00:00,1104.565,1105.505,1101.995,1104.565,1335,4220,0
2021-06-25 21:00:00,1104.495,1106.905,1103.965,1106.745,1259,4540,0
2021-06-25 22:00:00,1106.795,1107.125,1105.335,1106.935,1329,3940,0
2021-06-25 23:00:00,1106.865,1106.975,1105.265,1105.335,292,4180,0
2021-06-28 01:00:00,1106.655,1109.525,1106.655,1108.995,583,4000,0
2021-06-28 02:00:00,1109.095,1112.215,1108.745,1111.595,618,3570,0
2021-06-28 03:00:00,1111.605,1111.825,1109.725,1110.595,1103,3690,0
2021-06-28 04:00:00,1110.475,1111.005,1092.235,1099.545,1642,4170,0
2021-06-28 05:00:00,1099.545,1104.095,1096.105,1103.285,1385,5150,0
2021-06-28 06:00:00,1103.285,1104.485,1103.025,1103.795,812,4840,0
2021-06-28 07:00:00,1103.795,1110.215,1103.445,1107.375,1332,3800,0
2021-06-28 08:00:00,1107.325,1112.615,1107.215,1112.055,1790,4400,0
2021-06-28 09:00:00,1112.075,1112.165,1106.885,1109.595,1356,5060,0
2021-06-28 10:00:00,1109.745,1112.925,1108.055,1108.845,1900,4630,0
2021-06-28 11:00:00,1108.845,1109.055,1103.155,1105.425,2301,4120,0
2021-06-28 12:00:00,1105.425,1105.975,1099.095,1100.765,1571,3660,0
2021-06-28 13:00:00,1100.915,1104.775,1100.915,1101.925,1371,4370,0
2021-06-28 14:00:00,1101.925,1102.465,1095.375,1096.385,2039,4720,0
2021-06-28 15:00:00,1096.385,1106.315,1095.285,1104.315,3024,4350,0
2021-06-28 16:00:00,1104.375,1108.595,1102.035,1103.445,5237,3930,0
2021-06-28 17:00:00,1103.355,1105.775,1091.665,1093.035,4274,2950,0
2021-06-28 18:00:00,1093.025,1101.145,1092.305,1100.505,1811,2730,0
2021-06-28 19:00:00,1100.505,1100.545,1095.825,1097.215,1600,3590,0
2021-06-28 20:00:00,1097.355,1098.115,1095.105,1097.035,1637,4410,0
2021-06-28 21:00:00,1097.105,1097.155,1094.905,1094.975,1712,3750,0
2021-06-28 22:00:00,1094.975,1095.555,1092.725,1093.415,1510,3950,0
2021-06-28 23:00:00,1093.195,1093.455,1090.055,1090.055,490,4300,0
2021-06-29 01:00:00,1088.445,1093.145,1088.445,1092.925,706,4900,0
2021-06-29 02:00:00,1092.925,1096.675,1092.275,1096.405,523,3980,0
2021-06-29 03:00:00,1096.395,1096.785,1091.785,1092.445,1198,5000,0
2021-06-29 04:00:00,1092.465,1094.115,1091.595,1092.595,1913,5300,0
2021-06-29 05:00:00,1092.635,1093.515,1089.445,1089.595,1217,4600,0
2021-06-29 06:00:00,1089.565,1089.775,1087.435,1087.705,1441,5790,0
2021-06-29 07:00:00,1087.735,1088.645,1086.785,1087.055,618,4910,0
2021-06-29 08:00:00,1087.055,1092.045,1086.875,1091.095,1076,4810,0
2021-06-29 09:00:00,1091.205,1091.895,1088.705,1089.575,1208,5060,0
2021-06-29 10:00:00,1089.575,1091.485,1087.605,1089.665,1794,5020,0
2021-06-29 11:00:00,1089.655,1089.775,1073.465,1076.725,2439,3090,0
2021-06-29 12:00:00,1076.725,1079.455,1071.385,1079.175,1190,3720,0
2021-06-29 13:00:00,1079.175,1079.695,1075.825,1077.265,1257,3690,0
2021-06-29 14:00:00,1077.265,1082.885,1072.455,1081.355,1797,2480,0
2021-06-29 15:00:00,1081.355,1089.605,1062.315,1069.295,6059,2200,0
2021-06-29 16:00:00,1069.295,1076.865,1065.895,1073.425,6696,3010,0
2021-06-29 17:00:00,1073.425,1073.465,1066.935,1071.515,6476,3800,0
2021-06-29 18:00:00,1071.535,1074.255,1067.375,1073.325,4504,2970,0
2021-06-29 19:00:00,1073.325,1077.545,1070.695,1072.345,3016,3070,0
2021-06-29 20:00:00,1072.355,1074.225,1071.415,1071.555,1747,3620,0
2021-06-29 21:00:00,1071.625,1072.635,1070.385,1071.045,1548,3480,0
2021-06-29 22:00:00,1071.045,1071.555,1069.125,1069.835,1522,3540,0
2021-06-29 23:00:00,1069.885,1071.305,1066.805,1066.805,1573,3640,0
2021-06-30 01:00:00,1066.495,1069.535,1066.495,1068.615,1107,4730,0
2021-06-30 02:00:00,1068.615,1071.645,1068.525,1070.915,832,4730,0
2021-06-30 03:00:00,1070.915,1073.565,1070.425,1072.835,2074,4390,0
2021-06-30 04:00:00,1072.835,1073.045,1068.615,1071.915,3663,4490,0
2021-06-30 05:00:00,1071.875,1073.655,1069.835,1070.905,1841,4220,0
2021-06-30 06:00:00,1070.875,1070.875,1067.405,1068.585,1686,5140,0
2021-06-30 07:00:00,1068.615,1069.695,1066.955,1067.405,2148,3480,0
2021-06-30 08:00:00,1067.405,1068.445,1063.285,1063.375,2261,4080,0
2021-06-30 09:00:00,1064.385,1068.045,1063.375,1066.585,1890,3300,0
2021-06-30 10:00:00,1066.585,1067.575,1059.925,1060.715,2562,4350,0
2021-06-30 11:00:00,1060.715,1061.095,1052.195,1053.155,3543,3020,0
2021-06-30 12:00:00,1053.155,1057.735,1051.285,1056.255,2181,3850,0
2021-06-30 13:00:00,1056.255,1063.175,1056.235,1059.785,1699,3720,0
2021-06-30 14:00:00,1059.845,1063.215,1059.055,1061.745,2277,4090,0
2021-06-30 15:00:00,1061.745,1065.995,1052.525,1053.495,4049,4000,0
2021-06-30 16:00:00,1053.525,1063.775,1053.265,1062.965,7450,3490,0
2021-06-30 17:00:00,1063.025,1067.465,1059.925,1062.025,6428,3770,0
2021-06-30 18:00:00,1061.925,1068.175,1060.775,1066.405,3643,2780,0
2021-06-30 19:00:00,1066.405,1076.155,1066.025,1073.225,3285,1660,0
2021-06-30 20:00:00,1073.355,1076.185,1072.385,1073.795,2042,4070,0
2021-06-30 21:00:00,1073.695,1074.285,1072.135,1073.885,1341,4250,0
2021-06-30 22:00:00,1073.865,1077.265,1073.545,1074.525,1400,3800,0
2021-06-30 23:00:00,1074.635,1075.185,1073.045,1073.225,773,3740,0
2021-07-01 01:00:00,1072.835,1073.245,1067.075,1068.255,537,3460,0
2021-07-01 02:00:00,1068.125,1071.435,1065.345,1068.525,667,3500,0
2021-07-01 03:00:00,1068.635,1068.635,1061.855,1061.885,992,4120,0
2021-07-01 04:00:00,1061.885,1068.155,1061.255,1067.145,1297,3800,0
2021-07-01 05:00:00,1067.135,1070.865,1065.975,1069.255,1506,3910,0
2021-07-01 06:00:00,1069.295,1073.155,1068.745,1072.955,920,4000,0
2021-07-01 07:00:00,1073.015,1073.295,1070.725,1072.325,753,3720,0
2021-07-01 08:00:00,1072.445,1074.235,1070.535,1073.825,1358,3730,0
2021-07-01 09:00:00,1073.825,1074.935,1072.655,1074.215,2188,4030,0
2021-07-01 10:00:00,1074.185,1080.875,1072.845,1079.795,3060,4350,0
2021-07-01 11:00:00,1079.815,1091.155,1079.795,1083.255,3453,3110,0
2021-07-01 12:00:00,1083.145,1087.395,1080.715,1087.395,1840,3160,0
2021-07-01 13:00:00,1087.395,1091.025,1086.115,1089.405,2019,3340,0
2021-07-01 14:00:00,1089.365,1090.435,1086.525,1089.395,3150,3620,0
2021-07-01 15:00:00,1089.395,1096.105,1081.155,1086.615,4295,2810,0
2021-07-01 16:00:00,1086.615,1092.205,1085.135,1088.395,6917,3770,0
2021-07-01 17:00:00,1088.415,1093.815,1079.995,1082.675,7692,2970,0
2021-07-01 18:00:00,1082.615,1085.555,1078.685,1083.845,4627,2650,0
2021-07-01 19:00:00,1083.845,1086.155,1079.475,1082.215,3901,3140,0
2021-07-01 20:00:00,1082.195,1084.635,1081.075,1082.495,4157,4450,0
2021-07-01 21:00:00,1082.525,1084.445,1082.195,1084.015,3376,4620,0
2021-07-01 22:00:00,1083.985,1086.325,1083.605,1085.795,2207,3920,0
2021-07-01 23:00:00,1085.785,1086.085,1083.055,1083.055,701,3590,0
2021-07-02 01:00:00,1082.365,1086.625,1077.435,1085.265,635,3670,0
2021-07-02 02:00:00,1085.235,1087.425,1084.245,1085.915,1979,3240,0
2021-07-02 03:00:00,1085.915,1090.885,1085.775,1089.645,2492,2780,0
2021-07-02 04:00:00,1089.625,1092.285,1088.755,1091.405,3201,3460,0
2021-07-02 05:00:00,1091.375,1094.015,1089.425,1093.365,1521,3540,0
2021-07-02 06:00:00,1093.365,1093.825,1091.235,1092.335,1293,4200,0
2021-07-02 07:00:00,1092.335,1092.845,1088.735,1089.135,1001,2970,0
2021-07-02 08:00:00,1089.135,1092.455,1088.325,1089.045,2178,3060,0
2021-07-02 09:00:00,1089.045,1094.425,1087.885,1090.015,2795,2900,0
2021-07-02 10:00:00,1089.965,1092.655,1089.625,1090.455,3363,3190,0
2021-07-02 11:00:00,1090.435,1096.275,1089.615,1090.715,2190,2910,0
2021-07-02 12:00:00,1090.715,1091.285,1088.115,1089.495,1942,3540,0
2021-07-02 13:00:00,1089.465,1093.325,1089.015,1090.815,1626,3490,0
2021-07-02 14:00:00,1090.865,1093.005,1087.655,1087.875,2255,3700,0
2021-07-02 15:00:00,1087.905,1096.925,1074.565,1094.395,8187,3230,0
2021-07-02 16:00:00,1094.425,1096.945,1079.925,1081.845,7582,3550,0
2021-07-02 17:00:00,1081.815,1091.955,1081.095,1086.505,6188,3330,0
2021-07-02 18:00:00,1086.465,1088.465,1084.365,1086.945,2425,3030,0
2021-07-02 19:00:00,1086.945,1089.135,1086.315,1088.975,1501,3010,0
2021-07-02 20:00:00,1088.925,1093.295,1088.265,1092.775,1638,2840,0
2021-07-02 21:00:00,1092.775,1094.745,1090.625,1093.335,2242,2810,0
2021-07-02 22:00:00,1093.305,1094.155,1090.915,1092.095,4409,4140,0
2021-07-02 23:00:00,1091.985,1092.015,1088.975,1089.185,650,4470,0
2021-07-05 01:00:00,1088.165,1092.575,1088.165,1091.305,578,6130,0
2021-07-05 02:00:00,1091.355,1091.855,1091.055,1091.465,424,4710,0
2021-07-05 03:00:00,1091.465,1091.465,1087.335,1089.075,1420,4760,0
2021-07-05 04:00:00,1089.145,1097.765,1088.075,1096.615,3042,4270,0
2021-07-05 05:00:00,1096.585,1096.695,1094.125,1095.935,1628,4660,0
2021-07-05 06:00:00,1095.965,1096.695,1094.175,1094.365,1365,3850,0
2021-07-05 07:00:00,1094.365,1097.665,1094.065,1096.425,668,3990,0
2021-07-05 08:00:00,1096.365,1099.075,1095.965,1097.695,1419,4870,0
2021-07-05 09:00:00,1097.895,1098.845,1094.365,1098.375,2655,4580,0
2021-07-05 10:00:00,1098.375,1102.375,1096.365,1101.595,1229,4690,0
2021-07-05 11:00:00,1101.595,1105.525,1099.825,1105.285,1186,4200,0
2021-07-05 12:00:00,1105.285,1105.795,1102.975,1104.195,1512,3660,0
2021-07-05 13:00:00,1104.195,1105.185,1101.485,1104.665,731,3700,0
2021-07-05 14:00:00,1104.665,1105.365,1103.035,1103.845,1152,3990,0
2021-07-05 15:00:00,1103.845,1104.285,1099.545,1102.645,1553,4020,0
2021-07-05 16:00:00,1102.685,1102.855,1095.475,1095.785,2580,3530,0
2021-07-05 17:00:00,1095.805,1097.145,1090.585,1097.035,1716,2860,0
2021-07-05 18:00:00,1097.035,1101.765,1096.385,1101.505,1117,3150,0
2021-07-05 19:00:00,1101.505,1102.295,1100.315,1101.625,441,5070,0
2021-07-06 01:00:00,1101.625,1103.345,1100.635,1102.205,388,5270,0
2021-07-06 02:00:00,1102.235,1103.415,1101.775,1102.045,521,5590,0
2021-07-06 03:00:00,1102.015,1103.615,1101.615,1102.905,1450,5380,0
2021-07-06 04:00:00,1102.945,1107.235,1102.945,1106.465,1723,4910,0
2021-07-06 05:00:00,1106.465,1109.485,1105.145,1107.075,1097,3910,0
2021-07-06 06:00:00,1107.075,1110.215,1106.325,1109.265,888,3860,0
2021-07-06 07:00:00,1109.265,1109.695,1106.965,1108.195,823,3960,0
2021-07-06 08:00:00,1108.195,1111.545,1107.945,1110.605,929,3940,0
2021-07-06 09:00:00,1110.605,1113.005,1110.605,1111.575,1681,3690,0
2021-07-06 10:00:00,1111.565,1113.365,1109.335,1112.135,2438,3820,0
2021-07-06 11:00:00,1112.135,1112.355,1104.905,1109.895,1655,3340,0
2021-07-06 12:00:00,1109.815,1112.675,1108.935,1112.455,1358,3050,0
2021-07-06 13:00:00,1112.465,1112.845,1109.345,1111.175,1393,2800,0
2021-07-06 14:00:00,1111.175,1112.195,1108.345,1110.735,1703,3700,0
2021-07-06 15:00:00,1110.735,1118.775,1108.135,1110.115,3872,4160,0
2021-07-06 16:00:00,1110.455,1111.965,1103.695,1105.075,4744,4450,0
2021-07-06 17:00:00,1105.145,1105.905,1088.005,1090.215,8124,4110,0
2021-07-06 18:00:00,1090.215,1092.185,1083.755,1084.915,5768,4430,0
2021-07-06 19:00:00,1084.885,1085.365,1077.125,1084.155,5669,3940,0
2021-07-06 20:00:00,1084.185,1089.705,1082.745,1088.505,4170,4600,0
2021-07-06 21:00:00,1088.505,1093.625,1087.585,1092.275,2782,4920,0
2021-07-06 22:00:00,1092.275,1093.435,1090.545,1090.545,2310,4460,0
2021-07-06 23:00:00,1090.545,1093.995,1089.635,1091.495,951,4880,0
2021-07-07 01:00:00,1088.815,1092.305,1088.815,1090.465,570,4900,0
2021-07-07 02:00:00,1090.445,1090.805,1085.845,1085.855,1102,4540,0
2021-07-07 03:00:00,1085.835,1089.425,1084.945,1089.115,1757,4570,0
2021-07-07 04:00:00,1089.115,1093.325,1088.265,1091.965,1958,4570,0
2021-07-07 05:00:00,1091.965,1092.785,1087.055,1087.605,1710,4940,0
2021-07-07 06:00:00,1087.595,1090.145,1087.085,1089.945,1324,6010,0
2021-07-07 07:00:00,1089.915,1091.915,1088.855,1089.405,1336,4660,0
2021-07-07 08:00:00,1089.375,1094.645,1088.075,1093.065,2315,4630,0
2021-07-07 09:00:00,1093.045,1096.015,1091.685,1095.085,2552,3730,0
2021-07-07 10:00:00,1095.035,1098.605,1094.445,1096.645,3332,3200,0
2021-07-07 11:00:00,1096.565,1097.715,1092.025,1093.205,2736,3200,0
2021-07-07 12:00:00,1093.175,1098.395,1093.105,1098.395,1972,3080,0
2021-07-07 13:00:00,1098.395,1100.285,1096.815,1099.225,2414,3070,0
2021-07-07 14:00:00,1099.195,1102.915,1098.355,1101.415,3388,2990,0
2021-07-07 15:00:00,1101.365,1103.095,1086.865,1090.105,5350,3040,0
2021-07-07 16:00:00,1090.085,1095.155,1086.045,1094.375,5674,2650,0
2021-07-07 17:00:00,1094.295,1094.445,1073.655,1088.635,7840,3320,0
2021-07-07 18:00:00,1088.715,1089.635,1084.945,1087.135,3780,3990,0
2021-07-07 19:00:00,1087.095,1088.285,1084.235,1085.555,2295,3270,0
2021-07-07 20:00:00,1085.555,1087.055,1077.43,1077.43,2164,3730,0
2021-07-07 21:00:00,1077.47,1092.425,1077.47,1088.725,5016,3110,0
2021-07-07 22:00:00,1088.695,1088.765,1085.525,1086.765,1319,3570,0
2021-07-07 23:00:00,1086.635,1088.535,1085.525,1087.285,769,3580,0
2021-07-08 01:00:00,1084.055,1088.565,1084.055,1088.065,1108,4480,0
2021-07-08 02:00:00,1088.095,1088.835,1085.665,1085.865,859,4250,0
2021-07-08 03:00:00,1085.865,1086.215,1083.845,1084.875,1361,5510,0
2021-07-08 04:00:00,1084.865,1084.925,1078.125,1078.495,1663,5540,0
2021-07-08 05:00:00,1078.495,1079.865,1070.615,1073.045,1745,5680,0
2021-07-08 06:00:00,1073.045,1076.555,1072.075,1076.215,1377,4780,0
2021-07-08 07:00:00,1076.215,1078.265,1074.575,1075.045,714,4680,0
2021-07-08 08:00:00,1075.055,1077.935,1071.705,1076.825,1905,3820,0
2021-07-08 09:00:00,1076.935,1078.845,1073.525,1075.425,2150,2240,0
2021-07-08 10:00:00,1075.425,1081.215,1072.805,1080.305,3096,2320,0
2021-07-08 11:00:00,1080.305,1084.355,1076.205,1080.575,2746,2360,0
2021-07-08 12:00:00,1080.615,1082.015,1077.975,1078.715,1653,2370,0
2021-07-08 13:00:00,1078.715,1078.715,1067.065,1076.835,2424,2460,0
2021-07-08 14:00:00,1076.745,1078.175,1071.425,1072.745,1893,2910,0
2021-07-08 15:00:00,1072.615,1080.065,1067.635,1071.995,3149,3210,0
2021-07-08 16:00:00,1071.975,1077.525,1070.355,1075.045,7536,3810,0
2021-07-08 17:00:00,1074.965,1075.205,1068.165,1068.785,8793,4210,0
2021-07-08 18:00:00,1068.775,1077.005,1068.415,1075.415,5891,3390,0
2021-07-08 19:00:00,1075.415,1080.495,1074.415,1078.485,2367,1240,0
2021-07-08 20:00:00,1078.485,1080.315,1078.305,1078.875,1640,2910,0
2021-07-08 21:00:00,1078.895,1079.075,1075.735,1076.455,1758,3940,0
2021-07-08 22:00:00,1076.495,1078.425,1074.645,1078.035,2641,3870,0
2021-07-08 23:00:00,1078.085,1078.635,1075.435,1076.045,753,4100,0
2021-07-09 01:00:00,1074.535,1077.875,1074.535,1077.635,538,4580,0
2021-07-09 02:00:00,1077.695,1079.125,1076.925,1077.405,812,3800,0
2021-07-09 03:00:00,1077.525,1079.585,1076.595,1077.995,1617,5570,0
2021-07-09 04:00:00,1078.005,1079.935,1076.385,1077.375,1597,4730,0
2021-07-09 05:00:00,1077.375,1079.135,1074.905,1077.645,1508,4640,0
2021-07-09 06:00:00,1077.655,1078.795,1076.935,1078.025,962,5330,0
2021-07-09 07:00:00,1078.025,1079.305,1076.135,1077.005,1168,5000,0
2021-07-09 08:00:00,1077.125,1078.535,1073.015,1074.355,1677,5140,0
2021-07-09 09:00:00,1074.355,1075.095,1071.485,1072.825,1427,4980,0
2021-07-09 10:00:00,1072.765,1081.125,1071.315,1079.975,2048,4760,0
2021-07-09 11:00:00,1079.975,1084.535,1076.765,1083.095,2322,3380,0
2021-07-09 12:00:00,1083.095,1089.495,1080.435,1088.145,2177,5140,0
2021-07-09 13:00:00,1088.215,1092.335,1087.565,1088.865,2124,4280,0
2021-07-09 14:00:00,1088.865,1091.265,1087.725,1090.865,1652,4890,0
2021-07-09 15:00:00,1090.865,1096.355,1087.995,1090.705,3386,3390,0
2021-07-09 16:00:00,1090.705,1095.455,1087.795,1092.945,6192,3080,0
2021-07-09 17:00:00,1092.945,1101.405,1092.945,1100.115,6484,2990,0
2021-07-09 18:00:00,1100.115,1101.765,1097.245,1098.345,3890,1670,0
2021-07-09 19:00:00,1098.345,1102.555,1098.265,1101.805,1187,2710,0
2021-07-09 20:00:00,1101.905,1104.235,1099.635,1104.105,1430,2550,0
2021-07-09 21:00:00,1104.105,1104.905,1102.405,1104.375,1119,3010,0
2021-07-09 22:00:00,1104.455,1104.455,1102.825,1103.265,1279,2940,0
2021-07-09 23:00:00,1101.735,1103.215,1099.875,1099.875,452,4850,0
2021-07-12 01:00:00,1098.215,1104.595,1098.215,1103.485,1265,3550,0
2021-07-12 02:00:00,1103.485,1103.695,1100.885,1101.575,1343,3140,0
2021-07-12 03:00:00,1101.515,1101.785,1098.855,1101.105,2175,3300,0
2021-07-12 04:00:00,1101.085,1104.325,1098.415,1098.895,2736,3130,0
2021-07-12 05:00:00,1098.915,1100.625,1096.335,1099.015,1302,3800,0
2021-07-12 06:00:00,1099.105,1099.185,1095.875,1096.725,1627,3540,0
2021-07-12 07:00:00,1096.685,1097.495,1095.185,1097.475,747,3520,0
2021-07-12 08:00:00,1097.475,1097.645,1093.685,1096.295,3341,3870,0
2021-07-12 09:00:00,1096.415,1096.565,1093.725,1095.485,983,3970,0
2021-07-12 10:00:00,1095.395,1096.305,1092.665,1093.765,3070,3370,0
2021-07-12 11:00:00,1093.755,1097.795,1092.885,1096.415,2247,3720,0
2021-07-12 12:00:00,1096.415,1096.415,1092.475,1093.175,1066,4360,0
2021-07-12 13:00:00,1093.175,1097.015,1090.075,1096.285,1764,3830,0
2021-07-12 14:00:00,1096.325,1097.645,1092.615,1097.545,1284,4400,0
2021-07-12 15:00:00,1097.505,1109.375,1097.425,1105.035,3047,4300,0
2021-07-12 16:00:00,1105.035,1110.875,1103.085,1103.135,5340,3990,0
2021-07-12 17:00:00,1103.005,1116.805,1100.625,1110.805,5711,3580,0
2021-07-12 18:00:00,1110.805,1116.965,1108.135,1115.925,2899,3710,0
2021-07-12 19:00:00,1115.945,1123.365,1115.825,1123.125,2538,2860,0
2021-07-12 20:00:00,1123.075,1126.705,1115.205,1116.025,2089,2800,0
2021-07-12 21:00:00,1115.905,1119.545,1115.595,1117.905,1077,2430,0
2021-07-12 22:00:00,1117.905,1121.145,1117.905,1120.805,1553,3700,0
2021-07-12 23:00:00,1120.795,1121.275,1119.135,1119.795,790,4070,0
2021-07-13 01:00:00,1118.495,1120.865,1118.495,1119.095,669,4520,0
2021-07-13 02:00:00,1119.095,1119.645,1116.375,1116.475,697,4380,0
2021-07-13 03:00:00,1116.455,1118.215,1115.155,1115.155,1771,4900,0
2021-07-13 04:00:00,1115.185,1121.905,1114.945,1121.875,2379,4360,0
2021-07-13 05:00:00,1121.895,1122.815,1117.655,1121.595,1036,5680,0
2021-07-13 06:00:00,1121.625,1124.425,1120.205,1120.535,814,4730,0
2021-07-13 07:00:00,1120.535,1121.385,1118.805,1120.515,894,5380,0
2021-07-13 08:00:00,1120.515,1121.865,1118.045,1119.035,1014,4720,0
2021-07-13 09:00:00,1119.035,1122.365,1118.725,1120.465,1271,4430,0
2021-07-13 10:00:00,1120.485,1123.075,1117.265,1118.585,1858,3740,0
2021-07-13 11:00:00,1118.625,1118.935,1114.905,1118.255,2350,3910,0
2021-07-13 12:00:00,1118.205,1118.385,1114.145,1116.635,1180,3000,0
2021-07-13 13:00:00,1116.635,1119.735,1116.385,1118.955,1045,2650,0
2021-07-13 14:00:00,1119.055,1119.245,1115.505,1118.795,1344,2750,0
2021-07-13 15:00:00,1118.795,1120.115,1097.185,1104.385,4546,2900,0
2021-07-13 16:00:00,1104.385,1117.075,1103.865,1114.975,4851,3780,0
2021-07-13 17:00:00,1114.975,1118.075,1111.055,1116.305,2482,3970,0
2021-07-13 18:00:00,1116.315,1119.925,1113.765,1118.275,3034,3930,0
2021-07-13 19:00:00,1118.275,1121.855,1113.385,1113.385,1659,3970,0
2021-07-13 20:00:00,1113.325,1115.345,1108.615,1109.795,2686,4080,0
2021-07-13 21:00:00,1109.725,1111.035,1107.085,1109.155,1923,4230,0
2021-07-13 22:00:00,1109.135,1109.535,1107.125,1108.185,2054,4240,0
2021-07-13 23:00:00,1108.125,1108.405,1104.945,1106.205,875,3810,0
2021-07-14 01:00:00,1104.365,1107.295,1104.365,1106.775,646,3860,0
2021-07-14 02:00:00,1106.645,1107.355,1103.875,1104.715,1086,3680,0
2021-07-14 03:00:00,1104.745,1107.585,1103.025,1106.605,1119,4360,0
2021-07-14 04:00:00,1106.605,1109.685,1106.225,1108.855,2596,4400,0
2021-07-14 05:00:00,1108.855,1111.295,1108.425,1110.425,1215,3760,0
2021-07-14 06:00:00,1110.395,1111.625,1109.955,1110.255,1407,3810,0
2021-07-14 07:00:00,1110.305,1110.385,1107.135,1107.925,792,5430,0
2021-07-14 08:00:00,1107.925,1111.075,1107.905,1110.505,1256,5680,0
2021-07-14 09:00:00,1110.685,1113.125,1109.735,1110.355,1664,3720,0
2021-07-14 10:00:00,1110.315,1114.565,1107.995,1111.065,1408,4270,0
2021-07-14 11:00:00,1111.065,1116.695,1110.255,1115.265,1765,3700,0
2021-07-14 12:00:00,1115.275,1118.145,1113.705,1116.995,1594,3770,0
2021-07-14 13:00:00,1116.995,1124.495,1116.645,1122.135,2012,3370,0
2021-07-14 14:00:00,1122.195,1131.005,1121.745,1130.225,2432,3080,0
2021-07-14 15:00:00,1130.355,1136.305,1129.465,1134.745,7954,1280,0
2021-07-14 16:00:00,1134.755,1136.565,1125.465,1127.415,6787,2300,0
2021-07-14 17:00:00,1127.415,1135.025,1126.975,1129.285,6295,2800,0
2021-07-14 18:00:00,1129.255,1132.905,1125.235,1126.855,5987,2350,0
2021-07-14 19:00:00,1126.875,1129.785,1125.525,1127.985,4742,2300,0
2021-07-14 20:00:00,1127.935,1131.745,1125.545,1129.965,4652,2390,0
2021-07-14 21:00:00,1130.055,1132.925,1129.375,1131.275,4392,2480,0
2021-07-14 22:00:00,1131.275,1131.825,1129.065,1131.385,5299,2690,0
2021-07-14 23:00:00,1131.365,1132.405,1130.975,1132.005,1719,2880,0
2021-07-15 01:00:00,1131.645,1132.845,1127.615,1129.785,1103,3570,0
2021-07-15 02:00:00,1129.745,1130.645,1128.515,1129.095,2926,3020,0
2021-07-15 03:00:00,1129.065,1130.795,1126.605,1127.315,2736,3050,0
2021-07-15 04:00:00,1127.315,1131.365,1126.475,1127.985,2454,3480,0
2021-07-15 05:00:00,1127.985,1130.325,1127.225,1129.135,1602,3650,0
2021-07-15 06:00:00,1129.115,1131.555,1129.045,1131.145,1477,3600,0
2021-07-15 07:00:00,1131.135,1134.235,1131.025,1133.975,1006,3510,0
2021-07-15 08:00:00,1133.975,1140.805,1133.865,1138.965,3117,3410,0
2021-07-15 09:00:00,1138.965,1142.205,1135.325,1136.485,4148,2310,0
2021-07-15 10:00:00,1136.485,1142.805,1136.035,1138.835,2212,2950,0
2021-07-15 11:00:00,1138.745,1146.985,1137.545,1144.175,1905,3120,0
2021-07-15 12:00:00,1144.455,1145.465,1142.835,1144.345,1109,3860,0
2021-07-15 13:00:00,1144.205,1144.615,1136.475,1137.195,2878,3900,0
2021-07-15 14:00:00,1137.245,1142.135,1137.145,1138.495,2704,3290,0
2021-07-15 15:00:00,1138.565,1143.665,1128.655,1129.685,4213,3440,0
2021-07-15 16:00:00,1129.705,1136.245,1129.065,1135.685,7687,3410,0
2021-07-15 17:00:00,1135.665,1141.855,1134.555,1141.325,7943,3160,0
2021-07-15 18:00:00,1141.305,1146.505,1139.095,1141.505,6492,2010,0
2021-07-15 19:00:00,1141.505,1143.705,1138.125,1142.125,5550,2420,0
2021-07-15 20:00:00,1142.125,1144.675,1136.455,1138.805,5899,2420,0
2021-07-15 21:00:00,1138.705,1141.685,1136.745,1141.685,1834,1270,0
2021-07-15 22:00:00,1141.685,1142.725,1138.715,1139.585,1650,1110,0
2021-07-15 23:00:00,1139.555,1141.265,1139.075,1140.705,1589,3630,0
2021-07-16 01:00:00,1140.765,1142.145,1139.855,1141.295,1322,2590,0
2021-07-16 02:00:00,1141.385,1142.685,1138.525,1138.835,840,2950,0
2021-07-16 03:00:00,1138.935,1141.825,1136.325,1136.325,1642,3300,0
2021-07-16 04:00:00,1136.325,1138.595,1132.895,1133.405,2385,3680,0
2021-07-16 05:00:00,1133.485,1136.125,1133.325,1135.515,1475,3740,0
2021-07-16 06:00:00,1135.525,1138.495,1135.525,1137.525,1035,4290,0
2021-07-16 07:00:00,1137.515,1138.685,1136.285,1136.605,647,3770,0
2021-07-16 08:00:00,1136.605,1138.215,1134.865,1134.865,732,4050,0
2021-07-16 09:00:00,1134.885,1137.765,1132.115,1133.075,1799,3040,0
2021-07-16 10:00:00,1132.665,1135.255,1130.045,1132.995,2650,2960,0
2021-07-16 11:00:00,1132.945,1137.735,1131.925,1135.975,1958,3630,0
2021-07-16 12:00:00,1135.975,1136.855,1133.705,1135.685,1832,4070,0
2021-07-16 13:00:00,1135.685,1135.955,1130.165,1130.435,1721,3410,0
2021-07-16 14:00:00,1130.435,1132.355,1124.555,1126.755,2755,3670,0
2021-07-16 15:00:00,1126.755,1131.205,1126.355,1126.455,4650,4140,0
2021-07-16 16:00:00,1126.505,1133.055,1113.425,1113.545,7411,3680,0
2021-07-16 17:00:00,1113.525,1116.355,1104.715,1106.515,10100,3710,0
2021-07-16 18:00:00,1106.535,1112.615,1104.855,1108.055,5115,3040,0
2021-07-16 19:00:00,1108.055,1113.365,1098.905,1110.305,2438,1190,0
2021-07-16 20:00:00,1110.305,1111.275,1106.695,1106.835,3396,3180,0
2021-07-16 21:00:00,1106.815,1106.845,1104.035,1104.245,4231,4260,0
2021-07-16 22:00:00,1104.315,1105.065,1097.745,1099.715,5304,4150,0
2021-07-16 23:00:00,1099.715,1101.485,1098.495,1100.515,683,5780,0
2021-07-19 01:00:00,1103.305,1103.715,1101.155,1101.155,925,3960,0
2021-07-19 02:00:00,1101.145,1107.365,1100.255,1106.445,1213,3140,0
2021-07-19 03:00:00,1106.915,1109.555,1105.125,1105.925,1797,2990,0
2021-07-19 04:00:00,1105.925,1107.705,1101.315,1101.355,1956,3650,0
2021-07-19 05:00:00,1101.355,1103.785,1100.435,1101.235,1119,3450,0
2021-07-19 06:00:00,1101.225,1104.755,1101.035,1103.745,888,3390,0
2021-07-19 07:00:00,1103.975,1105.815,1102.925,1103.135,923,3070,0
2021-07-19 08:00:00,1103.155,1105.225,1101.495,1103.835,1441,3370,0
2021-07-19 09:00:00,1103.725,1103.815,1095.785,1098.145,1938,2680,0
2021-07-19 10:00:00,1098.215,1098.595,1091.385,1092.315,2660,2900,0
2021-07-19 11:00:00,1092.315,1093.795,1073.545,1078.225,4185,3700,0
2021-07-19 12:00:00,1078.275,1083.965,1075.555,1083.785,2551,3730,0
2021-07-19 13:00:00,1083.785,1084.555,1078.135,1078.915,3741,3340,0
2021-07-19 14:00:00,1078.935,1081.965,1074.755,1076.115,3513,2010,0
2021-07-19 15:00:00,1076.025,1082.895,1069.435,1080.805,7744,2980,0
2021-07-19 16:00:00,1081.035,1091.545,1077.915,1087.895,11330,3080,0
2021-07-19 17:00:00,1087.895,1092.455,1082.815,1084.315,11601,3640,0
2021-07-19 18:00:00,1084.315,1084.765,1073.755,1078.385,6987,3460,0
2021-07-19 19:00:00,1078.265,1078.265,1070.325,1072.515,2897,1600,0
2021-07-19 20:00:00,1072.505,1074.095,1069.175,1071.055,2509,3860,0
2021-07-19 21:00:00,1071.055,1073.525,1068.325,1069.855,1861,4720,0
2021-07-19 22:00:00,1069.855,1073.015,1065.295,1072.305,1878,2930,0
2021-07-19 23:00:00,1072.305,1075.325,1069.535,1074.535,1068,5260,0
2021-07-20 01:00:00,1074.965,1076.555,1074.585,1075.475,704,3750,0
2021-07-20 02:00:00,1075.595,1076.385,1073.365,1076.225,937,3650,0
2021-07-20 03:00:00,1076.225,1082.445,1075.995,1080.115,1914,4090,0
2021-07-20 04:00:00,1080.015,1085.465,1079.315,1085.325,2351,3620,0
2021-07-20 05:00:00,1085.325,1087.455,1078.725,1081.965,2385,2370,0
2021-07-20 06:00:00,1081.945,1082.265,1075.175,1076.935,1638,3640,0
2021-07-20 07:00:00,1076.935,1079.515,1076.055,1079.515,587,4050,0
2021-07-20 08:00:00,1079.535,1079.795,1076.375,1078.395,1143,3310,0
2021-07-20 09:00:00,1078.395,1082.245,1076.225,1079.145,1896,3490,0
2021-07-20 10:00:00,1079.145,1084.285,1077.695,1079.175,2217,3190,0
2021-07-20 11:00:00,1079.175,1080.165,1075.385,1075.955,1701,3690,0
2021-07-20 12:00:00,1075.905,1080.595,1075.875,1076.625,2073,3260,0
2021-07-20 13:00:00,1076.625,1081.305,1074.315,1074.815,2629,2860,0
2021-07-20 14:00:00,1074.755,1081.525,1074.065,1079.325,2188,3140,0
2021-07-20 15:00:00,1079.085,1079.925,1066.845,1070.785,4959,3720,0
2021-07-20 16:00:00,1070.785,1074.925,1057.025,1074.275,5816,3170,0
2021-07-20 17:00:00,1074.275,1078.005,1062.225,1068.245,3509,3380,0
2021-07-20 18:00:00,1068.235,1068.235,1059.415,1063.405,4612,3460,0
2021-07-20 19:00:00,1063.395,1069.955,1060.825,1069.905,3024,4420,0
2021-07-20 20:00:00,1069.855,1071.865,1067.175,1070.855,2492,4420,0
2021-07-20 21:00:00,1070.865,1073.745,1070.665,1070.725,1547,2820,0
2021-07-20 22:00:00,1070.725,1072.665,1069.325,1069.395,1274,3650,0
2021-07-20 23:00:00,1069.395,1070.805,1066.805,1066.955,1106,3980,0
2021-07-21 01:00:00,1062.775,1069.675,1062.775,1068.875,841,3860,0
2021-07-21 02:00:00,1068.875,1071.275,1066.825,1071.225,1133,3580,0
2021-07-21 03:00:00,1071.225,1075.415,1069.545,1074.745,1664,3270,0
2021-07-21 04:00:00,1074.745,1074.745,1068.365,1070.195,3014,3390,0
2021-07-21 05:00:00,1070.035,1070.545,1064.365,1067.615,1845,3350,0
2021-07-21 06:00:00,1067.615,1072.265,1066.855,1072.225,1633,3680,0
2021-07-21 07:00:00,1072.225,1073.575,1067.745,1067.775,1199,3550,0
2021-07-21 08:00:00,1067.815,1071.965,1067.335,1068.185,1051,2180,0
2021-07-21 09:00:00,1068.185,1075.095,1067.585,1074.465,1834,3760,0
2021-07-21 10:00:00,1074.465,1075.345,1068.245,1073.245,4639,2890,0
2021-07-21 11:00:00,1073.215,1078.955,1068.725,1078.315,3448,3330,0
2021-07-21 12:00:00,1078.315,1078.575,1073.835,1074.915,2442,3780,0
2021-07-21 13:00:00,1074.915,1078.095,1073.175,1073.425,1718,3720,0
2021-07-21 14:00:00,1073.425,1075.125,1070.205,1070.685,2779,3910,0
2021-07-21 15:00:00,1070.595,1075.685,1065.665,1069.255,3085,3080,0
2021-07-21 16:00:00,1069.265,1077.255,1067.215,1076.285,7112,1230,0
2021-07-21 17:00:00,1076.285,1077.175,1071.935,1074.485,7579,3670,0
2021-07-21 18:00:00,1074.455,1079.915,1073.615,1079.675,4273,2930,0
2021-07-21 19:00:00,1079.645,1082.275,1076.875,1078.615,2400,2530,0
2021-07-21 20:00:00,1078.615,1081.295,1077.195,1080.385,2333,3520,0
2021-07-21 21:00:00,1080.425,1081.895,1079.375,1080.235,2257,3550,0
2021-07-21 22:00:00,1080.215,1083.275,1079.935,1080.235,3370,4430,0
2021-07-21 23:00:00,1080.285,1082.605,1079.955,1080.695,1168,4460,0
2021-07-22 01:00:00,1076.965,1081.925,1076.965,1081.645,401,3920,0
2021-07-22 02:00:00,1081.305,1083.525,1080.995,1082.575,612,3530,0
2021-07-22 03:00:00,1082.575,1083.745,1080.315,1081.715,854,2550,0
2021-07-22 04:00:00,1081.765,1085.565,1080.035,1084.275,1387,3750,0
2021-07-22 05:00:00,1084.375,1084.985,1080.495,1080.665,2041,3860,0
2021-07-22 06:00:00,1080.675,1081.885,1080.205,1080.875,823,3830,0
2021-07-22 07:00:00,1080.875,1081.835,1078.565,1078.575,606,4300,0
2021-07-22 08:00:00,1078.605,1080.305,1076.815,1078.265,1021,4820,0
2021-07-22 09:00:00,1078.265,1081.915,1077.665,1081.855,1677,4570,0
2021-07-22 10:00:00,1081.905,1084.325,1079.975,1080.135,2012,3300,0
2021-07-22 11:00:00,1080.135,1081.675,1075.995,1081.235,2193,1850,0
2021-07-22 12:00:00,1081.235,1085.055,1079.565,1082.455,1376,2340,0
2021-07-22 13:00:00,1082.515,1087.345,1081.365,1081.365,1621,1350,0
2021-07-22 14:00:00,1081.385,1085.245,1079.815,1080.595,2376,990,0
2021-07-22 15:00:00,1080.595,1081.775,1077.555,1079.055,5346,2810,0
2021-07-22 16:00:00,1079.055,1084.065,1074.585,1076.505,7378,3050,0
2021-07-22 17:00:00,1076.525,1087.725,1076.525,1087.595,5859,2840,0
2021-07-22 18:00:00,1087.525,1091.345,1083.685,1085.855,4605,3490,0
2021-07-22 19:00:00,1085.855,1092.255,1085.645,1091.475,3094,2580,0
2021-07-22 20:00:00,1091.475,1093.395,1090.105,1092.415,1918,4260,0
2021-07-22 21:00:00,1092.345,1095.055,1092.175,1094.275,1728,4190,0
2021-07-22 22:00:00,1094.285,1095.085,1092.795,1093.645,2594,4480,0
2021-07-22 23:00:00,1093.705,1094.805,1093.245,1093.505,1004,4130,0
2021-07-23 01:00:00,1089.465,1096.395,1089.465,1095.975,563,3550,0
2021-07-23 02:00:00,1095.995,1096.955,1094.485,1094.525,392,3510,0
2021-07-23 03:00:00,1094.495,1095.725,1094.235,1095.615,1505,3840,0
2021-07-23 04:00:00,1095.585,1098.275,1094.045,1094.195,3554,3850,0
2021-07-23 05:00:00,1094.175,1095.065,1092.615,1093.715,2340,4160,0
2021-07-23 06:00:00,1093.715,1095.515,1092.615,1092.925,2897,2880,0
2021-07-23 07:00:00,1092.945,1093.755,1091.935,1093.155,1599,4050,0
2021-07-23 08:00:00,1093.125,1094.405,1089.615,1089.615,2433,4440,0
2021-07-23 09:00:00,1089.645,1094.925,1089.125,1094.035,3242,3740,0
2021-07-23 10:00:00,1094.035,1095.185,1089.755,1093.205,4387,1730,0
2021-07-23 11:00:00,1093.285,1093.645,1082.555,1085.095,3183,1950,0
2021-07-23 12:00:00,1085.045,1086.785,1082.695,1082.915,1417,1300,0
2021-07-23 13:00:00,1082.915,1083.175,1074.245,1078.805,3407,2640,0
2021-07-23 14:00:00,1078.805,1082.185,1074.275,1079.215,2626,640,0
2021-07-23 15:00:00,1079.075,1080.425,1071.155,1074.485,2823,670,0
2021-07-23 16:00:00,1074.485,1078.295,1064.555,1065.745,5501,2100,0
2021-07-23 17:00:00,1065.745,1066.065,1044.955,1049.005,6837,2230,0
2021-07-23 18:00:00,1049.005,1060.525,1045.175,1058.635,5450,2420,0
2021-07-23 19:00:00,1058.625,1064.445,1058.235,1063.755,2770,2440,0
2021-07-23 20:00:00,1063.775,1064.875,1060.675,1061.385,2402,2090,0
2021-07-23 21:00:00,1061.525,1062.775,1060.095,1061.535,1551,2610,0
2021-07-23 22:00:00,1061.735,1063.775,1061.065,1062.275,1798,2030,0
2021-07-23 23:00:00,1062.275,1063.135,1060.085,1061.275,638,4430,0
2021-07-26 01:00:00,1060.765,1064.255,1060.575,1062.505,756,3850,0
2021-07-26 02:00:00,1062.585,1066.095,1062.135,1064.095,1189,3020,0
2021-07-26 03:00:00,1063.965,1064.125,1061.925,1064.125,2028,4280,0
2021-07-26 04:00:00,1064.125,1066.785,1062.205,1066.105,1727,3910,0
2021-07-26 05:00:00,1066.105,1067.045,1063.325,1063.945,1434,3720,0
2021-07-26 06:00:00,1063.945,1066.185,1062.875,1064.545,1164,4210,0
2021-07-26 07:00:00,1064.525,1065.265,1063.805,1063.805,862,4080,0
2021-07-26 08:00:00,1063.815,1065.045,1062.105,1064.165,1426,4320,0
2021-07-26 09:00:00,1064.165,1065.375,1061.685,1064.205,1534,3270,0
2021-07-26 10:00:00,1064.225,1067.475,1059.445,1059.655,2114,3090,0
2021-07-26 11:00:00,1059.655,1061.465,1056.995,1059.385,1733,3410,0
2021-07-26 12:00:00,1059.265,1066.625,1058.235,1066.565,1734,3750,0
2021-07-26 13:00:00,1066.565,1071.065,1066.005,1067.215,1675,3780,0
2021-07-26 14:00:00,1067.165,1071.505,1065.555,1066.035,1776,3390,0
2021-07-26 15:00:00,1066.035,1068.555,1059.585,1065.715,4263,2900,0
2021-07-26 16:00:00,1065.715,1073.885,1061.625,1072.235,8813,2630,0
2021-07-26 17:00:00,1071.385,1075.735,1065.935,1067.405,6750,1910,0
2021-07-26 18:00:00,1067.405,1070.025,1063.865,1067.425,3947,2110,0
2021-07-26 19:00:00,1067.375,1072.285,1066.025,1072.285,2004,2890,0
2021-07-26 20:00:00,1072.395,1073.305,1069.775,1071.365,1494,3060,0
2021-07-26 21:00:00,1071.365,1071.425,1068.935,1069.685,1407,2670,0
2021-07-26 22:00:00,1069.685,1069.825,1068.645,1069.395,1318,2610,0
2021-07-26 23:00:00,1069.345,1070.105,1065.485,1066.595,1274,3000,0
2021-07-27 01:00:00,1064.545,1066.745,1064.545,1065.315,641,4030,0
2021-07-27 02:00:00,1065.315,1068.125,1065.275,1066.895,734,3730,0
2021-07-27 03:00:00,1066.875,1066.875,1062.805,1064.755,2434,4040,0
2021-07-27 04:00:00,1064.755,1066.465,1061.275,1061.325,4119,3860,0
2021-07-27 05:00:00,1061.355,1063.635,1059.465,1063.305,2664,3970,0
2021-07-27 06:00:00,1063.335,1063.605,1060.905,1063.265,2936,4800,0
2021-07-27 07:00:00,1063.245,1063.675,1061.515,1061.845,2353,4620,0
2021-07-27 08:00:00,1061.845,1062.145,1059.065,1062.105,2155,3920,0
2021-07-27 09:00:00,1062.185,1063.165,1057.445,1057.745,3631,4040,0
2021-07-27 10:00:00,1057.775,1059.635,1051.865,1056.995,5335,3390,0
2021-07-27 11:00:00,1056.995,1057.755,1049.525,1053.365,2735,3740,0
2021-07-27 12:00:00,1053.365,1062.395,1051.975,1059.515,2997,2900,0
2021-07-27 13:00:00,1059.495,1059.705,1054.235,1054.475,3102,3510,0
2021-07-27 14:00:00,1054.475,1060.555,1053.925,1058.405,2119,3190,0
2021-07-27 15:00:00,1058.475,1071.805,1058.345,1065.275,4701,2660,0
2021-07-27 16:00:00,1065.325,1067.315,1055.065,1055.785,7954,2750,0
2021-07-27 17:00:00,1055.775,1057.345,1048.985,1053.965,8578,3730,0
2021-07-27 18:00:00,1053.965,1055.135,1047.355,1048.325,7744,2640,0
2021-07-27 19:00:00,1048.355,1051.015,1046.045,1050.415,5020,790,0
2021-07-27 20:00:00,1050.415,1055.475,1049.205,1054.955,2165,3620,0
2021-07-27 21:00:00,1054.955,1056.475,1054.065,1054.895,1607,3620,0
2021-07-27 22:00:00,1054.895,1056.985,1054.685,1056.415,1474,3270,0
2021-07-27 23:00:00,1056.415,1056.825,1052.505,1052.555,1940,3530,0
2021-07-28 01:00:00,1050.675,1054.905,1050.675,1054.835,1568,3350,0
2021-07-28 02:00:00,1054.835,1057.755,1054.835,1056.145,1873,3110,0
2021-07-28 03:00:00,1056.125,1057.185,1054.045,1054.745,2517,3170,0
2021-07-28 04:00:00,1054.715,1061.265,1054.615,1058.925,4570,3990,0
2021-07-28 05:00:00,1058.945,1060.805,1055.635,1059.985,4703,3820,0
2021-07-28 06:00:00,1059.965,1062.265,1058.465,1059.825,2833,3590,0
2021-07-28 07:00:00,1059.795,1064.035,1059.045,1061.495,1688,3760,0
2021-07-28 08:00:00,1061.435,1061.735,1057.305,1061.735,2278,3930,0
2021-07-28 09:00:00,1061.555,1063.765,1058.065,1058.435,1950,4420,0
2021-07-28 10:00:00,1058.435,1060.795,1054.855,1057.725,1983,3050,0
2021-07-28 11:00:00,1057.725,1061.275,1055.675,1060.545,2136,2900,0
2021-07-28 12:00:00,1060.625,1060.625,1054.825,1055.065,1802,3200,0
2021-07-28 13:00:00,1055.065,1057.015,1052.225,1054.435,2228,3080,0
2021-07-28 14:00:00,1054.435,1055.875,1050.605,1052.805,2722,3090,0
2021-07-28 15:00:00,1052.805,1056.035,1046.935,1047.945,4271,2840,0
2021-07-28 16:00:00,1047.945,1053.345,1047.675,1049.875,7076,2990,0
2021-07-28 17:00:00,1049.875,1055.895,1049.055,1054.805,6563,2270,0
2021-07-28 18:00:00,1054.805,1060.625,1054.505,1058.925,3888,2310,0
2021-07-28 19:00:00,1058.955,1061.975,1057.815,1059.785,2396,2080,0
2021-07-28 20:00:00,1059.825,1061.945,1044.125,1044.555,2341,2320,0
2021-07-28 21:00:00,1044.785,1065.475,1043.445,1062.425,10062,2600,0
2021-07-28 22:00:00,1062.425,1070.675,1061.775,1069.675,3800,2270,0
2021-07-28 23:00:00,1069.505,1069.945,1066.595,1066.635,2582,2280,0
2021-07-29 01:00:00,1064.865,1069.125,1064.865,1067.905,655,3460,0
2021-07-29 02:00:00,1067.905,1070.055,1067.365,1068.955,942,3350,0
2021-07-29 03:00:00,1068.915,1073.325,1068.335,1072.425,2140,3960,0
2021-07-29 04:00:00,1072.425,1076.845,1072.045,1072.805,4903,3540,0
2021-07-29 05:00:00,1072.745,1074.885,1071.315,1073.975,3555,4150,0
2021-07-29 06:00:00,1074.055,1075.295,1073.595,1073.765,1609,4200,0
2021-07-29 07:00:00,1073.765,1074.975,1072.875,1073.185,1092,4120,0
2021-07-29 08:00:00,1073.225,1076.755,1072.665,1074.865,2542,4360,0
2021-07-29 09:00:00,1076.225,1078.075,1072.675,1074.405,2157,2530,0
2021-07-29 10:00:00,1074.365,1079.475,1074.255,1076.745,3969,3180,0
2021-07-29 11:00:00,1076.745,1079.945,1074.495,1075.505,3120,3450,0
2021-07-29 12:00:00,1075.645,1077.445,1074.715,1076.575,2049,4020,0
2021-07-29 13:00:00,1076.575,1078.545,1075.295,1077.785,2756,3640,0
2021-07-29 14:00:00,1077.765,1082.225,1077.385,1077.435,2852,3300,0
2021-07-29 15:00:00,1077.545,1081.985,1069.945,1073.125,5169,3060,0
2021-07-29 16:00:00,1073.205,1073.815,1066.145,1066.475,7083,3220,0
2021-07-29 17:00:00,1066.525,1071.665,1065.185,1070.335,5067,2960,0
2021-07-29 18:00:00,1070.425,1071.795,1066.975,1068.965,2789,2410,0
2021-07-29 19:00:00,1068.965,1069.755,1063.925,1066.445,2075,2550,0
2021-07-29 20:00:00,1066.395,1070.255,1065.835,1067.345,2787,3350,0
2021-07-29 21:00:00,1067.345,1068.285,1066.835,1067.535,1889,3740,0
2021-07-29 22:00:00,1067.535,1067.755,1064.065,1064.415,2694,3710,0
2021-07-29 23:00:00,1064.445,1064.445,1060.015,1060.685,3336,4240,0
2021-07-30 01:00:00,1057.055,1062.795,1057.055,1062.135,688,3870,0
2021-07-30 02:00:00,1062.115,1062.705,1054.765,1056.005,1179,3610,0
2021-07-30 03:00:00,1056.015,1058.355,1052.875,1052.925,1851,3220,0
2021-07-30 04:00:00,1052.925,1054.415,1052.315,1052.395,2397,4250,0
2021-07-30 05:00:00,1052.395,1054.975,1051.045,1053.515,1458,3800,0
2021-07-30 06:00:00,1053.515,1056.115,1051.695,1051.815,1321,3390,0
2021-07-30 07:00:00,1051.715,1054.735,1051.695,1054.105,812,3040,0
2021-07-30 08:00:00,1054.065,1055.105,1052.355,1054.755,1157,3090,0
2021-07-30 09:00:00,1054.755,1057.755,1054.025,1057.665,1933,1390,0
2021-07-30 10:00:00,1057.665,1058.945,1055.405,1058.505,4042,1460,0
2021-07-30 11:00:00,1058.475,1058.825,1055.205,1055.615,2610,3630,0
2021-07-30 12:00:00,1055.625,1055.805,1050.285,1051.755,2752,4180,0
2021-07-30 13:00:00,1051.755,1054.655,1050.075,1052.005,2747,2880,0
2021-07-30 14:00:00,1052.005,1052.855,1049.405,1050.055,2489,2930,0
2021-07-30 15:00:00,1050.055,1050.425,1037.005,1039.495,5384,2890,0
2021-07-30 16:00:00,1039.515,1057.115,1038.155,1052.485,8189,3190,0
2021-07-30 17:00:00,1052.815,1053.945,1040.615,1043.795,6198,3100,0
2021-07-30 18:00:00,1043.815,1047.585,1042.325,1044.965,4079,3050,0
2021-07-30 19:00:00,1044.965,1048.955,1043.815,1046.505,2391,3240,0
2021-07-30 20:00:00,1046.505,1056.595,1045.495,1049.765,3566,3180,0
2021-07-30 21:00:00,1049.765,1049.795,1043.545,1045.525,3931,3320,0
2021-07-30 22:00:00,1045.495,1049.745,1045.335,1049.335,4484,3890,0
2021-07-30 23:00:00,1049.185,1050.125,1046.785,1048.035,822,4710,0
2021-08-02 01:00:00,1049.045,1053.735,1048.995,1052.225,1041,3890,0
2021-08-02 02:00:00,1052.365,1056.415,1052.165,1055.705,1123,3980,0
2021-08-02 03:00:00,1055.605,1061.965,1054.265,1061.695,2159,3910,0
2021-08-02 04:00:00,1061.775,1062.105,1053.285,1053.945,3650,4130,0
2021-08-02 05:00:00,1053.945,1057.385,1051.765,1056.885,2964,4110,0
2021-08-02 06:00:00,1056.915,1058.835,1055.715,1056.975,1358,4220,0
2021-08-02 07:00:00,1056.955,1057.195,1055.355,1056.665,851,4140,0
2021-08-02 08:00:00,1056.635,1058.775,1055.165,1055.525,2036,4190,0
2021-08-02 09:00:00,1055.525,1057.315,1051.935,1057.215,2499,3670,0
2021-08-02 10:00:00,1057.275,1059.575,1054.835,1055.955,3224,4160,0
2021-08-02 11:00:00,1055.985,1057.965,1051.065,1052.205,1989,3700,0
2021-08-02 12:00:00,1052.205,1057.255,1051.935,1056.445,1750,3610,0
2021-08-02 13:00:00,1056.445,1060.685,1056.135,1057.185,1882,3220,0
2021-08-02 14:00:00,1057.205,1065.935,1056.165,1065.685,2697,3610,0
2021-08-02 15:00:00,1065.765,1068.545,1059.255,1060.385,4592,350,0
2021-08-02 16:00:00,1060.275,1069.055,1055.805,1062.695,6274,3150,0
2021-08-02 17:00:00,1062.725,1065.675,1058.345,1061.775,7431,3540,0
2021-08-02 18:00:00,1061.775,1066.415,1060.805,1061.455,3711,3630,0
2021-08-02 19:00:00,1061.535,1062.165,1058.435,1059.215,3788,3100,0
2021-08-02 20:00:00,1059.235,1061.165,1056.905,1057.045,4558,3800,0
2021-08-02 21:00:00,1057.045,1057.575,1054.735,1057.575,4300,3750,0
2021-08-02 22:00:00,1057.555,1057.575,1053.135,1055.165,2828,3120,0
2021-08-02 23:00:00,1055.165,1056.235,1053.735,1056.025,719,3210,0
2021-08-03 01:00:00,1056.625,1057.565,1054.625,1055.745,567,3480,0
2021-08-03 02:00:00,1055.745,1058.115,1055.045,1056.055,769,3130,0
2021-08-03 03:00:00,1056.045,1058.115,1053.435,1054.135,1111,2910,0
2021-08-03 04:00:00,1054.125,1055.425,1052.515,1053.505,1623,2940,0
2021-08-03 05:00:00,1053.535,1054.665,1051.825,1052.785,1078,3020,0
2021-08-03 06:00:00,1052.785,1053.895,1052.165,1053.235,758,3150,0
2021-08-03 07:00:00,1053.235,1056.155,1052.725,1054.845,1228,3280,0
2021-08-03 08:00:00,1054.825,1056.055,1053.525,1053.805,1281,3420,0
2021-08-03 09:00:00,1053.805,1055.185,1052.275,1054.105,1060,2600,0
2021-08-03 10:00:00,1054.105,1054.495,1050.275,1053.115,2295,1720,0
2021-08-03 11:00:00,1053.115,1055.105,1051.455,1053.415,1933,1990,0
2021-08-03 12:00:00,1053.335,1054.785,1051.915,1054.785,1069,3270,0
2021-08-03 13:00:00,1054.885,1057.675,1053.985,1056.765,1217,3040,0
2021-08-03 14:00:00,1056.795,1059.945,1055.985,1059.055,1339,2770,0
2021-08-03 15:00:00,1058.965,1059.085,1049.045,1056.945,3663,2870,0
2021-08-03 16:00:00,1057.025,1057.305,1043.695,1044.525,7685,3040,0
2021-08-03 17:00:00,1044.545,1047.765,1041.815,1046.895,3914,2970,0
2021-08-03 18:00:00,1046.895,1049.295,1045.005,1048.205,2421,3360,0
2021-08-03 19:00:00,1048.205,1053.515,1047.435,1050.255,1975,2720,0
2021-08-03 20:00:00,1050.255,1052.055,1049.405,1050.395,1958,3370,0
2021-08-03 21:00:00,1050.395,1051.535,1049.815,1051.165,1472,3660,0
2021-08-03 22:00:00,1051.165,1051.885,1050.495,1051.505,1171,3460,0
2021-08-03 23:00:00,1051.505,1051.635,1048.905,1048.955,836,3190,0
2021-08-04 01:00:00,1048.245,1050.875,1046.375,1050.785,616,2920,0
2021-08-04 02:00:00,1050.755,1051.265,1049.785,1050.055,1177,2600,0
2021-08-04 03:00:00,1049.935,1050.005,1046.825,1048.175,1247,3930,0
2021-08-04 04:00:00,1048.145,1051.735,1046.805,1051.065,2739,4040,0
2021-08-04 05:00:00,1051.095,1052.665,1050.045,1052.075,2558,4050,0
2021-08-04 06:00:00,1052.095,1053.895,1051.045,1052.105,1828,4080,0
2021-08-04 07:00:00,1052.105,1052.325,1050.915,1051.945,1438,3900,0
2021-08-04 08:00:00,1051.935,1053.375,1046.865,1049.065,1560,3700,0
2021-08-04 09:00:00,1049.045,1050.505,1047.335,1049.505,1616,4680,0
2021-08-04 10:00:00,1049.485,1051.545,1046.725,1049.545,2005,4000,0
2021-08-04 11:00:00,1049.465,1049.525,1044.145,1044.795,1841,3270,0
2021-08-04 12:00:00,1044.795,1047.835,1044.625,1047.635,1215,3300,0
2021-08-04 13:00:00,1047.635,1047.785,1044.945,1046.235,1315,2860,0
2021-08-04 14:00:00,1046.235,1050.275,1044.735,1050.095,2000,2610,0
2021-08-04 15:00:00,1050.145,1054.155,1043.945,1050.565,5650,3040,0
2021-08-04 16:00:00,1050.675,1055.575,1049.575,1052.585,6432,2400,0
2021-08-04 17:00:00,1052.375,1054.195,1037.395,1044.015,11823,1640,0
2021-08-04 18:00:00,1044.015,1044.415,1029.745,1032.305,5729,620,0
2021-08-04 19:00:00,1032.275,1032.275,1021.605,1026.345,3389,2220,0
2021-08-04 20:00:00,1026.345,1029.785,1024.335,1029.375,2281,1780,0
2021-08-04 21:00:00,1029.375,1030.185,1025.905,1026.525,2710,1440,0
2021-08-04 22:00:00,1026.555,1027.415,1025.345,1025.925,4270,2400,0
2021-08-04 23:00:00,1025.995,1026.645,1025.445,1026.295,1066,2390,0
2021-08-05 01:00:00,1025.805,1027.675,1025.395,1026.835,621,2420,0
2021-08-05 02:00:00,1026.805,1027.125,1023.425,1023.965,866,2740,0
2021-08-05 03:00:00,1023.985,1024.005,1008.435,1009.375,2268,1690,0
2021-08-05 04:00:00,1009.355,1017.255,1009.295,1014.825,2543,2470,0
2021-08-05 05:00:00,1014.825,1015.395,1013.205,1014.405,1865,2590,0
2021-08-05 06:00:00,1014.385,1017.885,1013.355,1017.825,1694,2350,0
2021-08-05 07:00:00,1017.795,1019.365,1015.825,1017.515,1625,2610,0
2021-08-05 08:00:00,1017.495,1018.435,1012.985,1014.765,2045,3720,0
2021-08-05 09:00:00,1014.715,1015.785,1012.605,1015.075,3135,3220,0
2021-08-05 10:00:00,1015.145,1023.575,1015.125,1020.325,3717,2630,0
2021-08-05 11:00:00,1020.355,1020.655,1016.295,1019.825,3626,2410,0
2021-08-05 12:00:00,1019.885,1021.795,1019.145,1020.375,2758,2830,0
2021-08-05 13:00:00,1020.395,1022.265,1018.475,1019.965,3060,2460,0
2021-08-05 14:00:00,1020.015,1023.085,1019.545,1022.585,3193,3200,0
2021-08-05 15:00:00,1022.565,1023.045,1011.495,1015.705,5573,2900,0
2021-08-05 16:00:00,1015.755,1020.775,1007.405,1010.265,6568,2070,0
2021-08-05 17:00:00,1010.265,1015.725,1008.175,1015.605,8907,2350,0
2021-08-05 18:00:00,1015.635,1016.295,1008.825,1013.475,3988,2830,0
2021-08-05 19:00:00,1013.445,1015.055,1011.375,1011.725,3644,2660,0
2021-08-05 20:00:00,1011.755,1014.045,1010.865,1011.965,3447,2950,0
2021-08-05 21:00:00,1012.045,1012.495,1008.775,1008.995,2953,3030,0
2021-08-05 22:00:00,1008.985,1009.795,1008.045,1009.105,3203,960,0
2021-08-05 23:00:00,1009.225,1009.225,1005.605,1006.355,2104,1250,0
2021-08-06 01:00:00,1006.115,1008.945,1001.665,1007.905,528,1870,0
2021-08-06 02:00:00,1007.895,1008.795,1006.665,1006.765,625,1740,0
2021-08-06 03:00:00,1006.765,1007.135,1001.535,1001.735,2086,1200,0
2021-08-06 04:00:00,1001.705,1002.365,998.695,1001.445,3028,1670,0
2021-08-06 05:00:00,1001.445,1001.455,998.985,1000.505,2229,2970,0
2021-08-06 06:00:00,1000.635,1004.415,999.845,1004.225,1624,3570,0
2021-08-06 07:00:00,1004.185,1005.425,1002.855,1005.235,889,2690,0
2021-08-06 08:00:00,1005.215,1009.015,1004.395,1007.215,2043,2540,0
2021-08-06 09:00:00,1007.185,1010.975,1006.045,1009.015,2738,3580,0
2021-08-06 10:00:00,1008.965,1009.065,1003.355,1003.875,2941,3110,0
2021-08-06 11:00:00,1003.665,1003.915,1000.795,1003.055,3105,3060,0
2021-08-06 12:00:00,1003.085,1003.825,999.965,1000.235,2256,2210,0
2021-08-06 13:00:00,1000.235,1001.255,994.195,994.645,2863,2310,0
2021-08-06 14:00:00,994.665,998.275,993.695,997.615,2980,2810,0
2021-08-06 15:00:00,997.595,1003.675,985.295,996.605,10482,3350,0
2021-08-06 16:00:00,996.655,997.685,980.655,980.665,11216,2790,0
2021-08-06 17:00:00,980.665,987.215,976.325,986.275,6338,2830,0
2021-08-06 18:00:00,986.215,988.045,981.125,984.815,4407,2930,0
2021-08-06 19:00:00,984.865,984.875,978.295,979.275,2629,2430,0
2021-08-06 20:00:00,979.275,986.315,979.145,985.615,1936,2470,0
2021-08-06 21:00:00,985.615,987.405,984.165,984.165,1249,2520,0
2021-08-06 22:00:00,983.915,984.615,981.305,981.675,1609,3000,0
2021-08-06 23:00:00,981.675,981.675,979.535,980.915,728,4150,0
2021-08-09 01:00:00,981.715,982.175,959.355,968.785,3495,2230,0
2021-08-09 02:00:00,968.785,969.645,959.085,963.505,2434,5770,0
2021-08-09 03:00:00,963.485,969.545,961.335,968.815,2600,2470,0
2021-08-09 04:00:00,968.845,973.555,967.815,970.475,4755,2590,0
2021-08-09 05:00:00,970.505,975.905,970.205,975.315,2299,2600,0
2021-08-09 06:00:00,975.315,976.315,971.335,971.565,1491,2370,0
2021-08-09 07:00:00,971.665,978.675,971.665,978.125,1396,3410,0
2021-08-09 08:00:00,978.095,982.015,975.955,979.595,2575,3300,0
2021-08-09 09:00:00,979.435,982.115,976.655,976.785,3015,4100,0
2021-08-09 10:00:00,976.755,982.525,973.975,975.045,3704,3400,0
2021-08-09 11:00:00,975.115,976.405,970.035,972.995,2909,3170,0
2021-08-09 12:00:00,972.945,980.215,971.485,976.825,2685,580,0
2021-08-09 13:00:00,976.865,977.815,969.285,969.595,2266,2230,0
2021-08-09 14:00:00,969.595,978.635,969.395,976.185,2424,2350,0
2021-08-09 15:00:00,976.185,980.655,968.995,974.225,5065,2200,0
2021-08-09 16:00:00,974.195,990.215,974.195,982.575,9595,1590,0
2021-08-09 17:00:00,982.635,987.795,976.095,977.045,8924,3410,0
2021-08-09 18:00:00,977.075,985.845,976.645,984.285,7321,3030,0
2021-08-09 19:00:00,984.285,985.045,978.185,983.915,2642,1680,0
2021-08-09 20:00:00,983.915,984.655,977.455,979.945,2284,3010,0
2021-08-09 21:00:00,979.945,982.745,979.325,980.375,1676,3140,0
2021-08-09 22:00:00,980.375,983.145,980.375,981.265,1149,3170,0
2021-08-09 23:00:00,981.165,983.345,980.755,980.985,714,3290,0
2021-08-10 01:00:00,980.565,982.035,979.615,980.925,667,2900,0
2021-08-10 02:00:00,980.925,982.725,978.075,978.895,1053,2980,0
2021-08-10 03:00:00,978.835,984.475,976.895,984.425,1951,3860,0
2021-08-10 04:00:00,984.525,985.675,980.995,981.575,2557,4060,0
2021-08-10 05:00:00,981.575,985.005,980.605,983.265,1425,4040,0
2021-08-10 06:00:00,983.265,988.245,983.035,987.675,925,3720,0
2021-08-10 07:00:00,987.675,989.745,986.585,989.475,1203,3210,0
2021-08-10 08:00:00,989.485,991.745,986.935,989.675,1709,3450,0
2021-08-10 09:00:00,989.595,994.945,988.725,993.175,2433,3660,0
2021-08-10 10:00:00,993.235,995.485,990.035,994.515,2225,3100,0
2021-08-10 11:00:00,994.575,994.755,987.305,988.245,2058,2970,0
2021-08-10 12:00:00,988.245,988.245,982.635,984.265,1743,3270,0
2021-08-10 13:00:00,984.315,986.285,982.475,985.265,2243,3000,0
2021-08-10 14:00:00,985.265,993.155,983.815,992.605,2078,2970,0
2021-08-10 15:00:00,992.605,993.245,983.665,988.405,4836,3180,0
2021-08-10 16:00:00,988.435,991.145,982.035,989.775,8373,1740,0
2021-08-10 17:00:00,989.825,996.375,985.895,994.485,9767,2980,0
2021-08-10 18:00:00,994.345,1001.175,993.375,999.805,5751,2940,0
2021-08-10 19:00:00,999.825,1004.975,997.495,999.165,4545,2720,0
2021-08-10 20:00:00,999.135,1000.945,993.985,1000.345,4915,3370,0
2021-08-10 21:00:00,1000.315,1000.775,997.975,998.985,2973,3190,0
2021-08-10 22:00:00,998.915,999.385,996.405,997.215,3308,3360,0
2021-08-10 23:00:00,997.245,998.735,996.695,997.645,1336,3630,0
2021-08-11 01:00:00,998.265,1000.915,996.325,999.745,741,3380,0
2021-08-11 02:00:00,999.775,1001.755,999.545,1001.495,860,3230,0
2021-08-11 03:00:00,1001.525,1006.315,1001.105,1004.535,1753,3420,0
2021-08-11 04:00:00,1004.515,1006.945,1002.145,1006.515,3670,2400,0
2021-08-11 05:00:00,1006.535,1007.195,1004.815,1006.475,2323,2130,0
2021-08-11 06:00:00,1006.465,1006.855,1002.905,1005.815,1728,2450,0
2021-08-11 07:00:00,1005.805,1005.975,1004.025,1004.045,818,3010,0
2021-08-11 08:00:00,1004.025,1006.955,1003.575,1006.325,1759,2610,0
2021-08-11 09:00:00,1006.295,1007.435,1002.965,1004.015,2648,2490,0
2021-08-11 10:00:00,1003.965,1004.845,1000.245,1001.475,2077,1620,0
2021-08-11 11:00:00,1001.475,1005.595,1001.115,1005.045,1829,2570,0
2021-08-11 12:00:00,1005.045,1008.125,1005.035,1006.025,1077,2400,0
2021-08-11 13:00:00,1006.025,1014.485,1004.065,1013.235,1672,990,0
2021-08-11 14:00:00,1013.225,1013.435,1010.335,1011.865,1130,1550,0
2021-08-11 15:00:00,1011.865,1020.515,1009.335,1012.825,8475,2130,0
2021-08-11 16:00:00,1013.005,1014.485,1006.415,1007.215,9486,1670,0
2021-08-11 17:00:00,1007.255,1018.385,1007.105,1017.055,5426,3200,0
2021-08-11 18:00:00,1017.055,1023.845,1014.995,1023.245,5461,3370,0
2021-08-11 19:00:00,1023.225,1024.755,1020.835,1022.865,4055,2690,0
2021-08-11 20:00:00,1022.835,1024.625,1020.575,1022.065,5395,2940,0
2021-08-11 21:00:00,1022.045,1023.865,1021.915,1022.725,3641,2820,0
2021-08-11 22:00:00,1022.715,1023.015,1021.435,1022.955,3142,2710,0
2021-08-11 23:00:00,1022.905,1022.925,1020.425,1020.445,1217,2960,0
2021-08-12 01:00:00,1020.765,1023.475,1019.545,1022.505,797,3220,0
2021-08-12 02:00:00,1022.475,1023.135,1021.005,1021.855,781,3120,0
2021-08-12 03:00:00,1021.855,1023.165,1018.865,1019.485,2354,3760,0
2021-08-12 04:00:00,1019.555,1020.145,1015.075,1015.685,2781,4010,0
2021-08-12 05:00:00,1015.715,1018.585,1012.895,1014.475,2021,3910,0
2021-08-12 06:00:00,1014.455,1018.555,1014.315,1017.925,2001,4020,0
2021-08-12 07:00:00,1017.975,1019.805,1016.675,1016.815,1450,3560,0
2021-08-12 08:00:00,1016.885,1018.405,1013.995,1013.995,1792,3090,0
2021-08-12 09:00:00,1013.995,1017.825,1009.575,1013.155,1957,3020,0
2021-08-12 10:00:00,1013.135,1019.365,1011.835,1017.345,3118,2900,0
2021-08-12 11:00:00,1017.345,1018.375,1014.775,1016.745,1551,2960,0
2021-08-12 12:00:00,1016.725,1017.545,1015.415,1016.035,1005,3240,0
2021-08-12 13:00:00,1016.005,1016.605,1013.755,1013.935,2258,3040,0
2021-08-12 14:00:00,1013.975,1015.415,1011.055,1013.045,3024,2480,0
2021-08-12 15:00:00,1013.095,1022.595,1012.995,1019.995,5297,2790,0
2021-08-12 16:00:00,1019.995,1022.215,1012.095,1016.685,7824,1870,0
2021-08-12 17:00:00,1016.705,1023.655,1016.115,1018.575,8004,2370,0
2021-08-12 18:00:00,1018.605,1026.065,1015.845,1025.325,4542,2560,0
2021-08-12 19:00:00,1025.405,1027.995,1022.815,1023.775,4375,2310,0
2021-08-12 20:00:00,1023.785,1024.475,1021.045,1023.785,1832,2520,0
2021-08-12 21:00:00,1023.735,1024.265,1022.235,1022.695,1081,2790,0
2021-08-12 22:00:00,1022.695,1024.165,1021.165,1022.655,985,2900,0
2021-08-12 23:00:00,1022.545,1023.215,1020.305,1020.675,1340,2970,0
2021-08-13 01:00:00,1020.985,1022.385,1017.225,1022.215,466,2870,0
2021-08-13 02:00:00,1022.235,1022.685,1019.505,1020.635,843,2800,0
2021-08-13 03:00:00,1020.635,1020.715,1015.825,1017.905,1650,3150,0
2021-08-13 04:00:00,1017.875,1020.455,1016.035,1018.785,2447,3350,0
2021-08-13 05:00:00,1018.735,1021.385,1018.375,1020.325,1082,3780,0
2021-08-13 06:00:00,1020.345,1020.655,1019.175,1019.855,913,3760,0
2021-08-13 07:00:00,1019.845,1021.195,1018.135,1020.335,486,3860,0
2021-08-13 08:00:00,1020.355,1020.465,1018.155,1019.235,1387,3730,0
2021-08-13 09:00:00,1019.205,1022.925,1019.135,1020.425,2366,3450,0
2021-08-13 10:00:00,1020.475,1022.785,1020.105,1022.115,3260,3290,0
2021-08-13 11:00:00,1021.995,1022.435,1018.905,1020.735,1466,2890,0
2021-08-13 12:00:00,1020.825,1022.985,1019.635,1022.835,1999,3310,0
2021-08-13 13:00:00,1022.805,1024.705,1021.725,1024.335,2063,3320,0
2021-08-13 14:00:00,1024.365,1025.665,1022.875,1024.135,2759,2230,0
2021-08-13 15:00:00,1024.175,1027.645,1021.595,1025.095,4016,2130,0
2021-08-13 16:00:00,1025.095,1029.245,1023.415,1025.495,6027,2540,0
2021-08-13 17:00:00,1025.445,1031.555,1025.445,1031.075,8511,3420,0
2021-08-13 18:00:00,1031.105,1033.595,1028.805,1032.235,3907,2960,0
2021-08-13 19:00:00,1032.235,1033.215,1028.725,1028.725,3992,2580,0
2021-08-13 20:00:00,1028.645,1031.975,1028.285,1031.345,3357,2720,0
2021-08-13 21:00:00,1031.345,1031.815,1029.105,1029.905,3129,2720,0
2021-08-13 22:00:00,1029.955,1029.955,1028.015,1029.475,3418,3040,0
2021-08-13 23:00:00,1029.475,1030.035,1028.065,1028.825,524,3180,0
2021-08-16 01:00:00,1029.515,1030.775,1029.045,1029.635,2232,2850,0
2021-08-16 02:00:00,1029.615,1029.755,1027.705,1027.925,824,1600,0
2021-08-16 03:00:00,1027.905,1028.315,1020.535,1023.655,2666,1570,0
2021-08-16 04:00:00,1023.635,1025.595,1021.415,1021.765,3093,4460,0
2021-08-16 05:00:00,1021.735,1021.805,1018.405,1020.175,1996,4320,0
2021-08-16 06:00:00,1020.105,1020.455,1017.785,1018.365,1827,4000,0
2021-08-16 07:00:00,1018.335,1020.805,1017.415,1020.575,1279,3570,0
2021-08-16 08:00:00,1020.605,1020.735,1010.295,1012.775,2282,2370,0
2021-08-16 09:00:00,1012.745,1016.715,1011.275,1013.815,2676,1990,0
2021-08-16 10:00:00,1013.835,1018.075,1011.265,1012.785,4369,3010,0
2021-08-16 11:00:00,1012.815,1014.385,1006.475,1010.265,3618,3320,0
2021-08-16 12:00:00,1010.295,1013.525,1009.795,1013.185,3524,3280,0
2021-08-16 13:00:00,1013.165,1015.665,1010.335,1014.815,3788,3240,0
2021-08-16 14:00:00,1014.865,1016.125,1013.725,1016.055,3431,3320,0
2021-08-16 15:00:00,1016.075,1022.185,1014.675,1019.175,5923,2800,0
2021-08-16 16:00:00,1019.145,1022.155,1016.305,1018.835,6591,1910,0
2021-08-16 17:00:00,1018.815,1024.885,1017.785,1018.485,4210,1530,0
2021-08-16 18:00:00,1018.485,1024.445,1018.485,1020.605,2007,2550,0
2021-08-16 19:00:00,1020.565,1024.395,1019.575,1023.785,2877,2540,0
2021-08-16 20:00:00,1023.765,1025.965,1022.795,1025.405,3718,3530,0
2021-08-16 21:00:00,1025.425,1025.925,1024.295,1025.415,3206,3630,0
2021-08-16 22:00:00,1025.435,1026.015,1024.925,1025.135,3694,3500,0
2021-08-16 23:00:00,1025.165,1025.435,1024.075,1024.185,1573,3650,0
2021-08-17 01:00:00,1024.365,1025.205,1021.395,1024.765,436,3520,0
2021-08-17 02:00:00,1024.875,1031.165,1024.705,1029.635,1088,2820,0
2021-08-17 03:00:00,1029.675,1030.045,1024.395,1024.665,3184,3300,0
2021-08-17 04:00:00,1024.685,1026.945,1021.705,1023.575,4636,2030,0
2021-08-17 05:00:00,1023.505,1026.045,1022.715,1025.125,3402,2020,0
2021-08-17 06:00:00,1025.095,1025.725,1020.885,1023.705,2930,2210,0
2021-08-17 07:00:00,1023.755,1026.725,1023.475,1026.605,1213,2080,0
2021-08-17 08:00:00,1026.605,1027.555,1024.835,1026.115,3947,1780,0
2021-08-17 09:00:00,1026.115,1026.665,1017.895,1019.385,5230,1950,0
2021-08-17 10:00:00,1019.335,1024.455,1018.895,1019.835,5464,2860,0
2021-08-17 11:00:00,1019.895,1025.575,1019.895,1023.945,4187,3090,0
2021-08-17 12:00:00,1023.915,1031.535,1023.735,1029.465,3266,3170,0
2021-08-17 13:00:00,1029.485,1031.235,1027.805,1030.655,2386,3000,0
2021-08-17 14:00:00,1030.635,1031.235,1026.825,1026.825,4113,2660,0
2021-08-17 15:00:00,1026.795,1030.975,1019.465,1020.275,7587,2970,0
2021-08-17 16:00:00,1020.355,1020.635,1010.035,1015.715,10024,2370,0
2021-08-17 17:00:00,1015.705,1015.955,1005.895,1006.035,9472,3300,0
2021-08-17 18:00:00,1006.065,1006.175,997.545,999.055,4367,1690,0
2021-08-17 19:00:00,999.055,1004.065,998.105,998.345,2695,1290,0
2021-08-17 20:00:00,998.345,1001.055,993.415,994.005,2685,1930,0
2021-08-17 21:00:00,994.005,996.145,992.535,996.125,4868,3240,0
2021-08-17 22:00:00,996.105,999.075,995.355,998.925,5663,2880,0
2021-08-17 23:00:00,998.745,999.365,996.145,997.845,1537,3400,0
2021-08-18 01:00:00,998.115,1000.225,994.955,998.725,1204,2930,0
2021-08-18 02:00:00,998.735,1000.505,998.295,1000.335,1298,3050,0
2021-08-18 03:00:00,1000.375,1004.405,998.995,1002.885,1917,2900,0
2021-08-18 04:00:00,1002.835,1009.675,1002.835,1009.365,2186,3260,0
2021-08-18 05:00:00,1009.325,1012.275,1007.985,1011.865,1824,3160,0
2021-08-18 06:00:00,1011.895,1012.975,1008.845,1009.735,1834,3530,0
2021-08-18 07:00:00,1009.685,1011.325,1007.295,1008.405,1692,3880,0
2021-08-18 08:00:00,1008.355,1011.505,1008.135,1009.915,2524,3610,0
2021-08-18 09:00:00,1009.945,1015.665,1009.545,1014.095,3148,3480,0
2021-08-18 10:00:00,1014.065,1015.105,1009.425,1009.725,3847,2840,0
2021-08-18 11:00:00,1009.775,1010.315,1005.195,1006.435,3496,2470,0
2021-08-18 12:00:00,1006.455,1008.725,1005.355,1006.875,3326,2670,0
2021-08-18 13:00:00,1006.925,1007.895,1003.545,1004.545,3201,2290,0
2021-08-18 14:00:00,1004.565,1006.725,1002.435,1006.595,3421,2490,0
2021-08-18 15:00:00,1006.705,1007.555,995.045,1002.465,4017,1980,0
2021-08-18 16:00:00,1002.465,1005.025,996.325,1003.095,8708,2080,0
2021-08-18 17:00:00,1003.065,1003.925,990.125,1001.465,11149,3520,0
2021-08-18 18:00:00,1001.485,1005.625,999.895,1005.415,6417,1260,0
2021-08-18 19:00:00,1005.415,1006.365,1000.765,1001.315,4294,1640,0
2021-08-18 20:00:00,1001.315,1004.555,996.165,996.165,3609,2590,0
2021-08-18 21:00:00,996.095,1009.375,995.415,1001.715,10253,3290,0
2021-08-18 22:00:00,1001.715,1002.715,998.245,998.435,7160,3010,0
2021-08-18 23:00:00,998.405,999.125,996.555,997.155,2715,3230,0
2021-08-19 01:00:00,997.275,1000.305,997.275,999.305,1414,3100,0
2021-08-19 02:00:00,999.355,1000.225,997.485,998.245,1962,2670,0
2021-08-19 03:00:00,998.245,1000.085,995.665,998.175,2805,2340,0
2021-08-19 04:00:00,998.195,1001.235,995.145,996.285,3647,2520,0
2021-08-19 05:00:00,996.265,997.485,991.665,993.065,5263,2250,0
2021-08-19 06:00:00,993.065,994.025,985.865,993.495,3898,2250,0
2021-08-19 07:00:00,993.445,993.475,990.695,991.155,1792,3250,0
2021-08-19 08:00:00,991.135,991.465,984.345,985.725,3732,3000,0
2021-08-19 09:00:00,985.675,987.745,979.665,986.035,5387,3170,0
2021-08-19 10:00:00,986.065,988.395,972.935,977.795,8189,2420,0
2021-08-19 11:00:00,977.775,977.875,971.145,973.705,8121,2520,0
2021-08-19 12:00:00,973.735,980.585,969.925,979.715,5842,3810,0
2021-08-19 13:00:00,979.785,980.275,970.705,971.525,4653,3780,0
2021-08-19 14:00:00,971.545,971.775,962.495,963.365,4665,3450,0
2021-08-19 15:00:00,963.145,969.305,962.135,962.705,6335,3170,0
2021-08-19 16:00:00,962.685,981.375,962.075,978.675,13693,3640,0
2021-08-19 17:00:00,978.645,980.655,968.375,973.275,10606,2880,0
2021-08-19 18:00:00,973.255,981.275,970.475,978.135,8486,3290,0
2021-08-19 19:00:00,978.115,979.025,972.175,975.955,3905,3210,0
2021-08-19 20:00:00,975.955,977.565,971.795,971.795,3576,3250,0
2021-08-19 21:00:00,971.805,973.575,968.615,972.835,8951,3500,0
2021-08-19 22:00:00,972.785,976.075,972.665,973.535,6947,3440,0
2021-08-19 23:00:00,973.555,975.525,973.335,974.895,1598,3580,0
2021-08-20 01:00:00,974.845,975.475,972.805,973.635,821,2720,0
2021-08-20 02:00:00,973.635,974.245,971.975,972.625,943,2890,0
2021-08-20 03:00:00,972.565,981.535,972.295,979.935,1481,2790,0
2021-08-20 04:00:00,979.935,980.485,974.995,975.985,1428,3320,0
2021-08-20 05:00:00,975.985,978.815,974.885,977.335,1599,3450,0
2021-08-20 06:00:00,977.315,981.315,977.025,980.605,1385,3170,0
2021-08-20 07:00:00,980.605,984.935,980.565,982.685,2195,3310,0
2021-08-20 08:00:00,982.655,984.075,978.915,984.075,4177,4160,0
2021-08-20 09:00:00,984.095,988.805,982.175,984.655,3394,3480,0
2021-08-20 10:00:00,984.605,985.195,977.685,979.325,4470,2480,0
2021-08-20 11:00:00,979.325,982.405,975.585,978.235,1929,2490,0
2021-08-20 12:00:00,978.235,979.255,975.635,977.515,1491,2430,0
2021-08-20 13:00:00,977.515,981.095,975.415,980.295,1366,2000,0
2021-08-20 14:00:00,980.295,982.345,977.585,981.445,1358,2250,0
2021-08-20 15:00:00,981.435,986.945,980.905,982.345,3457,1510,0
2021-08-20 16:00:00,982.445,989.905,977.765,989.605,9275,1890,0
2021-08-20 17:00:00,989.605,995.815,988.875,990.335,5881,1430,0
2021-08-20 18:00:00,990.335,1000.265,988.755,998.895,5572,1610,0
2021-08-20 19:00:00,998.845,1001.175,995.785,999.045,5120,1500,0
2021-08-20 20:00:00,999.075,1001.145,994.605,994.935,4888,2270,0
2021-08-20 21:00:00,994.905,996.245,993.345,995.525,4483,2610,0
2021-08-20 22:00:00,995.495,998.365,995.245,997.825,4215,2420,0
2021-08-20 23:00:00,997.775,997.775,994.505,994.935,502,2990,0
2021-08-23 01:00:00,994.505,998.955,993.505,995.195,941,3460,0
2021-08-23 02:00:00,995.195,995.925,993.255,993.475,1019,3240,0
2021-08-23 03:00:00,993.495,1000.455,993.195,1000.155,3119,2900,0
2021-08-23 04:00:00,1000.135,1010.005,1000.135,1007.915,4533,2990,0
2021-08-23 05:00:00,1007.895,1013.665,1007.355,1012.785,3064,2950,0
2021-08-23 06:00:00,1012.815,1015.725,1012.455,1014.135,2556,2920,0
2021-08-23 07:00:00,1014.145,1016.025,1012.555,1013.525,1546,3190,0
2021-08-23 08:00:00,1013.325,1015.795,1012.425,1012.485,2234,2960,0
2021-08-23 09:00:00,1012.455,1014.435,1010.175,1013.245,3132,2740,0
2021-08-23 10:00:00,1013.215,1013.635,1006.465,1011.335,5587,2930,0
2021-08-23 11:00:00,1011.305,1016.965,1010.855,1016.235,4713,3300,0
2021-08-23 12:00:00,1016.285,1019.185,1014.955,1017.365,3628,2960,0
2021-08-23 13:00:00,1017.315,1019.935,1016.985,1018.835,2571,2460,0
2021-08-23 14:00:00,1018.885,1022.165,1017.035,1017.535,3807,2250,0
2021-08-23 15:00:00,1017.515,1017.865,1010.925,1013.595,5620,3120,0
2021-08-23 16:00:00,1013.575,1018.375,1009.195,1011.335,10702,3190,0
2021-08-23 17:00:00,1011.605,1018.345,1006.845,1015.815,10037,3240,0
2021-08-23 18:00:00,1015.785,1017.825,1013.345,1017.195,4159,2960,0
2021-08-23 19:00:00,1017.195,1019.295,1015.925,1017.375,4656,2790,0
2021-08-23 20:00:00,1017.405,1019.815,1016.115,1019.455,3453,2440,0
2021-08-23 21:00:00,1019.475,1020.275,1017.895,1019.325,2732,2530,0
2021-08-23 22:00:00,1019.345,1019.605,1015.435,1015.795,2700,2810,0
2021-08-23 23:00:00,1015.815,1016.885,1015.465,1015.795,1541,3340,0
2021-08-24 01:00:00,1013.485,1018.725,1013.485,1018.085,599,2890,0
2021-08-24 02:00:00,1018.105,1018.565,1017.195,1017.765,990,2700,0
2021-08-24 03:00:00,1017.805,1019.215,1014.605,1014.775,2473,2470,0
2021-08-24 04:00:00,1014.795,1018.765,1012.745,1017.915,3386,3050,0
2021-08-24 05:00:00,1017.885,1018.185,1014.335,1015.745,1571,3360,0
2021-08-24 06:00:00,1015.825,1016.655,1014.915,1015.305,1340,2280,0
2021-08-24 07:00:00,1015.285,1015.725,1014.145,1014.735,1439,2380,0
2021-08-24 08:00:00,1014.615,1018.025,1013.865,1017.015,2514,2300,0
2021-08-24 09:00:00,1016.925,1018.045,1015.555,1016.685,2832,2150,0
2021-08-24 10:00:00,1016.705,1017.035,1012.645,1014.485,4668,2040,0
2021-08-24 11:00:00,1014.465,1018.255,1013.815,1015.285,3957,2430,0
2021-08-24 12:00:00,1015.255,1017.705,1015.035,1015.785,3890,2040,0
2021-08-24 13:00:00,1015.765,1024.275,1015.505,1021.745,3865,2220,0
2021-08-24 14:00:00,1021.775,1023.115,1017.725,1018.555,3017,2320,0
2021-08-24 15:00:00,1018.525,1018.565,1010.275,1011.225,6468,3240,0
2021-08-24 16:00:00,1011.245,1016.705,1004.545,1015.325,8361,2810,0
2021-08-24 17:00:00,1015.305,1021.285,1014.455,1017.155,8879,2760,0
2021-08-24 18:00:00,1017.205,1018.505,1010.575,1012.255,5258,3300,0
2021-08-24 19:00:00,1012.285,1014.675,1010.295,1014.305,3257,2270,0
2021-08-24 20:00:00,1014.305,1016.645,1012.085,1015.685,1639,1170,0
2021-08-24 21:00:00,1015.685,1018.445,1014.335,1016.675,1664,350,0
2021-08-24 22:00:00,1016.675,1016.695,1011.695,1011.695,1295,1930,0
2021-08-24 23:00:00,1011.695,1012.905,1011.045,1011.965,1176,3510,0
2021-08-25 01:00:00,1012.085,1013.845,1010.655,1012.545,443,2010,0
2021-08-25 02:00:00,1012.565,1013.255,1010.125,1012.015,832,1910,0
2021-08-25 03:00:00,1012.045,1014.755,1008.185,1009.085,2703,2620,0
2021-08-25 04:00:00,1009.115,1010.335,1007.155,1007.605,3511,2790,0
2021-08-25 05:00:00,1007.625,1008.415,1003.865,1005.685,3916,3160,0
2021-08-25 06:00:00,1005.665,1006.305,1001.475,1004.585,1900,2250,0
2021-08-25 07:00:00,1004.555,1005.395,1001.245,1003.075,1582,2110,0
2021-08-25 08:00:00,1003.055,1004.275,1000.185,1001.045,1509,2360,0
2021-08-25 09:00:00,1000.845,1000.845,997.735,997.955,2438,2280,0
2021-08-25 10:00:00,997.985,1004.825,994.075,1000.755,4161,2100,0
2021-08-25 11:00:00,1000.485,1003.515,999.135,1000.015,3631,2140,0
2021-08-25 12:00:00,1000.095,1003.745,999.275,1002.935,2933,2290,0
2021-08-25 13:00:00,1002.955,1003.815,999.325,1000.195,2697,2360,0
2021-08-25 14:00:00,1000.165,1000.165,995.935,997.285,3917,2220,0
2021-08-25 15:00:00,997.305,1004.015,989.595,1001.535,6432,2200,0
2021-08-25 16:00:00,1001.515,1003.495,990.965,1000.055,8187,2910,0
2021-08-25 17:00:00,1000.005,1000.275,991.105,992.485,8364,2300,0
2021-08-25 18:00:00,992.445,997.285,990.045,996.585,3042,1490,0
2021-08-25 19:00:00,996.555,999.675,995.965,997.435,1596,1670,0
2021-08-25 20:00:00,997.565,999.315,996.835,997.195,1341,1630,0
2021-08-25 21:00:00,997.195,1000.665,996.735,999.405,1648,1950,0
2021-08-25 22:00:00,999.385,999.645,997.715,998.345,2426,2660,0
2021-08-25 23:00:00,998.365,998.855,996.695,997.065,1405,3390,0
2021-08-26 01:00:00,993.045,998.425,993.045,997.485,816,1850,0
2021-08-26 02:00:00,997.485,998.645,996.195,998.645,548,2390,0
2021-08-26 03:00:00,998.585,999.335,996.155,996.865,1246,2410,0
2021-08-26 04:00:00,996.915,997.815,995.805,996.475,3359,2730,0
2021-08-26 05:00:00,996.505,996.695,989.135,990.305,2541,2480,0
2021-08-26 06:00:00,990.325,990.515,988.135,990.435,2147,2350,0
2021-08-26 07:00:00,990.435,991.765,989.015,991.315,807,2260,0
2021-08-26 08:00:00,991.305,992.285,990.015,990.115,980,2070,0
2021-08-26 09:00:00,990.005,990.805,987.525,989.195,1638,2180,0
2021-08-26 10:00:00,989.195,996.885,988.475,994.555,4076,2390,0
2021-08-26 11:00:00,994.605,994.855,990.315,990.345,4295,2210,0
2021-08-26 12:00:00,990.575,992.385,990.265,992.275,3451,2150,0
2021-08-26 13:00:00,992.225,994.915,991.925,994.345,3250,2200,0
2021-08-26 14:00:00,994.365,999.495,993.225,997.585,3310,1990,0
2021-08-26 15:00:00,997.585,1001.495,990.255,991.815,5494,2050,0
2021-08-26 16:00:00,991.815,993.845,982.205,989.315,7793,500,0
2021-08-26 17:00:00,989.205,990.905,982.235,984.575,3281,2070,0
2021-08-26 18:00:00,984.545,986.165,979.275,980.175,4408,2340,0
2021-08-26 19:00:00,980.195,983.165,979.455,983.165,3360,2300,0
2021-08-26 20:00:00,983.215,984.545,982.175,982.515,4717,2430,0
2021-08-26 21:00:00,982.525,982.525,979.765,980.285,4345,2300,0
2021-08-26 22:00:00,980.285,981.725,978.995,981.345,5044,2150,0
2021-08-26 23:00:00,981.365,981.695,980.215,981.065,2090,2710,0
2021-08-27 01:00:00,978.075,982.345,978.075,982.135,1329,2310,0
2021-08-27 02:00:00,982.175,982.865,981.365,982.155,918,3380,0
2021-08-27 03:00:00,982.105,985.405,980.525,985.255,2137,3510,0
2021-08-27 04:00:00,985.215,987.845,983.865,986.595,1679,3370,0
2021-08-27 05:00:00,986.595,991.215,986.525,988.765,1219,3250,0
2021-08-27 06:00:00,988.785,989.425,987.805,988.595,1476,3460,0
2021-08-27 07:00:00,988.645,989.045,986.905,987.485,792,3300,0
2021-08-27 08:00:00,987.505,989.485,986.425,987.945,1286,3410,0
2021-08-27 09:00:00,987.945,994.275,987.625,993.735,2268,3320,0
2021-08-27 10:00:00,993.735,994.205,991.125,992.935,2146,3150,0
2021-08-27 11:00:00,992.925,994.625,989.745,991.755,2067,2470,0
2021-08-27 12:00:00,991.775,992.485,989.865,991.165,2202,3160,0
2021-08-27 13:00:00,991.205,992.535,989.865,990.265,2288,3000,0
2021-08-27 14:00:00,990.365,992.075,988.195,992.005,3411,2970,0
2021-08-27 15:00:00,991.955,998.955,988.555,996.515,5220,2880,0
2021-08-27 16:00:00,996.535,999.395,987.255,992.335,9985,2880,0
2021-08-27 17:00:00,992.245,1008.735,986.975,1005.625,15401,2840,0
2021-08-27 18:00:00,1005.615,1008.925,1003.435,1008.715,4032,1570,0
2021-08-27 19:00:00,1008.645,1011.995,1007.995,1010.945,2796,1750,0
2021-08-27 20:00:00,1010.895,1013.035,1009.435,1010.975,2396,1710,0
2021-08-27 21:00:00,1010.955,1013.255,1009.415,1012.085,1829,2430,0
2021-08-27 22:00:00,1012.085,1012.945,1010.155,1011.575,1825,2630,0
2021-08-27 23:00:00,1011.135,1011.135,1008.875,1009.465,486,3480,0
2021-08-30 01:00:00,1008.895,1012.515,1008.895,1011.125,1413,2800,0
2021-08-30 02:00:00,1011.175,1015.335,1010.615,1014.485,1009,2240,0
2021-08-30 03:00:00,1014.485,1018.265,1012.415,1014.115,3188,2690,0
2021-08-30 04:00:00,1014.195,1015.505,1008.865,1010.785,5089,2590,0
2021-08-30 05:00:00,1010.815,1012.995,1010.365,1010.505,2682,3420,0
2021-08-30 06:00:00,1010.575,1012.285,1010.155,1012.015,1653,3490,0
2021-08-30 07:00:00,1011.975,1012.815,1011.425,1012.205,1184,3410,0
2021-08-30 08:00:00,1012.195,1012.985,1010.515,1010.685,2178,3630,0
2021-08-30 09:00:00,1010.645,1011.455,1007.735,1009.075,1385,3380,0
2021-08-30 10:00:00,1009.075,1010.205,1007.625,1010.185,1525,3140,0
2021-08-30 11:00:00,1010.185,1010.665,1007.705,1009.505,1350,1990,0
2021-08-30 12:00:00,1009.465,1010.515,1008.765,1009.475,735,2310,0
2021-08-30 13:00:00,1009.425,1012.725,1009.155,1012.465,1308,1380,0
2021-08-30 14:00:00,1012.465,1014.025,1010.305,1013.655,1405,2690,0
2021-08-30 15:00:00,1013.675,1019.905,1011.355,1011.735,3588,2550,0
2021-08-30 16:00:00,1011.755,1015.025,1007.235,1007.515,8129,3680,0
2021-08-30 17:00:00,1007.535,1008.685,1002.945,1005.255,8635,3170,0
2021-08-30 18:00:00,1005.305,1005.435,999.135,1001.335,6045,3500,0
2021-08-30 19:00:00,1001.315,1006.475,1001.235,1006.165,1704,1890,0
2021-08-30 20:00:00,1006.035,1009.405,1005.325,1006.705,1709,510,0
2021-08-30 21:00:00,1006.705,1008.085,1005.625,1006.935,1024,2050,0
2021-08-30 22:00:00,1007.015,1009.685,1006.195,1008.105,1093,1470,0
2021-08-30 23:00:00,1008.105,1008.135,1006.695,1007.965,600,2760,0
2021-08-31 01:00:00,1004.215,1008.975,1004.215,1008.975,312,1790,0
2021-08-31 02:00:00,1008.945,1008.945,1007.285,1007.435,420,1710,0
2021-08-31 03:00:00,1007.435,1007.895,1005.385,1006.245,1270,1810,0
2021-08-31 04:00:00,1006.265,1007.645,1004.975,1005.325,1351,1990,0
2021-08-31 05:00:00,1005.325,1006.185,1001.325,1002.625,1438,2370,0
2021-08-31 06:00:00,1002.575,1007.605,1002.575,1007.495,1260,2850,0
2021-08-31 07:00:00,1007.565,1007.615,1006.475,1007.355,1016,2870,0
2021-08-31 08:00:00,1007.375,1015.135,1007.275,1015.105,2930,1280,0
2021-08-31 09:00:00,1015.125,1016.695,1011.495,1011.755,2676,2970,0
2021-08-31 10:00:00,1011.725,1014.145,1010.115,1011.215,3171,2630,0
2021-08-31 11:00:00,1011.225,1012.375,1009.115,1009.905,2082,3180,0
2021-08-31 12:00:00,1009.905,1011.985,1008.495,1009.605,1807,3050,0
2021-08-31 13:00:00,1009.545,1011.845,1005.505,1006.425,3184,2790,0
2021-08-31 14:00:00,1006.395,1009.275,1005.585,1007.645,4823,3050,0
2021-08-31 15:00:00,1007.625,1007.925,1002.275,1004.865,4560,1460,0
2021-08-31 16:00:00,1004.885,1012.875,997.525,1010.425,6600,2740,0
2021-08-31 17:00:00,1010.185,1016.545,1007.245,1010.535,11494,1380,0
2021-08-31 18:00:00,1010.435,1011.875,1005.125,1010.195,4848,2020,0
2021-08-31 19:00:00,1010.195,1018.145,1009.755,1016.605,2740,1930,0
2021-08-31 20:00:00,1016.625,1021.925,1015.425,1017.505,3430,1850,0
2021-08-31 21:00:00,1017.545,1018.165,1016.415,1017.635,1711,2030,0
2021-08-31 22:00:00,1017.635,1017.795,1015.395,1015.665,1783,1400,0
2021-08-31 23:00:00,1015.775,1017.305,1013.265,1013.615,893,2180,0
2021-09-01 01:00:00,1011.075,1015.275,1011.075,1014.895,1937,3040,0
2021-09-01 02:00:00,1014.895,1017.055,1013.945,1016.085,823,3040,0
2021-09-01 03:00:00,1016.085,1018.155,1015.345,1017.155,2258,2520,0
2021-09-01 04:00:00,1017.035,1018.605,1014.045,1015.145,3932,3480,0
2021-09-01 05:00:00,1015.195,1016.265,1012.335,1015.225,4321,3120,0
2021-09-01 06:00:00,1015.255,1015.675,1011.025,1012.265,1788,2900,0
2021-09-01 07:00:00,1012.265,1013.635,1011.395,1012.985,1001,2860,0
2021-09-01 08:00:00,1012.995,1013.615,1008.225,1009.975,1597,3000,0
2021-09-01 09:00:00,1010.245,1014.265,1010.025,1013.125,1970,3360,0
2021-09-01 10:00:00,1013.165,1015.125,1011.375,1014.145,2372,3170,0
2021-09-01 11:00:00,1014.175,1015.595,1011.385,1012.455,3987,2840,0
2021-09-01 12:00:00,1012.425,1014.045,1010.895,1012.545,3513,2760,0
2021-09-01 13:00:00,1012.565,1013.085,1009.745,1012.345,3087,2720,0
2021-09-01 14:00:00,1012.315,1013.125,1010.615,1010.775,3501,2970,0
2021-09-01 15:00:00,1010.805,1019.675,1005.205,1018.135,5979,2700,0
2021-09-01 16:00:00,1018.135,1019.105,1006.845,1008.625,8517,2710,0
2021-09-01 17:00:00,1008.625,1012.825,998.815,1000.535,6922,2690,0
2021-09-01 18:00:00,1000.505,1007.175,999.835,1005.815,2659,1780,0
2021-09-01 19:00:00,1005.945,1007.245,1003.665,1005.315,1487,1790,0
2021-09-01 20:00:00,1005.315,1005.685,1003.695,1003.895,1488,1750,0
2021-09-01 21:00:00,1003.905,1004.325,1001.415,1002.595,1268,1890,0
2021-09-01 22:00:00,1002.595,1004.065,1002.065,1003.145,1368,2160,0
2021-09-01 23:00:00,1003.145,1003.955,1002.365,1003.865,1000,1980,0
2021-09-02 01:00:00,998.265,1004.595,998.265,1003.815,4026,2560,0
2021-09-02 02:00:00,1003.815,1004.035,1001.765,1001.945,610,3060,0
2021-09-02 03:00:00,1001.975,1004.205,999.975,1000.425,2575,2400,0
2021-09-02 04:00:00,1000.395,1003.875,1000.365,1002.015,3472,2290,0
2021-09-02 05:00:00,1001.995,1002.755,1001.605,1001.985,2662,2260,0
2021-09-02 06:00:00,1001.965,1002.005,995.955,996.155,2339,1340,0
2021-09-02 07:00:00,996.185,997.085,992.585,995.195,1177,1870,0
2021-09-02 08:00:00,995.185,999.845,994.735,999.455,978,2430,0
2021-09-02 09:00:00,999.455,1002.005,998.225,1001.635,1276,1150,0
2021-09-02 10:00:00,1001.515,1002.785,998.895,1002.755,2581,690,0
2021-09-02 11:00:00,1002.785,1003.945,999.555,1001.815,3275,2120,0
2021-09-02 12:00:00,1001.835,1003.105,997.165,1000.655,2967,2220,0
2021-09-02 13:00:00,1000.625,1001.055,996.175,996.225,2162,2180,0
2021-09-02 14:00:00,996.225,1001.935,994.705,998.575,1505,1980,0
2021-09-02 15:00:00,998.575,1001.945,991.765,1001.455,2764,1010,0
2021-09-02 16:00:00,1001.455,1006.405,998.995,1005.965,6206,2050,0
2021-09-02 17:00:00,1005.915,1012.265,1000.505,1005.445,6896,1470,0
2021-09-02 18:00:00,1005.425,1006.055,995.435,995.525,3481,1760,0
2021-09-02 19:00:00,995.545,998.935,995.225,997.865,4302,3450,0
2021-09-02 20:00:00,997.885,999.315,996.655,997.955,4711,3400,0
2021-09-02 21:00:00,997.975,998.585,997.085,998.365,4965,3300,0
2021-09-02 22:00:00,998.395,1000.025,997.985,999.525,3875,2950,0
2021-09-02 23:00:00,999.725,1000.635,999.345,1000.395,591,3100,0
2021-09-03 01:00:00,999.635,1000.225,997.135,999.865,502,3210,0
2021-09-03 02:00:00,999.865,1000.345,997.895,999.675,737,2950,0
2021-09-03 03:00:00,999.675,1003.035,998.935,1003.035,1240,2580,0
2021-09-03 04:00:00,1003.055,1003.785,1001.235,1003.045,2917,2570,0
2021-09-03 05:00:00,1003.115,1005.535,1003.025,1005.105,3060,3760,0
2021-09-03 06:00:00,1005.075,1005.525,1003.375,1003.425,3105,3770,0
2021-09-03 07:00:00,1003.395,1003.695,1002.695,1002.715,1601,3700,0
2021-09-03 08:00:00,1002.715,1004.895,1001.395,1004.735,2008,3720,0
2021-09-03 09:00:00,1004.655,1004.655,1002.415,1003.245,1622,3250,0
2021-09-03 10:00:00,1003.225,1004.065,999.585,1001.675,2567,2880,0
2021-09-03 11:00:00,1001.675,1004.935,1001.505,1003.125,1242,2100,0
2021-09-03 12:00:00,1003.125,1004.035,1001.985,1002.975,980,2140,0
2021-09-03 13:00:00,1002.975,1008.125,1002.975,1007.095,1332,1730,0
2021-09-03 14:00:00,1006.975,1008.275,1004.445,1004.825,1502,1360,0
2021-09-03 15:00:00,1004.905,1012.065,991.285,1007.565,9432,1180,0
2021-09-03 16:00:00,1007.635,1011.775,1001.275,1011.405,10768,2600,0
2021-09-03 17:00:00,1011.425,1024.795,1011.355,1024.315,9302,2080,0
2021-09-03 18:00:00,1024.335,1030.465,1020.595,1022.575,4663,1990,0
2021-09-03 19:00:00,1022.505,1026.405,1020.175,1025.355,2438,2660,0
2021-09-03 20:00:00,1025.275,1028.225,1024.365,1027.725,4719,3040,0
2021-09-03 21:00:00,1027.695,1028.055,1026.455,1026.925,5159,3030,0
2021-09-03 22:00:00,1026.905,1027.195,1024.905,1025.165,3588,2830,0
2021-09-03 23:00:00,1025.165,1025.335,1022.765,1022.765,520,3010,0
2021-09-06 01:00:00,1025.275,1027.975,1023.625,1024.925,683,2890,0
2021-09-06 02:00:00,1025.115,1025.895,1022.865,1023.515,655,3150,0
2021-09-06 03:00:00,1023.515,1024.225,1022.045,1022.425,2467,2250,0
2021-09-06 04:00:00,1022.515,1025.725,1022.205,1023.425,3406,2270,0
2021-09-06 05:00:00,1023.435,1024.505,1022.055,1023.975,2807,2560,0
2021-09-06 06:00:00,1024.025,1025.585,1022.175,1022.615,1856,2230,0
2021-09-06 07:00:00,1022.635,1023.775,1022.315,1023.705,1362,1940,0
2021-09-06 08:00:00,1023.705,1026.545,1023.415,1026.395,1335,2350,0
2021-09-06 09:00:00,1026.395,1027.305,1024.395,1025.705,1435,2120,0
2021-09-06 10:00:00,1025.675,1029.205,1025.055,1027.345,2403,2160,0
2021-09-06 11:00:00,1027.395,1030.665,1025.855,1027.105,2480,1750,0
2021-09-06 12:00:00,1027.135,1027.985,1024.375,1025.095,1899,2640,0
2021-09-06 13:00:00,1025.125,1026.505,1023.015,1023.475,1279,2850,0
2021-09-06 14:00:00,1023.495,1025.195,1022.765,1023.885,1682,2490,0
2021-09-06 15:00:00,1023.915,1024.065,1020.795,1022.905,1420,2550,0
2021-09-06 16:00:00,1022.875,1023.285,1018.185,1023.275,2235,2840,0
2021-09-06 17:00:00,1023.275,1027.675,1022.785,1025.805,1813,3000,0
2021-09-06 18:00:00,1025.805,1027.335,1024.565,1026.075,997,3270,0
2021-09-06 19:00:00,1026.105,1026.635,1023.105,1023.995,404,3340,0
2021-09-07 01:00:00,1022.715,1022.715,1021.075,1021.405,513,3730,0
2021-09-07 02:00:00,1021.425,1021.645,1020.865,1020.865,736,3800,0
2021-09-07 03:00:00,1020.865,1023.665,1020.105,1023.345,1675,3030,0
2021-09-07 04:00:00,1023.395,1026.655,1023.225,1024.685,2263,3000,0
2021-09-07 05:00:00,1024.705,1026.935,1024.255,1024.265,1232,2670,0
2021-09-07 06:00:00,1024.155,1024.685,1022.425,1022.565,1619,3030,0
2021-09-07 07:00:00,1022.535,1022.805,1019.455,1020.525,1532,3060,0
2021-09-07 08:00:00,1020.545,1023.165,1020.085,1022.755,3433,2360,0
2021-09-07 09:00:00,1022.775,1022.775,1017.615,1018.445,2364,2100,0
2021-09-07 10:00:00,1018.445,1019.905,1016.375,1018.925,2882,2790,0
2021-09-07 11:00:00,1018.945,1018.945,1011.665,1013.185,4480,2850,0
2021-09-07 12:00:00,1013.105,1013.105,1008.415,1010.955,3847,2610,0
2021-09-07 13:00:00,1010.875,1011.425,1008.375,1010.495,2016,2560,0
2021-09-07 14:00:00,1010.495,1012.965,1009.145,1011.625,1565,2490,0
2021-09-07 15:00:00,1011.475,1015.645,1007.485,1012.255,3049,2570,0
2021-09-07 16:00:00,1012.265,1020.275,1011.115,1016.925,6140,2260,0
2021-09-07 17:00:00,1016.875,1017.125,1000.405,1003.795,8518,1980,0
2021-09-07 18:00:00,1003.775,1003.995,995.405,1002.695,4242,2790,0
2021-09-07 19:00:00,1002.755,1004.375,998.935,999.235,3361,3160,0
2021-09-07 20:00:00,999.185,1002.235,998.205,999.215,2313,2940,0
2021-09-07 21:00:00,999.205,1002.435,999.125,1001.955,3140,2850,0
2021-09-07 22:00:00,1001.925,1002.325,999.455,999.455,3536,3180,0
2021-09-07 23:00:00,999.475,1001.005,998.485,1000.995,1662,3440,0
2021-09-08 01:00:00,1000.845,1001.125,998.765,999.945,542,3590,0
2021-09-08 02:00:00,999.955,1000.215,998.565,999.655,698,3680,0
2021-09-08 03:00:00,999.655,1005.925,999.395,1005.305,1834,2460,0
2021-09-08 04:00:00,1005.305,1006.925,1003.685,1006.055,1722,2530,0
2021-09-08 05:00:00,1006.055,1007.945,1005.885,1006.755,816,3310,0
2021-09-08 06:00:00,1006.765,1006.895,1004.025,1004.595,792,3150,0
2021-09-08 07:00:00,1004.605,1006.025,1004.005,1005.305,995,3330,0
2021-09-08 08:00:00,1005.305,1007.085,1004.495,1006.115,1073,3120,0
2021-09-08 09:00:00,1006.115,1006.515,1001.425,1001.745,1270,3250,0
2021-09-08 10:00:00,1001.745,1003.895,999.135,1001.575,2558,2040,0
2021-09-08 11:00:00,1001.565,1002.305,996.155,1002.105,3894,1940,0
2021-09-08 12:00:00,1002.105,1004.925,1000.505,1004.405,2417,1810,0
2021-09-08 13:00:00,1004.405,1006.585,1003.485,1004.885,2138,1520,0
2021-09-08 14:00:00,1004.835,1009.475,1003.455,1004.155,2451,1840,0
2021-09-08 15:00:00,1004.155,1008.155,996.785,997.255,3978,2000,0
2021-09-08 16:00:00,997.355,999.265,983.035,985.385,8172,1020,0
2021-09-08 17:00:00,985.355,987.995,978.315,982.105,6830,1290,0
2021-09-08 18:00:00,982.105,986.025,980.245,982.775,4668,1750,0
2021-09-08 19:00:00,982.995,986.545,980.955,982.475,2487,1690,0
2021-09-08 20:00:00,982.475,986.055,980.795,982.345,2051,1590,0
2021-09-08 21:00:00,982.265,984.165,981.175,982.555,1265,1990,0
2021-09-08 22:00:00,982.555,983.825,981.745,981.765,1107,1860,0
2021-09-08 23:00:00,981.765,982.135,980.275,981.235,842,2080,0
2021-09-09 01:00:00,981.115,982.785,980.115,982.305,525,2830,0
2021-09-09 02:00:00,982.305,982.405,977.175,980.475,894,2740,0
2021-09-09 03:00:00,980.445,980.445,976.385,976.845,1295,3060,0
2021-09-09 04:00:00,976.815,978.205,974.555,978.125,1915,2570,0
2021-09-09 05:00:00,978.125,981.555,976.825,979.095,1248,2740,0
2021-09-09 06:00:00,979.045,982.455,978.785,981.545,1172,2900,0
2021-09-09 07:00:00,981.575,981.685,978.985,979.815,761,3020,0
2021-09-09 08:00:00,979.815,979.955,976.655,977.305,2063,2820,0
2021-09-09 09:00:00,977.305,980.085,976.725,977.195,2664,1300,0
2021-09-09 10:00:00,977.115,984.555,975.085,982.415,4680,2140,0
2021-09-09 11:00:00,982.325,987.135,982.325,984.935,2941,1840,0
2021-09-09 12:00:00,984.885,985.435,983.095,983.845,2281,2010,0
2021-09-09 13:00:00,983.845,984.145,981.465,981.595,1469,2290,0
2021-09-09 14:00:00,981.605,990.445,981.135,989.095,2394,2550,0
2021-09-09 15:00:00,989.165,992.215,978.075,983.955,4869,1970,0
2021-09-09 16:00:00,984.005,991.045,981.925,983.025,6694,2230,0
2021-09-09 17:00:00,982.995,986.815,978.965,986.185,6578,2000,0
2021-09-09 18:00:00,986.185,986.185,980.325,984.065,4418,1910,0
2021-09-09 19:00:00,984.155,986.525,980.355,981.045,2642,1880,0
2021-09-09 20:00:00,981.045,984.305,980.185,980.305,4317,660,0
2021-09-09 21:00:00,980.305,981.595,977.375,979.385,1927,1480,0
2021-09-09 22:00:00,979.385,980.475,977.545,979.965,1832,2100,0
2021-09-09 23:00:00,979.915,980.155,977.335,977.385,710,2730,0
2021-09-10 01:00:00,975.335,980.625,975.335,980.275,721,2000,0
2021-09-10 02:00:00,980.295,982.175,978.285,980.985,963,1860,0
2021-09-10 03:00:00,980.985,983.315,980.515,981.815,1018,2130,0
2021-09-10 04:00:00,981.795,981.875,966.875,975.165,2109,2160,0
2021-09-10 05:00:00,975.215,983.785,973.105,983.285,2093,2240,0
2021-09-10 06:00:00,983.295,983.295,979.135,979.905,839,2250,0
2021-09-10 07:00:00,979.905,981.535,978.785,979.205,712,2710,0
2021-09-10 08:00:00,979.235,984.735,978.825,981.955,1289,2540,0
2021-09-10 09:00:00,981.955,985.035,979.655,984.845,1898,2280,0
2021-09-10 10:00:00,984.845,987.395,982.045,987.015,2948,1390,0
2021-09-10 11:00:00,987.035,988.385,985.095,987.505,2228,1690,0
2021-09-10 12:00:00,987.505,988.205,984.935,985.625,1763,2370,0
2021-09-10 13:00:00,985.635,985.685,982.155,982.515,2529,2420,0
2021-09-10 14:00:00,982.515,984.945,981.665,983.165,2317,2480,0
2021-09-10 15:00:00,983.115,983.465,973.485,979.445,3170,1500,0
2021-09-10 16:00:00,979.375,981.285,974.935,978.755,4736,1260,0
2021-09-10 17:00:00,978.725,981.205,974.915,979.295,3297,1400,0
2021-09-10 18:00:00,979.295,979.345,965.385,966.415,3207,1140,0
2021-09-10 19:00:00,966.415,966.985,955.925,962.315,4673,1530,0
2021-09-10 20:00:00,962.315,965.945,961.555,962.045,2853,3180,0
2021-09-10 21:00:00,962.045,962.275,960.405,960.465,1493,2750,0
2021-09-10 22:00:00,960.465,960.675,950.365,958.635,3383,920,0
2021-09-10 23:00:00,958.255,959.035,955.705,955.945,949,1710,0
2021-09-13 01:00:00,953.645,958.485,952.865,957.675,825,2980,0
2021-09-13 02:00:00,957.675,964.205,957.415,963.655,853,2560,0
2021-09-13 03:00:00,963.675,964.645,958.895,960.185,1193,2450,0
2021-09-13 04:00:00,960.185,962.045,957.475,959.605,1812,2350,0
2021-09-13 05:00:00,959.625,963.425,958.825,960.245,1088,2740,0
2021-09-13 06:00:00,960.225,962.095,959.865,960.945,731,2590,0
2021-09-13 07:00:00,960.935,963.375,959.195,960.695,894,1590,0
2021-09-13 08:00:00,960.695,962.135,959.475,962.005,1454,1670,0
2021-09-13 09:00:00,962.005,962.535,956.135,958.535,1949,1170,0
2021-09-13 10:00:00,958.535,959.225,951.005,953.225,2547,1700,0
2021-09-13 11:00:00,953.235,957.455,951.995,954.685,1717,2160,0
2021-09-13 12:00:00,954.665,955.525,952.515,955.005,1601,2560,0
2021-09-13 13:00:00,954.785,957.855,951.885,953.445,1397,2060,0
2021-09-13 14:00:00,953.455,957.515,952.505,957.415,1476,1850,0
2021-09-13 15:00:00,957.415,959.345,951.815,954.715,3318,2130,0
2021-09-13 16:00:00,954.785,959.295,952.655,958.675,6772,1830,0
2021-09-13 17:00:00,958.675,963.225,956.215,959.935,6772,1640,0
2021-09-13 18:00:00,959.955,963.205,956.405,961.315,3386,2700,0
2021-09-13 19:00:00,961.295,964.125,959.815,963.705,1935,2500,0
2021-09-13 20:00:00,963.755,965.665,960.515,960.515,1881,2460,0
2021-09-13 21:00:00,960.485,962.495,959.425,961.995,2350,2560,0
2021-09-13 22:00:00,961.995,963.505,960.635,963.285,1976,2540,0
2021-09-13 23:00:00,963.285,964.745,962.495,963.125,967,2790,0
2021-09-14 01:00:00,963.035,963.555,961.275,961.615,881,3710,0
2021-09-14 02:00:00,961.645,963.705,961.265,963.685,1383,3630,0
2021-09-14 03:00:00,963.715,964.335,962.685,963.695,1568,3090,0
2021-09-14 04:00:00,963.665,963.735,961.535,961.935,2859,3140,0
2021-09-14 05:00:00,962.005,963.575,961.535,961.615,2774,3020,0
2021-09-14 06:00:00,961.645,962.255,960.145,961.295,2555,3090,0
2021-09-14 07:00:00,961.275,962.305,960.695,960.895,1166,3140,0
2021-09-14 08:00:00,960.945,962.005,959.605,960.775,2296,3170,0
2021-09-14 09:00:00,961.165,962.415,958.405,959.705,2181,2720,0
2021-09-14 10:00:00,959.765,960.445,957.425,958.125,2461,2710,0
2021-09-14 11:00:00,958.095,958.775,955.765,955.965,1433,2560,0
2021-09-14 12:00:00,955.895,955.895,951.685,951.955,2037,2610,0
2021-09-14 13:00:00,951.915,952.505,947.315,947.845,2324,2080,0
2021-09-14 14:00:00,947.885,949.605,942.915,945.155,3776,1810,0
2021-09-14 15:00:00,945.245,955.815,938.095,951.975,7846,2570,0
2021-09-14 16:00:00,951.975,955.425,941.205,943.075,7514,1050,0
2021-09-14 17:00:00,943.065,947.065,936.375,944.595,6703,2510,0
2021-09-14 18:00:00,944.655,951.305,944.315,949.205,2893,2570,0
2021-09-14 19:00:00,949.255,950.215,944.785,947.765,1790,2660,0
2021-09-14 20:00:00,947.785,948.925,945.525,948.355,1567,2550,0
2021-09-14 21:00:00,948.345,949.625,942.395,943.325,2137,2660,0
2021-09-14 22:00:00,943.225,944.565,941.645,944.415,1338,2650,0
2021-09-14 23:00:00,944.405,944.405,940.345,940.345,579,2580,0
2021-09-15 01:00:00,939.555,942.935,939.555,941.675,731,3560,0
2021-09-15 02:00:00,941.715,942.125,940.235,940.765,600,3650,0
2021-09-15 03:00:00,940.695,942.435,938.325,938.935,1382,2360,0
2021-09-15 04:00:00,938.975,939.875,932.115,934.385,1821,2550,0
2021-09-15 05:00:00,934.465,936.985,930.025,935.445,1888,5130,0
2021-09-15 06:00:00,935.445,937.495,935.325,936.845,1091,5150,0
2021-09-15 07:00:00,936.815,937.425,934.265,934.785,802,5000,0
2021-09-15 08:00:00,934.785,935.425,927.615,929.785,2644,4740,0
2021-09-15 09:00:00,930.555,933.095,929.225,933.085,2777,2740,0
2021-09-15 10:00:00,933.005,935.515,931.545,935.355,1682,2560,0
2021-09-15 11:00:00,935.465,937.305,932.335,935.935,1321,2670,0
2021-09-15 12:00:00,935.785,943.325,934.475,940.885,1501,2810,0
2021-09-15 13:00:00,940.885,948.335,939.735,944.935,1404,3390,0
2021-09-15 14:00:00,944.965,946.675,941.335,943.025,1553,2890,0
2021-09-15 15:00:00,943.185,946.195,936.725,940.745,4315,3430,0
2021-09-15 16:00:00,940.765,945.535,935.875,943.025,5576,2650,0
2021-09-15 17:00:00,943.065,943.595,934.795,938.755,5314,2580,0
2021-09-15 18:00:00,938.775,941.445,937.355,940.565,2991,2550,0
2021-09-15 19:00:00,940.565,940.825,937.725,940.545,1711,2690,0
2021-09-15 20:00:00,940.645,944.865,938.575,939.515,1866,2610,0
2021-09-15 21:00:00,939.565,941.595,924.435,937.765,2419,350,0
2021-09-15 22:00:00,937.645,947.975,936.255,942.325,2036,350,0
2021-09-15 23:00:00,942.365,949.805,942.105,944.175,748,350,0
2021-09-16 01:00:00,945.035,955.695,943.895,953.545,993,2820,0
2021-09-16 02:00:00,953.615,956.745,950.225,954.435,1020,2720,0
2021-09-16 03:00:00,954.565,957.005,952.855,955.065,1211,2890,0
2021-09-16 04:00:00,955.155,957.955,952.855,957.875,1576,3930,0
2021-09-16 05:00:00,957.975,958.855,950.685,951.225,2063,3900,0
2021-09-16 06:00:00,951.155,952.575,948.805,948.955,1441,4220,0
2021-09-16 07:00:00,948.915,949.825,945.955,946.135,838,4150,0
2021-09-16 08:00:00,946.135,947.565,941.985,942.325,1498,4120,0
2021-09-16 09:00:00,943.255,946.375,942.025,944.585,2381,2660,0
2021-09-16 10:00:00,944.515,948.515,941.255,946.825,2538,2620,0
2021-09-16 11:00:00,946.885,949.065,940.965,943.855,1883,2650,0
2021-09-16 12:00:00,943.905,944.435,937.555,939.465,1352,2790,0
2021-09-16 13:00:00,939.175,941.005,937.345,939.995,1700,2830,0
2021-09-16 14:00:00,939.925,943.105,934.835,939.575,2065,2630,0
2021-09-16 15:00:00,939.625,946.015,930.155,943.695,5710,2570,0
2021-09-16 16:00:00,943.725,944.825,931.135,942.815,7877,2800,0
2021-09-16 17:00:00,942.755,942.985,933.425,936.365,6780,3410,0
2021-09-16 18:00:00,936.305,938.715,932.095,936.815,4248,3480,0
2021-09-16 19:00:00,936.825,937.035,934.205,934.965,2195,3520,0
2021-09-16 20:00:00,935.015,935.805,932.915,934.875,2550,3060,0
2021-09-16 21:00:00,934.875,935.885,933.615,934.705,2124,3450,0
2021-09-16 22:00:00,934.645,937.905,934.565,936.975,1594,3440,0
2021-09-16 23:00:00,936.945,937.305,931.905,931.905,742,3410,0
2021-09-17 01:00:00,931.635,935.545,931.635,933.895,492,4340,0
2021-09-17 02:00:00,933.955,936.325,933.885,935.535,735,4420,0
2021-09-17 03:00:00,935.675,940.785,935.045,939.855,1460,3860,0
2021-09-17 04:00:00,939.825,943.475,938.285,938.375,2173,4660,0
2021-09-17 05:00:00,938.375,943.445,938.085,942.685,1500,4260,0
2021-09-17 06:00:00,942.685,945.475,942.025,942.545,747,4100,0
2021-09-17 07:00:00,942.465,944.265,941.815,944.145,893,4530,0
2021-09-17 08:00:00,944.215,945.195,941.515,942.955,1945,4010,0
2021-09-17 09:00:00,942.955,943.495,941.865,942.025,1416,3320,0
2021-09-17 10:00:00,942.015,945.605,941.385,945.115,1509,2810,0
2021-09-17 11:00:00,945.105,952.785,943.075,952.565,2212,2290,0
2021-09-17 12:00:00,952.495,953.505,949.185,952.155,2258,2670,0
2021-09-17 13:00:00,952.045,953.455,948.835,952.285,2186,3440,0
2021-09-17 14:00:00,952.315,952.925,949.105,950.755,1912,2760,0
2021-09-17 15:00:00,950.765,960.645,947.795,954.975,4412,2610,0
2021-09-17 16:00:00,954.735,957.355,942.625,943.365,8401,2330,0
2021-09-17 17:00:00,943.315,957.555,941.695,950.925,8039,2310,0
2021-09-17 18:00:00,950.835,953.905,943.415,943.885,4697,2330,0
2021-09-17 19:00:00,943.885,945.515,939.835,941.805,2521,2760,0
2021-09-17 20:00:00,941.885,943.645,938.025,939.295,2969,2420,0
2021-09-17 21:00:00,939.295,940.215,938.705,939.195,2531,2530,0
2021-09-17 22:00:00,939.135,941.505,938.425,940.895,3327,2600,0
2021-09-17 23:00:00,939.445,939.895,935.925,936.095,460,5210,0
2021-09-20 01:00:00,941.885,943.105,936.685,941.645,1390,3670,0
2021-09-20 02:00:00,941.605,943.455,940.405,942.805,696,2970,0
2021-09-20 03:00:00,942.805,943.965,940.875,941.645,1448,2490,0
2021-09-20 04:00:00,941.615,942.015,934.545,935.025,1827,2410,0
2021-09-20 05:00:00,934.795,935.075,908.675,916.635,2647,2590,0
2021-09-20 06:00:00,916.645,917.965,915.515,916.985,1000,4280,0
2021-09-20 07:00:00,916.985,921.715,915.485,919.945,857,4140,0
2021-09-20 08:00:00,919.975,923.875,917.115,922.225,1504,3720,0
2021-09-20 09:00:00,922.215,923.485,918.985,922.465,1667,2890,0
2021-09-20 10:00:00,922.465,924.065,913.655,922.185,2904,2210,0
2021-09-20 11:00:00,922.265,930.175,921.395,926.735,2202,1600,0
2021-09-20 12:00:00,926.945,927.075,920.195,921.255,1153,1630,0
2021-09-20 13:00:00,921.255,929.315,921.225,924.165,1636,2410,0
2021-09-20 14:00:00,924.175,926.755,922.495,923.635,1715,2690,0
2021-09-20 15:00:00,923.425,933.675,921.615,930.175,4109,2620,0
2021-09-20 16:00:00,930.165,932.195,915.945,919.935,8315,2750,0
2021-09-20 17:00:00,919.925,926.115,916.355,921.665,6174,2630,0
2021-09-20 18:00:00,921.635,925.235,916.425,918.205,3509,2550,0
2021-09-20 19:00:00,918.275,918.415,902.365,906.755,3652,2610,0
2021-09-20 20:00:00,906.805,912.675,906.135,911.345,2690,3980,0
2021-09-20 21:00:00,911.335,911.845,905.025,909.265,1558,4580,0
2021-09-20 22:00:00,909.285,913.525,907.835,912.865,1240,1510,0
2021-09-20 23:00:00,912.865,913.175,910.565,911.455,971,3460,0
2021-09-21 01:00:00,907.425,915.845,907.425,913.075,456,2290,0
2021-09-21 02:00:00,912.735,919.885,910.085,918.045,928,2690,0
2021-09-21 03:00:00,917.955,920.025,914.315,916.095,1133,3900,0
2021-09-21 04:00:00,916.105,922.045,914.425,921.335,1364,3440,0
2021-09-21 05:00:00,921.335,922.395,917.515,919.475,1262,3630,0
2021-09-21 06:00:00,919.475,919.795,916.715,918.685,767,3800,0
2021-09-21 07:00:00,918.725,919.475,918.125,918.575,840,4900,0
2021-09-21 08:00:00,918.775,920.325,916.855,917.505,989,3230,0
2021-09-21 09:00:00,917.505,921.645,916.445,918.495,1377,2980,0
2021-09-21 10:00:00,918.445,922.505,916.935,921.925,2221,1480,0
2021-09-21 11:00:00,921.835,926.895,920.805,922.785,2266,2440,0
2021-09-21 12:00:00,922.705,925.895,918.375,925.725,1265,2740,0
2021-09-21 13:00:00,925.745,928.055,921.985,925.215,1161,2610,0
2021-09-21 14:00:00,925.215,926.745,921.345,925.255,1284,2610,0
2021-09-21 15:00:00,925.255,937.685,925.255,935.765,5003,2550,0
2021-09-21 16:00:00,935.795,948.735,934.225,948.055,8128,2880,0
2021-09-21 17:00:00,948.295,952.115,938.915,945.205,8808,1770,0
2021-09-21 18:00:00,945.205,953.685,942.455,952.885,4960,3120,0
2021-09-21 19:00:00,952.875,960.015,950.925,958.335,4102,3030,0
2021-09-21 20:00:00,958.265,958.775,954.035,955.165,2839,3350,0
2021-09-21 21:00:00,955.095,959.415,955.045,958.075,1831,2910,0
2021-09-21 22:00:00,958.065,960.485,957.755,958.435,2981,2710,0
2021-09-21 23:00:00,958.375,958.695,953.855,954.115,938,2940,0
2021-09-22 01:00:00,951.945,958.205,951.945,953.895,643,4170,0
2021-09-22 02:00:00,953.485,955.245,951.155,951.675,656,4600,0
2021-09-22 03:00:00,951.675,953.155,949.425,950.025,1637,4870,0
2021-09-22 04:00:00,950.025,958.575,950.025,957.545,5276,4210,0
2021-09-22 05:00:00,957.505,958.705,955.735,958.455,2409,4220,0
2021-09-22 06:00:00,958.405,958.825,957.405,958.295,1544,4300,0
2021-09-22 07:00:00,958.295,958.605,956.425,957.035,1260,4070,0
2021-09-22 08:00:00,956.985,962.075,956.985,960.035,1318,3580,0
2021-09-22 09:00:00,960.585,963.705,959.225,962.465,1904,2800,0
2021-09-22 10:00:00,962.315,973.485,961.355,966.035,2522,2390,0
2021-09-22 11:00:00,965.885,971.655,964.405,970.765,2045,2530,0
2021-09-22 12:00:00,970.855,973.625,970.045,972.415,1809,2410,0
2021-09-22 13:00:00,972.365,973.175,968.715,972.445,1576,2660,0
2021-09-22 14:00:00,972.195,973.215,967.785,969.755,1714,2610,0
2021-09-22 15:00:00,970.295,984.145,969.795,981.205,4369,2360,0
2021-09-22 16:00:00,981.245,995.195,981.145,987.245,6707,1950,0
2021-09-22 17:00:00,987.215,1005.435,987.215,1004.445,5921,2770,0
2021-09-22 18:00:00,1004.405,1012.025,1001.395,1008.455,4552,3190,0
2021-09-22 19:00:00,1008.375,1010.525,1003.695,1004.645,2557,3190,0
2021-09-22 20:00:00,1004.525,1005.905,990.715,990.715,2165,2670,0
2021-09-22 21:00:00,988.195,1007.905,986.125,991.115,8747,6710,0
2021-09-22 22:00:00,991.115,1000.835,990.595,994.015,4301,7750,0
2021-09-22 23:00:00,993.995,996.325,992.935,995.825,763,6130,0
2021-09-23 01:00:00,994.355,999.045,988.705,997.915,646,4430,0
2021-09-23 02:00:00,997.875,999.595,995.755,999.415,540,4180,0
2021-09-23 03:00:00,999.455,1000.555,994.025,996.555,830,5080,0
2021-09-23 04:00:00,996.365,997.675,990.585,996.445,1477,4350,0
2021-09-23 05:00:00,996.335,996.445,991.555,992.975,1078,4680,0
2021-09-23 06:00:00,993.075,997.055,991.615,995.305,652,3690,0
2021-09-23 07:00:00,995.315,997.055,993.605,996.205,523,4540,0
2021-09-23 08:00:00,996.205,1000.665,993.275,999.525,1139,4350,0
2021-09-23 09:00:00,999.485,1004.005,995.365,1002.395,1912,4100,0
2021-09-23 10:00:00,1002.665,1008.895,999.855,1007.715,2506,3520,0
2021-09-23 11:00:00,1007.785,1011.825,1005.845,1008.755,2515,3340,0
2021-09-23 12:00:00,1008.825,1013.675,1003.065,1004.735,2572,3400,0
2021-09-23 13:00:00,1004.615,1006.055,996.635,1004.765,3371,2550,0
2021-09-23 14:00:00,1004.845,1004.845,991.945,994.575,2656,2690,0
2021-09-23 15:00:00,994.515,995.485,983.425,988.645,4732,2680,0
2021-09-23 16:00:00,988.645,999.675,982.385,992.605,8162,3530,0
2021-09-23 17:00:00,992.615,1002.805,992.615,1001.705,5778,2800,0
2021-09-23 18:00:00,1001.755,1002.815,993.995,999.235,4340,3040,0
2021-09-23 19:00:00,999.185,1002.055,995.055,995.945,2357,3010,0
2021-09-23 20:00:00,996.045,1002.735,995.515,1002.075,1675,2560,0
2021-09-23 21:00:00,1002.205,1002.205,997.585,998.215,1179,1990,0
2021-09-23 22:00:00,998.325,998.435,994.005,994.085,1240,1860,0
2021-09-23 23:00:00,994.015,994.135,988.325,989.395,935,2480,0
2021-09-24 01:00:00,986.335,993.145,986.335,992.645,474,3610,0
2021-09-24 02:00:00,992.645,994.675,985.155,985.625,808,3190,0
2021-09-24 03:00:00,985.885,986.285,980.195,983.675,2125,3670,0
2021-09-24 04:00:00,983.665,987.155,982.245,982.785,2088,3520,0
2021-09-24 05:00:00,982.785,983.175,977.295,981.275,1978,3640,0
2021-09-24 06:00:00,981.415,985.105,980.155,984.335,1575,3520,0
2021-09-24 07:00:00,984.275,986.785,983.155,983.735,844,3910,0
2021-09-24 08:00:00,983.775,987.775,981.555,987.695,1141,3850,0
2021-09-24 09:00:00,988.315,989.435,982.785,983.765,1690,2750,0
2021-09-24 10:00:00,983.895,984.285,978.795,981.885,3539,2480,0
2021-09-24 11:00:00,981.875,985.455,979.925,984.655,2677,3170,0
2021-09-24 12:00:00,984.705,984.755,980.045,981.135,1607,3270,0
2021-09-24 13:00:00,981.195,983.975,980.145,982.965,1618,3220,0
2021-09-24 14:00:00,982.945,983.865,978.205,980.655,2049,3050,0
2021-09-24 15:00:00,980.535,983.455,970.895,972.405,3892,2930,0
2021-09-24 16:00:00,972.465,975.335,966.815,972.845,6802,3000,0
2021-09-24 17:00:00,972.795,977.915,969.485,973.475,5530,3100,0
2021-09-24 18:00:00,973.515,981.915,973.115,980.735,3884,2800,0
2021-09-24 19:00:00,980.735,983.985,979.315,981.545,2569,2790,0
2021-09-24 20:00:00,981.505,985.345,978.255,979.675,2327,2480,0
2021-09-24 21:00:00,979.555,981.425,977.215,981.135,2345,3230,0
2021-09-24 22:00:00,981.175,983.805,980.015,982.585,2089,2640,0
2021-09-24 23:00:00,980.955,982.485,980.745,981.935,147,5890,0
2021-09-27 01:00:00,982.125,985.925,981.285,983.455,506,3490,0
2021-09-27 02:00:00,983.545,985.485,980.645,985.215,580,3720,0
2021-09-27 03:00:00,985.185,990.305,983.465,989.105,1595,4260,0
2021-09-27 04:00:00,989.065,998.105,988.295,996.455,2673,3930,0
2021-09-27 05:00:00,996.535,1001.655,996.125,999.805,1857,3640,0
2021-09-27 06:00:00,999.805,1000.625,995.975,996.895,1128,3810,0
2021-09-27 07:00:00,996.925,998.495,996.105,997.305,728,4360,0
2021-09-27 08:00:00,997.225,999.965,996.315,998.365,1300,4190,0
2021-09-27 09:00:00,998.675,999.955,990.365,990.365,1460,3240,0
2021-09-27 10:00:00,990.565,995.675,987.805,989.275,2112,3000,0
2021-09-27 11:00:00,989.285,990.675,984.055,985.095,1737,3050,0
2021-09-27 12:00:00,985.035,988.665,981.285,982.915,2003,3270,0
2021-09-27 13:00:00,982.915,987.655,980.035,985.435,1818,3750,0
2021-09-27 14:00:00,985.525,990.795,984.375,988.085,1674,3730,0
2021-09-27 15:00:00,987.985,996.805,983.585,991.415,4723,3690,0
2021-09-27 16:00:00,991.465,991.595,978.515,986.795,6618,3600,0
2021-09-27 17:00:00,986.735,987.395,979.555,980.685,4980,3800,0
2021-09-27 18:00:00,980.615,986.305,977.355,982.935,3747,3710,0
2021-09-27 19:00:00,982.935,987.065,981.715,982.275,2079,3620,0
2021-09-27 20:00:00,982.345,983.495,981.095,981.795,2134,3840,0
2021-09-27 21:00:00,981.635,986.415,981.615,983.875,1889,3870,0
2021-09-27 22:00:00,983.785,984.645,982.255,982.275,1635,3740,0
2021-09-27 23:00:00,982.275,982.535,980.085,980.425,787,3780,0
2021-09-28 01:00:00,978.055,981.665,972.225,980.585,436,4830,0
2021-09-28 02:00:00,980.425,981.815,979.665,981.205,418,3510,0
2021-09-28 03:00:00,981.195,981.565,978.355,978.375,852,3780,0
2021-09-28 04:00:00,978.375,984.775,976.385,983.235,955,4390,0
2021-09-28 05:00:00,983.235,984.645,982.705,984.375,882,4260,0
2021-09-28 06:00:00,984.375,985.445,982.125,982.125,989,4540,0
2021-09-28 07:00:00,982.135,984.685,981.765,984.685,464,4630,0
2021-09-28 08:00:00,984.695,986.835,982.495,984.345,904,4620,0
2021-09-28 09:00:00,983.725,985.705,976.195,976.515,2775,3950,0
2021-09-28 10:00:00,976.895,979.445,974.825,978.635,1902,3630,0
2021-09-28 11:00:00,978.635,978.635,968.985,977.795,1311,3550,0
2021-09-28 12:00:00,977.685,979.225,972.005,972.865,1706,3290,0
2021-09-28 13:00:00,973.025,973.995,969.165,970.205,1686,3570,0
2021-09-28 14:00:00,970.215,979.265,967.865,976.385,2258,3760,0
2021-09-28 15:00:00,976.485,988.415,966.285,970.535,3835,3820,0
2021-09-28 16:00:00,970.655,988.035,969.675,972.955,5017,3710,0
2021-09-28 17:00:00,972.515,984.045,969.665,971.555,5727,3810,0
2021-09-28 18:00:00,971.565,973.885,963.315,966.935,3426,3240,0
2021-09-28 19:00:00,966.815,969.785,965.155,967.215,1400,2510,0
2021-09-28 20:00:00,967.095,969.005,964.465,966.255,1475,2020,0
2021-09-28 21:00:00,966.255,967.195,962.145,966.135,1197,3830,0
2021-09-28 22:00:00,966.115,967.925,965.395,965.825,1083,4150,0
2021-09-28 23:00:00,965.675,966.395,962.795,965.285,486,5580,0
2021-09-29 01:00:00,962.805,971.185,962.805,970.495,526,3370,0
2021-09-29 02:00:00,970.375,971.025,965.915,970.855,580,3310,0
2021-09-29 03:00:00,970.865,974.985,968.635,971.985,981,3800,0
2021-09-29 04:00:00,971.855,974.775,967.695,970.935,1111,3690,0
2021-09-29 05:00:00,970.925,973.545,967.725,971.275,1641,3830,0
2021-09-29 06:00:00,971.285,972.535,969.205,970.925,1102,5360,0
2021-09-29 07:00:00,970.955,971.255,965.955,967.485,1140,5190,0
2021-09-29 08:00:00,967.495,968.025,964.405,964.705,1658,7130,0
2021-09-29 09:00:00,964.295,966.455,962.585,966.135,2781,7620,0
2021-09-29 10:00:00,966.285,970.925,963.485,968.345,2823,4030,0
2021-09-29 11:00:00,968.275,970.545,965.615,966.485,2316,3140,0
2021-09-29 12:00:00,966.485,969.805,965.515,969.805,1681,3070,0
2021-09-29 13:00:00,969.765,971.435,968.715,971.315,1593,3210,0
2021-09-29 14:00:00,971.245,971.995,965.275,968.775,2348,2960,0
2021-09-29 15:00:00,968.275,974.015,965.755,966.165,4397,2590,0
2021-09-29 16:00:00,966.195,967.725,944.155,947.565,5364,2340,0
2021-09-29 17:00:00,947.345,951.035,941.985,948.405,3999,3060,0
2021-09-29 18:00:00,948.365,956.675,947.805,950.995,4076,3220,0
2021-09-29 19:00:00,950.655,952.305,946.925,948.665,3158,3750,0
2021-09-29 20:00:00,948.665,951.435,945.435,946.985,2832,3770,0
2021-09-29 21:00:00,946.985,954.615,945.995,952.635,2325,3800,0
2021-09-29 22:00:00,952.545,955.345,950.515,951.405,2502,3710,0
2021-09-29 23:00:00,951.425,953.185,950.225,950.485,710,4000,0
2021-09-30 01:00:00,949.965,953.715,938.225,952.575,652,4580,0
2021-09-30 02:00:00,952.525,957.405,951.295,955.485,738,4530,0
2021-09-30 03:00:00,955.395,957.745,954.235,957.025,1393,4580,0
2021-09-30 04:00:00,957.095,959.025,955.765,958.305,2291,4250,0
2021-09-30 05:00:00,958.295,959.545,956.455,957.115,1406,4010,0
2021-09-30 06:00:00,957.105,961.595,956.755,959.325,1326,4780,0
2021-09-30 07:00:00,959.235,959.805,957.025,958.655,763,4280,0
2021-09-30 08:00:00,958.655,959.625,955.205,955.515,1951,4170,0
2021-09-30 09:00:00,955.715,958.755,955.335,958.275,2003,3450,0
2021-09-30 10:00:00,958.155,962.015,954.375,960.865,2116,2790,0
2021-09-30 11:00:00,960.855,962.295,957.475,959.595,1960,3060,0
2021-09-30 12:00:00,959.525,959.945,956.315,958.575,1642,3220,0
2021-09-30 13:00:00,958.465,962.795,954.645,957.935,2466,2940,0
2021-09-30 14:00:00,957.885,958.075,954.255,955.005,2839,3210,0
2021-09-30 15:00:00,954.895,965.205,952.845,962.475,4041,2950,0
2021-09-30 16:00:00,962.535,965.515,955.565,964.175,6196,3040,0
2021-09-30 17:00:00,964.195,971.525,959.755,961.315,7838,3050,0
2021-09-30 18:00:00,961.325,969.135,958.345,962.055,4952,3000,0
2021-09-30 19:00:00,961.975,963.695,957.395,959.845,3504,3890,0
2021-09-30 20:00:00,959.855,967.605,959.045,964.815,3434,3540,0
2021-09-30 21:00:00,964.915,968.115,964.905,966.725,1274,4000,0
2021-09-30 22:00:00,966.725,968.825,963.265,963.545,1401,3850,0
2021-09-30 23:00:00,963.545,964.895,963.255,963.265,748,5300,0
2021-10-01 01:00:00,960.045,965.945,959.385,965.235,348,3420,0
2021-10-01 02:00:00,965.525,965.625,960.875,961.885,479,2800,0
2021-10-01 03:00:00,961.875,964.435,959.435,960.755,1194,3310,0
2021-10-01 04:00:00,960.745,960.835,955.055,958.485,1618,3320,0
2021-10-01 05:00:00,958.485,961.135,956.895,959.775,1130,3310,0
2021-10-01 06:00:00,959.765,960.945,957.245,958.055,982,3640,0
2021-10-01 07:00:00,957.955,959.985,957.555,958.215,967,3310,0
2021-10-01 08:00:00,958.195,960.865,957.545,960.865,1257,3020,0
2021-10-01 09:00:00,960.885,962.785,957.155,959.275,1462,3380,0
2021-10-01 10:00:00,959.245,965.355,958.675,962.995,2120,2870,0
2021-10-01 11:00:00,962.915,965.405,958.635,964.245,1628,2230,0
2021-10-01 12:00:00,964.435,970.135,964.435,966.705,1946,2660,0
2021-10-01 13:00:00,966.675,968.265,965.395,966.595,2442,3210,0
2021-10-01 14:00:00,966.545,975.855,966.545,973.195,3147,2690,0
2021-10-01 15:00:00,973.165,976.325,967.555,972.255,3903,2960,0
2021-10-01 16:00:00,972.445,975.505,960.965,961.025,5958,3720,0
2021-10-01 17:00:00,960.565,978.515,959.505,971.605,6615,2210,0
2021-10-01 18:00:00,971.485,978.105,970.745,978.105,2888,1930,0
2021-10-01 19:00:00,978.005,980.745,976.765,976.785,2520,1810,0
2021-10-01 20:00:00,976.785,978.045,975.385,977.535,1704,1860,0
2021-10-01 21:00:00,977.545,978.085,976.515,976.915,1037,2430,0
2021-10-01 22:00:00,976.795,976.815,973.915,974.455,916,3220,0
2021-10-01 23:00:00,974.455,975.425,969.745,969.745,279,4650,0
2021-10-04 01:00:00,967.195,982.765,967.195,980.875,1048,2850,0
2021-10-04 02:00:00,980.645,982.355,973.055,978.265,1015,2720,0
2021-10-04 03:00:00,978.265,981.325,977.465,979.355,1291,3470,0
2021-10-04 04:00:00,979.355,979.665,971.915,973.605,1139,2700,0
2021-10-04 05:00:00,973.555,973.635,968.685,973.045,902,3570,0
2021-10-04 06:00:00,973.045,973.045,968.625,970.465,812,3480,0
2021-10-04 07:00:00,969.815,973.305,969.815,972.585,745,3250,0
2021-10-04 08:00:00,972.475,974.185,970.085,973.695,1054,3080,0
2021-10-04 09:00:00,973.695,973.695,967.415,969.825,1723,2990,0
2021-10-04 10:00:00,969.845,969.845,951.385,961.965,3987,2340,0
2021-10-04 11:00:00,961.955,963.115,953.155,955.475,2733,3350,0
2021-10-04 12:00:00,955.485,959.995,955.055,957.835,1839,3570,0
2021-10-04 13:00:00,957.815,958.915,953.275,954.315,1597,3630,0
2021-10-04 14:00:00,954.355,957.535,951.385,957.265,1518,2670,0
2021-10-04 15:00:00,957.265,958.105,946.915,950.255,2454,3700,0
2021-10-04 16:00:00,950.175,956.285,947.795,951.945,2314,3850,0
2021-10-04 17:00:00,951.935,966.185,951.935,963.855,3290,4280,0
2021-10-04 18:00:00,963.745,965.845,959.875,964.185,2475,4050,0
2021-10-04 19:00:00,964.095,965.825,963.365,964.815,1913,4450,0
2021-10-04 20:00:00,964.805,966.155,964.205,965.045,1650,4410,0
2021-10-04 21:00:00,965.075,966.975,963.295,966.575,2150,4670,0
2021-10-04 22:00:00,966.585,968.465,964.615,968.345,2059,4680,0
2021-10-04 23:00:00,968.345,969.355,965.415,966.745,726,4080,0
2021-10-05 01:00:00,964.625,968.975,964.625,968.135,440,5190,0
2021-10-05 02:00:00,968.155,968.175,965.805,967.775,1275,4590,0
2021-10-05 03:00:00,967.825,968.375,961.985,962.475,3359,5300,0
2021-10-05 04:00:00,962.495,963.055,957.705,960.175,2924,5300,0
2021-10-05 05:00:00,960.065,964.405,958.135,963.145,2746,5300,0
2021-10-05 06:00:00,962.865,963.405,960.075,961.275,2636,5320,0
2021-10-05 07:00:00,961.375,961.465,958.325,959.805,2002,5300,0
2021-10-05 08:00:00,959.745,963.225,958.705,959.255,3874,5300,0
2021-10-05 09:00:00,959.015,960.815,956.825,960.155,2473,5100,0
2021-10-05 10:00:00,960.105,964.125,958.115,962.515,3238,4850,0
2021-10-05 11:00:00,962.465,964.925,957.905,958.245,2656,4180,0
2021-10-05 12:00:00,958.205,958.525,955.935,957.595,1702,4470,0
2021-10-05 13:00:00,957.545,958.085,955.195,955.615,2129,4470,0
2021-10-05 14:00:00,955.605,957.405,955.285,956.285,2153,4580,0
2021-10-05 15:00:00,956.355,967.175,955.625,960.825,3639,3160,0
2021-10-05 16:00:00,960.835,961.785,943.525,943.525,4598,2990,0
2021-10-05 17:00:00,942.675,962.605,942.375,960.935,3772,4100,0
2021-10-05 18:00:00,960.935,964.475,959.385,962.655,2427,4730,0
2021-10-05 19:00:00,962.605,964.745,960.745,964.205,1793,4540,0
2021-10-05 20:00:00,964.145,964.375,962.355,964.045,1701,4340,0
2021-10-05 21:00:00,963.975,965.935,963.815,965.175,1223,4130,0
2021-10-05 22:00:00,965.195,965.405,962.135,963.265,1225,4360,0
2021-10-05 23:00:00,963.335,963.755,961.975,962.415,670,4100,0
2021-10-06 01:00:00,962.445,964.405,960.385,963.945,609,4070,0
2021-10-06 02:00:00,963.935,964.125,962.635,962.755,598,4100,0
2021-10-06 03:00:00,962.775,962.775,959.075,962.005,1357,4490,0
2021-10-06 04:00:00,961.975,962.405,954.605,957.085,1695,5080,0
2021-10-06 05:00:00,957.085,957.355,950.695,952.925,1835,4650,0
2021-10-06 06:00:00,952.895,956.625,951.325,955.355,1218,4270,0
2021-10-06 07:00:00,955.355,955.815,949.745,952.015,1491,3320,0
2021-10-06 08:00:00,952.005,953.695,950.255,950.395,874,3990,0
2021-10-06 09:00:00,950.515,955.755,950.245,953.715,1434,4130,0
2021-10-06 10:00:00,953.715,954.075,949.305,950.775,2409,3890,0
2021-10-06 11:00:00,950.775,950.775,941.335,945.465,2148,4670,0
2021-10-06 12:00:00,945.405,948.415,943.535,948.215,2065,4200,0
2021-10-06 13:00:00,948.325,954.075,947.345,947.355,1504,4460,0
2021-10-06 14:00:00,947.405,957.205,947.235,954.215,1381,5430,0
2021-10-06 15:00:00,954.215,966.505,948.275,964.915,3115,4810,0
2021-10-06 16:00:00,965.045,978.175,959.565,976.565,6187,4030,0
2021-10-06 17:00:00,976.395,982.955,974.205,975.785,8441,4400,0
2021-10-06 18:00:00,975.795,976.675,970.055,975.345,2310,5320,0
2021-10-06 19:00:00,975.385,977.585,974.155,977.365,1794,4650,0
2021-10-06 20:00:00,977.235,981.685,977.235,980.985,2283,4130,0
2021-10-06 21:00:00,981.125,987.535,980.025,986.375,2214,4730,0
2021-10-06 22:00:00,986.415,989.195,986.415,988.305,4594,4480,0
2021-10-06 23:00:00,988.205,988.945,985.545,985.545,1465,4340,0
2021-10-07 01:00:00,983.875,988.305,983.875,986.685,802,3750,0
2021-10-07 02:00:00,986.575,988.335,982.145,982.785,1338,3620,0
2021-10-07 03:00:00,982.795,984.545,979.045,981.025,1987,3980,0
2021-10-07 04:00:00,981.045,984.455,980.535,982.525,2056,4250,0
2021-10-07 05:00:00,982.525,982.915,975.705,977.575,1598,4940,0
2021-10-07 06:00:00,977.575,980.735,976.265,980.675,1484,4580,0
2021-10-07 07:00:00,980.685,980.685,977.765,977.775,939,4460,0
2021-10-07 08:00:00,977.775,979.365,975.915,977.085,1308,4790,0
2021-10-07 09:00:00,977.055,985.225,977.055,984.675,1832,4850,0
2021-10-07 10:00:00,984.785,990.335,983.695,989.045,2410,3100,0
2021-10-07 11:00:00,989.055,990.375,984.175,984.985,2076,2970,0
2021-10-07 12:00:00,984.935,984.955,980.885,982.755,1161,2970,0
2021-10-07 13:00:00,982.765,986.615,982.635,985.765,1211,2990,0
2021-10-07 14:00:00,985.835,988.885,983.115,983.375,1789,3120,0
2021-10-07 15:00:00,983.815,985.575,979.045,980.035,4255,3120,0
2021-10-07 16:00:00,980.095,989.035,978.525,988.575,5818,3000,0
2021-10-07 17:00:00,988.555,997.625,987.645,996.205,4917,2960,0
2021-10-07 18:00:00,996.185,997.965,990.935,992.195,3429,3600,0
2021-10-07 19:00:00,992.125,993.325,984.225,985.275,2317,3430,0
2021-10-07 20:00:00,985.095,987.545,981.285,981.995,1691,4180,0
2021-10-07 21:00:00,981.985,982.055,979.815,980.905,1270,5720,0
2021-10-07 22:00:00,980.815,981.395,979.315,980.595,1257,4580,0
2021-10-07 23:00:00,980.595,981.315,979.305,980.085,665,5580,0
2021-10-08 01:00:00,977.175,982.695,977.175,982.365,498,3880,0
2021-10-08 02:00:00,982.295,983.005,980.025,982.415,571,3510,0
2021-10-08 03:00:00,982.165,984.025,979.345,983.465,1275,4260,0
2021-10-08 04:00:00,983.465,986.045,981.065,983.895,1859,3990,0
2021-10-08 05:00:00,983.895,987.045,983.525,985.785,1078,3920,0
2021-10-08 06:00:00,985.785,986.435,984.605,985.015,920,3650,0
2021-10-08 07:00:00,985.025,985.535,982.555,982.555,615,3730,0
2021-10-08 08:00:00,982.565,986.945,981.375,984.685,1036,2990,0
2021-10-08 09:00:00,984.685,989.215,984.685,988.605,1322,3100,0
2021-10-08 10:00:00,988.485,994.065,985.525,993.205,2584,2340,0
2021-10-08 11:00:00,993.185,994.235,989.765,992.215,1862,3140,0
2021-10-08 12:00:00,992.265,996.795,991.795,996.005,1715,3670,0
2021-10-08 13:00:00,996.095,1001.125,995.355,998.335,1901,3220,0
2021-10-08 14:00:00,998.435,1009.085,998.255,1007.955,2873,2980,0
2021-10-08 15:00:00,1008.005,1031.175,1004.455,1028.805,9321,3260,0
2021-10-08 16:00:00,1028.875,1040.865,1022.275,1027.085,9518,2960,0
2021-10-08 17:00:00,1027.145,1029.175,1015.925,1018.235,7387,3100,0
2021-10-08 18:00:00,1018.235,1028.495,1017.735,1024.715,4303,3780,0
2021-10-08 19:00:00,1024.755,1027.775,1021.495,1025.775,2719,3660,0
2021-10-08 20:00:00,1025.835,1028.725,1021.485,1024.905,2879,3530,0
2021-10-08 21:00:00,1024.905,1028.915,1024.755,1027.685,1725,3640,0
2021-10-08 22:00:00,1027.695,1028.115,1024.785,1025.985,1622,3800,0
2021-10-08 23:00:00,1024.835,1025.505,1021.675,1021.675,244,6430,0
2021-10-11 01:00:00,1030.205,1031.165,1022.385,1025.025,2035,5300,0
2021-10-11 02:00:00,1025.025,1026.045,1019.205,1020.315,2039,4710,0
2021-10-11 03:00:00,1020.355,1025.625,1020.135,1023.325,2579,4370,0
2021-10-11 04:00:00,1023.355,1030.665,1022.725,1028.075,2675,4310,0
2021-10-11 05:00:00,1028.105,1029.245,1025.715,1027.115,2067,4440,0
2021-10-11 06:00:00,1027.065,1028.005,1023.855,1024.355,1842,4430,0
2021-10-11 07:00:00,1024.325,1027.935,1024.205,1027.935,1477,4510,0
2021-10-11 08:00:00,1027.875,1029.985,1026.705,1029.985,2190,4580,0
2021-10-11 09:00:00,1030.295,1036.035,1028.445,1029.145,3533,3650,0
2021-10-11 10:00:00,1029.195,1035.905,1026.545,1035.685,2325,2370,0
2021-10-11 11:00:00,1035.695,1038.855,1030.165,1030.165,2968,1800,0
2021-10-11 12:00:00,1030.195,1032.825,1028.195,1032.175,3191,3360,0
2021-10-11 13:00:00,1032.165,1032.605,1026.765,1028.795,2163,3460,0
2021-10-11 14:00:00,1028.755,1030.905,1026.155,1027.065,2398,3240,0
2021-10-11 15:00:00,1027.145,1037.225,1026.585,1034.295,4365,2760,0
2021-10-11 16:00:00,1034.385,1034.655,1027.365,1028.825,5752,2190,0
2021-10-11 17:00:00,1028.825,1029.755,1019.315,1021.655,4555,2060,0
2021-10-11 18:00:00,1021.735,1026.415,1021.015,1022.195,3204,3510,0
2021-10-11 19:00:00,1022.195,1022.195,1012.145,1012.455,2952,3480,0
2021-10-11 20:00:00,1012.495,1012.515,1005.085,1008.945,2988,3720,0
2021-10-11 21:00:00,1008.945,1011.565,1008.825,1009.605,1089,3850,0
2021-10-11 22:00:00,1009.505,1010.165,1006.515,1006.615,1411,3510,0
2021-10-11 23:00:00,1006.655,1009.235,1006.555,1008.305,682,3460,0
2021-10-12 01:00:00,1004.535,1009.365,1001.465,1006.565,714,3020,0
2021-10-12 02:00:00,1006.675,1007.975,1005.185,1007.285,825,2920,0
2021-10-12 03:00:00,1007.185,1007.305,1002.725,1004.775,1894,2910,0
2021-10-12 04:00:00,1004.735,1010.825,1002.745,1010.535,2600,3510,0
2021-10-12 05:00:00,1010.535,1012.725,1009.165,1010.435,1848,3690,0
2021-10-12 06:00:00,1010.405,1011.675,1008.555,1010.205,1150,3970,0
2021-10-12 07:00:00,1010.185,1011.955,1008.185,1011.475,993,3840,0
2021-10-12 08:00:00,1011.435,1020.785,1010.015,1019.035,1994,3380,0
2021-10-12 09:00:00,1019.035,1019.915,1013.425,1015.475,2511,2990,0
2021-10-12 10:00:00,1015.475,1017.055,1010.625,1012.675,3421,2610,0
2021-10-12 11:00:00,1012.655,1015.795,1011.125,1012.305,3152,4390,0
2021-10-12 12:00:00,1012.345,1015.075,1012.275,1012.775,2435,4410,0
2021-10-12 13:00:00,1012.815,1013.175,1005.275,1010.835,2285,4300,0
2021-10-12 14:00:00,1010.805,1015.175,1009.675,1009.865,1628,4950,0
2021-10-12 15:00:00,1009.755,1015.675,1004.205,1012.665,4583,4720,0
2021-10-12 16:00:00,1012.695,1019.285,1006.855,1018.665,5647,4640,0
2021-10-12 17:00:00,1018.445,1019.575,1007.365,1010.465,4359,4310,0
2021-10-12 18:00:00,1010.535,1013.765,1006.985,1010.575,1850,3600,0
2021-10-12 19:00:00,1010.625,1012.105,1008.875,1010.445,1732,3760,0
2021-10-12 20:00:00,1010.375,1012.155,1008.525,1009.415,1505,3280,0
2021-10-12 21:00:00,1009.415,1011.185,1006.545,1008.005,1419,3430,0
2021-10-12 22:00:00,1008.015,1009.805,1007.405,1008.695,1106,5270,0
2021-10-12 23:00:00,1008.595,1008.755,1006.225,1006.495,783,4970,0
2021-10-13 01:00:00,1006.585,1009.485,1006.265,1007.265,459,4360,0
2021-10-13 02:00:00,1007.325,1008.355,1005.335,1006.765,640,3890,0
2021-10-13 03:00:00,1006.765,1009.825,1005.775,1008.595,1498,3570,0
2021-10-13 04:00:00,1008.525,1011.155,1006.275,1010.295,1367,3810,0
2021-10-13 05:00:00,1010.175,1011.755,1003.165,1004.625,1747,4170,0
2021-10-13 06:00:00,1004.595,1008.295,1004.165,1006.825,1280,4310,0
2021-10-13 07:00:00,1006.815,1008.105,1005.835,1007.755,1186,4290,0
2021-10-13 08:00:00,1007.705,1008.915,1005.645,1007.515,1376,3950,0
2021-10-13 09:00:00,1007.115,1008.435,1005.245,1006.945,1696,4460,0
2021-10-13 10:00:00,1007.055,1014.145,1004.005,1011.965,2342,3860,0
2021-10-13 11:00:00,1011.875,1015.395,1010.065,1011.485,3400,3740,0
2021-10-13 12:00:00,1011.515,1014.325,1009.245,1010.965,2148,3510,0
2021-10-13 13:00:00,1010.975,1011.785,1007.605,1011.635,1653,3770,0
2021-10-13 14:00:00,1011.915,1014.265,1010.995,1012.995,2022,3740,0
2021-10-13 15:00:00,1013.005,1014.365,1004.205,1010.385,5171,2770,0
2021-10-13 16:00:00,1010.385,1024.505,1004.945,1024.135,8785,3790,0
2021-10-13 17:00:00,1024.075,1031.795,1022.715,1026.745,5839,3160,0
2021-10-13 18:00:00,1026.695,1030.315,1019.315,1022.155,2999,3300,0
2021-10-13 19:00:00,1022.195,1026.515,1016.905,1021.575,2376,2760,0
2021-10-13 20:00:00,1021.575,1026.035,1010.655,1010.935,1851,3240,0
2021-10-13 21:00:00,1011.025,1021.285,1010.985,1020.075,1926,3890,0
2021-10-13 22:00:00,1020.035,1020.645,1018.105,1019.455,1320,4070,0
2021-10-13 23:00:00,1019.395,1020.545,1018.915,1019.035,608,6200,0
2021-10-14 01:00:00,1017.825,1021.985,1017.825,1021.285,395,4420,0
2021-10-14 02:00:00,1021.295,1021.935,1019.845,1021.545,557,4310,0
2021-10-14 03:00:00,1021.595,1023.285,1018.795,1021.995,1505,3940,0
2021-10-14 04:00:00,1021.845,1023.135,1017.145,1017.745,1464,3940,0
2021-10-14 05:00:00,1017.725,1017.965,1015.065,1017.835,1364,3710,0
2021-10-14 06:00:00,1017.835,1019.825,1016.285,1017.395,1246,4170,0
2021-10-14 07:00:00,1017.375,1020.765,1017.025,1020.015,1018,4050,0
2021-10-14 08:00:00,1019.995,1023.925,1019.995,1022.855,895,3810,0
2021-10-14 09:00:00,1022.855,1028.135,1021.695,1028.115,1643,4390,0
2021-10-14 10:00:00,1028.225,1029.115,1024.915,1027.335,1658,4490,0
2021-10-14 11:00:00,1027.345,1036.455,1026.235,1036.245,2195,2030,0
2021-10-14 12:00:00,1036.235,1039.735,1035.095,1036.065,2020,2920,0
2021-10-14 13:00:00,1036.045,1038.495,1030.005,1037.175,1974,3790,0
2021-10-14 14:00:00,1037.135,1037.385,1029.965,1030.465,1983,2500,0
2021-10-14 15:00:00,1030.475,1039.245,1026.555,1038.595,2665,1910,0
2021-10-14 16:00:00,1038.595,1042.315,1030.395,1041.075,5704,2550,0
2021-10-14 17:00:00,1041.095,1045.465,1037.855,1041.275,4875,3590,0
2021-10-14 18:00:00,1041.275,1047.335,1039.665,1045.785,3164,3440,0
2021-10-14 19:00:00,1045.755,1049.995,1044.565,1049.585,2475,3930,0
2021-10-14 20:00:00,1049.575,1055.345,1046.405,1053.585,2362,4530,0
2021-10-14 21:00:00,1053.605,1057.805,1053.365,1057.485,1555,4120,0
2021-10-14 22:00:00,1057.575,1063.545,1054.985,1061.735,2733,3030,0
2021-10-14 23:00:00,1061.675,1062.215,1055.485,1055.485,1324,3810,0
2021-10-15 01:00:00,1054.455,1061.665,1054.455,1059.525,2584,2940,0
2021-10-15 02:00:00,1059.535,1060.325,1054.415,1054.725,1055,2850,0
2021-10-15 03:00:00,1054.705,1058.775,1052.345,1057.805,2705,3050,0
2021-10-15 04:00:00,1057.825,1058.325,1054.955,1056.575,3855,3270,0
2021-10-15 05:00:00,1056.555,1061.835,1055.565,1059.955,2762,3300,0
2021-10-15 06:00:00,1060.305,1060.965,1058.765,1060.675,1220,3340,0
2021-10-15 07:00:00,1060.605,1060.905,1055.395,1057.365,1015,3140,0
2021-10-15 08:00:00,1057.455,1058.175,1054.885,1057.635,1871,3220,0
2021-10-15 09:00:00,1057.505,1059.095,1053.945,1057.535,2689,3110,0
2021-10-15 10:00:00,1057.585,1058.255,1052.645,1057.225,2870,2220,0
2021-10-15 11:00:00,1057.275,1059.285,1049.665,1051.505,3508,1880,0
2021-10-15 12:00:00,1051.505,1054.345,1047.685,1052.985,3241,3700,0
2021-10-15 13:00:00,1052.925,1055.805,1050.995,1052.135,2202,3720,0
2021-10-15 14:00:00,1052.195,1053.435,1043.365,1045.195,2541,2170,0
2021-10-15 15:00:00,1045.205,1051.495,1039.595,1049.145,5983,3260,0
2021-10-15 16:00:00,1049.145,1060.235,1048.235,1049.375,8412,3120,0
2021-10-15 17:00:00,1049.455,1060.605,1049.355,1060.095,6473,3470,0
2021-10-15 18:00:00,1059.975,1060.745,1055.785,1057.425,2498,2460,0
2021-10-15 19:00:00,1057.395,1061.755,1054.425,1058.825,2493,3890,0
2021-10-15 20:00:00,1058.825,1059.405,1056.175,1058.755,1785,4100,0
2021-10-15 21:00:00,1058.815,1060.845,1057.955,1059.345,1811,3890,0
2021-10-15 22:00:00,1059.365,1059.535,1057.815,1058.395,1442,4400,0
2021-10-15 23:00:00,1058.395,1058.395,1054.805,1054.805,419,5130,0
2021-10-18 01:00:00,1050.735,1060.975,1050.735,1059.835,2323,3950,0
2021-10-18 02:00:00,1059.985,1061.025,1056.445,1056.465,2311,4190,0
2021-10-18 03:00:00,1056.465,1056.915,1051.955,1054.625,2829,4350,0
2021-10-18 04:00:00,1054.735,1056.415,1051.855,1052.855,2985,4850,0
2021-10-18 05:00:00,1052.875,1056.005,1052.525,1054.745,2873,4610,0
2021-10-18 06:00:00,1054.755,1055.105,1051.625,1052.955,1963,4750,0
2021-10-18 07:00:00,1052.925,1053.605,1052.005,1052.275,1924,4620,0
2021-10-18 08:00:00,1052.305,1054.015,1052.255,1052.505,1693,4240,0
2021-10-18 09:00:00,1052.485,1053.575,1047.845,1050.655,3611,3360,0
2021-10-18 10:00:00,1050.605,1051.855,1046.455,1049.995,3498,3780,0
2021-10-18 11:00:00,1050.015,1052.655,1044.445,1045.425,3719,3400,0
2021-10-18 12:00:00,1045.295,1045.935,1043.605,1045.475,2307,3030,0
2021-10-18 13:00:00,1045.565,1047.505,1044.095,1045.735,1338,2690,0
2021-10-18 14:00:00,1045.735,1047.225,1041.805,1042.955,1757,2510,0
2021-10-18 15:00:00,1042.955,1046.845,1040.015,1044.465,4206,2560,0
2021-10-18 16:00:00,1044.455,1046.715,1033.455,1037.365,9296,3090,0
2021-10-18 17:00:00,1037.235,1043.375,1033.735,1042.455,3943,3250,0
2021-10-18 18:00:00,1042.445,1043.735,1035.685,1037.165,3676,3690,0
2021-10-18 19:00:00,1037.175,1037.375,1034.395,1036.115,1839,3710,0
2021-10-18 20:00:00,1036.115,1037.715,1034.625,1036.555,1625,3460,0
2021-10-18 21:00:00,1036.535,1037.905,1036.065,1037.655,1565,3460,0
2021-10-18 22:00:00,1037.655,1037.665,1035.875,1036.145,1838,3230,0
2021-10-18 23:00:00,1036.075,1036.815,1035.535,1035.665,658,3880,0
2021-10-19 01:00:00,1032.825,1037.755,1031.295,1036.125,423,3510,0
2021-10-19 02:00:00,1036.095,1038.645,1036.045,1036.525,402,3510,0
2021-10-19 03:00:00,1036.575,1040.305,1035.895,1038.875,1462,3820,0
2021-10-19 04:00:00,1038.875,1043.405,1038.155,1043.375,2499,4760,0
2021-10-19 05:00:00,1043.405,1049.355,1043.105,1048.605,2430,4530,0
2021-10-19 06:00:00,1048.605,1048.825,1045.485,1046.185,1381,4680,0
2021-10-19 07:00:00,1046.185,1050.055,1046.125,1048.755,1515,4560,0
2021-10-19 08:00:00,1048.755,1054.095,1048.305,1053.875,2420,3540,0
2021-10-19 09:00:00,1054.155,1056.245,1051.985,1055.675,2475,2610,0
2021-10-19 10:00:00,1055.675,1057.705,1053.665,1056.795,3702,3740,0
2021-10-19 11:00:00,1056.785,1057.735,1051.645,1053.375,3186,3080,0
2021-10-19 12:00:00,1053.305,1054.535,1048.845,1054.475,2655,3800,0
2021-10-19 13:00:00,1054.375,1055.475,1052.485,1053.565,1983,3740,0
2021-10-19 14:00:00,1053.565,1055.295,1046.185,1054.125,2527,3610,0
2021-10-19 15:00:00,1054.235,1055.445,1048.445,1050.145,4817,3470,0
2021-10-19 16:00:00,1050.235,1053.055,1040.675,1041.625,7039,2950,0
2021-10-19 17:00:00,1041.625,1048.015,1037.855,1039.995,6608,3780,0
2021-10-19 18:00:00,1039.965,1044.045,1039.415,1043.555,4067,3610,0
2021-10-19 19:00:00,1043.615,1045.185,1039.455,1045.145,2855,3840,0
2021-10-19 20:00:00,1045.155,1045.765,1041.145,1041.785,2617,3680,0
2021-10-19 21:00:00,1041.845,1041.985,1039.975,1040.475,2031,3870,0
2021-10-19 22:00:00,1040.545,1041.255,1039.415,1040.925,2180,3480,0
2021-10-19 23:00:00,1040.995,1041.575,1038.965,1039.545,582,3840,0
2021-10-20 01:00:00,1039.055,1041.255,1039.055,1040.105,502,3800,0
2021-10-20 02:00:00,1040.105,1040.355,1039.005,1039.505,492,4540,0
2021-10-20 03:00:00,1039.575,1039.605,1034.075,1036.925,1320,4420,0
2021-10-20 04:00:00,1037.045,1040.945,1036.185,1037.215,1935,4590,0
2021-10-20 05:00:00,1037.095,1038.755,1034.635,1037.655,1135,4450,0
2021-10-20 06:00:00,1037.645,1039.305,1037.645,1038.545,1045,4620,0
2021-10-20 07:00:00,1038.545,1039.905,1038.245,1039.065,722,4580,0
2021-10-20 08:00:00,1039.045,1044.205,1038.935,1043.255,1187,4250,0
2021-10-20 09:00:00,1043.255,1045.795,1042.355,1043.805,1221,3240,0
2021-10-20 10:00:00,1043.805,1048.485,1043.295,1046.145,2484,3190,0
2021-10-20 11:00:00,1046.135,1047.555,1040.745,1042.405,1755,2480,0
2021-10-20 12:00:00,1042.325,1045.845,1041.915,1045.095,1150,3150,0
2021-10-20 13:00:00,1045.135,1045.635,1040.755,1042.525,1314,2330,0
2021-10-20 14:00:00,1042.525,1042.855,1039.265,1040.075,1265,2620,0
2021-10-20 15:00:00,1040.075,1046.935,1040.075,1043.515,2444,2470,0
2021-10-20 16:00:00,1043.515,1047.715,1038.525,1043.245,5841,3040,0
2021-10-20 17:00:00,1043.145,1048.965,1040.475,1048.355,4678,3810,0
2021-10-20 18:00:00,1048.355,1052.695,1046.515,1051.185,3453,3460,0
2021-10-20 19:00:00,1051.185,1051.705,1048.525,1050.195,2360,3030,0
2021-10-20 20:00:00,1050.185,1053.675,1049.185,1053.565,2534,3420,0
2021-10-20 21:00:00,1053.575,1055.685,1053.145,1054.095,1603,3430,0
2021-10-20 22:00:00,1054.095,1054.295,1052.275,1052.805,1704,3750,0
2021-10-20 23:00:00,1052.795,1053.105,1049.735,1050.415,952,3760,0
2021-10-21 01:00:00,1050.625,1052.825,1050.085,1050.825,427,3850,0
2021-10-21 02:00:00,1050.845,1052.705,1048.745,1049.255,522,3470,0
2021-10-21 03:00:00,1049.255,1053.695,1049.195,1053.255,1592,3450,0
2021-10-21 04:00:00,1053.265,1059.455,1050.345,1058.685,1682,3530,0
2021-10-21 05:00:00,1058.685,1065.055,1058.365,1061.855,2456,3510,0
2021-10-21 06:00:00,1061.875,1062.535,1059.025,1059.945,1525,4330,0
2021-10-21 07:00:00,1059.945,1061.105,1053.785,1056.025,2254,4550,0
2021-10-21 08:00:00,1056.055,1056.955,1050.395,1054.155,2315,4810,0
2021-10-21 09:00:00,1054.335,1056.255,1046.945,1048.195,3660,3680,0
2021-10-21 10:00:00,1048.565,1049.325,1045.785,1048.705,2703,2730,0
2021-10-21 11:00:00,1048.765,1051.345,1045.665,1049.545,1947,3580,0
2021-10-21 12:00:00,1049.515,1052.265,1047.795,1051.215,1316,3280,0
2021-10-21 13:00:00,1051.075,1051.595,1046.805,1046.805,1573,3730,0
2021-10-21 14:00:00,1046.875,1047.075,1037.625,1038.125,3472,3670,0
2021-10-21 15:00:00,1038.205,1044.315,1035.645,1044.285,5341,3730,0
2021-10-21 16:00:00,1044.355,1052.495,1042.855,1050.075,6592,3530,0
2021-10-21 17:00:00,1050.055,1050.455,1043.315,1048.555,6044,3470,0
2021-10-21 18:00:00,1048.515,1049.405,1042.685,1048.585,4228,3780,0
2021-10-21 19:00:00,1048.485,1049.445,1045.515,1047.635,2392,3520,0
2021-10-21 20:00:00,1047.625,1048.175,1044.645,1044.875,2428,3800,0
2021-10-21 21:00:00,1044.885,1047.955,1044.505,1047.405,1970,3890,0
2021-10-21 22:00:00,1047.585,1052.305,1047.415,1051.535,2235,3700,0
2021-10-21 23:00:00,1051.555,1051.825,1048.455,1050.025,928,3830,0
2021-10-22 01:00:00,1046.915,1052.255,1046.915,1051.445,434,4000,0
2021-10-22 02:00:00,1051.455,1053.025,1050.735,1051.815,743,4000,0
2021-10-22 03:00:00,1051.825,1054.145,1050.595,1053.985,1141,4110,0
2021-10-22 04:00:00,1054.095,1055.915,1053.305,1054.725,1450,3870,0
2021-10-22 05:00:00,1054.725,1055.915,1053.015,1053.525,857,4330,0
2021-10-22 06:00:00,1053.405,1055.645,1052.545,1054.365,772,4320,0
2021-10-22 07:00:00,1054.365,1054.825,1052.895,1053.045,638,4000,0
2021-10-22 08:00:00,1053.055,1054.845,1051.625,1051.685,1053,4000,0
2021-10-22 09:00:00,1051.715,1056.495,1050.645,1054.275,1958,3270,0
2021-10-22 10:00:00,1054.295,1061.265,1054.285,1060.635,3662,3180,0
2021-10-22 11:00:00,1060.635,1062.475,1057.955,1059.755,3146,2840,0
2021-10-22 12:00:00,1059.755,1062.055,1058.585,1061.175,1961,3000,0
2021-10-22 13:00:00,1061.145,1064.985,1059.195,1059.335,1865,2780,0
2021-10-22 14:00:00,1059.255,1062.685,1059.255,1059.585,2283,3610,0
2021-10-22 15:00:00,1059.535,1067.395,1058.925,1066.525,6360,2540,0
2021-10-22 16:00:00,1066.475,1073.885,1059.955,1072.645,7548,1710,0
2021-10-22 17:00:00,1072.655,1077.695,1068.425,1068.485,6321,2990,0
2021-10-22 18:00:00,1068.485,1070.695,1043.475,1045.495,11154,3700,0
2021-10-22 19:00:00,1045.515,1053.175,1042.655,1049.475,4605,3480,0
2021-10-22 20:00:00,1049.475,1051.865,1041.935,1042.085,2679,3320,0
2021-10-22 21:00:00,1042.085,1045.895,1041.895,1042.385,1800,3270,0
2021-10-22 22:00:00,1042.385,1042.455,1040.315,1040.315,2262,3560,0
2021-10-22 23:00:00,1040.095,1041.035,1037.875,1037.875,278,5890,0
2021-10-25 01:00:00,1039.475,1043.105,1037.195,1043.105,859,3990,0
2021-10-25 02:00:00,1043.015,1044.165,1040.175,1043.885,792,3950,0
2021-10-25 03:00:00,1043.875,1047.955,1042.255,1046.385,962,4000,0
2021-10-25 04:00:00,1046.385,1047.295,1041.735,1044.555,1472,3760,0
2021-10-25 05:00:00,1044.555,1045.975,1042.845,1045.885,1249,3910,0
2021-10-25 06:00:00,1045.885,1049.555,1045.325,1048.035,1038,3820,0
2021-10-25 07:00:00,1048.035,1049.065,1046.665,1048.825,777,3900,0
2021-10-25 08:00:00,1048.735,1049.085,1045.935,1047.375,1170,4040,0
2021-10-25 09:00:00,1047.375,1047.385,1041.015,1041.595,1484,3170,0
2021-10-25 10:00:00,1041.675,1045.775,1041.225,1045.155,1573,3270,0
2021-10-25 11:00:00,1045.155,1047.105,1043.075,1045.095,1942,3040,0
2021-10-25 12:00:00,1045.095,1045.255,1038.075,1040.485,1445,3040,0
2021-10-25 13:00:00,1040.685,1042.085,1039.065,1042.085,1234,3100,0
2021-10-25 14:00:00,1041.975,1045.005,1039.755,1042.835,1600,1450,0
2021-10-25 15:00:00,1042.805,1049.475,1037.675,1047.115,2433,2570,0
2021-10-25 16:00:00,1047.195,1054.535,1045.215,1053.335,6770,3400,0
2021-10-25 17:00:00,1053.375,1062.685,1051.675,1062.195,5307,2950,0
2021-10-25 18:00:00,1062.095,1063.005,1057.685,1062.215,2980,3190,0
2021-10-25 19:00:00,1062.165,1064.265,1058.905,1059.455,2265,2950,0
2021-10-25 20:00:00,1059.375,1061.795,1057.385,1057.905,2327,4000,0
2021-10-25 21:00:00,1057.895,1061.615,1057.605,1061.205,1899,2880,0
2021-10-25 22:00:00,1061.265,1061.325,1058.415,1059.805,2132,4000,0
2021-10-25 23:00:00,1059.785,1059.935,1058.995,1059.325,1573,4940,0
2021-10-26 01:00:00,1056.755,1060.515,1056.685,1056.725,487,3650,0
2021-10-26 02:00:00,1056.685,1058.625,1056.445,1057.955,594,3780,0
2021-10-26 03:00:00,1058.145,1059.145,1055.255,1055.965,1224,4000,0
2021-10-26 04:00:00,1055.955,1058.245,1051.955,1054.185,1817,3850,0
2021-10-26 05:00:00,1054.305,1054.825,1052.175,1053.595,1660,3790,0
2021-10-26 06:00:00,1053.515,1054.215,1051.965,1052.135,1045,3780,0
2021-10-26 07:00:00,1052.145,1052.485,1049.755,1051.355,1121,2880,0
2021-10-26 08:00:00,1051.375,1052.605,1049.345,1051.585,1754,4000,0
2021-10-26 09:00:00,1051.375,1053.555,1051.295,1051.885,1200,5330,0
2021-10-26 10:00:00,1051.895,1054.575,1049.655,1051.565,1890,3710,0
2021-10-26 11:00:00,1051.615,1053.415,1047.625,1048.445,2184,4140,0
2021-10-26 12:00:00,1048.465,1050.975,1045.635,1050.045,1686,4060,0
2021-10-26 13:00:00,1050.125,1052.835,1047.415,1052.015,1326,3230,0
2021-10-26 14:00:00,1052.015,1055.755,1051.175,1052.855,1126,1210,0
2021-10-26 15:00:00,1052.855,1055.465,1046.605,1047.805,2940,2290,0
2021-10-26 16:00:00,1047.885,1052.665,1035.815,1035.955,3492,2050,0
2021-10-26 17:00:00,1035.885,1036.445,1012.095,1029.685,4469,3350,0
2021-10-26 18:00:00,1029.685,1031.325,1025.365,1029.395,2334,3640,0
2021-10-26 19:00:00,1029.435,1034.315,1028.495,1031.035,1971,3600,0
2021-10-26 20:00:00,1031.085,1033.065,1030.095,1030.355,2522,3180,0
2021-10-26 21:00:00,1030.285,1035.825,1028.565,1030.345,2883,4180,0
2021-10-26 22:00:00,1030.295,1032.035,1028.975,1029.295,2923,5180,0
2021-10-26 23:00:00,1029.335,1030.285,1027.745,1027.745,1891,5080,0
2021-10-27 01:00:00,1026.505,1029.745,1026.505,1028.755,648,3770,0
2021-10-27 02:00:00,1028.755,1031.125,1028.545,1030.475,615,3790,0
2021-10-27 03:00:00,1030.495,1032.385,1028.965,1029.905,2295,3940,0
2021-10-27 04:00:00,1029.845,1030.305,1022.545,1023.515,3532,4060,0
2021-10-27 05:00:00,1023.435,1025.365,1022.685,1024.105,2449,2910,0
2021-10-27 06:00:00,1024.105,1025.615,1023.145,1025.155,1482,3970,0
2021-10-27 07:00:00,1025.095,1026.825,1024.675,1025.215,1481,3730,0
2021-10-27 08:00:00,1025.215,1025.305,1019.645,1020.085,2514,3650,0
2021-10-27 09:00:00,1019.885,1024.605,1019.515,1023.685,1876,4100,0
2021-10-27 10:00:00,1023.735,1025.035,1015.905,1017.315,3192,3670,0
2021-10-27 11:00:00,1017.275,1018.515,1011.185,1016.945,2827,3440,0
2021-10-27 12:00:00,1016.945,1019.285,1014.055,1018.505,2606,3010,0
2021-10-27 13:00:00,1018.405,1019.245,1015.915,1018.405,2248,4120,0
2021-10-27 14:00:00,1018.325,1025.685,1017.325,1023.695,1773,4090,0
2021-10-27 15:00:00,1023.645,1027.905,1014.115,1025.295,4306,4090,0
2021-10-27 16:00:00,1025.255,1025.435,1010.465,1024.225,6472,4080,0
2021-10-27 17:00:00,1024.315,1024.735,1014.895,1015.285,7218,4120,0
2021-10-27 18:00:00,1015.285,1017.925,1012.635,1016.105,2759,4100,0
2021-10-27 19:00:00,1016.115,1019.525,1015.695,1016.875,2679,2690,0
2021-10-27 20:00:00,1016.785,1019.345,1014.925,1017.405,2464,4020,0
2021-10-27 21:00:00,1017.495,1017.685,1014.095,1014.485,1423,4030,0
2021-10-27 22:00:00,1014.485,1014.605,1009.775,1011.455,2177,4010,0
2021-10-27 23:00:00,1011.455,1012.025,1009.655,1009.655,1176,5030,0
2021-10-28 01:00:00,1008.385,1014.035,996.635,1012.365,751,4000,0
2021-10-28 02:00:00,1012.455,1013.105,1011.725,1012.105,1070,4200,0
2021-10-28 03:00:00,1012.135,1013.225,1008.945,1010.805,2562,4250,0
2021-10-28 04:00:00,1010.775,1013.355,1009.555,1011.945,4564,4650,0
2021-10-28 05:00:00,1011.915,1017.515,1011.565,1015.055,2566,2940,0
2021-10-28 06:00:00,1015.105,1015.135,1012.295,1013.595,2249,4120,0
2021-10-28 07:00:00,1013.625,1015.775,1012.945,1015.635,1093,4110,0
2021-10-28 08:00:00,1015.625,1016.695,1013.945,1016.525,1801,4000,0
2021-10-28 09:00:00,1016.385,1018.575,1014.845,1016.845,1894,3330,0
2021-10-28 10:00:00,1016.845,1020.925,1016.225,1019.625,2672,3670,0
2021-10-28 11:00:00,1019.585,1020.205,1014.625,1015.355,2522,4170,0
2021-10-28 12:00:00,1015.255,1019.155,1013.885,1016.735,1810,2470,0
2021-10-28 13:00:00,1016.635,1019.555,1016.435,1018.765,1748,4130,0
2021-10-28 14:00:00,1018.815,1020.515,1016.865,1017.645,2051,4190,0
2021-10-28 15:00:00,1017.575,1019.525,1008.175,1017.875,6787,4080,0
2021-10-28 16:00:00,1017.955,1034.735,1015.785,1023.615,8651,3120,0
2021-10-28 17:00:00,1023.695,1028.555,1015.575,1022.885,7495,4060,0
2021-10-28 18:00:00,1022.815,1027.655,1022.015,1025.025,2419,3720,0
2021-10-28 19:00:00,1024.915,1028.195,1023.455,1024.105,2258,2570,0
2021-10-28 20:00:00,1024.135,1024.885,1021.215,1023.415,1780,3880,0
2021-10-28 21:00:00,1023.415,1024.825,1022.305,1022.485,1539,3810,0
2021-10-28 22:00:00,1022.395,1022.935,1019.465,1020.025,2085,4070,0
2021-10-28 23:00:00,1019.985,1020.845,1018.915,1018.915,1809,4870,0
2021-10-29 01:00:00,1016.655,1021.845,1016.655,1020.975,878,3510,0
2021-10-29 02:00:00,1020.945,1022.895,1020.465,1022.835,624,3950,0
2021-10-29 03:00:00,1022.815,1024.095,1020.905,1020.995,1158,4370,0
2021-10-29 04:00:00,1020.995,1022.595,1019.255,1021.205,1508,4170,0
2021-10-29 05:00:00,1021.105,1023.245,1018.965,1020.185,1328,2620,0
2021-10-29 06:00:00,1020.165,1020.525,1018.545,1020.455,808,3560,0
2021-10-29 07:00:00,1020.465,1020.535,1016.205,1016.205,1221,3510,0
2021-10-29 08:00:00,1016.335,1017.565,1014.375,1016.655,2495,3580,0
2021-10-29 09:00:00,1016.675,1018.225,1014.635,1015.935,2240,3510,0
2021-10-29 10:00:00,1015.955,1021.325,1015.655,1019.165,3099,3510,0
2021-10-29 11:00:00,1019.215,1020.175,1015.685,1017.445,2746,4430,0
2021-10-29 12:00:00,1017.505,1025.065,1017.015,1024.865,1783,3490,0
2021-10-29 13:00:00,1024.795,1024.865,1020.185,1023.305,2206,3860,0
2021-10-29 14:00:00,1023.105,1025.195,1021.525,1024.555,1911,3570,0
2021-10-29 15:00:00,1024.545,1025.445,1004.585,1010.065,7371,3680,0
2021-10-29 16:00:00,1010.185,1012.185,1003.275,1005.305,7653,4020,0
2021-10-29 17:00:00,1005.255,1016.415,1003.805,1012.625,8283,3210,0
2021-10-29 18:00:00,1012.525,1017.535,1009.545,1016.735,4767,3270,0
2021-10-29 19:00:00,1016.735,1019.825,1016.545,1017.515,2888,3110,0
2021-10-29 20:00:00,1017.585,1022.765,1017.535,1021.265,2399,3390,0
2021-10-29 21:00:00,1021.215,1022.525,1018.905,1019.685,1844,3330,0
2021-10-29 22:00:00,1019.685,1020.695,1018.355,1018.525,2037,3670,0
2021-10-29 23:00:00,1017.395,1019.685,1014.445,1014.445,316,6060,0
2021-11-01 00:00:00,1017.775,1020.515,1017.655,1019.235,804,3780,0
2021-11-01 01:00:00,1019.235,1020.605,1018.405,1020.145,1403,3730,0
2021-11-01 02:00:00,1020.155,1025.665,1020.155,1023.835,1725,3890,0
2021-11-01 03:00:00,1023.835,1026.825,1022.875,1026.775,2331,3840,0
2021-11-01 04:00:00,1026.775,1029.845,1026.605,1028.765,2189,4360,0
2021-11-01 05:00:00,1028.855,1029.305,1027.695,1028.715,1221,4170,0
2021-11-01 06:00:00,1028.725,1028.795,1027.325,1027.835,1225,4400,0
2021-11-01 07:00:00,1028.055,1030.385,1027.705,1030.185,1967,4540,0
2021-11-01 08:00:00,1030.205,1030.975,1027.815,1027.925,1997,4240,0
2021-11-01 09:00:00,1027.955,1031.065,1027.885,1028.315,2005,3940,0
2021-11-01 10:00:00,1028.315,1031.655,1027.865,1030.785,2216,3580,0
2021-11-01 11:00:00,1030.885,1034.405,1029.865,1031.605,1323,3310,0
2021-11-01 12:00:00,1031.605,1036.595,1031.205,1034.305,1773,3040,0
2021-11-01 13:00:00,1034.325,1034.535,1029.475,1031.665,1316,2920,0
2021-11-01 14:00:00,1031.665,1049.085,1028.735,1047.955,4196,2390,0
2021-11-01 15:00:00,1048.035,1053.035,1043.785,1050.555,4979,2500,0
2021-11-01 16:00:00,1050.495,1063.655,1050.485,1059.465,4439,3480,0
2021-11-01 17:00:00,1059.465,1064.525,1057.675,1063.255,3438,3720,0
2021-11-01 18:00:00,1063.255,1064.915,1056.235,1063.125,2641,4090,0
2021-11-01 19:00:00,1063.065,1066.385,1062.715,1064.145,2048,3950,0
2021-11-01 20:00:00,1064.085,1066.465,1061.935,1064.615,3244,4350,0
2021-11-01 21:00:00,1064.615,1065.295,1062.885,1065.135,2056,4550,0
2021-11-01 22:00:00,1065.135,1066.565,1064.975,1065.505,1400,4900,0
2021-11-02 00:00:00,1064.125,1066.105,1053.835,1063.695,635,3860,0
2021-11-02 01:00:00,1063.725,1064.265,1059.755,1060.025,1007,3650,0
2021-11-02 02:00:00,1060.035,1061.615,1058.805,1059.215,1550,3950,0
2021-11-02 03:00:00,1059.215,1061.215,1058.155,1059.565,1556,4410,0
2021-11-02 04:00:00,1059.575,1060.105,1057.115,1057.115,842,4290,0
2021-11-02 05:00:00,1057.115,1057.245,1052.735,1055.485,1712,3700,0
2021-11-02 06:00:00,1055.405,1060.265,1054.955,1058.325,1246,3680,0
2021-11-02 07:00:00,1058.445,1060.105,1056.625,1059.345,1451,3950,0
2021-11-02 08:00:00,1059.345,1060.275,1056.025,1056.175,2086,4110,0
2021-11-02 09:00:00,1055.415,1061.605,1054.665,1060.905,1834,3760,0
2021-11-02 10:00:00,1060.785,1061.795,1053.465,1054.975,2815,3510,0
2021-11-02 11:00:00,1055.015,1056.815,1053.365,1054.295,1777,4010,0
2021-11-02 12:00:00,1054.325,1055.585,1053.115,1055.315,1940,4090,0
2021-11-02 13:00:00,1055.285,1055.305,1049.175,1050.055,1972,4010,0
2021-11-02 14:00:00,1050.095,1059.265,1047.655,1056.635,3517,2410,0
2021-11-02 15:00:00,1056.635,1057.055,1045.165,1047.905,4509,3440,0
2021-11-02 16:00:00,1048.055,1049.885,1039.025,1041.295,3548,3370,0
2021-11-02 17:00:00,1041.235,1045.395,1037.155,1039.835,3985,3760,0
2021-11-02 18:00:00,1039.805,1041.495,1038.435,1038.955,1930,3190,0
2021-11-02 19:00:00,1039.085,1042.655,1038.675,1041.655,1766,3460,0
2021-11-02 20:00:00,1041.675,1041.765,1039.915,1040.105,1024,3540,0
2021-11-02 21:00:00,1040.105,1040.675,1039.175,1039.955,1236,3350,0
2021-11-02 22:00:00,1039.925,1039.975,1037.515,1037.515,679,4480,0
2021-11-03 00:00:00,1035.835,1039.735,1035.835,1038.615,450,3760,0
2021-11-03 01:00:00,1038.625,1039.575,1038.275,1039.295,616,3810,0
2021-11-03 02:00:00,1039.415,1039.905,1036.905,1039.615,751,3820,0
2021-11-03 03:00:00,1039.525,1040.095,1037.825,1037.875,1703,4110,0
2021-11-03 04:00:00,1037.885,1037.915,1035.115,1035.965,1676,4120,0
2021-11-03 05:00:00,1035.925,1037.625,1034.645,1036.635,1476,4180,0
2021-11-03 06:00:00,1036.635,1037.475,1036.095,1036.365,1160,3940,0
2021-11-03 07:00:00,1036.385,1036.875,1035.445,1036.125,1616,4070,0
2021-11-03 08:00:00,1036.095,1036.785,1034.695,1036.335,1996,4160,0
2021-11-03 09:00:00,1036.415,1040.705,1035.725,1040.285,1468,4070,0
2021-11-03 10:00:00,1040.155,1047.905,1040.155,1046.615,2118,3790,0
2021-11-03 11:00:00,1046.555,1048.325,1043.215,1044.065,1407,4120,0
2021-11-03 12:00:00,1044.075,1046.255,1042.375,1045.895,1662,4120,0
2021-11-03 13:00:00,1045.835,1047.245,1043.925,1044.945,1487,4260,0
2021-11-03 14:00:00,1044.955,1046.215,1033.875,1037.405,4690,4100,0
2021-11-03 15:00:00,1037.395,1040.595,1021.095,1023.275,6494,4020,0
2021-11-03 16:00:00,1022.005,1028.875,1020.725,1023.995,5673,3070,0
2021-11-03 17:00:00,1023.885,1031.845,1022.575,1030.175,3202,900,0
2021-11-03 18:00:00,1030.075,1030.075,1023.895,1024.175,2325,1700,0
2021-11-03 19:00:00,1024.175,1026.375,1016.735,1016.735,1683,3420,0
2021-11-03 20:00:00,1016.635,1036.325,1015.715,1030.385,9794,4230,0
2021-11-03 21:00:00,1030.545,1034.675,1027.705,1031.845,3784,4240,0
2021-11-03 22:00:00,1031.815,1032.685,1028.585,1028.585,983,4350,0
2021-11-04 00:00:00,1028.355,1036.205,1026.035,1033.725,738,3640,0
2021-11-04 01:00:00,1033.695,1042.355,1033.355,1042.045,955,3560,0
2021-11-04 02:00:00,1042.075,1042.585,1038.945,1039.775,1597,3650,0
2021-11-04 03:00:00,1039.875,1042.505,1037.395,1042.045,2253,4000,0
2021-11-04 04:00:00,1042.055,1043.345,1041.095,1041.275,1736,3510,0
2021-11-04 05:00:00,1041.215,1041.255,1038.655,1039.075,1477,4120,0
2021-11-04 06:00:00,1039.075,1040.675,1039.005,1039.705,1407,4340,0
2021-11-04 07:00:00,1039.775,1039.925,1037.715,1038.185,1826,4400,0
2021-11-04 08:00:00,1038.185,1038.185,1034.365,1036.325,1792,4050,0
2021-11-04 09:00:00,1036.625,1047.135,1036.365,1046.395,1807,3460,0
2021-11-04 10:00:00,1046.395,1049.345,1044.745,1048.965,2665,3150,0
2021-11-04 11:00:00,1049.045,1049.395,1043.445,1044.445,1656,3390,0
2021-11-04 12:00:00,1044.445,1046.325,1043.795,1045.365,1580,3290,0
2021-11-04 13:00:00,1045.395,1047.725,1042.785,1043.075,1869,3160,0
2021-11-04 14:00:00,1043.075,1046.125,1038.985,1042.365,5681,3140,0
2021-11-04 15:00:00,1042.325,1048.955,1039.375,1044.025,5149,2510,0
2021-11-04 16:00:00,1044.105,1046.535,1031.175,1032.405,5714,3770,0
2021-11-04 17:00:00,1032.265,1032.655,1026.185,1030.265,2917,2090,0
2021-11-04 18:00:00,1030.235,1033.535,1028.185,1028.725,1828,3640,0
2021-11-04 19:00:00,1028.755,1030.275,1026.865,1027.575,1713,3800,0
2021-11-04 20:00:00,1027.595,1028.285,1025.195,1025.515,1651,4090,0
2021-11-04 21:00:00,1025.495,1026.985,1025.105,1026.605,1430,3730,0
2021-11-04 22:00:00,1026.535,1026.805,1025.845,1026.615,526,4330,0
2021-11-05 00:00:00,1023.005,1029.655,1023.005,1028.505,558,3650,0
2021-11-05 01:00:00,1028.355,1031.475,1028.005,1030.595,736,3650,0
2021-11-05 02:00:00,1030.595,1031.795,1027.675,1029.115,900,3600,0
2021-11-05 03:00:00,1029.115,1031.435,1027.155,1029.605,2164,4350,0
2021-11-05 04:00:00,1029.625,1030.835,1027.925,1029.235,2217,5030,0
2021-11-05 05:00:00,1029.185,1032.875,1028.665,1031.925,827,3650,0
2021-11-05 06:00:00,1031.795,1035.375,1031.795,1035.245,796,3510,0
2021-11-05 07:00:00,1035.125,1036.265,1033.255,1035.175,1209,3570,0
2021-11-05 08:00:00,1035.195,1035.455,1031.225,1031.555,1560,3740,0
2021-11-05 09:00:00,1031.685,1034.675,1031.445,1032.205,1742,3930,0
2021-11-05 10:00:00,1032.195,1037.375,1031.745,1033.155,2467,4060,0
2021-11-05 11:00:00,1033.195,1034.125,1030.805,1031.855,2105,4210,0
2021-11-05 12:00:00,1031.855,1031.985,1027.935,1029.795,1595,4150,0
2021-11-05 13:00:00,1029.715,1030.105,1027.295,1028.705,1532,4320,0
2021-11-05 14:00:00,1028.655,1033.355,1015.545,1029.795,6246,4150,0
2021-11-05 15:00:00,1029.755,1041.885,1028.795,1030.615,8376,3450,0
2021-11-05 16:00:00,1030.665,1033.295,1025.615,1032.785,5024,3080,0
2021-11-05 17:00:00,1032.875,1037.335,1032.145,1033.545,4288,4060,0
2021-11-05 18:00:00,1033.545,1037.605,1031.995,1035.115,3228,4320,0
2021-11-05 19:00:00,1035.175,1035.725,1032.915,1035.375,2293,4160,0
2021-11-05 20:00:00,1035.315,1035.995,1033.785,1034.705,1768,4180,0
2021-11-05 21:00:00,1034.775,1036.835,1034.505,1034.825,1428,4190,0
2021-11-05 22:00:00,1034.505,1034.555,1028.895,1028.895,220,5690,0
2021-11-08 01:00:00,1031.475,1037.715,1031.285,1036.545,998,3870,0
2021-11-08 02:00:00,1036.155,1037.075,1031.945,1032.195,926,4170,0
2021-11-08 03:00:00,1032.185,1039.645,1032.175,1035.435,1752,4680,0
2021-11-08 04:00:00,1035.395,1040.105,1035.395,1039.065,804,3650,0
2021-11-08 05:00:00,1039.005,1039.105,1036.895,1037.745,707,4460,0
2021-11-08 06:00:00,1037.745,1040.265,1037.175,1040.255,564,4040,0
2021-11-08 07:00:00,1040.245,1045.435,1039.615,1045.095,1240,3510,0
2021-11-08 08:00:00,1045.195,1045.685,1038.175,1039.175,961,3570,0
2021-11-08 09:00:00,1039.175,1041.715,1038.325,1041.175,1375,4070,0
2021-11-08 10:00:00,1041.175,1043.985,1038.675,1038.785,1414,3950,0
2021-11-08 11:00:00,1038.705,1042.465,1036.065,1038.175,1356,4060,0
2021-11-08 12:00:00,1038.175,1040.335,1037.685,1040.185,1016,4060,0
2021-11-08 13:00:00,1040.195,1041.715,1038.925,1040.425,785,4100,0
2021-11-08 14:00:00,1040.435,1042.305,1039.715,1040.025,982,4060,0
2021-11-08 15:00:00,1040.095,1054.165,1039.855,1052.745,3440,3160,0
2021-11-08 16:00:00,1052.715,1060.045,1051.445,1059.955,6386,2930,0
2021-11-08 17:00:00,1060.015,1061.755,1054.405,1056.525,3422,2120,0
2021-11-08 18:00:00,1056.545,1060.485,1055.235,1059.585,1561,3930,0
2021-11-08 19:00:00,1059.575,1060.565,1055.045,1056.115,1549,3720,0
2021-11-08 20:00:00,1056.115,1060.245,1055.405,1059.675,1712,3920,0
2021-11-08 21:00:00,1059.645,1064.335,1056.585,1059.375,1577,3750,0
2021-11-08 22:00:00,1059.335,1059.765,1056.445,1056.885,942,4100,0
2021-11-08 23:00:00,1056.875,1057.555,1054.965,1054.965,465,4260,0
2021-11-09 01:00:00,1054.905,1057.405,1054.905,1056.075,857,3510,0
2021-11-09 02:00:00,1056.075,1058.465,1051.945,1052.705,867,2550,0
2021-11-09 03:00:00,1052.825,1055.195,1049.125,1051.025,1616,3650,0
2021-11-09 04:00:00,1050.895,1053.535,1048.485,1050.105,1038,3800,0
2021-11-09 05:00:00,1049.985,1050.525,1046.635,1047.815,1173,3620,0
2021-11-09 06:00:00,1047.805,1051.515,1047.805,1050.365,559,3680,0
2021-11-09 07:00:00,1050.365,1053.065,1050.245,1051.145,704,4300,0
2021-11-09 08:00:00,1051.155,1053.695,1050.635,1051.655,792,4200,0
2021-11-09 09:00:00,1051.645,1054.635,1046.495,1047.525,1119,2090,0
2021-11-09 10:00:00,1047.535,1055.195,1047.295,1054.495,1407,3640,0
2021-11-09 11:00:00,1054.575,1058.735,1052.285,1057.065,1470,4040,0
2021-11-09 12:00:00,1057.035,1057.535,1055.205,1055.925,1036,4210,0
2021-11-09 13:00:00,1055.925,1060.625,1055.505,1057.245,1397,4070,0
2021-11-09 14:00:00,1057.245,1057.485,1052.225,1053.965,1576,3800,0
2021-11-09 15:00:00,1054.005,1062.165,1050.075,1059.865,4412,3320,0
2021-11-09 16:00:00,1059.905,1064.745,1056.885,1057.935,5740,3170,0
2021-11-09 17:00:00,1057.885,1058.115,1043.735,1052.665,5668,4000,0
2021-11-09 18:00:00,1052.575,1055.415,1047.415,1054.825,3056,4230,0
2021-11-09 19:00:00,1054.805,1058.775,1054.195,1058.055,2814,3270,0
2021-11-09 20:00:00,1058.025,1058.695,1054.905,1058.375,1998,3390,0
2021-11-09 21:00:00,1058.375,1059.775,1057.345,1059.775,1444,4350,0
2021-11-09 22:00:00,1059.775,1060.955,1058.995,1060.435,2220,3850,0
2021-11-09 23:00:00,1060.475,1061.535,1058.765,1058.765,486,3950,0
2021-11-10 01:00:00,1056.715,1060.975,1056.715,1058.645,725,3510,0
2021-11-10 02:00:00,1058.645,1059.765,1057.675,1058.175,537,3580,0
2021-11-10 03:00:00,1058.185,1058.985,1055.535,1055.995,1583,2830,0
2021-11-10 04:00:00,1056.005,1056.545,1053.145,1053.385,1260,3190,0
2021-11-10 05:00:00,1053.355,1054.155,1051.635,1052.745,1091,3620,0
2021-11-10 06:00:00,1052.515,1052.805,1051.545,1052.375,576,3510,0
2021-11-10 07:00:00,1052.355,1052.875,1051.295,1052.195,1452,3460,0
2021-11-10 08:00:00,1052.235,1056.135,1051.985,1055.535,1435,3870,0
2021-11-10 09:00:00,1055.745,1056.535,1051.795,1052.135,1677,3330,0
2021-11-10 10:00:00,1052.145,1060.195,1052.145,1056.355,1461,3420,0
2021-11-10 11:00:00,1056.455,1057.845,1051.975,1052.935,1421,4050,0
2021-11-10 12:00:00,1052.985,1055.055,1051.085,1052.155,955,4050,0
2021-11-10 13:00:00,1052.245,1056.725,1051.225,1054.875,1213,3810,0
2021-11-10 14:00:00,1054.805,1060.845,1054.645,1060.435,1068,3730,0
2021-11-10 15:00:00,1060.355,1081.895,1054.075,1081.155,7276,3050,0
2021-11-10 16:00:00,1081.125,1088.815,1077.285,1087.185,9261,3380,0
2021-11-10 17:00:00,1087.185,1092.375,1083.445,1089.615,8165,1500,0
2021-11-10 18:00:00,1089.545,1093.385,1085.835,1087.815,2452,2860,0
2021-11-10 19:00:00,1087.745,1087.745,1071.785,1073.985,3087,3470,0
2021-11-10 20:00:00,1073.945,1074.135,1065.995,1067.365,4160,4170,0
2021-11-10 21:00:00,1067.275,1069.115,1065.685,1065.915,1806,4250,0
2021-11-10 22:00:00,1065.855,1069.105,1064.695,1069.105,2035,4320,0
2021-11-10 23:00:00,1069.125,1069.545,1066.455,1066.455,612,4280,0
2021-11-11 01:00:00,1065.015,1069.945,1065.015,1068.565,820,3610,0
2021-11-11 02:00:00,1068.935,1071.665,1068.395,1070.065,1552,3950,0
2021-11-11 03:00:00,1070.065,1071.235,1067.005,1067.505,2085,4410,0
2021-11-11 04:00:00,1067.495,1070.125,1064.445,1065.215,1448,2710,0
2021-11-11 05:00:00,1065.135,1072.255,1065.055,1068.975,1574,3650,0
2021-11-11 06:00:00,1068.985,1069.555,1067.425,1069.365,859,3830,0
2021-11-11 07:00:00,1069.365,1076.635,1069.195,1075.255,1585,4260,0
2021-11-11 08:00:00,1075.265,1079.535,1074.745,1078.015,1879,4520,0
2021-11-11 09:00:00,1078.015,1086.305,1077.305,1084.675,2114,3720,0
2021-11-11 10:00:00,1084.675,1087.875,1081.895,1085.135,2273,3410,0
2021-11-11 11:00:00,1085.275,1088.745,1079.745,1083.295,1497,1680,0
2021-11-11 12:00:00,1083.335,1084.145,1080.485,1082.165,1044,4720,0
2021-11-11 13:00:00,1082.205,1086.725,1081.275,1084.995,1458,4110,0
2021-11-11 14:00:00,1084.945,1084.955,1075.025,1079.125,2509,4040,0
2021-11-11 15:00:00,1079.165,1092.815,1076.695,1092.505,4056,3990,0
2021-11-11 16:00:00,1092.575,1093.415,1079.635,1081.435,5541,3890,0
2021-11-11 17:00:00,1081.425,1087.665,1080.635,1084.585,3560,4060,0
2021-11-11 18:00:00,1084.595,1091.045,1084.195,1088.615,1788,1870,0
2021-11-11 19:00:00,1088.625,1092.085,1088.625,1091.245,1415,2550,0
2021-11-11 20:00:00,1091.245,1091.645,1085.975,1088.435,1437,2810,0
2021-11-11 21:00:00,1088.435,1088.915,1086.995,1087.045,1264,3870,0
2021-11-11 22:00:00,1086.945,1087.035,1084.305,1084.695,975,4130,0
2021-11-11 23:00:00,1084.755,1085.555,1081.985,1081.985,405,4430,0
2021-11-12 01:00:00,1082.135,1089.655,1082.135,1088.865,507,3450,0
2021-11-12 02:00:00,1088.855,1090.805,1086.385,1089.055,843,3240,0
2021-11-12 03:00:00,1089.055,1091.485,1085.745,1088.675,1274,3330,0
2021-11-12 04:00:00,1088.665,1090.945,1083.855,1085.775,956,1330,0
2021-11-12 05:00:00,1085.765,1085.765,1081.875,1082.295,663,3630,0
2021-11-12 06:00:00,1082.205,1083.735,1082.205,1083.625,428,3600,0
2021-11-12 07:00:00,1083.635,1085.765,1082.385,1085.355,978,3490,0
2021-11-12 08:00:00,1085.325,1086.065,1083.405,1084.645,1392,5050,0
2021-11-12 09:00:00,1084.715,1086.645,1080.225,1080.825,1815,4330,0
2021-11-12 10:00:00,1080.905,1081.855,1070.365,1071.395,2431,4130,0
2021-11-12 11:00:00,1071.335,1071.535,1066.435,1070.715,1969,4100,0
2021-11-12 12:00:00,1070.595,1071.775,1067.195,1069.845,1479,3820,0
2021-11-12 13:00:00,1069.845,1075.895,1069.385,1074.915,1252,3780,0
2021-11-12 14:00:00,1074.915,1076.705,1072.155,1074.585,1996,4010,0
2021-11-12 15:00:00,1074.545,1079.475,1072.455,1073.315,4635,3990,0
2021-11-12 16:00:00,1073.335,1078.575,1071.825,1074.775,5382,3550,0
2021-11-12 17:00:00,1074.695,1081.595,1072.375,1073.295,6304,4160,0
2021-11-12 18:00:00,1073.205,1081.485,1072.945,1081.185,2379,3660,0
2021-11-12 19:00:00,1081.095,1084.335,1081.065,1082.985,1528,4160,0
2021-11-12 20:00:00,1082.905,1086.845,1081.765,1086.765,1576,4060,0
2021-11-12 21:00:00,1086.765,1087.205,1085.175,1085.195,1201,4110,0
2021-11-12 22:00:00,1085.155,1085.225,1083.625,1084.405,1028,4320,0
2021-11-12 23:00:00,1084.395,1084.395,1077.805,1077.805,316,4740,0
2021-11-15 01:00:00,1082.625,1086.465,1080.795,1085.445,1157,4280,0
2021-11-15 02:00:00,1085.545,1086.745,1081.765,1081.765,1210,3960,0
2021-11-15 03:00:00,1082.015,1082.065,1074.365,1078.425,3508,4210,0
2021-11-15 04:00:00,1078.405,1079.235,1076.215,1077.165,1941,4870,0
2021-11-15 05:00:00,1077.165,1077.165,1069.505,1069.765,1600,4600,0
2021-11-15 06:00:00,1069.725,1071.135,1069.325,1070.625,699,3980,0
2021-11-15 07:00:00,1070.655,1072.005,1069.345,1071.355,982,3860,0
2021-11-15 08:00:00,1071.355,1073.925,1070.335,1072.045,675,4490,0
2021-11-15 09:00:00,1072.145,1076.415,1071.475,1075.265,1067,4170,0
2021-11-15 10:00:00,1075.265,1078.175,1072.745,1073.265,1662,3820,0
2021-11-15 11:00:00,1073.275,1076.265,1071.335,1075.605,1175,3650,0
2021-11-15 12:00:00,1075.555,1077.475,1074.925,1076.835,858,4190,0
2021-11-15 13:00:00,1076.825,1077.845,1075.745,1077.745,981,3880,0
2021-11-15 14:00:00,1077.785,1078.855,1075.555,1077.925,1031,3790,0
2021-11-15 15:00:00,1078.005,1088.885,1077.155,1087.555,4391,3320,0
2021-11-15 16:00:00,1087.605,1091.635,1083.205,1089.235,5580,3670,0
2021-11-15 17:00:00,1089.145,1090.945,1084.325,1090.775,5295,3760,0
2021-11-15 18:00:00,1090.685,1095.805,1088.225,1089.585,2834,3330,0
2021-11-15 19:00:00,1089.585,1090.425,1086.585,1089.105,2344,3500,0
2021-11-15 20:00:00,1089.105,1090.995,1086.845,1090.695,1294,3230,0
2021-11-15 21:00:00,1090.695,1092.585,1090.545,1091.965,1003,3350,0
2021-11-15 22:00:00,1091.975,1091.975,1086.875,1089.315,1737,3450,0
2021-11-15 23:00:00,1089.245,1089.725,1085.685,1085.685,624,3890,0
2021-11-16 01:00:00,1084.345,1087.805,1084.085,1084.455,709,3810,0
2021-11-16 02:00:00,1084.425,1088.515,1084.355,1088.475,579,3970,0
2021-11-16 03:00:00,1088.505,1090.765,1086.715,1090.705,2295,3870,0
2021-11-16 04:00:00,1090.765,1094.805,1090.665,1093.525,1701,3420,0
2021-11-16 05:00:00,1093.445,1093.615,1089.585,1091.025,1040,3780,0
2021-11-16 06:00:00,1091.075,1091.105,1086.685,1088.455,745,3930,0
2021-11-16 07:00:00,1088.415,1090.165,1086.065,1086.585,1073,3310,0
2021-11-16 08:00:00,1086.685,1087.675,1086.185,1086.865,1496,3380,0
2021-11-16 09:00:00,1086.985,1090.965,1086.945,1090.675,1647,2410,0
2021-11-16 10:00:00,1090.715,1099.815,1090.715,1098.605,2358,2820,0
2021-11-16 11:00:00,1098.585,1103.785,1096.805,1100.335,2199,3610,0
2021-11-16 12:00:00,1100.375,1100.585,1096.675,1097.225,1513,3760,0
2021-11-16 13:00:00,1097.225,1100.925,1095.715,1100.215,1390,3780,0
2021-11-16 14:00:00,1100.405,1100.445,1094.015,1095.495,1514,3900,0
2021-11-16 15:00:00,1095.495,1104.465,1086.105,1099.475,5446,3570,0
2021-11-16 16:00:00,1099.415,1101.165,1074.085,1076.025,7760,3750,0
2021-11-16 17:00:00,1076.035,1080.595,1069.355,1073.405,5942,3830,0
2021-11-16 18:00:00,1073.315,1075.475,1066.615,1071.055,3708,4060,0
2021-11-16 19:00:00,1071.065,1072.035,1067.705,1068.225,2253,4200,0
2021-11-16 20:00:00,1068.065,1069.025,1063.705,1064.065,1762,4040,0
2021-11-16 21:00:00,1064.055,1065.605,1061.425,1063.105,1491,3850,0
2021-11-16 22:00:00,1063.105,1063.115,1061.175,1061.525,1189,4080,0
2021-11-16 23:00:00,1061.525,1062.115,1060.495,1061.835,694,4530,0
2021-11-17 01:00:00,1058.705,1064.165,1058.705,1063.555,899,4100,0
2021-11-17 02:00:00,1063.525,1067.165,1062.135,1066.515,1212,4230,0
2021-11-17 03:00:00,1066.515,1067.965,1065.325,1067.405,1498,4260,0
2021-11-17 04:00:00,1067.405,1070.315,1066.105,1069.675,1179,3940,0
2021-11-17 05:00:00,1069.675,1070.115,1064.215,1065.695,1532,3740,0
2021-11-17 06:00:00,1065.695,1067.545,1064.185,1066.755,951,3920,0
2021-11-17 07:00:00,1066.705,1067.845,1064.745,1065.485,838,3780,0
2021-11-17 08:00:00,1065.385,1070.285,1065.265,1067.985,1000,3620,0
2021-11-17 09:00:00,1067.735,1073.755,1067.735,1072.985,1309,2730,0
2021-11-17 10:00:00,1072.985,1075.105,1070.085,1072.765,1638,2670,0
2021-11-17 11:00:00,1072.765,1073.195,1064.825,1065.835,1383,3150,0
2021-11-17 12:00:00,1065.835,1067.405,1061.945,1065.075,1182,2730,0
2021-11-17 13:00:00,1065.075,1070.555,1063.935,1070.325,1010,3850,0
2021-11-17 14:00:00,1070.295,1072.425,1068.565,1068.775,1726,4190,0
2021-11-17 15:00:00,1068.775,1069.225,1057.275,1065.145,3132,4010,0
2021-11-17 16:00:00,1065.205,1069.695,1064.185,1066.555,4639,3030,0
2021-11-17 17:00:00,1066.515,1071.545,1061.895,1062.275,4064,2970,0
2021-11-17 18:00:00,1062.325,1066.495,1061.705,1066.265,2007,3510,0
2021-11-17 19:00:00,1066.255,1066.675,1061.595,1064.105,2119,4060,0
2021-11-17 20:00:00,1064.215,1065.775,1061.075,1062.125,1943,3940,0
2021-11-17 21:00:00,1062.035,1062.085,1053.785,1054.905,1888,4190,0
2021-11-17 22:00:00,1054.805,1058.895,1053.915,1058.545,1436,4270,0
2021-11-17 23:00:00,1058.525,1058.575,1057.095,1057.295,589,4230,0
2021-11-18 01:00:00,1054.935,1059.265,1054.935,1057.435,677,4160,0
2021-11-18 02:00:00,1057.335,1062.195,1057.095,1062.045,842,4280,0
2021-11-18 03:00:00,1062.045,1063.815,1060.225,1060.805,1479,3440,0
2021-11-18 04:00:00,1060.785,1063.425,1058.035,1059.625,1123,3810,0
2021-11-18 05:00:00,1059.595,1060.485,1058.005,1058.945,1349,3710,0
2021-11-18 06:00:00,1058.985,1061.175,1058.925,1060.165,760,4730,0
2021-11-18 07:00:00,1060.195,1061.035,1058.865,1060.365,1899,4510,0
2021-11-18 08:00:00,1060.315,1061.215,1057.705,1058.455,1525,3950,0
2021-11-18 09:00:00,1058.555,1062.585,1057.915,1062.525,1860,3930,0
2021-11-18 10:00:00,1062.795,1065.865,1061.655,1063.695,1674,3990,0
2021-11-18 11:00:00,1063.705,1067.055,1062.975,1063.725,1441,3920,0
2021-11-18 12:00:00,1063.645,1063.995,1057.175,1059.575,1617,4050,0
2021-11-18 13:00:00,1059.615,1063.625,1059.485,1062.535,1486,3910,0
2021-11-18 14:00:00,1062.535,1067.265,1062.275,1065.695,1509,3210,0
2021-11-18 15:00:00,1065.655,1074.325,1055.815,1071.495,5706,3200,0
2021-11-18 16:00:00,1071.555,1071.835,1057.755,1059.945,5892,3040,0
2021-11-18 17:00:00,1059.855,1060.005,1043.915,1049.685,4641,2780,0
2021-11-18 18:00:00,1049.685,1055.495,1049.675,1055.085,1944,3640,0
2021-11-18 19:00:00,1055.045,1059.235,1054.795,1055.145,1470,2730,0
2021-11-18 20:00:00,1055.145,1055.595,1049.845,1051.445,1860,3100,0
2021-11-18 21:00:00,1051.355,1051.745,1048.445,1050.185,1159,2880,0
2021-11-18 22:00:00,1050.145,1050.335,1048.885,1050.235,1354,3470,0
2021-11-18 23:00:00,1050.235,1050.735,1048.265,1048.385,821,3140,0
2021-11-19 01:00:00,1044.755,1051.315,1044.255,1051.135,566,3600,0
2021-11-19 02:00:00,1051.135,1052.695,1050.235,1052.165,817,3860,0
2021-11-19 03:00:00,1052.165,1058.395,1051.715,1057.335,1817,4040,0
2021-11-19 04:00:00,1057.275,1060.475,1056.345,1059.125,1054,3580,0
2021-11-19 05:00:00,1059.125,1061.325,1058.405,1060.445,813,3390,0
2021-11-19 06:00:00,1060.445,1061.075,1059.115,1059.495,492,3300,0
2021-11-19 07:00:00,1059.495,1060.825,1057.985,1058.775,593,3400,0
2021-11-19 08:00:00,1058.795,1060.055,1056.485,1057.245,1003,3650,0
2021-11-19 09:00:00,1057.155,1057.255,1050.715,1050.905,1521,3780,0
2021-11-19 10:00:00,1050.895,1055.825,1048.215,1049.105,1887,3180,0
2021-11-19 11:00:00,1049.095,1055.485,1046.485,1050.755,2071,3530,0
2021-11-19 12:00:00,1050.805,1050.865,1044.785,1047.235,2785,3920,0
2021-11-19 13:00:00,1047.255,1048.185,1039.635,1041.795,2117,4020,0
2021-11-19 14:00:00,1041.825,1043.295,1036.075,1036.445,2356,3000,0
2021-11-19 15:00:00,1036.445,1037.935,1029.735,1034.085,3316,3090,0
2021-11-19 16:00:00,1034.145,1045.825,1033.055,1044.235,7664,3790,0
2021-11-19 17:00:00,1044.215,1044.495,1035.825,1039.365,4407,3510,0
2021-11-19 18:00:00,1039.295,1040.505,1036.355,1036.855,2871,4160,0
2021-11-19 19:00:00,1036.895,1038.455,1029.505,1034.325,3562,4250,0
2021-11-19 20:00:00,1034.375,1034.745,1030.525,1031.675,2483,4020,0
2021-11-19 21:00:00,1031.675,1032.295,1030.095,1031.655,1301,3800,0
2021-11-19 22:00:00,1031.565,1032.765,1030.665,1030.895,1353,3510,0
2021-11-19 23:00:00,1030.895,1031.105,1027.285,1027.285,258,5450,0
2021-11-22 01:00:00,1027.605,1031.165,1022.885,1027.375,1618,4130,0
2021-11-22 02:00:00,1027.385,1029.505,1025.605,1029.345,1765,3500,0
2021-11-22 03:00:00,1029.345,1031.355,1027.815,1028.465,1374,3510,0
2021-11-22 04:00:00,1028.465,1033.585,1027.905,1032.035,1183,3500,0
2021-11-22 05:00:00,1032.035,1035.365,1030.755,1034.335,847,3290,0
2021-11-22 06:00:00,1034.435,1038.795,1034.025,1038.135,981,3100,0
2021-11-22 07:00:00,1038.135,1038.545,1032.775,1033.985,1177,3210,0
2021-11-22 08:00:00,1033.985,1034.655,1032.415,1033.525,907,3290,0
2021-11-22 09:00:00,1033.525,1040.135,1032.635,1037.725,1014,1900,0
2021-11-22 10:00:00,1037.745,1041.415,1035.345,1035.855,1561,2600,0
2021-11-22 11:00:00,1035.875,1039.025,1035.365,1036.395,1247,4050,0
2021-11-22 12:00:00,1036.375,1037.435,1031.275,1032.585,1339,3170,0
2021-11-22 13:00:00,1032.525,1036.435,1031.485,1034.365,1701,4230,0
2021-11-22 14:00:00,1034.375,1038.835,1032.365,1038.515,2287,4290,0
2021-11-22 15:00:00,1038.515,1040.725,1031.715,1037.955,4987,4210,0
2021-11-22 16:00:00,1037.845,1038.435,1020.085,1028.305,6377,3790,0
2021-11-22 17:00:00,1028.385,1034.025,1025.635,1030.925,5014,4620,0
2021-11-22 18:00:00,1030.805,1033.305,1022.195,1022.605,4256,5080,0
2021-11-22 19:00:00,1022.525,1022.595,1011.535,1015.285,3185,3930,0
2021-11-22 20:00:00,1015.285,1016.295,1011.325,1013.235,1980,3950,0
2021-11-22 21:00:00,1013.235,1016.415,1012.905,1014.635,1649,4450,0
2021-11-22 22:00:00,1014.575,1015.845,1012.135,1012.675,1397,4570,0
2021-11-22 23:00:00,1012.675,1012.815,1010.405,1011.105,909,5000,0
2021-11-23 01:00:00,1008.535,1017.845,1008.535,1017.245,886,3650,0
2021-11-23 02:00:00,1017.235,1019.285,1017.115,1018.925,617,3570,0
2021-11-23 03:00:00,1018.945,1021.085,1016.605,1019.635,1270,3650,0
2021-11-23 04:00:00,1019.635,1020.555,1016.355,1019.955,1914,3840,0
2021-11-23 05:00:00,1019.955,1021.355,1019.075,1020.085,1333,4430,0
2021-11-23 06:00:00,1020.065,1020.425,1018.745,1019.805,1495,4680,0
2021-11-23 07:00:00,1019.775,1020.305,1015.495,1016.835,1341,4250,0
2021-11-23 08:00:00,1016.705,1016.735,1011.375,1012.675,2391,4560,0
2021-11-23 09:00:00,1012.655,1016.295,1011.575,1015.575,2553,4790,0
2021-11-23 10:00:00,1015.425,1015.745,1010.395,1011.385,3180,4070,0
2021-11-23 11:00:00,1011.355,1012.125,994.725,1005.935,2832,3700,0
2021-11-23 12:00:00,1005.815,1007.625,1000.595,1000.795,1577,3130,0
2021-11-23 13:00:00,1000.795,1002.225,996.715,997.325,1906,3940,0
2021-11-23 14:00:00,997.325,998.245,992.195,992.815,2953,3790,0
2021-11-23 15:00:00,992.815,993.625,973.615,977.405,7965,3010,0
2021-11-23 16:00:00,977.365,987.335,966.425,973.085,8171,1460,0
2021-11-23 17:00:00,973.085,975.225,961.385,963.035,7030,3710,0
2021-11-23 18:00:00,962.955,965.455,956.855,963.925,5266,3970,0
2021-11-23 19:00:00,963.915,966.065,957.985,963.235,3596,3600,0
2021-11-23 20:00:00,963.245,967.075,960.875,967.075,3448,3400,0
2021-11-23 21:00:00,967.115,970.435,965.425,967.355,2656,2870,0
2021-11-23 22:00:00,967.445,972.385,967.215,971.545,2044,3790,0
2021-11-23 23:00:00,971.545,971.645,968.215,968.215,718,3430,0
2021-11-24 01:00:00,965.725,979.505,965.725,979.475,1682,3810,0
2021-11-24 02:00:00,979.505,984.745,977.955,983.485,1819,4450,0
2021-11-24 03:00:00,983.415,983.595,979.785,982.465,3042,3920,0
2021-11-24 04:00:00,982.435,983.275,979.835,980.235,2205,3180,0
2021-11-24 05:00:00,980.205,981.185,978.025,978.145,1422,3190,0
2021-11-24 06:00:00,978.145,979.625,976.765,977.855,1016,4000,0
2021-11-24 07:00:00,977.825,984.925,977.775,983.415,1899,4070,0
2021-11-24 08:00:00,983.475,984.515,981.415,983.665,2691,3570,0
2021-11-24 09:00:00,983.655,983.885,978.785,980.005,1864,3340,0
2021-11-24 10:00:00,979.935,984.775,977.535,978.935,2074,3280,0
2021-11-24 11:00:00,978.825,982.645,977.845,979.135,2573,3800,0
2021-11-24 12:00:00,979.255,982.885,978.995,980.405,2201,4030,0
2021-11-24 13:00:00,980.385,981.005,975.105,977.505,2039,3290,0
2021-11-24 14:00:00,977.435,983.695,977.075,979.315,2240,3350,0
2021-11-24 15:00:00,979.615,983.585,966.055,977.945,5850,3390,0
2021-11-24 16:00:00,978.005,980.155,970.925,970.945,8136,3960,0
2021-11-24 17:00:00,970.855,981.875,966.945,978.945,5793,3290,0
2021-11-24 18:00:00,978.875,981.595,975.535,979.395,3792,3440,0
2021-11-24 19:00:00,979.395,979.655,972.465,977.115,2525,3160,0
2021-11-24 20:00:00,977.145,980.805,968.005,968.005,1822,3420,0
2021-11-24 21:00:00,977.345,978.935,975.045,976.665,1985,3440,0
2021-11-24 22:00:00,976.645,979.145,976.525,978.565,1416,4310,0
2021-11-24 23:00:00,978.605,978.625,973.835,973.835,488,4460,0
2021-11-25 01:00:00,973.455,982.355,973.455,981.295,555,3480,0
2021-11-25 02:00:00,981.285,991.145,980.955,989.855,1368,3640,0
2021-11-25 03:00:00,989.825,990.225,985.355,986.545,1743,4580,0
2021-11-25 04:00:00,986.625,990.055,986.295,987.825,1031,5030,0
2021-11-25 05:00:00,987.785,989.395,987.165,989.275,934,4600,0
2021-11-25 06:00:00,989.335,990.785,988.475,990.535,560,4240,0
2021-11-25 07:00:00,990.595,995.605,989.245,994.895,953,3560,0
2021-11-25 08:00:00,994.845,996.925,992.605,996.425,1564,3050,0
2021-11-25 09:00:00,996.425,996.955,992.995,993.525,1760,3130,0
2021-11-25 10:00:00,993.525,997.635,992.125,994.625,1658,2860,0
2021-11-25 11:00:00,994.615,995.085,992.135,992.925,1137,3420,0
2021-11-25 12:00:00,993.015,998.665,992.825,998.455,1253,3980,0
2021-11-25 13:00:00,998.455,1000.665,996.905,997.275,1151,4040,0
2021-11-25 14:00:00,997.315,999.615,991.595,992.345,1180,3760,0
2021-11-25 15:00:00,992.255,993.105,986.315,988.125,2168,4120,0
2021-11-25 16:00:00,988.185,999.555,988.145,998.065,1889,4020,0
2021-11-25 17:00:00,998.065,998.155,993.845,995.795,1347,3690,0
2021-11-25 18:00:00,995.705,998.155,993.895,996.445,803,4170,0
2021-11-25 19:00:00,996.435,999.085,996.245,997.145,753,4280,0
2021-11-26 01:00:00,994.985,998.005,990.275,991.755,1075,5090,0
2021-11-26 02:00:00,991.755,992.135,985.775,987.255,2684,4930,0
2021-11-26 03:00:00,987.025,988.595,982.935,986.325,2755,4960,0
2021-11-26 04:00:00,986.555,986.875,982.585,983.855,1488,3970,0
2021-11-26 05:00:00,983.855,989.215,983.015,984.495,1322,3280,0
2021-11-26 06:00:00,984.955,987.595,983.575,983.905,1110,3530,0
2021-11-26 07:00:00,984.305,986.535,981.105,986.095,1084,3190,0
2021-11-26 08:00:00,985.885,988.015,984.465,987.215,1156,3480,0
2021-11-26 09:00:00,987.215,990.995,985.035,989.935,1381,3110,0
2021-11-26 10:00:00,990.105,990.875,961.265,972.505,5061,2300,0
2021-11-26 11:00:00,972.425,978.755,968.355,978.555,4587,4090,0
2021-11-26 12:00:00,978.655,994.795,977.075,993.555,3791,2620,0
2021-11-26 13:00:00,993.605,994.865,989.425,989.805,3115,2000,0
2021-11-26 14:00:00,989.785,992.185,980.985,981.265,3222,2700,0
2021-11-26 15:00:00,981.195,981.665,966.555,974.075,3724,2820,0
2021-11-26 16:00:00,974.055,982.475,964.345,970.685,7039,3880,0
2021-11-26 17:00:00,970.195,972.505,966.185,967.435,6411,3970,0
2021-11-26 18:00:00,967.305,970.325,948.315,954.255,6248,3980,0
2021-11-26 19:00:00,954.175,962.585,952.075,955.005,3187,2960,0
2021-11-26 20:00:00,955.105,956.405,951.645,954.155,941,3770,0
2021-11-29 01:00:00,973.225,980.205,969.115,980.205,2013,5400,0
2021-11-29 02:00:00,980.045,980.205,969.145,972.165,3025,5300,0
2021-11-29 03:00:00,972.135,977.845,970.335,977.625,3597,5310,0
2021-11-29 04:00:00,977.305,980.645,974.705,979.735,1905,4720,0
2021-11-29 05:00:00,979.745,981.435,977.295,979.775,1407,5250,0
2021-11-29 06:00:00,979.775,980.105,974.225,974.495,1139,4930,0
2021-11-29 07:00:00,974.575,974.575,966.025,971.265,2864,4360,0
2021-11-29 08:00:00,971.265,972.395,968.845,971.275,2460,4100,0
2021-11-29 09:00:00,971.145,973.165,967.155,970.575,2225,3930,0
2021-11-29 10:00:00,970.565,972.825,966.095,966.395,3935,1950,0
2021-11-29 11:00:00,966.405,972.675,965.855,971.685,2538,3310,0
2021-11-29 12:00:00,971.695,972.285,968.865,971.395,1619,3330,0
2021-11-29 13:00:00,971.375,972.435,969.325,969.375,1478,3400,0
2021-11-29 14:00:00,969.425,973.115,969.425,972.095,2533,3570,0
2021-11-29 15:00:00,972.145,973.255,962.515,964.365,5161,1860,0
2021-11-29 16:00:00,964.445,974.335,964.345,970.705,6460,3760,0
2021-11-29 17:00:00,970.665,972.975,965.165,967.295,5928,3810,0
2021-11-29 18:00:00,967.295,969.505,965.915,968.205,2490,4220,0
2021-11-29 19:00:00,968.255,978.025,968.255,973.735,2660,3710,0
2021-11-29 20:00:00,973.665,974.095,965.155,966.345,2453,4000,0
2021-11-29 21:00:00,966.295,968.315,963.215,964.895,1575,4160,0
2021-11-29 22:00:00,965.185,967.755,964.415,965.065,1918,4070,0
2021-11-29 23:00:00,964.925,965.515,961.965,961.965,1244,4240,0
2021-11-30 01:00:00,960.805,967.735,960.805,966.505,825,3520,0
2021-11-30 02:00:00,966.485,969.035,965.995,967.885,1511,4470,0
2021-11-30 03:00:00,967.935,971.365,965.785,970.925,2303,4560,0
2021-11-30 04:00:00,970.955,971.185,968.015,969.765,2018,3800,0
2021-11-30 05:00:00,969.775,969.995,967.005,969.925,1084,4180,0
2021-11-30 06:00:00,969.925,970.105,968.625,968.975,540,4360,0
2021-11-30 07:00:00,968.975,969.625,955.535,955.565,2570,3910,0
2021-11-30 08:00:00,955.585,955.615,938.615,952.975,3756,3460,0
2021-11-30 09:00:00,952.975,955.315,949.945,954.515,2457,3880,0
2021-11-30 10:00:00,954.515,958.625,950.025,952.075,3528,4030,0
2021-11-30 11:00:00,952.005,952.045,945.565,949.735,3318,4270,0
2021-11-30 12:00:00,949.735,952.065,944.655,951.255,2464,3970,0
2021-11-30 13:00:00,951.195,952.015,948.095,950.275,2047,3260,0
2021-11-30 14:00:00,950.295,953.735,950.015,951.115,1955,3550,0
2021-11-30 15:00:00,951.075,951.615,940.985,941.055,5000,3570,0
2021-11-30 16:00:00,940.975,955.275,938.655,943.175,8085,2850,0
2021-11-30 17:00:00,942.915,962.295,940.035,940.555,12159,2140,0
2021-11-30 18:00:00,940.475,943.465,929.435,933.075,9617,3710,0
2021-11-30 19:00:00,933.045,937.905,929.645,933.735,6535,3750,0
2021-11-30 20:00:00,933.745,942.815,931.665,941.805,4715,2860,0
2021-11-30 21:00:00,941.905,943.745,937.845,939.875,3671,3110,0
2021-11-30 22:00:00,939.875,939.885,933.425,933.965,3843,2910,0
2021-11-30 23:00:00,934.065,936.905,933.745,934.275,1170,3060,0
2021-12-01 01:00:00,935.515,940.745,935.515,938.515,1853,3430,0
2021-12-01 02:00:00,938.475,942.855,938.475,940.915,2031,3770,0
2021-12-01 03:00:00,940.915,942.515,938.125,941.505,3528,4390,0
2021-12-01 04:00:00,941.555,946.805,941.445,946.735,2641,4450,0
2021-12-01 05:00:00,946.735,947.955,944.915,947.265,2226,4550,0
2021-12-01 06:00:00,947.295,954.365,946.955,952.765,1466,5030,0
2021-12-01 07:00:00,952.695,959.225,951.195,957.865,2244,4380,0
2021-12-01 08:00:00,957.865,957.865,951.365,953.665,3394,4690,0
2021-12-01 09:00:00,953.685,954.645,951.635,953.275,3236,4010,0
2021-12-01 10:00:00,953.265,953.265,943.045,946.095,3720,3920,0
2021-12-01 11:00:00,946.175,954.995,944.895,954.425,2626,3850,0
2021-12-01 12:00:00,954.455,957.355,953.465,955.695,1751,4040,0
2021-12-01 13:00:00,955.775,957.845,952.845,953.695,1983,4310,0
2021-12-01 14:00:00,953.735,957.425,952.805,954.205,2726,4020,0
2021-12-01 15:00:00,954.205,954.865,942.295,947.285,5605,3940,0
2021-12-01 16:00:00,947.405,952.895,937.505,937.505,6859,3420,0
2021-12-01 17:00:00,937.415,956.565,936.585,950.335,7378,3880,0
2021-12-01 18:00:00,950.305,951.955,943.665,944.645,4507,4090,0
2021-12-01 19:00:00,944.575,950.265,941.965,942.865,2537,3980,0
2021-12-01 20:00:00,942.715,942.715,937.515,940.085,3079,4300,0
2021-12-01 21:00:00,939.995,940.145,935.575,936.345,2031,5080,0
2021-12-01 22:00:00,936.255,936.885,930.615,931.765,1936,3540,0
2021-12-01 23:00:00,931.765,933.875,930.545,933.845,968,4230,0
2021-12-02 01:00:00,930.855,938.245,930.855,937.415,1137,3310,0
2021-12-02 02:00:00,937.705,939.245,933.705,935.615,1425,3710,0
2021-12-02 03:00:00,935.715,939.475,933.685,937.195,1466,3460,0
2021-12-02 04:00:00,937.225,941.905,936.135,941.245,1070,3200,0
2021-12-02 05:00:00,941.265,944.555,939.805,943.725,1284,3100,0
2021-12-02 06:00:00,943.735,943.755,941.875,942.315,921,3500,0
2021-12-02 07:00:00,942.085,943.695,939.845,941.695,928,3440,0
2021-12-02 08:00:00,941.585,945.315,937.135,945.005,788,3730,0
2021-12-02 09:00:00,945.005,945.585,940.605,941.755,1186,3460,0
2021-12-02 10:00:00,941.765,942.385,937.035,940.835,2078,3140,0
2021-12-02 11:00:00,940.835,944.335,939.715,944.315,1645,1850,0
2021-12-02 12:00:00,944.345,947.475,941.335,947.365,1361,1920,0
2021-12-02 13:00:00,947.485,947.825,945.425,946.975,1394,1770,0
2021-12-02 14:00:00,946.895,948.075,944.145,946.575,1794,3560,0
2021-12-02 15:00:00,946.575,952.755,935.065,937.145,5314,3870,0
2021-12-02 16:00:00,937.145,943.015,932.655,936.455,10398,3640,0
2021-12-02 17:00:00,936.425,943.585,932.285,935.175,5725,3580,0
2021-12-02 18:00:00,935.145,940.405,933.235,938.265,5125,4070,0
2021-12-02 19:00:00,938.285,941.275,935.325,940.905,2248,2260,0
2021-12-02 20:00:00,941.025,941.855,936.655,940.935,3395,1990,0
2021-12-02 21:00:00,940.935,942.615,937.655,937.845,1877,2520,0
2021-12-02 22:00:00,937.805,939.875,937.785,937.985,2379,5220,0
2021-12-02 23:00:00,937.995,939.375,937.995,938.565,821,5070,0
2021-12-03 01:00:00,935.105,941.845,934.905,935.835,924,4220,0
2021-12-03 02:00:00,935.825,938.535,933.635,938.015,987,4300,0
2021-12-03 03:00:00,937.995,938.115,933.205,936.325,1644,4210,0
2021-12-03 04:00:00,936.355,937.345,934.015,934.695,1096,3270,0
2021-12-03 05:00:00,934.805,942.025,932.505,941.925,1392,3080,0
2021-12-03 06:00:00,942.045,945.325,940.195,944.665,794,3110,0
2021-12-03 07:00:00,944.655,952.185,944.105,950.385,1288,2730,0
2021-12-03 08:00:00,950.385,951.045,947.505,947.605,975,3650,0
2021-12-03 09:00:00,947.175,947.355,942.605,945.295,1967,4340,0
2021-12-03 10:00:00,945.315,946.235,938.225,943.115,2522,3560,0
2021-12-03 11:00:00,943.115,944.225,940.055,942.745,1482,2790,0
2021-12-03 12:00:00,942.775,945.505,941.605,942.495,1346,3650,0
2021-12-03 13:00:00,942.515,945.665,941.525,944.955,1606,3090,0
2021-12-03 14:00:00,944.845,949.265,942.125,948.475,2014,2590,0
2021-12-03 15:00:00,948.545,956.575,938.045,941.455,6384,2710,0
2021-12-03 16:00:00,941.555,945.155,930.455,930.455,5471,3730,0
2021-12-03 17:00:00,929.905,939.625,923.055,924.455,4299,3320,0
2021-12-03 18:00:00,924.365,936.055,923.765,931.645,2798,3190,0
2021-12-03 19:00:00,931.745,934.265,925.415,934.105,2497,3000,0
2021-12-03 20:00:00,934.025,937.575,932.585,935.495,2549,2960,0
2021-12-03 21:00:00,935.495,936.405,931.075,931.585,2091,2850,0
2021-12-03 22:00:00,931.585,934.365,930.035,934.115,1727,3050,0
2021-12-03 23:00:00,934.115,935.715,927.645,929.335,719,5030,0
2021-12-06 01:00:00,934.015,942.755,933.215,942.225,1589,4000,0
2021-12-06 02:00:00,942.195,942.725,941.065,942.325,1727,3760,0
2021-12-06 03:00:00,942.335,944.635,936.835,944.145,1741,4460,0
2021-12-06 04:00:00,944.035,945.585,937.695,939.635,1672,4910,0
2021-12-06 05:00:00,939.685,940.335,934.715,938.325,1429,3930,0
2021-12-06 06:00:00,938.485,939.755,937.285,938.385,896,4220,0
2021-12-06 07:00:00,938.385,939.335,936.495,937.485,947,3730,0
2021-12-06 08:00:00,937.495,938.945,935.895,937.595,1126,4020,0
2021-12-06 09:00:00,937.595,939.175,933.475,935.225,1817,3740,0
2021-12-06 10:00:00,935.265,936.975,933.445,935.165,2814,3510,0
2021-12-06 11:00:00,935.125,938.535,929.645,931.325,1793,3750,0
2021-12-06 12:00:00,931.475,935.935,930.895,935.645,1886,3430,0
2021-12-06 13:00:00,935.755,938.915,935.585,938.425,1369,2560,0
2021-12-06 14:00:00,938.425,940.025,935.425,937.005,2063,3720,0
2021-12-06 15:00:00,937.145,937.505,928.525,931.105,4188,3850,0
2021-12-06 16:00:00,931.045,934.925,922.735,932.735,5343,2700,0
2021-12-06 17:00:00,932.645,943.535,932.465,935.135,8691,3010,0
2021-12-06 18:00:00,935.135,941.275,932.495,938.885,3039,4400,0
2021-12-06 19:00:00,939.055,942.365,938.165,940.485,4066,1960,0
2021-12-06 20:00:00,940.405,941.055,935.805,937.935,5433,3740,0
2021-12-06 21:00:00,937.945,940.265,937.575,937.705,2097,4120,0
2021-12-06 22:00:00,937.635,939.675,937.145,939.015,3144,4170,0
2021-12-06 23:00:00,938.985,939.765,937.565,937.775,1232,5290,0
2021-12-07 01:00:00,933.445,941.595,933.445,941.445,863,3640,0
2021-12-07 02:00:00,941.575,941.805,938.175,940.835,966,3740,0
2021-12-07 03:00:00,940.835,941.975,937.475,937.515,1294,4710,0
2021-12-07 04:00:00,937.615,939.885,937.185,938.955,911,4150,0
2021-12-07 05:00:00,938.955,939.405,937.715,938.115,1158,3700,0
2021-12-07 06:00:00,938.125,941.115,937.985,940.275,922,3190,0
2021-12-07 07:00:00,940.285,944.185,940.045,944.065,1554,3890,0
2021-12-07 08:00:00,943.845,947.325,943.025,947.325,1183,4820,0
2021-12-07 09:00:00,947.075,949.535,946.045,948.725,1803,4530,0
2021-12-07 10:00:00,948.835,957.665,947.915,955.565,3143,3300,0
2021-12-07 11:00:00,955.565,956.725,950.845,954.505,3022,2660,0
2021-12-07 12:00:00,954.535,961.575,951.285,960.985,2465,1680,0
2021-12-07 13:00:00,960.885,962.885,959.885,961.395,2799,3890,0
2021-12-07 14:00:00,961.305,962.285,959.395,961.055,3263,3650,0
2021-12-07 15:00:00,960.985,960.985,948.355,951.375,4720,3400,0
2021-12-07 16:00:00,951.375,960.505,948.295,956.305,6958,2890,0
2021-12-07 17:00:00,956.275,958.865,950.085,958.015,5448,4210,0
2021-12-07 18:00:00,958.005,960.775,955.015,958.395,3175,3840,0
2021-12-07 19:00:00,958.395,959.775,954.575,955.005,2011,3740,0
2021-12-07 20:00:00,955.005,956.865,954.205,955.005,2003,3590,0
2021-12-07 21:00:00,955.005,957.075,954.775,956.385,1642,3810,0
2021-12-07 22:00:00,956.345,956.455,953.525,954.985,2895,3940,0
2021-12-07 23:00:00,954.915,955.575,952.765,952.765,1133,4020,0
2021-12-08 01:00:00,950.145,956.325,950.145,955.775,1031,3690,0
2021-12-08 02:00:00,955.775,958.125,954.735,957.965,962,3860,0
2021-12-08 03:00:00,957.955,958.175,955.665,957.445,2155,4880,0
2021-12-08 04:00:00,957.445,964.265,957.445,962.915,1519,4560,0
2021-12-08 05:00:00,962.915,965.525,961.995,963.245,1295,4120,0
2021-12-08 06:00:00,963.285,965.615,962.265,965.275,997,3510,0
2021-12-08 07:00:00,965.275,966.325,963.385,966.195,1108,3620,0
2021-12-08 08:00:00,966.195,966.225,961.695,961.695,1710,3570,0
2021-12-08 09:00:00,961.235,966.055,960.035,965.875,1339,4950,0
2021-12-08 10:00:00,965.785,967.575,962.255,963.955,1896,2150,0
2021-12-08 11:00:00,963.945,964.185,960.785,961.835,1365,2740,0
2021-12-08 12:00:00,961.835,962.455,958.005,958.035,1415,2720,0
2021-12-08 13:00:00,958.035,961.215,954.135,959.495,2643,3560,0
2021-12-08 14:00:00,959.535,961.135,956.345,956.865,3071,4250,0
2021-12-08 15:00:00,957.035,958.005,949.135,950.515,2750,2820,0
2021-12-08 16:00:00,950.515,958.625,947.445,949.375,5982,2780,0
2021-12-08 17:00:00,949.225,959.855,948.775,956.895,6434,3370,0
2021-12-08 18:00:00,956.925,962.735,956.775,958.935,3342,3310,0
2021-12-08 19:00:00,958.935,962.825,958.925,960.215,1826,3230,0
2021-12-08 20:00:00,960.165,961.705,959.615,960.135,1891,3230,0
2021-12-08 21:00:00,960.155,961.805,959.965,961.805,1216,3230,0
2021-12-08 22:00:00,961.785,962.085,960.295,960.405,1479,3290,0
2021-12-08 23:00:00,960.405,960.585,957.035,957.035,767,3330,0
2021-12-09 01:00:00,956.815,959.565,956.815,957.515,710,3650,0
2021-12-09 02:00:00,957.605,959.075,956.965,957.735,775,4580,0
2021-12-09 03:00:00,957.735,957.845,954.785,956.295,1451,4570,0
2021-12-09 04:00:00,956.355,957.725,955.415,957.435,1135,4640,0
2021-12-09 05:00:00,957.435,958.715,956.165,957.705,856,4290,0
2021-12-09 06:00:00,957.705,959.415,957.055,958.265,688,4150,0
2021-12-09 07:00:00,958.385,960.185,957.935,957.995,1066,4180,0
2021-12-09 08:00:00,958.005,958.595,954.475,954.765,991,4270,0
2021-12-09 09:00:00,954.765,956.475,953.955,954.885,1610,3140,0
2021-12-09 10:00:00,955.255,957.575,945.215,950.955,2198,1640,0
2021-12-09 11:00:00,951.055,952.525,945.655,948.075,1499,3270,0
2021-12-09 12:00:00,948.065,948.105,944.675,946.855,1809,3030,0
2021-12-09 13:00:00,946.905,947.295,941.425,941.915,1840,3150,0
2021-12-09 14:00:00,941.915,943.735,939.635,940.755,1689,2550,0
2021-12-09 15:00:00,940.655,947.245,937.285,947.185,3451,2860,0
2021-12-09 16:00:00,947.295,953.305,940.705,943.935,6390,3120,0
2021-12-09 17:00:00,943.865,947.485,938.615,947.215,6245,3170,0
2021-12-09 18:00:00,947.235,948.715,939.265,939.615,2737,3250,0
2021-12-09 19:00:00,939.595,944.745,939.465,944.695,2441,3290,0
2021-12-09 20:00:00,944.705,944.875,939.815,941.095,2944,4220,0
2021-12-09 21:00:00,941.135,941.215,935.175,935.405,2191,1900,0
2021-12-09 22:00:00,935.535,937.515,935.515,936.855,1939,1660,0
2021-12-09 23:00:00,936.725,937.245,933.735,935.725,834,2040,0
2021-12-10 01:00:00,929.755,938.235,929.755,937.655,809,2140,0
2021-12-10 02:00:00,937.695,941.325,937.415,940.135,1179,2090,0
2021-12-10 03:00:00,940.135,943.425,935.515,943.035,1456,2030,0
2021-12-10 04:00:00,942.925,946.085,942.815,943.715,1133,1070,0
2021-12-10 05:00:00,943.715,945.705,943.665,945.015,649,1210,0
2021-12-10 06:00:00,945.025,945.285,942.205,942.415,796,1680,0
2021-12-10 07:00:00,942.415,944.175,941.105,942.135,1111,1520,0
2021-12-10 08:00:00,942.155,942.475,938.345,940.415,1152,2090,0
2021-12-10 09:00:00,940.505,943.815,940.125,943.145,1028,3590,0
2021-12-10 10:00:00,943.035,948.585,941.615,947.365,1555,2560,0
2021-12-10 11:00:00,947.355,947.435,944.685,946.645,1230,2420,0
2021-12-10 12:00:00,946.635,946.645,944.645,945.875,1292,2750,0
2021-12-10 13:00:00,945.875,948.125,945.575,947.555,1047,3170,0
2021-12-10 14:00:00,947.505,947.875,945.675,946.785,1376,3280,0
2021-12-10 15:00:00,946.795,947.555,932.485,945.155,5777,2950,0
2021-12-10 16:00:00,945.225,946.625,925.745,926.145,4080,2040,0
2021-12-10 17:00:00,926.265,941.885,926.265,939.815,3276,1590,0
2021-12-10 18:00:00,939.825,940.755,936.555,938.195,2104,4520,0
2021-12-10 19:00:00,938.185,940.975,937.665,940.975,1757,4060,0
2021-12-10 20:00:00,940.895,941.175,939.305,939.875,1520,4050,0
2021-12-10 21:00:00,939.935,941.285,939.935,940.525,1441,4170,0
2021-12-10 22:00:00,940.515,942.925,939.275,942.335,1163,4950,0
2021-12-10 23:00:00,942.365,942.565,936.775,936.775,619,5800,0
2021-12-13 01:00:00,944.715,947.045,943.275,946.135,949,4410,0
2021-12-13 02:00:00,945.985,947.985,945.505,946.265,736,4580,0
2021-12-13 03:00:00,946.335,950.795,945.305,949.285,1062,5670,0
2021-12-13 04:00:00,949.305,949.725,947.305,947.435,1036,5800,0
2021-12-13 05:00:00,947.275,949.025,946.345,948.155,2216,4900,0
2021-12-13 06:00:00,947.975,953.975,947.835,951.935,740,4820,0
2021-12-13 07:00:00,951.845,952.375,949.245,949.595,754,4280,0
2021-12-13 08:00:00,949.595,950.725,947.405,947.405,1197,5790,0
2021-12-13 09:00:00,947.295,947.805,945.225,946.955,905,5810,0
2021-12-13 10:00:00,947.005,950.355,944.265,945.985,1905,4200,0
2021-12-13 11:00:00,945.985,946.305,938.025,941.195,1593,3930,0
2021-12-13 12:00:00,941.155,944.865,940.835,944.745,1418,3600,0
2021-12-13 13:00:00,944.665,946.515,941.865,942.205,1013,3720,0
2021-12-13 14:00:00,942.215,944.595,938.885,944.595,1513,3610,0
2021-12-13 15:00:00,944.585,944.975,932.885,935.305,2544,3560,0
2021-12-13 16:00:00,935.305,937.245,928.795,933.945,3665,2050,0
2021-12-13 17:00:00,933.995,939.305,930.135,930.375,3696,4670,0
2021-12-13 18:00:00,930.345,933.805,928.495,928.505,2682,4550,0
2021-12-13 19:00:00,928.495,933.625,925.195,932.225,2541,4170,0
2021-12-13 20:00:00,932.145,932.325,928.705,931.225,1982,3630,0
2021-12-13 21:00:00,931.175,931.965,928.855,931.965,1155,2840,0
2021-12-13 22:00:00,931.905,932.335,929.605,929.745,1086,2900,0
2021-12-13 23:00:00,929.745,930.665,929.205,930.115,651,3230,0
2021-12-14 01:00:00,925.635,931.775,925.635,930.705,498,3280,0
2021-12-14 02:00:00,930.735,932.465,927.835,928.785,735,4250,0
2021-12-14 03:00:00,928.785,930.645,925.235,930.145,837,5080,0
2021-12-14 04:00:00,930.155,930.835,927.745,929.055,693,4600,0
2021-12-14 05:00:00,929.035,930.825,924.325,930.105,691,4660,0
2021-12-14 06:00:00,930.215,931.685,929.615,931.125,608,4420,0
2021-12-14 07:00:00,931.125,935.305,927.205,933.925,868,4670,0
2021-12-14 08:00:00,933.905,934.735,931.375,932.535,633,4770,0
2021-12-14 09:00:00,932.505,934.735,929.505,932.315,1093,3650,0
2021-12-14 10:00:00,932.225,933.085,929.075,931.495,1574,3260,0
2021-12-14 11:00:00,931.495,931.905,926.165,929.785,1929,3240,0
2021-12-14 12:00:00,929.715,932.465,928.915,930.405,1640,4000,0
2021-12-14 13:00:00,930.405,931.785,929.165,930.025,1461,3930,0
2021-12-14 14:00:00,930.045,932.425,929.155,931.275,1497,3570,0
2021-12-14 15:00:00,931.335,933.635,912.435,915.285,5059,3430,0
2021-12-14 16:00:00,915.355,928.775,909.405,925.655,5891,3160,0
2021-12-14 17:00:00,925.605,928.145,919.645,920.295,4460,3880,0
2021-12-14 18:00:00,920.255,920.915,914.615,915.715,4034,3680,0
2021-12-14 19:00:00,915.715,917.715,914.165,916.775,2739,3700,0
2021-12-14 20:00:00,916.895,920.495,916.265,919.075,1728,4010,0
2021-12-14 21:00:00,919.085,922.845,918.795,921.345,1263,4360,0
2021-12-14 22:00:00,921.355,922.965,919.275,920.855,1079,3570,0
2021-12-14 23:00:00,920.855,921.325,919.805,920.485,534,4340,0
2021-12-15 01:00:00,916.585,921.565,916.585,920.435,474,5400,0
2021-12-15 02:00:00,920.485,925.065,920.485,923.635,635,3470,0
2021-12-15 03:00:00,923.635,923.755,918.675,919.655,1306,3920,0
2021-12-15 04:00:00,919.755,922.855,919.365,921.165,988,3820,0
2021-12-15 05:00:00,921.275,921.705,918.515,919.035,1245,4040,0
2021-12-15 06:00:00,918.955,920.365,918.955,919.065,732,5050,0
2021-12-15 07:00:00,919.065,920.245,917.655,918.675,976,3430,0
2021-12-15 08:00:00,918.675,919.865,914.215,915.405,1072,3640,0
2021-12-15 09:00:00,915.515,918.495,914.365,916.665,1567,3350,0
2021-12-15 10:00:00,916.775,920.005,914.965,917.095,1770,3400,0
2021-12-15 11:00:00,917.105,917.465,909.125,910.295,1869,3460,0
2021-12-15 12:00:00,910.325,911.815,906.705,910.865,1080,3340,0
2021-12-15 13:00:00,910.865,910.885,907.845,909.715,984,4100,0
2021-12-15 14:00:00,909.635,916.615,909.605,915.905,1791,4040,0
2021-12-15 15:00:00,915.855,923.675,913.225,914.325,4484,2700,0
2021-12-15 16:00:00,914.495,914.885,903.315,905.755,5540,2860,0
2021-12-15 17:00:00,905.685,905.745,896.505,899.715,4232,3490,0
2021-12-15 18:00:00,899.325,906.605,898.925,906.505,3521,4110,0
2021-12-15 19:00:00,906.505,908.825,902.515,903.105,3078,3690,0
2021-12-15 20:00:00,903.005,906.035,897.045,897.105,2428,3820,0
2021-12-15 21:00:00,897.075,912.705,893.495,911.925,9396,4820,0
2021-12-15 22:00:00,911.985,922.225,911.635,919.675,4343,4780,0
2021-12-15 23:00:00,919.775,921.175,917.715,918.805,827,3130,0
2021-12-16 01:00:00,914.435,921.545,914.435,920.835,932,3620,0
2021-12-16 02:00:00,920.875,924.165,918.735,918.735,1471,3430,0
2021-12-16 03:00:00,918.735,921.645,915.325,920.765,1261,3130,0
2021-12-16 04:00:00,920.765,923.075,920.745,922.545,1025,2690,0
2021-12-16 05:00:00,922.545,925.475,895.455,921.305,1142,800,0
2021-12-16 06:00:00,921.315,924.125,920.135,923.415,983,4740,0
2021-12-16 07:00:00,923.405,925.455,917.615,924.945,939,4070,0
2021-12-16 08:00:00,924.945,926.355,923.845,925.205,1023,4710,0
2021-12-16 09:00:00,925.275,928.495,919.515,927.005,1715,4470,0
2021-12-16 10:00:00,927.005,927.805,920.705,926.125,2117,4660,0
2021-12-16 11:00:00,926.235,931.045,924.035,930.325,2107,4490,0
2021-12-16 12:00:00,930.285,935.085,929.855,933.405,1609,4530,0
2021-12-16 13:00:00,933.225,934.575,932.225,932.995,1546,3970,0
2021-12-16 14:00:00,932.965,933.595,929.615,931.565,1872,4430,0
2021-12-16 15:00:00,931.655,936.825,924.805,932.725,3531,4360,0
2021-12-16 16:00:00,932.785,936.195,924.165,932.685,6630,4520,0
2021-12-16 17:00:00,932.705,936.565,929.965,935.465,2951,4700,0
2021-12-16 18:00:00,935.475,937.845,930.775,934.375,2398,4360,0
2021-12-16 19:00:00,934.395,936.285,932.275,935.005,2690,4520,0
2021-12-16 20:00:00,934.995,939.765,934.445,937.955,1988,4160,0
2021-12-16 21:00:00,938.015,938.625,932.755,933.865,1639,4370,0
2021-12-16 22:00:00,933.875,937.565,933.345,936.185,1211,4760,0
2021-12-16 23:00:00,936.295,937.405,934.935,935.855,647,6040,0
2021-12-17 01:00:00,932.115,937.495,932.115,935.595,562,5430,0
2021-12-17 02:00:00,935.625,939.015,935.625,937.995,792,5430,0
2021-12-17 03:00:00,937.855,942.485,930.685,942.135,1175,5560,0
2021-12-17 04:00:00,942.155,942.495,938.905,939.785,962,5430,0
2021-12-17 05:00:00,939.675,939.855,935.385,935.535,1066,5660,0
2021-12-17 06:00:00,935.525,936.965,934.535,936.945,788,5360,0
2021-12-17 07:00:00,936.945,938.775,935.875,937.665,1237,4150,0
2021-12-17 08:00:00,937.665,938.745,936.765,937.665,1211,4270,0
2021-12-17 09:00:00,937.665,940.725,934.555,940.405,1528,3810,0
2021-12-17 10:00:00,940.405,943.365,937.935,939.135,2263,3940,0
2021-12-17 11:00:00,939.205,939.205,933.335,935.405,2137,4120,0
2021-12-17 12:00:00,935.425,935.905,933.245,933.525,1620,4820,0
2021-12-17 13:00:00,933.445,936.285,931.725,934.645,1437,4770,0
2021-12-17 14:00:00,934.675,936.945,933.595,935.275,2201,4460,0
2021-12-17 15:00:00,935.435,947.175,935.435,937.915,3952,3390,0
2021-12-17 16:00:00,937.915,941.555,933.185,938.575,3033,4310,0
2021-12-17 17:00:00,938.575,941.905,932.875,940.395,2639,3700,0
2021-12-17 18:00:00,940.395,941.345,935.225,937.275,1862,3980,0
2021-12-17 19:00:00,937.275,941.085,935.435,940.435,1571,3920,0
2021-12-17 20:00:00,940.355,941.155,938.555,940.045,1565,4080,0
2021-12-17 21:00:00,940.045,940.255,938.405,938.525,1013,4270,0
2021-12-17 22:00:00,938.525,938.945,930.715,932.265,1153,3920,0
2021-12-17 23:00:00,932.265,932.995,923.535,923.655,568,4230,0
2021-12-20 01:00:00,931.655,932.545,926.145,926.585,859,4410,0
2021-12-20 02:00:00,926.575,930.985,925.645,930.435,1313,2680,0
2021-12-20 03:00:00,930.525,931.975,927.995,928.975,1029,2910,0
2021-12-20 04:00:00,928.865,929.575,926.715,927.495,1019,2600,0
2021-12-20 05:00:00,927.355,928.015,926.305,926.595,962,3120,0
2021-12-20 06:00:00,926.595,928.535,924.045,927.975,814,3510,0
2021-12-20 07:00:00,927.865,928.745,925.525,926.365,1053,5430,0
2021-12-20 08:00:00,926.365,930.045,921.955,929.825,1484,5430,0
2021-12-20 09:00:00,929.695,929.825,923.495,923.745,1875,5430,0
2021-12-20 10:00:00,923.725,926.075,921.415,924.865,2716,4730,0
2021-12-20 11:00:00,924.885,925.495,921.375,923.795,2211,4010,0
2021-12-20 12:00:00,923.755,927.605,922.595,925.185,1562,4760,0
2021-12-20 13:00:00,925.245,926.025,922.725,924.875,1173,4490,0
2021-12-20 14:00:00,924.775,928.295,922.485,922.525,2084,2850,0
2021-12-20 15:00:00,922.505,929.555,918.525,927.575,4279,4190,0
2021-12-20 16:00:00,927.625,931.335,917.135,919.105,5400,3970,0
2021-12-20 17:00:00,918.925,928.785,918.925,925.565,5935,3380,0
2021-12-20 18:00:00,925.515,931.375,925.255,931.075,3487,2900,0
2021-12-20 19:00:00,930.965,935.505,930.075,935.505,2994,3130,0
2021-12-20 20:00:00,935.445,935.995,931.025,933.585,3656,3090,0
2021-12-20 21:00:00,933.545,934.455,932.795,933.645,3127,3510,0
2021-12-20 22:00:00,933.565,934.945,932.675,934.555,3519,3460,0
2021-12-20 23:00:00,934.505,934.975,933.805,933.805,819,3430,0
2021-12-21 01:00:00,930.795,933.205,928.765,931.325,610,5430,0
2021-12-21 02:00:00,931.335,931.595,928.105,928.505,818,5500,0
2021-12-21 03:00:00,928.455,929.335,926.275,927.155,1086,5510,0
2021-12-21 04:00:00,927.265,930.575,927.035,928.515,849,5870,0
2021-12-21 05:00:00,928.525,929.125,927.185,928.375,965,5430,0
2021-12-21 06:00:00,928.415,928.415,926.545,927.415,719,6500,0
2021-12-21 07:00:00,927.435,931.585,927.365,931.395,1222,5430,0
2021-12-21 08:00:00,931.385,932.015,927.025,928.895,1244,5860,0
2021-12-21 09:00:00,928.985,934.345,927.685,933.215,2156,4050,0
2021-12-21 10:00:00,933.325,939.235,932.665,938.915,2697,2330,0
2021-12-21 11:00:00,938.795,944.145,938.345,943.265,1861,1400,0
2021-12-21 12:00:00,943.325,943.765,939.535,940.185,1593,1710,0
2021-12-21 13:00:00,940.145,942.615,939.205,940.755,1442,3950,0
2021-12-21 14:00:00,940.755,943.185,938.645,940.875,1546,2690,0
2021-12-21 15:00:00,940.925,943.505,934.305,940.135,3108,2040,0
2021-12-21 16:00:00,940.105,940.175,931.445,934.645,4598,1330,0
2021-12-21 17:00:00,934.645,938.885,932.665,933.095,3502,1270,0
2021-12-21 18:00:00,933.085,935.215,929.095,930.285,2613,1490,0
2021-12-21 19:00:00,930.255,932.125,928.605,932.035,2420,3810,0
2021-12-21 20:00:00,931.955,935.875,931.445,935.325,1852,3980,0
2021-12-21 21:00:00,935.385,936.185,934.065,935.805,1360,4050,0
2021-12-21 22:00:00,935.735,936.615,934.395,935.495,1351,4280,0
2021-12-21 23:00:00,935.585,936.305,933.925,934.085,823,3820,0
2021-12-22 01:00:00,932.005,935.455,932.005,933.345,647,4710,0
2021-12-22 02:00:00,933.415,933.955,932.155,932.955,753,4960,0
2021-12-22 03:00:00,932.955,934.335,931.645,933.365,887,5440,0
2021-12-22 04:00:00,933.415,934.665,931.485,931.675,862,4640,0
2021-12-22 05:00:00,931.685,933.935,930.785,932.595,694,4140,0
2021-12-22 06:00:00,932.365,933.715,931.695,932.855,550,4320,0
2021-12-22 07:00:00,932.855,934.245,931.505,934.135,810,3810,0
2021-12-22 08:00:00,934.125,934.335,932.965,933.395,779,4190,0
2021-12-22 09:00:00,933.395,934.665,933.035,934.255,746,3900,0
2021-12-22 10:00:00,934.375,937.275,933.325,936.025,1187,3170,0
2021-12-22 11:00:00,936.025,940.845,935.815,939.355,1540,3120,0
2021-12-22 12:00:00,939.325,940.525,937.885,939.395,1596,4180,0
2021-12-22 13:00:00,939.375,940.185,938.135,939.985,1294,4230,0
2021-12-22 14:00:00,939.985,942.485,939.685,941.755,1656,4110,0
2021-12-22 15:00:00,941.735,948.385,934.065,947.845,3075,4190,0
2021-12-22 16:00:00,947.935,951.035,942.295,942.545,3223,2560,0
2021-12-22 17:00:00,942.465,953.505,942.305,952.745,3327,2880,0
2021-12-22 18:00:00,952.745,960.725,952.355,960.665,3656,3140,0
2021-12-22 19:00:00,960.565,969.695,959.475,966.795,3177,2490,0
2021-12-22 20:00:00,966.795,969.925,964.805,966.335,1742,3340,0
2021-12-22 21:00:00,966.345,968.505,965.005,968.485,1361,4910,0
2021-12-22 22:00:00,968.505,968.565,964.775,967.155,1403,4700,0
2021-12-22 23:00:00,967.185,967.275,964.315,964.315,746,5220,0
2021-12-23 01:00:00,964.055,966.715,961.995,962.785,864,5320,0
2021-12-23 02:00:00,962.975,963.885,959.625,962.335,763,5430,0
2021-12-23 03:00:00,962.345,966.085,956.695,965.935,1035,5430,0
2021-12-23 04:00:00,965.985,966.005,962.105,963.835,779,5430,0
2021-12-23 05:00:00,963.785,964.855,961.575,963.235,573,6500,0
2021-12-23 06:00:00,963.215,966.835,963.015,966.085,598,5740,0
2021-12-23 07:00:00,966.095,970.925,965.835,969.685,747,5920,0
2021-12-23 08:00:00,969.685,971.765,965.785,965.785,1022,5430,0
2021-12-23 09:00:00,965.725,973.125,965.665,972.195,973,4790,0
2021-12-23 10:00:00,972.195,973.925,964.975,970.105,1354,3150,0
2021-12-23 11:00:00,970.125,972.625,962.465,970.255,1287,2040,0
2021-12-23 12:00:00,970.225,972.465,966.965,969.455,782,2780,0
2021-12-23 13:00:00,969.475,970.555,968.185,969.395,812,2580,0
2021-12-23 14:00:00,969.385,969.405,964.805,967.265,1150,2450,0
2021-12-23 15:00:00,967.255,973.225,960.965,971.185,2248,2520,0
2021-12-23 16:00:00,971.185,973.355,958.375,958.375,2502,2220,0
2021-12-23 17:00:00,958.475,968.915,958.445,968.735,2329,2900,0
2021-12-23 18:00:00,968.615,974.365,968.515,971.295,1840,2030,0
2021-12-23 19:00:00,971.305,976.585,970.305,973.085,1644,2300,0
2021-12-23 20:00:00,973.085,976.185,972.695,974.245,1308,3280,0
2021-12-23 21:00:00,974.185,975.745,970.125,975.065,889,3900,0
2021-12-23 22:00:00,975.055,975.155,972.145,972.815,1121,4900,0
2021-12-23 23:00:00,972.805,973.135,970.855,970.855,596,8450,0
2021-12-24 01:00:00,970.415,970.415,970.415,970.415,1,12470,0
2021-12-27 01:00:00,968.145,973.005,966.495,968.735,867,5430,0
2021-12-27 02:00:00,968.685,970.555,965.865,967.335,1024,5430,0
2021-12-27 03:00:00,967.305,972.345,964.995,970.285,1256,5430,0
2021-12-27 04:00:00,970.295,971.095,968.895,969.345,930,5430,0
2021-12-27 05:00:00,969.355,969.995,965.895,969.285,617,5430,0
2021-12-27 06:00:00,969.275,969.335,966.375,966.455,609,5430,0
2021-12-27 07:00:00,966.405,966.725,958.175,960.815,950,5430,0
2021-12-27 08:00:00,960.765,961.785,957.385,961.285,1012,5430,0
2021-12-27 09:00:00,961.305,962.155,957.295,960.665,929,5430,0
2021-12-27 10:00:00,960.705,963.665,958.655,960.375,1263,3800,0
2021-12-27 11:00:00,960.395,963.845,959.035,962.105,980,3260,0
2021-12-27 12:00:00,962.225,963.995,961.335,962.905,934,3450,0
2021-12-27 13:00:00,962.845,965.015,961.175,965.015,1033,3290,0
2021-12-27 14:00:00,964.965,967.175,963.415,965.035,1378,3390,0
2021-12-27 15:00:00,965.045,965.125,954.235,959.325,3125,3960,0
2021-12-27 16:00:00,959.525,964.655,956.635,960.365,2525,3600,0
2021-12-27 17:00:00,960.425,969.465,959.205,968.115,2546,3950,0
2021-12-27 18:00:00,968.135,971.185,962.825,969.605,2074,4200,0
2021-12-27 19:00:00,969.575,976.945,969.295,976.205,1858,4150,0
2021-12-27 20:00:00,976.105,976.925,968.695,970.585,1308,3990,0
2021-12-27 21:00:00,970.565,973.035,970.205,972.335,987,4740,0
2021-12-27 22:00:00,972.335,974.085,971.105,973.355,1023,3840,0
2021-12-27 23:00:00,973.455,973.455,969.915,970.335,602,5560,0
2021-12-28 01:00:00,968.435,972.385,964.455,972.335,514,5100,0
2021-12-28 02:00:00,972.325,972.505,969.175,970.215,494,5050,0
2021-12-28 03:00:00,970.215,970.485,966.435,968.795,1119,5530,0
2021-12-28 04:00:00,968.805,969.935,967.095,967.715,936,4630,0
2021-12-28 05:00:00,967.755,968.625,966.115,968.225,768,5550,0
2021-12-28 06:00:00,968.225,970.275,966.555,970.275,360,5480,0
2021-12-28 07:00:00,970.285,971.715,968.985,971.675,770,5320,0
2021-12-28 08:00:00,971.675,972.155,968.095,970.545,886,5360,0
2021-12-28 09:00:00,970.555,971.555,966.875,967.495,970,5430,0
2021-12-28 10:00:00,967.645,973.745,967.185,973.705,1252,4110,0
2021-12-28 11:00:00,973.715,975.805,972.435,975.795,1530,3380,0
2021-12-28 12:00:00,975.805,979.005,973.425,975.435,990,2500,0
2021-12-28 13:00:00,975.485,978.535,974.535,978.395,1330,2200,0
2021-12-28 14:00:00,978.295,982.605,977.505,978.775,1544,2020,0
2021-12-28 15:00:00,978.685,990.045,978.205,981.465,2820,2520,0
2021-12-28 16:00:00,981.335,988.125,978.945,987.725,3830,3700,0
2021-12-28 17:00:00,987.775,989.145,981.355,982.335,2234,3870,0
2021-12-28 18:00:00,982.335,984.325,978.635,982.975,1634,3430,0
2021-12-28 19:00:00,982.945,983.385,978.355,978.775,1465,3960,0
2021-12-28 20:00:00,978.775,980.835,975.285,977.665,1535,4330,0
2021-12-28 21:00:00,977.735,979.815,975.665,976.895,1106,4830,0
2021-12-28 22:00:00,976.795,977.335,975.735,976.395,1353,4610,0
2021-12-28 23:00:00,976.455,977.245,975.355,975.355,811,5800,0
2021-12-29 01:00:00,973.235,977.715,973.235,976.385,640,6230,0
2021-12-29 02:00:00,976.385,976.595,969.885,971.465,1574,5860,0
2021-12-29 03:00:00,971.295,971.485,967.085,967.225,1891,5420,0
2021-12-29 04:00:00,967.215,967.235,959.415,962.235,1202,5750,0
2021-12-29 05:00:00,962.185,965.415,961.555,965.415,804,5920,0
2021-12-29 06:00:00,965.845,966.275,965.055,965.815,632,5430,0
2021-12-29 07:00:00,965.815,966.535,963.685,965.485,856,5430,0
2021-12-29 08:00:00,965.505,966.665,964.175,964.685,708,5430,0
2021-12-29 09:00:00,964.735,967.685,963.705,966.515,764,5610,0
2021-12-29 10:00:00,966.495,976.085,965.465,975.175,1750,3450,0
2021-12-29 11:00:00,975.275,975.745,972.815,973.185,1322,3120,0
2021-12-29 12:00:00,973.245,973.555,966.865,968.935,1327,3180,0
2021-12-29 13:00:00,968.995,973.175,965.845,971.525,1310,2370,0
2021-12-29 14:00:00,971.455,972.035,968.585,969.635,1240,3440,0
2021-12-29 15:00:00,969.485,971.795,961.955,963.265,2729,3140,0
2021-12-29 16:00:00,963.315,972.065,961.475,967.875,3997,3150,0
2021-12-29 17:00:00,967.945,972.855,964.915,967.935,2894,3190,0
2021-12-29 18:00:00,967.935,973.405,967.935,969.765,2340,2910,0
2021-12-29 19:00:00,969.725,973.905,968.895,970.815,1410,2650,0
2021-12-29 20:00:00,970.815,972.285,969.285,971.575,1319,2640,0
2021-12-29 21:00:00,971.695,972.145,969.615,970.905,610,2600,0
2021-12-29 22:00:00,970.905,971.485,970.475,971.085,936,2720,0
2021-12-29 23:00:00,971.165,971.305,967.835,967.835,342,2590,0
2021-12-30 01:00:00,966.505,969.775,966.505,968.965,961,3580,0
2021-12-30 02:00:00,968.985,970.485,966.305,968.325,1106,3760,0
2021-12-30 03:00:00,968.325,969.005,966.585,968.435,2228,3770,0
2021-12-30 04:00:00,968.415,968.815,966.365,966.805,1271,3580,0
2021-12-30 05:00:00,966.775,967.545,965.715,965.775,1400,3670,0
2021-12-30 06:00:00,965.715,966.205,965.425,965.615,881,3750,0
2021-12-30 07:00:00,965.685,965.735,962.265,962.385,2043,3670,0
2021-12-30 08:00:00,962.415,964.705,962.185,964.305,1705,3730,0
2021-12-30 09:00:00,965.015,965.895,962.205,965.455,1707,2880,0
2021-12-30 10:00:00,965.575,969.915,964.595,969.655,1620,2640,0
2021-12-30 11:00:00,969.705,969.775,966.395,966.555,1339,2960,0
2021-12-30 12:00:00,966.505,968.315,958.975,964.055,1683,2980,0
2021-12-30 13:00:00,963.995,967.505,960.085,967.415,1374,3330,0
2021-12-30 14:00:00,967.225,968.075,962.795,968.055,1204,3250,0
2021-12-30 15:00:00,968.035,968.035,961.695,963.905,4247,3200,0
2021-12-30 16:00:00,963.955,972.165,959.805,971.305,5195,3150,0
2021-12-30 17:00:00,971.345,973.925,962.885,963.155,3961,3070,0
2021-12-30 18:00:00,963.105,968.275,962.035,967.885,2562,3210,0
2021-12-30 19:00:00,968.035,968.415,964.205,966.065,1580,3190,0
2021-12-30 20:00:00,966.155,967.155,962.375,963.455,1287,3260,0
2021-12-30 21:00:00,963.455,964.255,962.115,963.815,1328,3340,0
2021-12-30 22:00:00,963.755,965.145,963.085,963.795,1537,3280,0
2021-12-30 23:00:00,963.745,964.415,961.905,962.135,683,3320,0
2021-12-31 01:00:00,959.255,964.355,959.255,963.365,501,5430,0
2021-12-31 02:00:00,963.265,963.415,960.255,960.745,552,5570,0
2021-12-31 03:00:00,960.565,964.495,960.565,962.945,1134,5620,0
2021-12-31 04:00:00,962.935,964.195,960.975,963.925,558,6110,0
2021-12-31 05:00:00,963.925,964.005,962.525,963.475,425,5500,0
2021-12-31 06:00:00,963.435,964.185,962.435,962.625,978,5550,0
2021-12-31 07:00:00,962.665,965.385,962.595,964.585,561,5430,0
2021-12-31 08:00:00,964.605,966.175,962.865,965.415,1252,5430,0
2021-12-31 09:00:00,965.435,965.635,960.875,963.295,824,5220,0
2021-12-31 10:00:00,963.295,966.435,962.825,965.225,1402,3170,0
2021-12-31 11:00:00,965.165,966.215,954.785,958.115,1376,3650,0
2021-12-31 12:00:00,958.095,960.085,957.985,959.645,1113,3540,0
2021-12-31 13:00:00,959.615,959.625,951.795,953.005,1641,830,0
2021-12-31 14:00:00,953.005,957.725,951.545,954.765,1955,3300,0
2021-12-31 15:00:00,954.775,961.495,953.465,957.085,3096,3050,0
2021-12-31 16:00:00,957.035,962.625,953.615,954.125,5890,3130,0
2021-12-31 17:00:00,954.135,959.485,951.025,958.985,5070,3250,0
2021-12-31 18:00:00,958.995,966.055,957.835,962.345,2808,2850,0
2021-12-31 19:00:00,962.355,970.075,960.785,968.455,1952,4190,0
2021-12-31 20:00:00,968.455,969.425,965.745,967.945,1566,3800,0
2021-12-31 21:00:00,968.065,968.085,964.395,965.895,1161,3650,0
2021-12-31 22:00:00,965.975,967.975,964.635,964.745,1097,3380,0
2021-12-31 23:00:00,964.815,964.815,964.745,964.745,2,5610,0
2022-01-03 01:00:00,972.475,973.895,968.035,970.315,824,5350,0
2022-01-03 02:00:00,970.305,973.225,968.685,972.115,999,5140,0
2022-01-03 03:00:00,972.115,975.645,967.155,968.445,1426,3640,0
2022-01-03 04:00:00,968.555,968.555,965.365,966.035,1307,4540,0
2022-01-03 05:00:00,966.045,966.345,963.955,966.055,865,4730,0
2022-01-03 06:00:00,966.055,966.535,964.275,965.405,614,4690,0
2022-01-03 07:00:00,965.555,965.875,963.115,964.875,955,4620,0
2022-01-03 08:00:00,964.875,966.365,963.105,965.935,988,4400,0
2022-01-03 09:00:00,966.005,967.895,962.985,967.215,1909,3530,0
2022-01-03 10:00:00,967.135,972.615,966.065,970.995,1642,2780,0
2022-01-03 11:00:00,971.045,979.045,971.045,978.945,1579,2180,0
2022-01-03 12:00:00,978.945,982.475,978.245,979.635,1239,2380,0
2022-01-03 13:00:00,979.675,982.255,978.095,980.525,1255,2130,0
2022-01-03 14:00:00,980.445,980.485,972.165,973.465,1420,1780,0
2022-01-03 15:00:00,973.465,973.555,942.045,942.725,4615,2300,0
2022-01-03 16:00:00,942.725,954.405,932.275,950.785,7290,1500,0
2022-01-03 17:00:00,950.775,953.785,940.925,951.185,7108,2190,0
2022-01-03 18:00:00,951.185,953.695,945.125,952.745,4061,2980,0
2022-01-03 19:00:00,952.735,956.335,951.465,956.025,2213,2740,0
2022-01-03 20:00:00,956.015,956.755,954.125,956.385,2266,3760,0
2022-01-03 21:00:00,956.385,957.885,955.335,956.955,1673,4040,0
2022-01-03 22:00:00,956.895,959.785,955.795,957.675,1866,4240,0
2022-01-03 23:00:00,957.675,958.165,955.605,955.605,746,4570,0
2022-01-04 01:00:00,955.435,959.805,955.435,959.405,969,4350,0
2022-01-04 02:00:00,959.405,962.165,958.515,961.825,1231,4460,0
2022-01-04 03:00:00,961.845,962.605,955.405,958.315,3299,4590,0
2022-01-04 04:00:00,958.275,959.795,957.045,957.455,2147,4700,0
2022-01-04 05:00:00,957.515,958.725,956.005,957.555,870,5180,0
2022-01-04 06:00:00,957.545,958.825,956.965,957.225,776,5430,0
2022-01-04 07:00:00,957.115,958.325,956.825,957.515,907,5260,0
2022-01-04 08:00:00,957.615,957.715,951.245,951.975,958,5310,0
2022-01-04 09:00:00,951.975,956.535,951.965,955.305,1437,4300,0
2022-01-04 10:00:00,955.245,958.625,953.165,955.875,1942,3780,0
2022-01-04 11:00:00,955.875,963.605,955.255,963.425,2168,2630,0
2022-01-04 12:00:00,963.425,964.925,962.215,963.825,1624,3100,0
2022-01-04 13:00:00,963.825,964.245,958.245,958.475,1787,2930,0
2022-01-04 14:00:00,958.385,959.885,948.855,952.145,2737,3290,0
2022-01-04 15:00:00,952.145,971.955,950.715,970.485,4347,1530,0
2022-01-04 16:00:00,970.685,985.445,970.145,976.695,7104,2680,0
2022-01-04 17:00:00,977.175,985.175,973.645,974.285,7329,2880,0
2022-01-04 18:00:00,974.325,978.125,971.355,972.395,4181,3160,0
2022-01-04 19:00:00,972.375,974.085,970.925,972.165,2775,3610,0
2022-01-04 20:00:00,972.165,974.565,971.095,973.475,1806,4610,0
2022-01-04 21:00:00,973.485,977.395,973.165,975.305,1160,5430,0
2022-01-04 22:00:00,975.305,976.695,972.855,974.775,966,4580,0
2022-01-04 23:00:00,974.745,974.925,973.165,973.505,605,5010,0
2022-01-05 01:00:00,969.165,975.155,969.165,973.525,660,5750,0
2022-01-05 02:00:00,973.445,976.255,972.405,974.445,660,5430,0
2022-01-05 03:00:00,974.355,974.505,970.625,971.315,938,5430,0
2022-01-05 04:00:00,971.235,971.445,968.415,971.225,915,5430,0
2022-01-05 05:00:00,971.235,972.455,969.695,971.325,802,5430,0
2022-01-05 06:00:00,971.265,972.095,970.365,971.805,641,5430,0
2022-01-05 07:00:00,971.735,972.875,967.325,970.175,718,5430,0
2022-01-05 08:00:00,970.185,971.435,968.655,969.605,880,5380,0
2022-01-05 09:00:00,969.575,970.595,967.585,969.685,888,5430,0
2022-01-05 10:00:00,969.765,975.845,969.605,975.795,1791,3440,0
2022-01-05 11:00:00,975.845,982.765,975.225,981.585,1870,2580,0
2022-01-05 12:00:00,981.555,982.965,980.305,980.415,1224,4140,0
2022-01-05 13:00:00,980.435,983.235,978.985,980.085,1125,3150,0
2022-01-05 14:00:00,980.075,980.335,976.665,978.675,1272,3250,0
2022-01-05 15:00:00,978.625,991.445,973.105,987.545,4442,2320,0
2022-01-05 16:00:00,987.575,988.615,979.425,988.285,4504,3120,0
2022-01-05 17:00:00,988.315,998.715,987.975,997.245,4596,1810,0
2022-01-05 18:00:00,997.175,998.325,993.495,996.005,1974,2950,0
2022-01-05 19:00:00,995.955,1005.065,995.855,1002.385,2393,3710,0
2022-01-05 20:00:00,1002.315,1002.915,993.015,994.985,1865,4070,0
2022-01-05 21:00:00,994.925,997.965,984.125,985.895,3834,5010,0
2022-01-05 22:00:00,985.875,986.385,979.405,980.625,1777,5910,0
2022-01-05 23:00:00,980.525,982.915,980.525,981.815,694,5970,0
2022-01-06 01:00:00,981.345,986.735,978.665,983.945,926,5480,0
2022-01-06 02:00:00,983.925,983.925,980.225,982.505,1114,5430,0
2022-01-06 03:00:00,982.485,983.565,975.955,982.825,1656,5430,0
2022-01-06 04:00:00,982.855,982.855,977.795,980.875,1125,5430,0
2022-01-06 05:00:00,980.845,982.085,975.215,978.325,1083,5430,0
2022-01-06 06:00:00,978.305,978.385,972.045,973.695,914,5430,0
2022-01-06 07:00:00,973.815,977.785,972.235,974.495,1242,4770,0
2022-01-06 08:00:00,974.405,976.055,970.695,974.575,1286,4150,0
2022-01-06 09:00:00,974.575,977.535,972.385,973.605,2077,3440,0
2022-01-06 10:00:00,973.605,976.365,963.275,967.745,2889,3480,0
2022-01-06 11:00:00,967.745,971.455,964.115,970.685,2205,3090,0
2022-01-06 12:00:00,970.665,978.395,968.865,975.085,1935,3910,0
2022-01-06 13:00:00,975.145,976.165,971.575,974.485,2013,3580,0
2022-01-06 14:00:00,974.485,978.165,970.495,970.495,1691,4130,0
2022-01-06 15:00:00,970.555,974.225,961.125,967.055,4302,3170,0
2022-01-06 16:00:00,967.055,970.925,952.565,953.245,3501,2970,0
2022-01-06 17:00:00,953.785,965.835,953.455,962.625,4225,2590,0
2022-01-06 18:00:00,962.625,964.425,958.625,960.195,2592,3440,0
2022-01-06 19:00:00,960.195,966.285,959.795,963.225,1834,2440,0
2022-01-06 20:00:00,963.225,966.035,962.135,963.945,1828,2310,0
2022-01-06 21:00:00,963.955,966.145,963.085,965.325,1347,2860,0
2022-01-06 22:00:00,965.325,966.235,962.535,964.685,1360,2510,0
2022-01-06 23:00:00,964.685,965.785,963.515,964.715,735,3430,0
2022-01-07 01:00:00,965.985,969.395,964.055,967.365,959,3430,0
2022-01-07 02:00:00,967.415,971.015,967.365,970.295,943,3890,0
2022-01-07 03:00:00,970.295,970.515,966.005,968.685,1298,3980,0
2022-01-07 04:00:00,968.685,969.365,965.555,968.935,1171,3690,0
2022-01-07 05:00:00,968.945,971.175,967.875,971.165,923,3060,0
2022-01-07 06:00:00,971.175,971.175,967.525,970.675,1254,3090,0
2022-01-07 07:00:00,970.665,970.885,966.255,968.295,1042,3520,0
2022-01-07 08:00:00,968.415,968.585,964.105,966.205,770,3650,0
2022-01-07 09:00:00,966.215,966.915,962.695,965.155,1180,1640,0
2022-01-07 10:00:00,964.965,966.885,961.665,966.695,1465,2040,0
2022-01-07 11:00:00,966.695,974.895,964.275,971.605,1585,2240,0
2022-01-07 12:00:00,971.555,972.885,968.965,970.235,1617,4160,0
2022-01-07 13:00:00,970.185,971.255,968.575,970.855,1209,4610,0
2022-01-07 14:00:00,970.795,971.355,966.585,966.995,1528,4460,0
2022-01-07 15:00:00,966.925,967.735,954.955,959.405,5774,3250,0
2022-01-07 16:00:00,959.405,963.385,956.515,958.045,3366,3550,0
2022-01-07 17:00:00,958.145,958.335,949.775,953.015,3893,2240,0
2022-01-07 18:00:00,953.015,959.795,952.275,959.335,2556,2580,0
2022-01-07 19:00:00,959.265,961.795,955.835,958.775,2259,2560,0
2022-01-07 20:00:00,958.715,964.375,957.565,962.165,1975,1760,0
2022-01-07 21:00:00,962.165,964.415,961.005,962.885,1395,1580,0
2022-01-07 22:00:00,962.885,963.335,958.775,959.035,1258,2210,0
2022-01-07 23:00:00,959.035,960.415,954.145,954.695,539,1790,0
2022-01-10 01:00:00,957.405,957.725,947.975,954.315,555,6000,0
2022-01-10 02:00:00,954.315,959.955,952.995,956.615,881,2570,0
2022-01-10 03:00:00,956.585,958.725,952.075,957.385,1160,2850,0
2022-01-10 04:00:00,957.385,959.055,954.455,957.765,893,2400,0
2022-01-10 05:00:00,957.765,957.765,955.085,956.675,646,2380,0
2022-01-10 06:00:00,956.675,958.575,954.875,958.295,579,2660,0
2022-01-10 07:00:00,958.295,959.355,955.825,958.385,850,2350,0
2022-01-10 08:00:00,958.365,958.645,953.825,957.275,749,2450,0
2022-01-10 09:00:00,957.315,963.515,952.755,959.215,1346,5430,0
2022-01-10 10:00:00,959.645,963.535,954.105,962.285,2003,3350,0
2022-01-10 11:00:00,962.285,965.875,959.195,959.895,1699,3610,0
2022-01-10 12:00:00,959.895,961.425,958.705,958.705,2084,3980,0
2022-01-10 13:00:00,958.795,961.375,957.905,959.805,1435,3500,0
2022-01-10 14:00:00,959.835,960.525,944.065,945.625,1716,4180,0
2022-01-10 15:00:00,945.635,951.125,934.815,936.445,4283,2760,0
2022-01-10 16:00:00,936.615,936.655,925.935,926.355,4411,2810,0
2022-01-10 17:00:00,926.295,934.115,925.895,930.265,3011,3190,0
2022-01-10 18:00:00,929.445,936.655,927.025,936.415,2783,4550,0
2022-01-10 19:00:00,936.475,941.335,934.265,937.645,2365,3520,0
2022-01-10 20:00:00,937.635,940.575,937.225,939.205,1578,3550,0
2022-01-10 21:00:00,939.165,941.385,938.385,940.235,1314,4090,0
2022-01-10 22:00:00,940.235,942.015,938.535,941.795,1996,4760,0
2022-01-10 23:00:00,941.725,943.595,939.875,939.875,726,4030,0
2022-01-11 01:00:00,940.445,951.995,940.445,951.595,1157,4180,0
2022-01-11 02:00:00,951.535,953.565,947.735,949.315,1178,4630,0
2022-01-11 03:00:00,949.325,951.135,941.735,948.445,1145,5430,0
2022-01-11 04:00:00,948.555,953.975,948.095,953.315,1027,5410,0
2022-01-11 05:00:00,953.225,955.095,949.945,951.205,1076,5430,0
2022-01-11 06:00:00,951.225,951.375,948.675,950.825,873,5430,0
2022-01-11 07:00:00,950.755,952.605,948.705,951.535,1270,5430,0
2022-01-11 08:00:00,951.505,953.585,941.155,947.745,1930,5430,0
2022-01-11 09:00:00,947.605,951.575,945.105,950.755,1600,4440,0
2022-01-11 10:00:00,950.635,952.645,947.875,949.345,2196,3450,0
2022-01-11 11:00:00,949.305,949.725,942.825,944.725,1732,3170,0
2022-01-11 12:00:00,944.715,945.325,941.605,942.315,1356,3350,0
2022-01-11 13:00:00,942.275,946.035,941.115,945.075,1161,3230,0
2022-01-11 14:00:00,945.015,951.345,944.555,948.965,2165,3180,0
2022-01-11 15:00:00,948.965,950.655,942.265,943.975,3998,3140,0
2022-01-11 16:00:00,944.035,948.035,941.255,946.415,3917,2280,0
2022-01-11 17:00:00,946.345,956.675,945.785,955.625,5553,2910,0
2022-01-11 18:00:00,955.625,967.015,955.515,963.385,4493,2890,0
2022-01-11 19:00:00,963.415,976.625,963.065,975.305,2855,3200,0
2022-01-11 20:00:00,975.385,979.695,972.245,974.145,2638,2860,0
2022-01-11 21:00:00,974.005,975.025,972.015,974.105,1483,3510,0
2022-01-11 22:00:00,974.045,974.625,972.565,973.665,1577,3560,0
2022-01-11 23:00:00,973.565,973.865,972.375,972.375,481,3970,0
2022-01-12 01:00:00,970.575,973.085,969.455,970.405,840,4100,0
2022-01-12 02:00:00,970.405,972.095,969.505,969.635,758,4380,0
2022-01-12 03:00:00,969.585,971.305,968.395,969.015,2172,4250,0
2022-01-12 04:00:00,969.015,970.175,968.565,969.595,2055,4500,0
2022-01-12 05:00:00,969.595,970.365,968.465,969.335,714,4100,0
2022-01-12 06:00:00,969.285,969.335,967.715,968.905,964,4680,0
2022-01-12 07:00:00,968.985,973.295,968.665,972.225,1389,4630,0
2022-01-12 08:00:00,972.225,973.865,970.675,972.045,1252,4340,0
2022-01-12 09:00:00,972.045,972.075,965.725,967.825,1495,4160,0
2022-01-12 10:00:00,967.795,969.895,966.835,968.625,1954,3390,0
2022-01-12 11:00:00,968.635,973.785,968.605,973.635,1609,3220,0
2022-01-12 12:00:00,973.625,973.925,969.525,971.725,1299,3100,0
2022-01-12 13:00:00,971.685,974.835,971.165,972.845,1219,3300,0
2022-01-12 14:00:00,972.845,974.195,969.915,973.155,1746,3990,0
2022-01-12 15:00:00,973.205,984.035,966.935,981.355,6378,3190,0
2022-01-12 16:00:00,981.375,987.315,977.445,982.985,6714,2920,0
2022-01-12 17:00:00,983.065,985.885,975.465,980.515,4994,2710,0
2022-01-12 18:00:00,980.525,982.655,975.475,980.595,3529,2890,0
2022-01-12 19:00:00,980.645,984.145,978.195,981.435,2970,3030,0
2022-01-12 20:00:00,981.525,983.195,978.725,979.495,2761,4070,0
2022-01-12 21:00:00,979.855,982.425,979.455,982.055,1900,3890,0
2022-01-12 22:00:00,982.115,982.115,978.445,979.025,1334,4550,0
2022-01-12 23:00:00,979.135,980.275,977.325,977.335,830,5550,0
2022-01-13 01:00:00,977.275,980.065,977.275,979.555,717,5430,0
2022-01-13 02:00:00,979.545,980.015,976.625,978.405,807,5430,0
2022-01-13 03:00:00,978.525,979.245,976.185,977.105,1167,5320,0
2022-01-13 04:00:00,976.995,979.095,976.575,978.375,837,4530,0
2022-01-13 05:00:00,978.365,978.525,976.895,978.115,673,4460,0
2022-01-13 06:00:00,978.105,979.975,976.035,979.575,554,4740,0
2022-01-13 07:00:00,979.465,979.675,976.175,976.495,820,4600,0
2022-01-13 08:00:00,976.385,978.255,973.465,974.735,1085,4420,0
2022-01-13 09:00:00,974.655,977.415,972.945,976.305,1052,5430,0
2022-01-13 10:00:00,976.435,977.425,973.395,973.565,1599,4490,0
2022-01-13 11:00:00,973.575,975.785,970.395,975.405,1376,2910,0
2022-01-13 12:00:00,975.405,977.595,973.165,973.265,1162,2730,0
2022-01-13 13:00:00,973.325,977.245,973.285,976.405,1068,3320,0
2022-01-13 14:00:00,976.355,978.155,974.525,976.965,1688,3310,0
2022-01-13 15:00:00,977.005,982.375,968.945,977.405,4234,1290,0
2022-01-13 16:00:00,977.495,981.865,972.975,975.645,5249,2550,0
2022-01-13 17:00:00,975.775,978.245,966.045,968.515,4516,2460,0
2022-01-13 18:00:00,968.415,978.245,966.195,978.135,3077,2140,0
2022-01-13 19:00:00,978.165,978.165,973.965,977.265,1985,2540,0
2022-01-13 20:00:00,977.265,977.405,973.995,975.885,2415,2440,0
2022-01-13 21:00:00,975.825,976.295,973.365,974.555,1564,3020,0
2022-01-13 22:00:00,974.485,974.805,969.335,970.365,2294,3170,0
2022-01-13 23:00:00,970.365,971.915,969.185,969.185,648,3910,0
2022-01-14 01:00:00,969.735,972.295,966.705,971.515,845,3960,0
2022-01-14 02:00:00,971.495,974.365,970.395,974.345,1424,3240,0
2022-01-14 03:00:00,974.345,975.185,972.165,973.075,1321,3330,0
2022-01-14 04:00:00,973.075,976.025,972.065,975.935,1301,3540,0
2022-01-14 05:00:00,975.935,976.945,974.865,976.465,1001,3360,0
2022-01-14 06:00:00,976.475,980.035,976.225,978.305,727,4190,0
2022-01-14 07:00:00,978.305,982.825,978.305,982.725,924,2190,0
2022-01-14 08:00:00,982.725,983.565,981.315,982.575,1007,2130,0
2022-01-14 09:00:00,982.575,984.175,979.985,983.465,1342,2080,0
2022-01-14 10:00:00,983.465,985.135,978.255,978.565,1837,2600,0
2022-01-14 11:00:00,978.395,981.505,977.905,979.385,1519,2760,0
2022-01-14 12:00:00,979.385,979.515,977.455,978.725,1107,2830,0
2022-01-14 13:00:00,978.725,980.775,976.995,980.315,1232,2620,0
2022-01-14 14:00:00,980.315,984.035,973.835,973.935,2157,2320,0
2022-01-14 15:00:00,973.865,980.675,966.945,979.825,4748,2980,0
2022-01-14 16:00:00,979.825,986.135,977.335,977.735,3487,1880,0
2022-01-14 17:00:00,977.025,986.285,976.655,977.435,2958,2390,0
2022-01-14 18:00:00,977.435,978.285,972.395,972.985,2340,2430,0
2022-01-14 19:00:00,972.925,974.025,968.455,971.075,2140,1760,0
2022-01-14 20:00:00,971.075,971.575,968.625,971.125,2832,2210,0
2022-01-14 21:00:00,971.015,972.215,970.025,970.665,2919,2840,0
2022-01-14 22:00:00,970.705,972.685,970.045,971.325,2860,3490,0
2022-01-14 23:00:00,971.315,972.325,969.695,969.695,1043,3690,0
2022-01-17 01:00:00,966.785,971.725,966.725,971.445,1125,4530,0
2022-01-17 02:00:00,971.395,971.655,969.325,970.375,1343,3480,0
2022-01-17 03:00:00,970.375,970.375,966.945,968.405,2000,2450,0
2022-01-17 04:00:00,968.395,969.625,967.905,969.485,1768,3110,0
2022-01-17 05:00:00,969.535,972.415,969.475,971.155,866,2350,0
2022-01-17 06:00:00,971.235,973.425,971.135,971.875,740,3230,0
2022-01-17 07:00:00,971.885,972.035,970.885,971.175,1139,3870,0
2022-01-17 08:00:00,971.175,972.535,971.135,972.475,957,3400,0
2022-01-17 09:00:00,972.465,976.405,971.805,976.375,1435,2570,0
2022-01-17 10:00:00,976.335,976.335,972.325,975.315,1394,3120,0
2022-01-17 11:00:00,975.275,975.775,970.655,971.495,1341,2930,0
2022-01-17 12:00:00,971.485,972.755,970.535,971.805,977,3030,0
2022-01-17 13:00:00,971.795,973.315,970.925,972.185,1200,2550,0
2022-01-17 14:00:00,972.115,972.155,969.755,970.145,1316,2970,0
2022-01-17 15:00:00,970.175,976.075,969.675,975.885,1561,2970,0
2022-01-17 16:00:00,975.955,979.795,975.115,978.895,1567,3160,0
2022-01-17 17:00:00,978.975,979.045,975.505,977.445,1561,3040,0
2022-01-17 18:00:00,977.445,978.195,974.975,976.535,1230,3150,0
2022-01-17 19:00:00,976.525,976.755,974.145,974.805,915,3030,0
2022-01-17 20:00:00,974.805,975.705,974.355,974.525,434,2990,0
2022-01-17 21:00:00,974.515,974.515,974.185,974.235,61,4620,0
2022-01-18 01:00:00,974.235,976.505,972.945,976.255,569,3730,0
2022-01-18 02:00:00,976.375,977.265,975.385,977.085,780,3730,0
2022-01-18 03:00:00,977.045,980.065,975.395,979.185,1069,3730,0
2022-01-18 04:00:00,979.055,979.415,976.875,977.965,899,3730,0
2022-01-18 05:00:00,977.975,978.795,968.085,969.285,1187,3350,0
2022-01-18 06:00:00,969.165,971.215,967.475,970.775,1083,3670,0
2022-01-18 07:00:00,970.725,971.425,969.205,970.735,1164,3730,0
2022-01-18 08:00:00,970.815,973.095,970.625,972.865,985,3580,0
2022-01-18 09:00:00,972.855,972.885,967.835,970.385,1483,3470,0
2022-01-18 10:00:00,970.485,971.395,964.775,968.075,2218,3480,0
2022-01-18 11:00:00,968.175,969.325,965.485,965.975,1836,3070,0
2022-01-18 12:00:00,966.065,970.295,965.765,969.125,1425,3060,0
2022-01-18 13:00:00,969.125,975.445,967.825,973.075,1577,2790,0
2022-01-18 14:00:00,973.265,976.565,973.125,975.485,1822,870,0
2022-01-18 15:00:00,975.455,985.685,967.295,980.725,6110,830,0
2022-01-18 16:00:00,980.825,982.525,973.885,980.115,4285,2650,0
2022-01-18 17:00:00,980.105,988.835,977.525,988.075,5044,2410,0
2022-01-18 18:00:00,988.105,990.745,981.575,987.825,5726,2480,0
2022-01-18 19:00:00,987.825,989.105,984.035,986.075,3819,1830,0
2022-01-18 20:00:00,986.025,986.035,981.135,984.425,3394,1840,0
2022-01-18 21:00:00,984.385,987.485,984.105,986.615,2844,2010,0
2022-01-18 22:00:00,986.545,986.725,982.415,983.125,2827,2080,0
2022-01-18 23:00:00,983.195,984.215,981.945,981.945,993,2340,0
2022-01-19 01:00:00,982.085,985.135,981.255,981.375,783,2260,0
2022-01-19 02:00:00,981.395,981.925,977.895,978.705,1089,2320,0
2022-01-19 03:00:00,978.755,981.345,978.145,978.395,2417,2600,0
2022-01-19 04:00:00,978.395,980.565,975.125,976.485,1691,2470,0
2022-01-19 05:00:00,976.515,977.925,974.655,976.925,982,2690,0
2022-01-19 06:00:00,976.925,978.325,975.165,975.545,459,3450,0
2022-01-19 07:00:00,975.545,978.525,974.285,978.445,915,3170,0
2022-01-19 08:00:00,978.465,982.535,978.295,981.615,1290,3090,0
2022-01-19 09:00:00,981.635,982.055,976.285,976.905,1463,2840,0
2022-01-19 10:00:00,977.015,987.835,976.665,986.925,2355,2890,0
2022-01-19 11:00:00,987.025,993.065,986.125,992.215,1999,2870,0
2022-01-19 12:00:00,992.195,997.525,990.225,997.445,1720,1450,0
2022-01-19 13:00:00,997.455,998.925,993.325,995.545,2295,1700,0
2022-01-19 14:00:00,995.545,998.745,994.455,996.365,2481,2120,0
2022-01-19 15:00:00,996.365,1014.355,996.345,1010.545,6522,1720,0
2022-01-19 16:00:00,1010.615,1020.345,1010.615,1017.725,8701,2070,0
2022-01-19 17:00:00,1017.725,1030.335,1017.295,1029.785,6580,2330,0
2022-01-19 18:00:00,1029.865,1035.845,1028.745,1032.965,5789,2600,0
2022-01-19 19:00:00,1032.935,1034.105,1024.935,1026.095,4947,3070,0
2022-01-19 20:00:00,1026.025,1030.405,1024.775,1030.035,3528,2580,0
2022-01-19 21:00:00,1029.985,1030.725,1028.495,1029.315,2661,3180,0
2022-01-19 22:00:00,1029.405,1029.715,1026.025,1027.095,1719,3080,0
2022-01-19 23:00:00,1027.025,1027.185,1022.865,1023.405,1094,3080,0
2022-01-20 01:00:00,1021.425,1024.155,1017.425,1017.715,1128,3230,0
2022-01-20 02:00:00,1017.735,1024.775,1017.725,1022.895,1845,3370,0
2022-01-20 03:00:00,1022.885,1024.545,1020.405,1022.215,3379,3150,0
2022-01-20 04:00:00,1022.265,1024.035,1018.545,1022.975,2230,2850,0
2022-01-20 05:00:00,1022.985,1026.905,1022.685,1025.925,1358,1990,0
2022-01-20 06:00:00,1025.915,1026.585,1023.705,1023.765,1045,2090,0
2022-01-20 07:00:00,1023.715,1026.205,1023.205,1024.825,3772,2170,0
2022-01-20 08:00:00,1024.825,1029.775,1024.595,1029.265,2564,1600,0
2022-01-20 09:00:00,1029.265,1032.525,1027.415,1030.125,2305,2660,0
2022-01-20 10:00:00,1030.125,1043.245,1029.455,1037.515,3629,2000,0
2022-01-20 11:00:00,1037.515,1043.315,1035.525,1043.045,1729,1550,0
2022-01-20 12:00:00,1043.075,1049.625,1042.575,1045.595,1872,1440,0
2022-01-20 13:00:00,1045.595,1049.435,1044.535,1045.445,1857,1920,0
2022-01-20 14:00:00,1045.585,1045.845,1037.925,1041.915,2227,2810,0
2022-01-20 15:00:00,1041.845,1055.875,1040.985,1054.705,5037,2010,0
2022-01-20 16:00:00,1054.825,1056.265,1049.115,1053.505,4149,1640,0
2022-01-20 17:00:00,1053.555,1055.535,1048.875,1052.315,3424,2230,0
2022-01-20 18:00:00,1052.315,1054.455,1041.735,1050.435,3644,2310,0
2022-01-20 19:00:00,1050.435,1055.225,1048.615,1051.635,3028,870,0
2022-01-20 20:00:00,1050.745,1052.115,1044.665,1048.675,2355,740,0
2022-01-20 21:00:00,1048.675,1050.655,1046.965,1047.365,1606,2300,0
2022-01-20 22:00:00,1047.295,1048.075,1039.575,1040.915,1994,2930,0
2022-01-20 23:00:00,1040.995,1042.035,1038.815,1042.035,1230,3680,0
2022-01-21 01:00:00,1041.145,1042.555,1036.085,1037.695,1401,3570,0
2022-01-21 02:00:00,1037.645,1038.355,1033.065,1034.165,2362,3260,0
2022-01-21 03:00:00,1034.165,1035.705,1028.255,1032.625,3483,2870,0
2022-01-21 04:00:00,1032.515,1036.215,1031.965,1036.035,1753,3110,0
2022-01-21 05:00:00,1036.075,1036.345,1032.345,1034.325,1413,2780,0
2022-01-21 06:00:00,1034.325,1036.245,1033.535,1035.825,769,3620,0
2022-01-21 07:00:00,1035.925,1040.175,1033.355,1039.125,2088,3090,0
2022-01-21 08:00:00,1039.225,1043.505,1037.435,1042.075,1161,3340,0
2022-01-21 09:00:00,1041.975,1049.175,1039.935,1043.265,1765,2030,0
2022-01-21 10:00:00,1043.175,1044.545,1034.475,1037.435,2917,630,0
2022-01-21 11:00:00,1037.455,1045.175,1034.075,1044.135,1519,510,0
2022-01-21 12:00:00,1044.145,1044.565,1040.445,1041.145,1993,2770,0
2022-01-21 13:00:00,1041.155,1041.155,1033.945,1035.515,2225,2210,0
2022-01-21 14:00:00,1035.515,1039.115,1031.035,1032.845,2066,2100,0
2022-01-21 15:00:00,1032.845,1041.625,1028.175,1041.145,5107,2430,0
2022-01-21 16:00:00,1041.205,1053.205,1040.425,1046.545,7634,1980,0
2022-01-21 17:00:00,1046.435,1046.615,1038.715,1046.005,8901,1820,0
2022-01-21 18:00:00,1046.065,1046.705,1036.655,1041.135,6104,1200,0
2022-01-21 19:00:00,1041.095,1042.025,1036.375,1038.195,4753,1950,0
2022-01-21 20:00:00,1038.215,1039.265,1033.945,1035.825,3533,2180,0
2022-01-21 21:00:00,1035.935,1036.645,1031.615,1032.605,2346,2380,0
2022-01-21 22:00:00,1032.515,1032.515,1028.735,1030.205,4052,2970,0
2022-01-21 23:00:00,1030.245,1031.305,1027.405,1027.405,1422,3440,0
2022-01-24 01:00:00,1028.835,1034.915,1027.625,1034.635,1375,3370,0
2022-01-24 02:00:00,1034.625,1035.575,1032.145,1033.685,2348,2930,0
2022-01-24 03:00:00,1033.635,1034.055,1029.315,1033.365,4004,3310,0
2022-01-24 04:00:00,1033.495,1037.555,1032.455,1034.695,2593,2400,0
2022-01-24 05:00:00,1034.715,1036.495,1033.535,1035.275,1871,2610,0
2022-01-24 06:00:00,1035.255,1036.755,1035.175,1036.735,1324,3460,0
2022-01-24 07:00:00,1036.805,1037.725,1035.065,1036.795,1317,2980,0
2022-01-24 08:00:00,1036.775,1036.825,1031.985,1034.075,1400,2740,0
2022-01-24 09:00:00,1034.075,1035.075,1031.395,1033.925,765,2500,0
2022-01-24 10:00:00,1033.825,1042.825,1033.825,1035.175,2218,1850,0
2022-01-24 11:00:00,1035.175,1039.725,1034.435,1035.645,1797,2310,0
2022-01-24 12:00:00,1035.655,1036.105,1027.735,1030.205,2203,2460,0
2022-01-24 13:00:00,1030.205,1030.325,1024.105,1027.145,1601,2260,0
2022-01-24 14:00:00,1027.125,1030.225,1024.825,1025.945,1833,1930,0
2022-01-24 15:00:00,1026.185,1031.315,1018.955,1020.275,3957,2270,0
2022-01-24 16:00:00,1020.205,1025.035,1009.185,1009.315,7171,1960,0
2022-01-24 17:00:00,1009.305,1020.205,1005.925,1016.845,6733,1660,0
2022-01-24 18:00:00,1016.845,1019.165,1014.035,1018.285,3815,2330,0
2022-01-24 19:00:00,1018.375,1022.755,1011.935,1022.335,3738,2240,0
2022-01-24 20:00:00,1022.335,1025.975,1020.905,1025.155,5393,2200,0
2022-01-24 21:00:00,1025.155,1027.455,1019.625,1022.905,5572,2100,0
2022-01-24 22:00:00,1022.765,1030.755,1022.245,1029.585,5246,2010,0
2022-01-24 23:00:00,1029.305,1031.675,1028.485,1029.325,1336,2040,0
2022-01-25 01:00:00,1028.895,1031.065,1026.905,1028.135,1799,1410,0
2022-01-25 02:00:00,1028.135,1028.495,1023.095,1023.375,1773,2370,0
2022-01-25 03:00:00,1023.365,1024.005,1017.765,1019.385,3565,2980,0
2022-01-25 04:00:00,1019.385,1021.315,1017.975,1021.315,1810,2240,0
2022-01-25 05:00:00,1021.315,1022.515,1019.035,1021.765,1272,1710,0
2022-01-25 06:00:00,1021.755,1023.565,1020.165,1020.425,1024,2470,0
2022-01-25 07:00:00,1020.425,1023.135,1017.795,1020.965,3895,2120,0
2022-01-25 08:00:00,1021.095,1021.915,1017.405,1017.885,4076,2120,0
2022-01-25 09:00:00,1017.985,1019.105,1014.835,1017.015,2339,2730,0
2022-01-25 10:00:00,1016.915,1020.825,1014.295,1016.395,4016,1970,0
2022-01-25 11:00:00,1016.555,1024.715,1014.925,1024.315,2916,1800,0
2022-01-25 12:00:00,1024.315,1024.355,1017.515,1019.555,2049,1840,0
2022-01-25 13:00:00,1019.495,1019.495,1009.855,1013.085,2811,1500,0
2022-01-25 14:00:00,1013.145,1014.945,1010.365,1014.095,1793,2110,0
2022-01-25 15:00:00,1014.105,1023.405,1012.495,1017.295,4466,1870,0
2022-01-25 16:00:00,1017.165,1027.055,1012.245,1017.815,8730,1430,0
2022-01-25 17:00:00,1018.005,1028.665,1012.985,1025.015,9561,1490,0
2022-01-25 18:00:00,1025.015,1029.425,1021.905,1026.085,5677,1630,0
2022-01-25 19:00:00,1026.055,1027.905,1022.655,1026.145,4494,1880,0
2022-01-25 20:00:00,1026.145,1032.095,1025.845,1031.565,3665,1680,0
2022-01-25 21:00:00,1031.505,1035.995,1030.595,1034.975,2579,1780,0
2022-01-25 22:00:00,1034.985,1035.335,1028.665,1029.805,3536,2270,0
2022-01-25 23:00:00,1029.865,1030.255,1026.265,1026.265,1610,2590,0
2022-01-26 01:00:00,1024.965,1031.225,1024.965,1030.375,1347,2450,0
2022-01-26 02:00:00,1030.375,1030.755,1028.425,1028.915,1398,3160,0
2022-01-26 03:00:00,1028.965,1029.085,1025.975,1027.445,1771,2640,0
2022-01-26 04:00:00,1027.445,1029.605,1026.305,1026.705,1554,2220,0
2022-01-26 05:00:00,1026.705,1027.775,1025.955,1026.555,1319,2240,0
2022-01-26 06:00:00,1026.515,1027.795,1026.355,1027.665,801,2480,0
2022-01-26 07:00:00,1027.695,1031.145,1026.265,1030.495,1324,2000,0
2022-01-26 08:00:00,1030.775,1031.315,1028.895,1030.245,1635,2000,0
2022-01-26 09:00:00,1030.295,1032.295,1029.185,1030.095,2205,2000,0
2022-01-26 10:00:00,1030.155,1042.155,1030.155,1042.055,2679,2270,0
2022-01-26 11:00:00,1042.065,1047.435,1041.545,1046.375,2173,1510,0
2022-01-26 12:00:00,1046.375,1047.095,1043.585,1045.005,1766,1760,0
2022-01-26 13:00:00,1044.995,1047.965,1044.615,1045.775,1495,2270,0
2022-01-26 14:00:00,1045.825,1050.145,1043.295,1049.445,2516,890,0
2022-01-26 15:00:00,1049.445,1061.405,1048.715,1054.175,5749,1030,0
2022-01-26 16:00:00,1054.175,1061.635,1043.675,1060.615,6083,1420,0
2022-01-26 17:00:00,1060.515,1063.475,1047.015,1049.675,7105,350,0
2022-01-26 18:00:00,1049.775,1053.945,1042.585,1049.955,5116,2310,0
2022-01-26 19:00:00,1049.915,1051.925,1045.255,1047.175,2742,1620,0
2022-01-26 20:00:00,1047.255,1049.605,1039.495,1039.495,2313,2010,0
2022-01-26 21:00:00,1039.025,1052.115,1035.815,1040.165,13750,3330,0
2022-01-26 22:00:00,1040.115,1040.115,1031.725,1033.915,3828,1270,0
2022-01-26 23:00:00,1033.915,1036.145,1031.285,1033.495,1049,1140,0
2022-01-27 01:00:00,1030.435,1040.925,1030.435,1040.655,1313,570,0
2022-01-27 02:00:00,1040.645,1040.815,1033.375,1033.415,1969,350,0
2022-01-27 03:00:00,1033.345,1035.375,1023.545,1026.645,2233,1350,0
2022-01-27 04:00:00,1026.645,1027.365,1021.095,1024.745,1767,1530,0
2022-01-27 05:00:00,1024.745,1026.935,1022.745,1023.915,1323,2090,0
2022-01-27 06:00:00,1023.915,1026.835,1023.695,1025.345,1239,1010,0
2022-01-27 07:00:00,1025.265,1027.395,1021.895,1022.825,1356,1180,0
2022-01-27 08:00:00,1022.935,1024.805,1017.645,1022.195,1747,350,0
2022-01-27 09:00:00,1022.195,1027.895,1020.775,1021.585,2192,350,0
2022-01-27 10:00:00,1021.485,1032.435,1020.555,1032.025,2887,2080,0
2022-01-27 11:00:00,1032.015,1035.135,1030.295,1034.725,2311,1560,0
2022-01-27 12:00:00,1034.715,1036.255,1027.895,1028.015,2385,1170,0
2022-01-27 13:00:00,1028.075,1029.135,1025.065,1028.755,2469,2000,0
2022-01-27 14:00:00,1028.795,1032.425,1019.025,1021.315,2814,1870,0
2022-01-27 15:00:00,1021.265,1022.375,1013.965,1019.105,5296,1740,0
2022-01-27 16:00:00,1019.105,1030.995,1016.525,1027.485,8845,1210,0
2022-01-27 17:00:00,1027.495,1027.965,1013.235,1022.375,8809,1440,0
2022-01-27 18:00:00,1022.375,1025.855,1017.885,1021.805,5883,1810,0
2022-01-27 19:00:00,1021.745,1025.165,1019.645,1020.445,4614,1750,0
2022-01-27 20:00:00,1020.435,1024.675,1020.355,1022.885,5363,2280,0
2022-01-27 21:00:00,1022.885,1026.745,1019.015,1019.595,5034,2440,0
2022-01-27 22:00:00,1019.585,1024.675,1019.325,1022.835,4437,2500,0
2022-01-27 23:00:00,1023.015,1026.355,1022.895,1023.995,1339,2850,0
2022-01-28 01:00:00,1023.545,1027.275,1023.545,1025.225,1347,2900,0
2022-01-28 02:00:00,1025.185,1025.235,1022.285,1024.925,1458,2900,0
2022-01-28 03:00:00,1024.895,1028.705,1023.755,1028.395,1801,2960,0
2022-01-28 04:00:00,1028.385,1032.415,1027.105,1032.055,1627,2600,0
2022-01-28 05:00:00,1032.035,1032.555,1027.425,1029.515,1780,2850,0
2022-01-28 06:00:00,1029.515,1030.785,1027.965,1029.175,1260,2180,0
2022-01-28 07:00:00,1029.145,1030.755,1026.945,1029.465,1422,2730,0
2022-01-28 08:00:00,1029.475,1029.985,1026.985,1027.745,1579,2770,0
2022-01-28 09:00:00,1027.725,1028.185,1023.555,1024.895,2283,2430,0
2022-01-28 10:00:00,1024.805,1024.895,1010.355,1010.675,3944,1490,0
2022-01-28 11:00:00,1010.655,1013.045,1003.665,1004.425,2412,1270,0
2022-01-28 12:00:00,1004.425,1005.975,995.955,998.425,2872,910,0
2022-01-28 13:00:00,998.435,1004.035,993.655,1003.945,3701,760,0
2022-01-28 14:00:00,1003.945,1004.655,995.945,997.665,2196,1970,0
2022-01-28 15:00:00,997.745,1008.485,995.575,1003.085,5309,1970,0
2022-01-28 16:00:00,1003.125,1008.645,995.335,996.835,5705,1800,0
2022-01-28 17:00:00,996.835,1004.655,995.215,1000.995,5605,1920,0
2022-01-28 18:00:00,1001.075,1007.505,999.235,1007.055,3103,2060,0
2022-01-28 19:00:00,1007.095,1008.905,1002.385,1006.245,2539,1000,0
2022-01-28 20:00:00,1006.245,1010.225,1006.245,1007.525,2803,740,0
2022-01-28 21:00:00,1007.535,1008.345,1001.845,1007.725,2342,1010,0
2022-01-28 22:00:00,1007.725,1012.695,1006.945,1012.555,1759,3210,0
2022-01-28 23:00:00,1012.555,1012.675,1008.775,1008.775,736,3330,0
2022-01-31 01:00:00,1008.595,1012.415,1007.515,1010.895,1553,2930,0
2022-01-31 02:00:00,1010.865,1012.695,1009.215,1009.215,1510,2840,0
2022-01-31 03:00:00,1009.235,1013.575,1008.805,1012.865,1313,3930,0
2022-01-31 04:00:00,1012.885,1014.395,1012.145,1013.795,1393,2590,0
2022-01-31 05:00:00,1013.745,1013.815,1009.585,1010.845,1494,2640,0
2022-01-31 06:00:00,1010.905,1011.505,1009.185,1011.155,968,2760,0
2022-01-31 07:00:00,1011.145,1013.755,1009.535,1012.775,1205,2600,0
2022-01-31 08:00:00,1012.845,1014.215,1011.575,1013.935,1338,3170,0
2022-01-31 09:00:00,1013.855,1013.855,1010.075,1012.515,2374,2980,0
2022-01-31 10:00:00,1012.515,1015.765,1009.635,1015.015,3258,1240,0
2022-01-31 11:00:00,1015.075,1018.095,1011.485,1013.695,2230,1160,0
2022-01-31 12:00:00,1013.695,1014.175,1010.775,1012.325,1791,1350,0
2022-01-31 13:00:00,1012.195,1015.055,1009.375,1013.795,1849,1460,0
2022-01-31 14:00:00,1013.795,1014.125,1009.025,1013.505,1979,2120,0
2022-01-31 15:00:00,1013.535,1022.155,1012.975,1021.895,4534,1320,0
2022-01-31 16:00:00,1022.035,1023.495,1015.165,1019.665,7276,370,0
2022-01-31 17:00:00,1019.675,1022.415,1014.045,1016.165,6728,610,0
2022-01-31 18:00:00,1016.175,1020.875,1011.555,1019.335,4844,1230,0
2022-01-31 19:00:00,1019.275,1022.995,1014.765,1020.865,2747,1200,0
2022-01-31 20:00:00,1020.815,1021.985,1018.315,1021.635,2688,2190,0
2022-01-31 21:00:00,1021.585,1023.805,1021.115,1023.255,1911,2210,0
2022-01-31 22:00:00,1023.305,1023.785,1020.535,1023.425,3146,1810,0
2022-01-31 23:00:00,1023.365,1023.435,1019.115,1019.115,816,2250,0
2022-02-01 01:00:00,1018.825,1022.575,1018.825,1022.015,2622,2160,0
2022-02-01 02:00:00,1022.015,1022.525,1020.365,1022.065,1883,2270,0
2022-02-01 03:00:00,1022.075,1024.085,1018.395,1019.815,1367,2400,0
2022-02-01 04:00:00,1019.815,1022.515,1018.955,1022.405,1530,2390,0
2022-02-01 05:00:00,1022.415,1023.305,1018.855,1020.145,1777,2210,0
2022-02-01 06:00:00,1020.075,1025.485,1019.355,1025.485,1245,2520,0
2022-02-01 07:00:00,1025.485,1030.175,1024.955,1029.335,1651,2370,0
2022-02-01 08:00:00,1029.335,1030.475,1027.925,1029.145,2154,1800,0
2022-02-01 09:00:00,1029.155,1034.725,1029.075,1033.775,2487,1020,0
2022-02-01 10:00:00,1033.825,1038.885,1033.775,1037.555,3254,1000,0
2022-02-01 11:00:00,1037.565,1039.325,1034.195,1035.355,3502,1040,0
2022-02-01 12:00:00,1035.355,1041.715,1035.345,1040.975,2236,1350,0
2022-02-01 13:00:00,1041.005,1045.445,1041.005,1043.485,2001,1430,0
2022-02-01 14:00:00,1043.495,1047.645,1037.995,1037.995,2357,2120,0
2022-02-01 15:00:00,1037.915,1044.585,1035.235,1039.515,4258,2060,0
2022-02-01 16:00:00,1039.515,1044.085,1028.625,1029.265,5562,1080,0
2022-02-01 17:00:00,1029.465,1037.155,1026.075,1030.565,6564,970,0
2022-02-01 18:00:00,1030.525,1033.545,1023.805,1024.855,3639,1120,0
2022-02-01 19:00:00,1024.855,1025.345,1021.155,1024.695,2616,960,0
2022-02-01 20:00:00,1024.645,1028.955,1021.655,1026.555,2387,2280,0
2022-02-01 21:00:00,1026.615,1028.015,1021.485,1024.705,2028,2250,0
2022-02-01 22:00:00,1024.615,1028.605,1024.325,1028.545,1739,2830,0
2022-02-01 23:00:00,1028.575,1029.585,1027.735,1029.375,895,2780,0
2022-02-02 01:00:00,1024.185,1028.875,1021.615,1028.485,714,3390,0
2022-02-02 02:00:00,1028.505,1031.195,1028.505,1031.095,923,2540,0
2022-02-02 03:00:00,1031.075,1031.825,1028.715,1030.035,978,3580,0
2022-02-02 04:00:00,1029.945,1030.785,1028.535,1029.345,915,2530,0
2022-02-02 05:00:00,1029.275,1029.945,1027.945,1028.345,852,2860,0
2022-02-02 06:00:00,1028.415,1030.225,1027.995,1028.075,688,2510,0
2022-02-02 07:00:00,1028.085,1031.795,1027.555,1030.245,846,2930,0
2022-02-02 08:00:00,1030.225,1031.725,1026.025,1028.125,1120,2860,0
2022-02-02 09:00:00,1028.165,1029.495,1025.565,1026.985,1347,2520,0
2022-02-02 10:00:00,1027.075,1036.525,1026.885,1034.335,1993,1540,0
2022-02-02 11:00:00,1034.385,1039.545,1033.465,1039.075,2006,1270,0
2022-02-02 12:00:00,1039.165,1041.385,1036.085,1040.095,2126,360,0
2022-02-02 13:00:00,1039.935,1042.135,1038.285,1039.515,1755,980,0
2022-02-02 14:00:00,1039.515,1046.685,1037.715,1046.475,1899,870,0
2022-02-02 15:00:00,1046.525,1046.765,1035.195,1035.645,5625,860,0
2022-02-02 16:00:00,1035.555,1043.195,1032.265,1036.015,7308,1570,0
2022-02-02 17:00:00,1036.085,1046.805,1036.005,1046.485,5013,1880,0
2022-02-02 18:00:00,1046.425,1046.825,1041.735,1042.165,4536,630,0
2022-02-02 19:00:00,1042.155,1045.545,1041.745,1044.635,3419,1840,0
2022-02-02 20:00:00,1044.635,1044.635,1037.155,1039.355,2352,1760,0
2022-02-02 21:00:00,1039.325,1039.345,1034.465,1036.905,1717,2460,0
2022-02-02 22:00:00,1036.985,1037.625,1035.575,1036.625,3076,2520,0
2022-02-02 23:00:00,1036.515,1036.545,1034.955,1034.955,1982,2760,0
2022-02-03 01:00:00,1033.935,1034.535,1033.445,1033.935,1269,2220,0
2022-02-03 02:00:00,1033.935,1036.355,1033.935,1035.675,1259,2260,0
2022-02-03 03:00:00,1035.725,1036.755,1032.675,1036.755,1565,2700,0
2022-02-03 04:00:00,1036.765,1037.175,1034.725,1035.925,1486,2550,0
2022-02-03 05:00:00,1035.945,1039.895,1035.415,1039.355,890,2420,0
2022-02-03 06:00:00,1039.295,1039.725,1035.885,1037.315,1308,2190,0
2022-02-03 07:00:00,1037.355,1037.705,1035.295,1036.675,1842,2470,0
2022-02-03 08:00:00,1036.725,1036.725,1032.805,1033.925,1242,2520,0
2022-02-03 09:00:00,1033.985,1037.275,1029.785,1037.235,2272,2210,0
2022-02-03 10:00:00,1037.315,1039.025,1032.775,1034.835,3283,1720,0
2022-02-03 11:00:00,1034.805,1035.435,1027.595,1028.415,2389,1740,0
2022-02-03 12:00:00,1028.415,1031.565,1026.455,1028.245,1988,1590,0
2022-02-03 13:00:00,1028.205,1030.615,1027.185,1029.365,2002,1950,0
2022-02-03 14:00:00,1029.045,1029.105,1023.295,1025.505,3952,1910,0
2022-02-03 15:00:00,1025.505,1028.495,1019.915,1025.405,5003,1810,0
2022-02-03 16:00:00,1025.475,1034.585,1021.725,1021.895,9636,1160,0
2022-02-03 17:00:00,1021.705,1032.605,1021.705,1028.025,8113,2060,0
2022-02-03 18:00:00,1028.005,1035.465,1025.805,1031.405,4791,2010,0
2022-02-03 19:00:00,1031.395,1033.025,1028.095,1030.165,3619,1630,0
2022-02-03 20:00:00,1030.205,1034.245,1029.415,1034.165,2678,2140,0
2022-02-03 21:00:00,1034.155,1036.115,1033.255,1034.755,2615,1940,0
2022-02-03 22:00:00,1034.755,1035.855,1032.605,1033.605,2978,1960,0
2022-02-03 23:00:00,1033.655,1035.695,1033.605,1033.645,1610,2080,0
2022-02-04 01:00:00,1034.295,1037.555,1034.295,1035.705,766,1880,0
2022-02-04 02:00:00,1035.705,1036.105,1034.955,1035.805,1132,1800,0
2022-02-04 03:00:00,1035.805,1038.025,1033.625,1034.825,2042,1900,0
2022-02-04 04:00:00,1034.585,1037.635,1034.585,1035.945,1876,1890,0
2022-02-04 05:00:00,1035.935,1037.085,1034.965,1035.965,2055,1620,0
2022-02-04 06:00:00,1036.015,1038.185,1035.795,1036.515,1946,2180,0
2022-02-04 07:00:00,1036.515,1038.065,1036.345,1037.145,5053,2000,0
2022-02-04 08:00:00,1037.145,1037.435,1034.235,1036.595,1448,1870,0
2022-02-04 09:00:00,1036.595,1038.715,1031.465,1032.705,3523,1760,0
2022-02-04 10:00:00,1032.615,1036.525,1027.755,1028.645,4046,1190,0
2022-02-04 11:00:00,1028.615,1029.935,1025.075,1029.235,2950,1170,0
2022-02-04 12:00:00,1029.225,1033.005,1023.575,1023.835,3511,980,0
2022-02-04 13:00:00,1023.795,1024.735,1018.355,1020.795,3482,350,0
2022-02-04 14:00:00,1020.865,1022.615,1018.155,1021.375,2864,1270,0
2022-02-04 15:00:00,1021.425,1021.725,1011.345,1017.525,6799,1340,0
2022-02-04 16:00:00,1017.585,1028.715,1016.245,1022.545,9179,1650,0
2022-02-04 17:00:00,1022.555,1027.195,1020.805,1022.735,5861,2640,0
2022-02-04 18:00:00,1022.765,1026.135,1021.145,1023.425,3603,2530,0
2022-02-04 19:00:00,1023.435,1027.605,1020.565,1025.695,2619,2230,0
2022-02-04 20:00:00,1025.595,1027.935,1024.995,1027.615,2099,2040,0
2022-02-04 21:00:00,1027.675,1028.345,1023.355,1026.765,1719,2670,0
2022-02-04 22:00:00,1026.795,1029.305,1022.405,1025.935,2127,2340,0
2022-02-04 23:00:00,1025.945,1026.225,1022.065,1022.095,782,3300,0
2022-02-07 01:00:00,1024.605,1029.095,1023.725,1028.215,1225,3250,0
2022-02-07 02:00:00,1028.285,1029.345,1026.725,1028.985,1217,3460,0
2022-02-07 03:00:00,1029.135,1031.235,1023.075,1025.845,1431,5370,0
2022-02-07 04:00:00,1025.965,1026.375,1021.655,1024.155,1181,2860,0
2022-02-07 05:00:00,1024.105,1027.475,1022.925,1026.385,922,2720,0
2022-02-07 06:00:00,1026.355,1029.275,1026.105,1028.835,703,2550,0
2022-02-07 07:00:00,1028.805,1029.235,1026.705,1027.565,1268,2120,0
2022-02-07 08:00:00,1027.565,1028.395,1023.335,1023.565,1490,2370,0
2022-02-07 09:00:00,1023.565,1029.545,1023.335,1029.515,1459,1520,0
2022-02-07 10:00:00,1029.515,1030.455,1020.145,1020.165,3613,520,0
2022-02-07 11:00:00,1020.265,1020.435,1012.225,1017.985,2470,840,0
2022-02-07 12:00:00,1017.985,1017.985,1012.695,1013.355,1842,1920,0
2022-02-07 13:00:00,1013.275,1021.615,1012.625,1019.675,2025,1150,0
2022-02-07 14:00:00,1019.755,1021.545,1018.165,1019.155,2187,1130,0
2022-02-07 15:00:00,1019.075,1020.535,1013.645,1016.275,4667,880,0
2022-02-07 16:00:00,1016.215,1022.605,1013.325,1022.025,5353,910,0
2022-02-07 17:00:00,1022.025,1022.155,1014.925,1021.095,4920,1170,0
2022-02-07 18:00:00,1021.145,1023.555,1015.875,1020.215,3049,1400,0
2022-02-07 19:00:00,1020.185,1024.795,1018.025,1021.825,2416,1800,0
2022-02-07 20:00:00,1021.725,1023.715,1021.715,1023.655,2076,2080,0
2022-02-07 21:00:00,1023.665,1024.915,1021.775,1023.655,1936,2450,0
2022-02-07 22:00:00,1023.745,1024.065,1021.635,1022.925,2157,2850,0
2022-02-07 23:00:00,1022.865,1023.185,1021.715,1021.715,776,3280,0
2022-02-08 01:00:00,1020.255,1025.325,1020.255,1024.955,1414,1850,0
2022-02-08 02:00:00,1025.005,1025.735,1021.515,1022.145,1018,1850,0
2022-02-08 03:00:00,1022.195,1022.365,1018.745,1019.165,2808,2320,0
2022-02-08 04:00:00,1019.145,1020.855,1017.985,1019.635,1318,1850,0
2022-02-08 05:00:00,1019.645,1021.175,1019.045,1019.705,1166,1980,0
2022-02-08 06:00:00,1019.755,1020.385,1018.435,1018.555,1265,2350,0
2022-02-08 07:00:00,1018.475,1018.505,1014.135,1017.405,1992,2320,0
2022-02-08 08:00:00,1017.305,1020.295,1017.275,1019.305,1270,1700,0
2022-02-08 09:00:00,1019.275,1019.505,1011.095,1011.405,2104,1680,0
2022-02-08 10:00:00,1011.405,1016.355,1011.235,1012.645,3088,1450,0
2022-02-08 11:00:00,1012.635,1013.975,1010.195,1012.155,1976,1370,0
2022-02-08 12:00:00,1012.155,1012.745,1010.025,1010.025,2029,1430,0
2022-02-08 13:00:00,1010.075,1011.905,1007.855,1008.255,1933,1390,0
2022-02-08 14:00:00,1008.195,1011.805,1007.415,1010.065,2009,1340,0
2022-02-08 15:00:00,1010.015,1030.015,1009.505,1028.865,4282,350,0
2022-02-08 16:00:00,1028.785,1035.015,1027.515,1032.565,6153,640,0
2022-02-08 17:00:00,1032.595,1036.275,1029.725,1033.165,6293,1660,0
2022-02-08 18:00:00,1033.025,1035.295,1028.555,1031.895,2939,1530,0
2022-02-08 19:00:00,1031.965,1038.575,1030.435,1037.845,2405,1470,0
2022-02-08 20:00:00,1037.845,1038.385,1033.085,1036.985,2525,350,0
2022-02-08 21:00:00,1037.035,1037.615,1033.835,1033.975,2019,2340,0
2022-02-08 22:00:00,1033.945,1035.495,1033.165,1035.245,1882,2290,0
2022-02-08 23:00:00,1035.195,1035.355,1033.725,1034.235,705,2450,0
2022-02-09 01:00:00,1033.605,1034.515,1030.705,1031.005,888,1480,0
2022-02-09 02:00:00,1030.985,1031.145,1028.435,1029.715,759,2200,0
2022-02-09 03:00:00,1029.625,1031.285,1028.585,1030.685,1358,2520,0
2022-02-09 04:00:00,1030.695,1032.355,1030.575,1031.535,1398,1960,0
2022-02-09 05:00:00,1031.535,1033.665,1031.335,1032.515,1151,1760,0
2022-02-09 06:00:00,1032.515,1034.475,1032.415,1033.925,940,1850,0
2022-02-09 07:00:00,1033.915,1035.415,1032.635,1033.115,1402,1850,0
2022-02-09 08:00:00,1033.125,1033.365,1030.735,1031.955,1575,1850,0
2022-02-09 09:00:00,1031.895,1032.315,1029.165,1030.725,1956,1880,0
2022-02-09 10:00:00,1030.735,1035.015,1029.735,1033.475,2952,1850,0
2022-02-09 11:00:00,1033.415,1036.705,1033.235,1034.935,1682,2250,0
2022-02-09 12:00:00,1034.915,1039.575,1034.915,1038.395,1147,1350,0
2022-02-09 13:00:00,1038.445,1038.925,1034.655,1037.835,1151,1790,0
2022-02-09 14:00:00,1037.835,1042.755,1037.635,1041.415,1530,1430,0
2022-02-09 15:00:00,1041.265,1043.735,1024.885,1025.215,5025,980,0
2022-02-09 16:00:00,1025.215,1041.165,1024.765,1036.705,4473,780,0
2022-02-09 17:00:00,1036.515,1039.395,1024.235,1029.445,3521,500,0
2022-02-09 18:00:00,1029.445,1035.665,1028.705,1034.325,2722,530,0
2022-02-09 19:00:00,1034.335,1040.135,1034.105,1038.455,2703,510,0
2022-02-09 20:00:00,1038.375,1040.935,1037.595,1040.835,2268,2100,0
2022-02-09 21:00:00,1040.875,1040.885,1038.425,1038.645,1416,2160,0
2022-02-09 22:00:00,1038.735,1038.835,1035.785,1037.075,1868,2160,0
2022-02-09 23:00:00,1037.035,1037.235,1035.545,1036.385,875,2330,0
2022-02-10 01:00:00,1034.315,1037.005,1034.315,1036.665,707,2130,0
2022-02-10 02:00:00,1036.625,1037.215,1035.565,1036.325,976,2360,0
2022-02-10 03:00:00,1036.265,1036.695,1033.765,1034.485,1322,2680,0
2022-02-10 04:00:00,1034.455,1035.345,1033.425,1034.965,1044,1970,0
2022-02-10 05:00:00,1034.985,1036.495,1034.465,1035.665,900,2520,0
2022-02-10 06:00:00,1035.695,1036.965,1035.065,1035.485,966,2250,0
2022-02-10 07:00:00,1035.455,1035.855,1032.615,1034.065,1259,2480,0
2022-02-10 08:00:00,1034.055,1036.135,1032.915,1036.115,1238,2440,0
2022-02-10 09:00:00,1036.045,1037.395,1034.635,1035.295,1554,1800,0
2022-02-10 10:00:00,1034.285,1035.475,1026.265,1028.185,2399,1330,0
2022-02-10 11:00:00,1028.245,1030.515,1026.245,1028.195,1838,1660,0
2022-02-10 12:00:00,1028.105,1030.705,1026.275,1029.925,1457,1240,0
2022-02-10 13:00:00,1029.925,1031.905,1028.985,1031.095,1439,1330,0
2022-02-10 14:00:00,1031.105,1033.305,1029.955,1030.245,1437,1560,0
2022-02-10 15:00:00,1030.225,1036.165,1016.585,1031.055,7562,490,0
2022-02-10 16:00:00,1030.815,1039.365,1022.885,1036.365,6399,630,0
2022-02-10 17:00:00,1036.375,1049.575,1035.565,1044.775,7106,1100,0
2022-02-10 18:00:00,1044.825,1058.035,1043.845,1057.305,5912,1660,0
2022-02-10 19:00:00,1057.315,1058.355,1036.435,1042.855,6783,1240,0
2022-02-10 20:00:00,1042.805,1044.895,1035.895,1039.025,5175,2250,0
2022-02-10 21:00:00,1038.965,1039.035,1031.565,1032.085,3444,2580,0
2022-02-10 22:00:00,1032.135,1033.295,1026.565,1028.965,3006,2580,0
2022-02-10 23:00:00,1028.905,1029.055,1026.245,1028.055,1213,3140,0
2022-02-11 01:00:00,1027.655,1030.545,1023.535,1026.805,1439,2570,0
2022-02-11 02:00:00,1026.785,1026.785,1024.925,1026.555,1181,2280,0
2022-02-11 03:00:00,1026.495,1026.685,1021.705,1025.685,1557,3360,0
2022-02-11 04:00:00,1025.665,1028.105,1024.545,1027.965,1295,2540,0
2022-02-11 05:00:00,1027.985,1028.065,1024.035,1025.905,1389,2540,0
2022-02-11 06:00:00,1025.895,1025.995,1021.695,1023.355,1316,2810,0
2022-02-11 07:00:00,1023.335,1024.205,1021.215,1023.155,1496,2420,0
2022-02-11 08:00:00,1023.235,1023.255,1018.585,1021.185,2303,1930,0
2022-02-11 09:00:00,1021.115,1025.795,1019.855,1025.795,1703,2530,0
2022-02-11 10:00:00,1025.795,1033.755,1023.065,1031.715,2956,350,0
2022-02-11 11:00:00,1031.715,1033.175,1027.585,1030.185,2015,350,0
2022-02-11 12:00:00,1030.195,1031.845,1028.385,1031.235,1540,1440,0
2022-02-11 13:00:00,1031.235,1032.395,1029.575,1031.555,1567,1440,0
2022-02-11 14:00:00,1031.555,1037.485,1029.155,1033.605,2202,1270,0
2022-02-11 15:00:00,1033.455,1038.595,1014.755,1024.255,4308,470,0
2022-02-11 16:00:00,1024.255,1025.585,1011.515,1011.615,5020,1310,0
2022-02-11 17:00:00,1011.785,1020.655,1011.515,1018.935,5725,430,0
2022-02-11 18:00:00,1018.895,1023.535,1012.105,1020.175,4369,350,0
2022-02-11 19:00:00,1020.175,1024.065,1018.555,1021.195,2802,2300,0
2022-02-11 20:00:00,1021.185,1031.355,1019.415,1028.255,8755,2090,0
2022-02-11 21:00:00,1028.175,1037.375,1026.905,1034.125,15033,2370,0
2022-02-11 22:00:00,1034.125,1037.185,1029.775,1029.875,7835,3210,0
2022-02-11 23:00:00,1029.875,1033.625,1025.805,1025.805,1407,2350,0
2022-02-14 01:00:00,1029.885,1040.615,1026.815,1039.715,2765,2830,0
2022-02-14 02:00:00,1039.765,1040.875,1035.775,1037.195,2081,1740,0
2022-02-14 03:00:00,1037.145,1039.535,1035.415,1036.445,2833,1670,0
2022-02-14 04:00:00,1036.475,1038.085,1033.925,1035.685,2535,2000,0
2022-02-14 05:00:00,1035.695,1035.735,1031.245,1033.955,1785,2290,0
2022-02-14 06:00:00,1033.965,1035.145,1031.985,1033.465,1149,2290,0
2022-02-14 07:00:00,1033.375,1036.005,1032.355,1035.515,1438,2790,0
2022-02-14 08:00:00,1035.365,1036.845,1032.685,1035.955,1604,2650,0
2022-02-14 09:00:00,1035.785,1038.395,1031.115,1035.185,3057,2530,0
2022-02-14 10:00:00,1035.175,1035.245,1027.225,1028.205,3858,2030,0
2022-02-14 11:00:00,1027.955,1030.135,1024.465,1025.035,2776,2380,0
2022-02-14 12:00:00,1025.065,1027.125,1021.655,1026.015,2521,1820,0
2022-02-14 13:00:00,1026.105,1027.385,1023.005,1026.445,2170,1880,0
2022-02-14 14:00:00,1026.435,1032.175,1024.765,1028.265,3646,1800,0
2022-02-14 15:00:00,1028.265,1039.965,1027.935,1038.805,7378,350,0
2022-02-14 16:00:00,1038.805,1044.445,1032.305,1037.575,7081,690,0
2022-02-14 17:00:00,1037.635,1040.365,1030.195,1034.465,5405,350,0
2022-02-14 18:00:00,1034.465,1037.245,1028.725,1029.825,3621,980,0
2022-02-14 19:00:00,1029.835,1032.615,1027.875,1032.325,2760,1900,0
2022-02-14 20:00:00,1032.305,1033.015,1028.075,1029.635,3284,2410,0
2022-02-14 21:00:00,1029.565,1032.675,1028.315,1030.725,3589,2850,0
2022-02-14 22:00:00,1030.805,1033.775,1030.355,1032.015,2012,3330,0
2022-02-14 23:00:00,1031.915,1033.435,1028.645,1029.515,777,4560,0
2022-02-15 01:00:00,1023.405,1033.035,1022.915,1032.125,874,2450,0
2022-02-15 02:00:00,1032.195,1033.395,1030.735,1032.955,1091,2770,0
2022-02-15 03:00:00,1032.785,1033.595,1026.545,1032.955,1734,2860,0
2022-02-15 04:00:00,1032.875,1036.345,1031.695,1036.255,1428,2550,0
2022-02-15 05:00:00,1036.375,1036.495,1032.185,1032.195,1256,2390,0
2022-02-15 06:00:00,1032.205,1033.735,1031.585,1032.245,1253,2580,0
2022-02-15 07:00:00,1032.235,1032.235,1026.505,1030.205,2130,2880,0
2022-02-15 08:00:00,1030.275,1032.175,1029.145,1030.725,1456,3180,0
2022-02-15 09:00:00,1030.785,1033.405,1029.435,1031.575,4350,2300,0
2022-02-15 10:00:00,1031.505,1035.875,1021.535,1026.175,5240,1000,0
2022-02-15 11:00:00,1026.105,1027.395,1021.775,1025.645,2770,1420,0
2022-02-15 12:00:00,1025.715,1026.465,1018.575,1021.665,2635,1010,0
2022-02-15 13:00:00,1021.665,1023.475,1014.835,1018.175,2596,1670,0
2022-02-15 14:00:00,1018.135,1025.545,1016.485,1023.775,3241,890,0
2022-02-15 15:00:00,1023.725,1024.465,1007.245,1010.435,5499,350,0
2022-02-15 16:00:00,1010.595,1016.175,1007.605,1010.145,6000,2230,0
2022-02-15 17:00:00,1010.215,1017.215,1008.225,1015.585,4871,350,0
2022-02-15 18:00:00,1015.585,1029.525,1015.565,1027.015,3944,350,0
2022-02-15 19:00:00,1027.015,1027.695,1020.505,1022.575,2494,1210,0
2022-02-15 20:00:00,1022.555,1026.635,1020.915,1026.435,2053,2460,0
2022-02-15 21:00:00,1026.515,1027.735,1025.055,1026.815,1586,2410,0
2022-02-15 22:00:00,1026.875,1027.745,1023.215,1024.945,1671,2570,0
2022-02-15 23:00:00,1024.855,1025.965,1023.815,1024.725,838,2960,0
2022-02-16 01:00:00,1025.165,1028.275,1025.165,1026.005,1177,2390,0
2022-02-16 02:00:00,1025.985,1026.275,1024.615,1025.265,958,2120,0
2022-02-16 03:00:00,1025.205,1025.205,1021.725,1023.525,1481,2750,0
2022-02-16 04:00:00,1023.455,1024.955,1022.795,1024.885,1437,2290,0
2022-02-16 05:00:00,1024.905,1029.095,1024.655,1028.855,1240,1700,0
2022-02-16 06:00:00,1028.915,1029.205,1027.795,1028.655,1179,2020,0
2022-02-16 07:00:00,1028.625,1028.885,1026.275,1027.425,1589,2160,0
2022-02-16 08:00:00,1027.415,1029.135,1026.145,1028.435,1334,2350,0
2022-02-16 09:00:00,1028.425,1030.315,1027.025,1029.515,1553,2000,0
2022-02-16 10:00:00,1029.355,1032.925,1028.595,1032.495,2695,1500,0
2022-02-16 11:00:00,1032.495,1035.845,1029.745,1034.705,2795,1270,0
2022-02-16 12:00:00,1034.705,1035.295,1031.065,1033.755,1895,650,0
2022-02-16 13:00:00,1033.795,1036.755,1032.695,1034.595,1583,380,0
2022-02-16 14:00:00,1034.595,1035.025,1027.615,1028.945,2331,1160,0
2022-02-16 15:00:00,1028.945,1042.725,1026.455,1041.725,4925,770,0
2022-02-16 16:00:00,1041.895,1052.095,1039.885,1048.865,5963,1290,0
2022-02-16 17:00:00,1048.835,1056.765,1043.655,1056.655,5076,1590,0
2022-02-16 18:00:00,1056.655,1060.295,1054.075,1057.785,3618,880,0
2022-02-16 19:00:00,1057.815,1066.355,1057.105,1062.355,3243,1330,0
2022-02-16 20:00:00,1062.405,1065.105,1057.485,1057.945,2494,1920,0
2022-02-16 21:00:00,1058.085,1065.515,1056.655,1064.515,2115,2740,0
2022-02-16 22:00:00,1064.655,1066.855,1062.095,1066.785,2200,2920,0
2022-02-16 23:00:00,1066.855,1066.925,1061.765,1063.025,1374,3580,0
2022-02-17 01:00:00,1061.455,1063.585,1056.695,1058.855,1366,2160,0
2022-02-17 02:00:00,1058.855,1060.115,1057.555,1058.945,568,2050,0
2022-02-17 03:00:00,1058.945,1063.705,1057.435,1063.365,1638,2630,0
2022-02-17 04:00:00,1063.345,1065.715,1061.405,1062.265,1203,2700,0
2022-02-17 05:00:00,1062.265,1064.165,1060.075,1060.695,1215,2920,0
2022-02-17 06:00:00,1060.685,1063.295,1058.575,1058.815,3044,2480,0
2022-02-17 07:00:00,1058.895,1066.355,1058.625,1065.225,3084,2720,0
2022-02-17 08:00:00,1065.115,1075.775,1063.995,1075.425,2690,500,0
2022-02-17 09:00:00,1075.425,1078.095,1072.795,1074.355,2269,1420,0
2022-02-17 10:00:00,1074.465,1080.755,1071.465,1075.585,4653,1310,0
2022-02-17 11:00:00,1075.585,1084.275,1075.265,1079.685,2935,990,0
2022-02-17 12:00:00,1079.685,1082.855,1077.315,1080.355,2488,350,0
2022-02-17 13:00:00,1080.295,1080.905,1073.715,1079.005,2098,350,0
2022-02-17 14:00:00,1078.975,1083.305,1077.415,1080.005,2016,1170,0
2022-02-17 15:00:00,1080.005,1088.275,1077.485,1088.235,6858,1640,0
2022-02-17 16:00:00,1088.295,1088.365,1074.225,1079.225,6772,1120,0
2022-02-17 17:00:00,1079.225,1085.085,1074.265,1084.745,3238,740,0
2022-02-17 18:00:00,1084.795,1092.605,1084.045,1089.725,4004,880,0
2022-02-17 19:00:00,1089.735,1092.865,1087.005,1088.925,2895,2100,0
2022-02-17 20:00:00,1088.635,1094.065,1087.335,1088.005,2798,2210,0
2022-02-17 21:00:00,1087.925,1092.175,1086.815,1090.555,1790,2940,0
2022-02-17 22:00:00,1090.685,1093.075,1087.165,1091.925,1825,3120,0
2022-02-17 23:00:00,1092.005,1092.135,1089.875,1091.135,1159,3170,0
2022-02-18 01:00:00,1089.925,1095.135,1087.025,1094.985,1110,2540,0
2022-02-18 02:00:00,1094.995,1097.065,1094.205,1096.325,1024,2280,0
2022-02-18 03:00:00,1096.325,1097.055,1088.955,1089.215,1527,2070,0
2022-02-18 04:00:00,1089.215,1096.955,1088.465,1096.235,1366,2430,0
2022-02-18 05:00:00,1096.185,1097.735,1094.655,1096.815,1135,2690,0
2022-02-18 06:00:00,1096.805,1096.965,1093.155,1093.625,934,2600,0
2022-02-18 07:00:00,1093.595,1097.065,1093.115,1094.995,1787,2610,0
2022-02-18 08:00:00,1094.965,1096.475,1092.915,1093.925,1559,2850,0
2022-02-18 09:00:00,1093.985,1094.435,1085.765,1085.975,768,1160,0
2022-02-18 10:00:00,1086.205,1096.885,1085.505,1095.545,2668,1240,0
2022-02-18 11:00:00,1095.545,1096.015,1090.485,1091.895,2149,1690,0
2022-02-18 12:00:00,1091.855,1092.715,1082.955,1086.525,1983,2320,0
2022-02-18 13:00:00,1086.495,1086.735,1079.335,1080.005,2682,1640,0
2022-02-18 14:00:00,1080.005,1080.595,1073.345,1077.035,2353,1660,0
2022-02-18 15:00:00,1076.985,1093.105,1076.985,1090.765,5585,1840,0
2022-02-18 16:00:00,1090.815,1092.005,1078.865,1085.915,5569,810,0
2022-02-18 17:00:00,1085.915,1090.255,1080.945,1081.495,5998,930,0
2022-02-18 18:00:00,1081.495,1081.615,1068.285,1072.915,5261,1010,0
2022-02-18 19:00:00,1072.905,1076.255,1067.835,1075.105,3798,2320,0
2022-02-18 20:00:00,1075.045,1077.955,1074.465,1074.935,2398,2470,0
2022-02-18 21:00:00,1074.965,1074.995,1066.715,1067.135,1963,2930,0
2022-02-18 22:00:00,1067.135,1070.885,1065.635,1069.265,2079,3070,0
2022-02-18 23:00:00,1069.215,1069.725,1058.515,1058.915,492,4120,0
2022-02-21 01:00:00,1072.175,1078.815,1071.465,1078.205,1021,3810,0
2022-02-21 02:00:00,1078.185,1082.045,1076.065,1076.155,1787,3170,0
2022-02-21 03:00:00,1076.165,1076.835,1068.955,1071.665,2223,3280,0
2022-02-21 04:00:00,1071.625,1074.775,1070.995,1074.165,1780,2970,0
2022-02-21 05:00:00,1074.075,1075.025,1073.475,1073.565,1234,2870,0
2022-02-21 06:00:00,1073.485,1073.545,1069.925,1071.305,1349,3130,0
2022-02-21 07:00:00,1071.205,1072.685,1070.355,1071.705,977,3700,0
2022-02-21 08:00:00,1071.715,1074.105,1071.205,1071.585,1148,3040,0
2022-02-21 09:00:00,1071.585,1076.695,1071.105,1075.355,1438,2530,0
2022-02-21 10:00:00,1075.355,1083.175,1073.965,1081.965,3092,1050,0
2022-02-21 11:00:00,1081.965,1084.715,1076.035,1077.285,2321,660,0
2022-02-21 12:00:00,1077.285,1078.495,1074.775,1075.055,1880,470,0
2022-02-21 13:00:00,1075.055,1076.905,1074.045,1075.555,2563,920,0
2022-02-21 14:00:00,1075.535,1083.535,1072.895,1082.975,2958,520,0
2022-02-21 15:00:00,1082.975,1083.695,1070.785,1082.085,4454,1240,0
2022-02-21 16:00:00,1082.155,1082.335,1070.685,1074.285,2489,1820,0
2022-02-21 17:00:00,1074.205,1078.445,1069.455,1072.415,3908,350,0
2022-02-21 18:00:00,1072.495,1076.315,1071.345,1074.395,2436,790,0
2022-02-21 19:00:00,1074.395,1074.875,1070.925,1071.625,2162,1710,0
2022-02-21 20:00:00,1071.625,1077.535,1071.355,1077.065,1838,1910,0
2022-02-21 21:00:00,1077.075,1077.645,1075.685,1077.615,312,2370,0
2022-02-22 01:00:00,1077.815,1088.115,1072.605,1085.495,6238,1940,0
2022-02-22 02:00:00,1085.495,1091.375,1078.115,1083.585,3006,350,0
2022-02-22 03:00:00,1083.585,1087.705,1076.785,1085.285,4811,350,0
2022-02-22 04:00:00,1085.185,1091.255,1078.535,1090.075,1948,350,0
2022-02-22 05:00:00,1090.175,1090.725,1083.415,1086.515,1618,530,0
2022-02-22 06:00:00,1086.525,1090.575,1082.525,1089.945,5553,440,0
2022-02-22 07:00:00,1089.895,1090.755,1085.895,1089.795,2095,580,0
2022-02-22 08:00:00,1089.825,1092.265,1087.585,1091.595,3338,350,0
2022-02-22 09:00:00,1091.595,1093.005,1084.765,1086.915,4068,730,0
2022-02-22 10:00:00,1086.915,1092.045,1079.905,1079.925,6072,1100,0
2022-02-22 11:00:00,1079.925,1084.715,1078.915,1081.895,3699,1860,0
2022-02-22 12:00:00,1081.895,1084.585,1079.705,1084.155,3770,2400,0
2022-02-22 13:00:00,1084.135,1087.695,1080.205,1081.095,2377,2240,0
2022-02-22 14:00:00,1081.085,1085.135,1080.775,1085.005,2194,2530,0
2022-02-22 15:00:00,1085.065,1090.995,1084.485,1087.425,5754,1710,0
2022-02-22 16:00:00,1087.405,1090.455,1081.085,1081.165,4419,2270,0
2022-02-22 17:00:00,1081.235,1087.905,1079.975,1084.825,4223,570,0
2022-02-22 18:00:00,1084.905,1089.075,1081.735,1087.355,4141,350,0
2022-02-22 19:00:00,1087.285,1087.765,1083.785,1084.615,2884,640,0
2022-02-22 20:00:00,1084.575,1086.935,1079.965,1080.395,2850,740,0
2022-02-22 21:00:00,1080.325,1082.375,1078.475,1081.605,3064,920,0
2022-02-22 22:00:00,1081.605,1081.915,1077.745,1079.425,2880,800,0
2022-02-22 23:00:00,1079.425,1080.235,1075.195,1076.875,923,980,0
2022-02-23 01:00:00,1072.835,1080.255,1072.835,1078.795,912,1550,0
2022-02-23 02:00:00,1078.835,1080.785,1078.495,1080.525,993,1400,0
2022-02-23 03:00:00,1080.575,1082.795,1078.375,1079.145,1388,1570,0
2022-02-23 04:00:00,1079.145,1082.675,1078.925,1082.645,1148,1990,0
2022-02-23 05:00:00,1082.645,1083.765,1081.475,1083.135,963,1590,0
2022-02-23 06:00:00,1083.155,1083.155,1080.045,1080.545,746,2040,0
2022-02-23 07:00:00,1080.455,1081.175,1077.355,1079.665,2401,2620,0
2022-02-23 08:00:00,1079.725,1080.935,1077.145,1080.765,1773,2750,0
2022-02-23 09:00:00,1080.705,1083.425,1080.115,1082.465,3605,1760,0
2022-02-23 10:00:00,1082.555,1087.315,1078.185,1080.675,3626,1910,0
2022-02-23 11:00:00,1080.685,1083.405,1077.185,1080.625,2232,2490,0
2022-02-23 12:00:00,1080.585,1083.365,1079.825,1082.685,1770,2650,0
2022-02-23 13:00:00,1082.655,1082.705,1078.665,1081.315,1935,2420,0
2022-02-23 14:00:00,1081.345,1085.715,1081.075,1084.395,2120,2320,0
2022-02-23 15:00:00,1084.345,1093.865,1077.605,1081.145,4598,1410,0
2022-02-23 16:00:00,1081.195,1091.615,1079.155,1087.935,4400,400,0
2022-02-23 17:00:00,1087.935,1092.565,1084.205,1088.875,4172,1130,0
2022-02-23 18:00:00,1088.875,1089.035,1083.845,1088.845,3409,1590,0
2022-02-23 19:00:00,1088.875,1093.195,1088.795,1090.645,2521,1490,0
2022-02-23 20:00:00,1090.595,1094.375,1089.015,1093.965,3239,1360,0
2022-02-23 21:00:00,1093.965,1095.745,1090.655,1092.285,2707,1410,0
2022-02-23 22:00:00,1092.275,1094.575,1090.715,1093.775,2693,1610,0
2022-02-23 23:00:00,1093.775,1095.215,1093.115,1093.425,1146,1610,0
2022-02-24 01:00:00,1090.195,1096.115,1090.195,1095.075,1419,1700,0
2022-02-24 02:00:00,1095.105,1096.155,1093.105,1093.435,1691,1830,0
2022-02-24 03:00:00,1093.505,1098.955,1093.255,1098.095,2111,2490,0
2022-02-24 04:00:00,1098.165,1099.985,1096.785,1099.345,3275,1670,0
2022-02-24 05:00:00,1099.345,1100.465,1093.955,1097.545,3954,2660,0
2022-02-24 06:00:00,1097.555,1107.295,1097.435,1104.085,3943,1510,0
2022-02-24 07:00:00,1104.095,1105.885,1102.205,1103.545,3816,1590,0
2022-02-24 08:00:00,1103.445,1106.465,1101.445,1106.245,3152,2220,0
2022-02-24 09:00:00,1106.155,1112.445,1104.555,1112.385,5216,1710,0
2022-02-24 10:00:00,1112.245,1115.345,1109.025,1112.655,4581,1820,0
2022-02-24 11:00:00,1112.665,1120.655,1110.735,1119.305,2997,550,0
2022-02-24 12:00:00,1119.415,1127.045,1117.585,1117.755,5151,1540,0
2022-02-24 13:00:00,1117.765,1119.485,1109.715,1109.985,6568,2200,0
2022-02-24 14:00:00,1110.045,1112.515,1103.115,1107.065,4047,2430,0
2022-02-24 15:00:00,1107.215,1110.785,1100.095,1102.715,6381,2450,0
2022-02-24 16:00:00,1102.645,1104.305,1069.565,1073.535,9885,350,0
2022-02-24 17:00:00,1073.445,1088.095,1071.315,1078.905,8412,1420,0
2022-02-24 18:00:00,1078.865,1083.775,1075.075,1075.325,5809,560,0
2022-02-24 19:00:00,1075.265,1076.865,1057.525,1063.855,5193,350,0
2022-02-24 20:00:00,1063.905,1065.325,1053.485,1059.865,5468,1390,0
2022-02-24 21:00:00,1059.865,1060.805,1039.745,1045.745,5365,2090,0
2022-02-24 22:00:00,1045.855,1058.095,1044.715,1058.005,3764,3440,0
2022-02-24 23:00:00,1057.935,1060.635,1056.055,1059.755,1191,3340,0
2022-02-25 01:00:00,1059.805,1062.775,1058.325,1059.985,1802,2580,0
2022-02-25 02:00:00,1059.985,1064.125,1056.665,1061.655,2233,2740,0
2022-02-25 03:00:00,1061.655,1065.445,1060.765,1062.465,2725,3180,0
2022-02-25 04:00:00,1062.515,1067.015,1061.295,1064.275,2082,2650,0
2022-02-25 05:00:00,1064.515,1066.035,1062.425,1064.145,2008,2590,0
2022-02-25 06:00:00,1064.145,1066.015,1062.795,1065.065,952,2980,0
2022-02-25 07:00:00,1065.065,1065.645,1061.645,1062.315,1869,2800,0
2022-02-25 08:00:00,1062.315,1064.785,1060.945,1064.475,1940,2430,0
2022-02-25 09:00:00,1064.475,1065.855,1062.565,1063.085,2371,2310,0
2022-02-25 10:00:00,1062.925,1064.045,1059.185,1061.085,3465,2250,0
2022-02-25 11:00:00,1061.095,1061.225,1053.545,1054.155,1388,2050,0
2022-02-25 12:00:00,1054.175,1055.695,1049.585,1051.905,2047,2320,0
2022-02-25 13:00:00,1051.905,1056.295,1045.355,1053.155,3275,3020,0
2022-02-25 14:00:00,1053.245,1060.285,1051.035,1052.215,3689,1840,0
2022-02-25 15:00:00,1052.215,1058.495,1050.125,1055.505,5889,2410,0
2022-02-25 16:00:00,1055.505,1062.735,1051.075,1053.875,6394,350,0
2022-02-25 17:00:00,1053.705,1061.755,1047.745,1057.785,5772,500,0
2022-02-25 18:00:00,1058.035,1062.025,1052.955,1053.915,1709,900,0
2022-02-25 19:00:00,1053.915,1055.345,1049.935,1050.985,1599,2030,0
2022-02-25 20:00:00,1051.035,1055.495,1049.135,1054.155,2563,1800,0
2022-02-25 21:00:00,1054.155,1058.765,1054.075,1058.295,2650,2140,0
2022-02-25 22:00:00,1058.235,1060.045,1057.575,1059.655,2255,2670,0
2022-02-25 23:00:00,1059.695,1060.225,1055.315,1055.315,633,2790,0
2022-02-28 01:00:00,1070.945,1074.705,1057.355,1059.845,2212,4680,0
2022-02-28 02:00:00,1059.815,1068.325,1059.725,1065.915,1951,3880,0
2022-02-28 03:00:00,1065.935,1066.295,1061.135,1062.745,2304,3900,0
2022-02-28 04:00:00,1062.825,1063.885,1059.995,1062.555,1555,2950,0
2022-02-28 05:00:00,1062.535,1064.265,1058.165,1058.935,3002,2870,0
2022-02-28 06:00:00,1058.945,1061.715,1058.305,1059.065,3896,3210,0
2022-02-28 07:00:00,1058.995,1061.535,1058.675,1060.885,2138,3690,0
2022-02-28 08:00:00,1060.965,1063.415,1060.785,1062.665,2368,3210,0
2022-02-28 09:00:00,1062.725,1062.735,1052.805,1053.505,5082,3330,0
2022-02-28 10:00:00,1053.505,1059.895,1051.905,1058.805,4096,890,0
2022-02-28 11:00:00,1058.755,1064.615,1058.285,1060.505,2409,360,0
2022-02-28 12:00:00,1060.505,1066.485,1060.195,1065.365,3069,350,0
2022-02-28 13:00:00,1065.495,1066.025,1061.775,1064.265,3053,1140,0
2022-02-28 14:00:00,1064.265,1067.315,1063.625,1065.265,3467,860,0
2022-02-28 15:00:00,1065.285,1066.245,1055.885,1061.265,2114,390,0
2022-02-28 16:00:00,1061.325,1061.545,1050.875,1054.445,2636,1660,0
2022-02-28 17:00:00,1054.385,1062.095,1049.485,1055.095,4402,1980,0
2022-02-28 18:00:00,1055.145,1055.145,1035.315,1037.945,3553,1840,0
2022-02-28 19:00:00,1037.905,1046.465,1037.855,1043.015,2964,2390,0
2022-02-28 20:00:00,1042.945,1043.175,1038.115,1040.805,2439,2590,0
2022-02-28 21:00:00,1040.835,1046.095,1036.765,1046.095,2354,2730,0
2022-02-28 22:00:00,1046.035,1047.495,1044.075,1046.845,1845,2790,0
2022-02-28 23:00:00,1046.935,1048.095,1044.195,1044.675,930,3390,0
2022-03-01 01:00:00,1039.425,1048.375,1039.425,1045.495,869,2830,0
2022-03-01 02:00:00,1045.515,1045.675,1040.935,1040.935,1254,2470,0
2022-03-01 03:00:00,1041.275,1044.795,1039.905,1042.425,1543,3250,0
2022-03-01 04:00:00,1042.335,1044.725,1041.135,1044.725,1125,2760,0
2022-03-01 05:00:00,1044.755,1046.575,1043.685,1045.955,1297,2690,0
2022-03-01 06:00:00,1045.895,1046.475,1043.995,1044.935,921,3070,0
2022-03-01 07:00:00,1044.875,1047.295,1043.375,1047.265,685,2820,0
2022-03-01 08:00:00,1047.325,1050.465,1045.365,1050.205,1147,2760,0
2022-03-01 09:00:00,1050.265,1052.315,1047.925,1051.015,1798,2240,0
2022-03-01 10:00:00,1050.855,1060.715,1050.045,1057.515,2330,2090,0
2022-03-01 11:00:00,1057.515,1059.995,1052.875,1054.805,1571,1470,0
2022-03-01 12:00:00,1054.805,1059.595,1051.365,1056.605,1738,2360,0
2022-03-01 13:00:00,1056.415,1057.885,1054.345,1056.485,1012,2320,0
2022-03-01 14:00:00,1056.485,1058.275,1050.375,1052.465,3073,1120,0
2022-03-01 15:00:00,1052.635,1065.605,1049.765,1063.305,5929,1100,0
2022-03-01 16:00:00,1063.345,1065.795,1049.315,1053.085,4928,1150,0
2022-03-01 17:00:00,1052.755,1056.335,1042.795,1044.945,6075,670,0
2022-03-01 18:00:00,1044.945,1057.745,1044.585,1052.975,3865,700,0
2022-03-01 19:00:00,1053.035,1058.585,1051.445,1054.315,3701,1240,0
2022-03-01 20:00:00,1054.315,1057.015,1052.555,1055.515,2560,970,0
2022-03-01 21:00:00,1055.515,1056.475,1051.505,1053.815,2210,1720,0
2022-03-01 22:00:00,1053.885,1056.105,1050.895,1055.255,1728,3200,0
2022-03-01 23:00:00,1055.255,1059.455,1052.825,1054.905,1199,2960,0
2022-03-02 01:00:00,1055.485,1059.975,1053.495,1059.685,1038,3120,0
2022-03-02 02:00:00,1059.655,1061.395,1057.225,1059.025,1687,2460,0
2022-03-02 03:00:00,1059.045,1059.215,1054.015,1057.665,1709,2490,0
2022-03-02 04:00:00,1057.575,1059.965,1055.965,1058.645,1377,2980,0
2022-03-02 05:00:00,1058.595,1059.045,1050.895,1055.055,1160,3070,0
2022-03-02 06:00:00,1054.975,1056.495,1052.535,1056.375,878,3580,0
2022-03-02 07:00:00,1056.255,1057.355,1053.335,1053.345,1194,3610,0
2022-03-02 08:00:00,1053.275,1054.775,1051.085,1053.365,1432,3250,0
2022-03-02 09:00:00,1053.445,1063.765,1052.045,1060.985,2027,1890,0
2022-03-02 10:00:00,1060.995,1062.815,1052.955,1056.325,4262,2330,0
2022-03-02 11:00:00,1056.325,1066.785,1055.925,1063.105,3026,2160,0
2022-03-02 12:00:00,1063.065,1065.755,1059.275,1061.365,3032,1760,0
2022-03-02 13:00:00,1061.365,1065.885,1060.305,1062.815,3227,2220,0
2022-03-02 14:00:00,1062.765,1065.315,1061.355,1063.935,3254,2130,0
2022-03-02 15:00:00,1063.895,1068.675,1056.315,1064.675,6664,1140,0
2022-03-02 16:00:00,1064.675,1064.675,1052.035,1062.875,4343,1740,0
2022-03-02 17:00:00,1062.965,1063.085,1052.115,1057.685,3685,1620,0
2022-03-02 18:00:00,1057.675,1068.745,1055.965,1066.205,3559,1860,0
2022-03-02 19:00:00,1066.205,1068.385,1060.635,1064.385,3176,3120,0
2022-03-02 20:00:00,1064.445,1073.065,1062.785,1072.175,2650,2510,0
2022-03-02 21:00:00,1072.245,1076.185,1071.045,1073.265,1803,2460,0
2022-03-02 22:00:00,1073.265,1076.675,1071.005,1073.295,1700,3010,0
2022-03-02 23:00:00,1073.215,1074.775,1072.005,1072.825,948,3180,0
2022-03-03 01:00:00,1070.455,1074.405,1070.455,1071.095,963,2780,0
2022-03-03 02:00:00,1071.115,1072.285,1070.515,1071.015,842,3050,0
2022-03-03 03:00:00,1070.965,1073.805,1067.435,1073.745,3177,2700,0
2022-03-03 04:00:00,1073.695,1074.045,1070.155,1073.015,1275,2450,0
2022-03-03 05:00:00,1073.015,1073.845,1071.235,1071.605,853,3660,0
2022-03-03 06:00:00,1071.595,1076.965,1071.475,1075.225,1004,2210,0
2022-03-03 07:00:00,1075.235,1078.235,1073.795,1075.745,1130,2680,0
2022-03-03 08:00:00,1075.735,1083.885,1075.135,1083.065,1537,2170,0
2022-03-03 09:00:00,1083.105,1088.525,1082.975,1086.265,2834,1200,0
2022-03-03 10:00:00,1086.265,1090.815,1078.965,1089.885,3242,780,0
2022-03-03 11:00:00,1089.835,1089.895,1083.175,1086.365,3459,1780,0
2022-03-03 12:00:00,1086.365,1094.135,1086.365,1089.155,2679,980,0
2022-03-03 13:00:00,1089.075,1091.975,1085.245,1088.375,5043,950,0
2022-03-03 14:00:00,1088.445,1094.455,1088.285,1092.355,3864,380,0
2022-03-03 15:00:00,1092.365,1094.305,1082.155,1084.205,6521,780,0
2022-03-03 16:00:00,1084.135,1088.655,1075.165,1077.035,6377,1360,0
2022-03-03 17:00:00,1077.225,1085.935,1073.575,1076.055,6973,1090,0
2022-03-03 18:00:00,1076.075,1083.575,1073.575,1080.505,4841,1430,0
2022-03-03 19:00:00,1080.615,1082.345,1075.255,1079.445,5985,2920,0
2022-03-03 20:00:00,1079.405,1082.745,1078.005,1079.375,3968,2520,0
2022-03-03 21:00:00,1079.425,1080.745,1076.295,1077.565,2543,2530,0
2022-03-03 22:00:00,1077.545,1082.015,1076.725,1081.425,2317,2490,0
2022-03-03 23:00:00,1081.465,1083.475,1081.335,1081.735,724,2420,0
2022-03-04 01:00:00,1080.465,1083.035,1080.465,1081.505,711,2130,0
2022-03-04 02:00:00,1081.505,1088.565,1079.675,1087.485,4315,1450,0
2022-03-04 03:00:00,1087.515,1089.315,1083.565,1085.205,4372,1930,0
2022-03-04 04:00:00,1085.205,1090.635,1085.185,1089.885,2802,2220,0
2022-03-04 05:00:00,1089.885,1092.625,1088.915,1089.215,2035,2180,0
2022-03-04 06:00:00,1089.205,1089.545,1087.585,1089.285,1208,1490,0
2022-03-04 07:00:00,1089.305,1090.885,1084.555,1084.975,1786,2190,0
2022-03-04 08:00:00,1084.915,1086.905,1083.245,1085.035,1403,3790,0
2022-03-04 09:00:00,1085.025,1086.195,1082.185,1082.615,1059,2350,0
2022-03-04 10:00:00,1082.705,1083.875,1074.085,1075.665,3679,1190,0
2022-03-04 11:00:00,1075.665,1082.525,1072.565,1080.085,2611,1490,0
2022-03-04 12:00:00,1080.115,1089.565,1079.225,1088.115,2486,1560,0
2022-03-04 13:00:00,1088.035,1091.655,1085.855,1088.905,4143,1140,0
2022-03-04 14:00:00,1088.905,1092.665,1087.835,1088.925,4352,1310,0
2022-03-04 15:00:00,1088.925,1094.125,1083.285,1091.135,5539,1700,0
2022-03-04 16:00:00,1091.195,1112.305,1087.855,1105.505,8414,360,0
2022-03-04 17:00:00,1105.565,1115.095,1100.685,1109.165,5852,360,0
2022-03-04 18:00:00,1109.225,1113.025,1102.055,1108.615,4635,1360,0
2022-03-04 19:00:00,1108.665,1116.735,1108.095,1114.795,5738,1250,0
2022-03-04 20:00:00,1114.705,1119.595,1113.355,1116.995,3629,2610,0
2022-03-04 21:00:00,1117.055,1124.175,1117.015,1119.445,3696,2470,0
2022-03-04 22:00:00,1119.465,1121.785,1117.645,1120.475,3976,2910,0
2022-03-04 23:00:00,1120.465,1126.455,1118.985,1123.555,1259,2260,0
2022-03-07 01:00:00,1139.985,1153.955,1139.965,1147.495,4180,1820,0
2022-03-07 02:00:00,1147.515,1150.425,1135.815,1138.285,4171,2620,0
2022-03-07 03:00:00,1138.475,1149.755,1137.495,1147.045,5847,2610,0
2022-03-07 04:00:00,1147.045,1149.555,1141.535,1143.055,4294,4040,0
2022-03-07 05:00:00,1142.965,1148.685,1140.505,1148.095,4995,3660,0
2022-03-07 06:00:00,1148.095,1151.725,1147.065,1149.515,2551,3790,0
2022-03-07 07:00:00,1149.465,1150.545,1142.195,1142.875,1403,3720,0
2022-03-07 08:00:00,1142.925,1145.225,1137.635,1142.615,1642,3480,0
2022-03-07 09:00:00,1142.565,1152.435,1140.485,1150.645,3938,1600,0
2022-03-07 10:00:00,1150.875,1157.695,1145.955,1151.955,6509,420,0
2022-03-07 11:00:00,1152.105,1152.455,1142.405,1150.175,4017,990,0
2022-03-07 12:00:00,1150.175,1159.025,1149.075,1158.535,2501,1350,0
2022-03-07 13:00:00,1158.475,1158.865,1144.805,1149.005,3218,2760,0
2022-03-07 14:00:00,1148.885,1149.015,1124.575,1126.485,4474,2160,0
2022-03-07 15:00:00,1126.485,1133.255,1104.425,1129.975,9531,1310,0
2022-03-07 16:00:00,1129.975,1140.315,1116.125,1139.485,5289,1870,0
2022-03-07 17:00:00,1139.495,1142.625,1129.505,1131.245,5185,2490,0
2022-03-07 18:00:00,1131.245,1134.735,1125.065,1128.185,3037,1440,0
2022-03-07 19:00:00,1128.185,1129.475,1114.815,1118.075,2856,2200,0
2022-03-07 20:00:00,1118.075,1121.145,1112.215,1116.115,2585,2530,0
2022-03-07 21:00:00,1116.075,1120.395,1115.475,1115.725,1764,2720,0
2022-03-07 22:00:00,1115.725,1122.105,1115.545,1122.105,1661,2740,0
2022-03-07 23:00:00,1121.975,1125.405,1121.255,1125.105,1239,3590,0
2022-03-08 01:00:00,1125.195,1131.845,1123.535,1130.325,1283,3060,0
2022-03-08 02:00:00,1130.395,1134.145,1122.155,1124.665,1417,3400,0
2022-03-08 03:00:00,1124.675,1124.675,1118.335,1119.725,1709,3710,0
2022-03-08 04:00:00,1119.745,1130.445,1118.775,1130.095,1524,3120,0
2022-03-08 05:00:00,1130.145,1133.035,1126.705,1127.795,1223,2790,0
2022-03-08 06:00:00,1127.835,1136.015,1127.775,1135.625,1073,3580,0
2022-03-08 07:00:00,1135.495,1139.585,1131.305,1139.195,1564,3920,0
2022-03-08 08:00:00,1139.195,1153.845,1137.955,1153.025,1373,3890,0
2022-03-08 09:00:00,1153.025,1161.045,1145.455,1149.575,1489,1450,0
2022-03-08 10:00:00,1149.575,1153.735,1134.905,1140.895,3550,2560,0
2022-03-08 11:00:00,1140.945,1152.915,1140.045,1146.545,3148,1660,0
2022-03-08 12:00:00,1146.545,1148.025,1140.075,1143.545,2630,2690,0
2022-03-08 13:00:00,1143.145,1148.645,1142.585,1143.265,2955,1730,0
2022-03-08 14:00:00,1143.345,1148.695,1136.565,1136.565,2694,1730,0
2022-03-08 15:00:00,1136.565,1155.815,1130.185,1153.225,7463,830,0
2022-03-08 16:00:00,1153.215,1174.045,1148.975,1172.025,8592,380,0
2022-03-08 17:00:00,1172.025,1181.995,1156.385,1162.575,10665,1060,0
2022-03-08 18:00:00,1162.655,1172.705,1158.095,1167.055,6840,3070,0
2022-03-08 19:00:00,1167.195,1170.105,1129.345,1139.915,11487,3970,0
2022-03-08 20:00:00,1139.815,1162.825,1133.105,1156.565,5928,3330,0
2022-03-08 21:00:00,1156.515,1158.515,1142.025,1150.555,6455,3380,0
2022-03-08 22:00:00,1150.505,1162.315,1144.755,1158.615,6480,3350,0
2022-03-08 23:00:00,1158.625,1158.915,1154.005,1156.045,1754,3340,0
2022-03-09 01:00:00,1156.185,1164.025,1155.215,1162.205,1499,1630,0
2022-03-09 02:00:00,1162.255,1167.565,1157.025,1158.185,1456,2390,0
2022-03-09 03:00:00,1158.185,1164.505,1156.425,1161.085,1593,3780,0
2022-03-09 04:00:00,1161.085,1171.635,1160.655,1169.845,1494,350,0
2022-03-09 05:00:00,1169.795,1170.275,1160.185,1168.725,1305,350,0
2022-03-09 06:00:00,1168.445,1171.755,1164.815,1165.255,1008,650,0
2022-03-09 07:00:00,1165.215,1168.335,1157.235,1159.255,1311,720,0
2022-03-09 08:00:00,1159.235,1168.515,1158.245,1166.775,1323,1770,0
2022-03-09 09:00:00,1166.855,1167.375,1152.025,1155.975,1887,5100,0
2022-03-09 10:00:00,1155.805,1167.885,1147.455,1157.265,4036,350,0
2022-03-09 11:00:00,1157.265,1157.775,1116.385,1118.995,2402,350,0
2022-03-09 12:00:00,1118.995,1124.485,1110.045,1120.905,1741,400,0
2022-03-09 13:00:00,1120.905,1124.845,1111.555,1122.635,1772,4210,0
2022-03-09 14:00:00,1122.635,1125.185,1115.995,1116.475,1559,2900,0
2022-03-09 15:00:00,1116.475,1116.935,1100.085,1102.935,3345,3420,0
2022-03-09 16:00:00,1102.935,1106.655,1064.615,1086.795,3632,360,0
2022-03-09 17:00:00,1086.795,1101.185,1085.025,1093.225,2348,2060,0
2022-03-09 18:00:00,1093.485,1102.065,1085.565,1086.795,2337,5500,0
2022-03-09 19:00:00,1086.925,1088.515,1066.895,1079.735,4219,8910,0
2022-03-09 20:00:00,1079.525,1083.285,1065.085,1073.855,2165,6930,0
2022-03-09 21:00:00,1073.855,1074.055,1065.015,1072.725,5499,7480,0
2022-03-09 22:00:00,1072.755,1079.365,1072.165,1077.205,4926,11730,0
2022-03-09 23:00:00,1077.215,1080.695,1075.305,1077.525,2224,12520,0
2022-03-10 01:00:00,1079.605,1085.665,1066.825,1083.015,1042,4890,0
2022-03-10 02:00:00,1083.025,1084.925,1071.365,1078.635,983,6060,0
2022-03-10 03:00:00,1078.645,1078.645,1058.105,1076.565,1581,4810,0
2022-03-10 04:00:00,1076.415,1077.205,1053.025,1074.905,1511,4850,0
2022-03-10 05:00:00,1075.005,1081.105,1074.305,1077.295,1035,4850,0
2022-03-10 06:00:00,1077.295,1081.965,1076.635,1078.265,834,4960,0
2022-03-10 07:00:00,1078.285,1081.205,1070.175,1071.175,1165,5380,0
2022-03-10 08:00:00,1071.215,1081.315,1054.935,1076.765,1476,650,0
2022-03-10 09:00:00,1076.765,1077.415,1049.895,1071.745,1466,350,0
2022-03-10 10:00:00,1071.545,1084.535,1070.895,1079.355,3037,1110,0
2022-03-10 11:00:00,1079.355,1087.705,1073.925,1081.925,5537,2240,0
2022-03-10 12:00:00,1082.325,1093.045,1080.335,1092.285,4123,5060,0
2022-03-10 13:00:00,1092.285,1099.235,1091.775,1094.095,2854,410,0
2022-03-10 14:00:00,1094.095,1095.255,1083.225,1088.475,4780,3300,0
2022-03-10 15:00:00,1088.425,1101.395,1083.685,1089.505,5663,3110,0
2022-03-10 16:00:00,1089.505,1092.285,1077.465,1080.125,3428,4060,0
2022-03-10 17:00:00,1080.015,1082.145,1062.275,1074.455,5513,2190,0
2022-03-10 18:00:00,1074.455,1076.305,1063.275,1073.825,5011,400,0
2022-03-10 19:00:00,1073.775,1082.335,1069.685,1078.365,2522,380,0
2022-03-10 20:00:00,1078.655,1081.345,1071.875,1079.365,1634,6750,0
2022-03-10 21:00:00,1079.445,1080.315,1069.655,1078.075,2026,5720,0
2022-03-10 22:00:00,1078.075,1085.455,1077.555,1081.055,2661,4770,0
2022-03-10 23:00:00,1081.105,1082.385,1064.185,1068.715,902,5480,0
2022-03-11 01:00:00,1068.645,1071.415,1067.115,1069.225,1170,3130,0
2022-03-11 02:00:00,1069.215,1071.025,1066.785,1068.785,995,1730,0
2022-03-11 03:00:00,1068.785,1070.695,1061.905,1066.815,1286,430,0
2022-03-11 04:00:00,1066.735,1069.605,1062.265,1069.075,1086,1560,0
2022-03-11 05:00:00,1069.085,1070.325,1066.155,1066.315,1232,1510,0
2022-03-11 06:00:00,1066.455,1067.425,1063.155,1064.155,832,2110,0
2022-03-11 07:00:00,1064.155,1065.465,1058.785,1062.145,1194,3350,0
2022-03-11 08:00:00,1062.245,1067.525,1061.385,1065.295,1132,4220,0
2022-03-11 09:00:00,1065.435,1072.725,1064.145,1072.145,1508,4020,0
2022-03-11 10:00:00,1072.125,1072.595,1065.475,1071.285,3229,810,0
2022-03-11 11:00:00,1071.345,1072.295,1063.855,1068.395,1844,2390,0
2022-03-11 12:00:00,1068.525,1073.495,1062.815,1071.645,1382,3280,0
2022-03-11 13:00:00,1071.735,1073.405,1057.015,1064.235,4263,2960,0
2022-03-11 14:00:00,1064.125,1065.955,1052.165,1063.055,3460,2150,0
2022-03-11 15:00:00,1063.045,1070.105,1056.875,1061.525,4324,4110,0
2022-03-11 16:00:00,1061.575,1068.645,1053.315,1061.605,3055,3810,0
2022-03-11 17:00:00,1061.545,1076.005,1061.355,1075.885,5279,3580,0
2022-03-11 18:00:00,1075.885,1080.375,1074.205,1076.235,3450,3350,0
2022-03-11 19:00:00,1076.275,1080.245,1070.395,1072.165,2239,5910,0
2022-03-11 20:00:00,1072.165,1074.515,1062.035,1071.615,4007,5390,0
2022-03-11 21:00:00,1071.655,1072.805,1062.415,1070.155,3048,6070,0
2022-03-11 22:00:00,1070.205,1072.275,1063.045,1067.935,3354,9860,0
2022-03-11 23:00:00,1067.925,1083.055,1064.335,1069.245,1121,4550,0
2022-03-14 00:00:00,1079.365,1081.145,1065.385,1069.545,1215,6800,0
2022-03-14 01:00:00,1069.545,1070.545,1059.215,1061.215,1127,3710,0
2022-03-14 02:00:00,1061.305,1062.555,1056.545,1062.025,1577,3460,0
2022-03-14 03:00:00,1062.125,1062.285,1057.715,1062.015,2177,2830,0
2022-03-14 04:00:00,1061.955,1063.895,1058.985,1059.715,3194,2660,0
2022-03-14 05:00:00,1059.715,1061.615,1058.465,1061.325,2098,1890,0
2022-03-14 06:00:00,1061.275,1063.055,1059.425,1062.665,1247,1770,0
2022-03-14 07:00:00,1062.665,1062.925,1053.895,1055.385,1891,1820,0
2022-03-14 08:00:00,1055.415,1059.785,1053.525,1058.105,1601,3240,0
2022-03-14 09:00:00,1058.005,1060.305,1055.355,1056.615,2255,3160,0
2022-03-14 10:00:00,1056.525,1059.295,1051.845,1052.855,2550,2370,0
2022-03-14 11:00:00,1052.805,1053.435,1039.905,1041.735,3478,1650,0
2022-03-14 12:00:00,1041.785,1046.075,1038.255,1042.205,3729,1230,0
2022-03-14 13:00:00,1042.105,1046.165,1037.525,1044.015,3450,2390,0
2022-03-14 14:00:00,1044.005,1047.675,1036.445,1039.425,4619,1380,0
2022-03-14 15:00:00,1039.395,1040.495,1027.095,1032.955,5102,2630,0
2022-03-14 16:00:00,1032.955,1047.065,1032.945,1042.565,6790,2560,0
2022-03-14 17:00:00,1042.565,1051.505,1041.285,1045.455,4620,510,0
2022-03-14 18:00:00,1045.505,1046.855,1040.495,1040.845,5316,1240,0
2022-03-14 19:00:00,1040.845,1043.865,1038.315,1042.355,5602,3200,0
2022-03-14 20:00:00,1042.355,1043.425,1035.345,1035.545,2304,3820,0
2022-03-14 21:00:00,1035.635,1039.085,1035.585,1037.125,1479,4460,0
2022-03-14 22:00:00,1037.215,1038.705,1031.145,1031.555,982,4400,0
2022-03-15 00:00:00,1029.655,1035.705,1029.655,1035.015,668,3560,0
2022-03-15 01:00:00,1035.005,1035.185,1030.655,1030.945,922,2830,0
2022-03-15 02:00:00,1030.975,1034.635,1029.535,1029.975,1323,2700,0
2022-03-15 03:00:00,1029.945,1031.095,1022.635,1027.755,1773,2330,0
2022-03-15 04:00:00,1027.755,1033.945,1018.385,1032.565,1951,2690,0
2022-03-15 05:00:00,1032.615,1033.215,1030.335,1030.715,2092,2800,0
2022-03-15 06:00:00,1030.865,1031.915,1028.895,1028.895,2079,2140,0
2022-03-15 07:00:00,1028.895,1028.895,1023.975,1023.975,1661,2630,0
2022-03-15 08:00:00,1023.935,1028.545,1020.615,1025.485,2267,3840,0
2022-03-15 09:00:00,1025.575,1027.435,1020.635,1021.935,2311,2610,0
2022-03-15 10:00:00,1022.025,1024.365,1019.055,1022.955,3059,2780,0
2022-03-15 11:00:00,1022.945,1024.175,1017.305,1021.415,2484,2290,0
2022-03-15 12:00:00,1021.435,1024.005,1011.965,1013.555,1957,810,0
2022-03-15 13:00:00,1013.545,1018.555,1013.225,1015.185,2636,3130,0
2022-03-15 14:00:00,1015.185,1017.605,1004.255,1007.315,4304,2100,0
2022-03-15 15:00:00,1007.265,1009.505,997.615,1007.055,4206,1340,0
2022-03-15 16:00:00,1007.145,1007.555,995.185,1001.485,5342,1960,0
2022-03-15 17:00:00,1001.475,1001.475,989.465,998.395,4548,2390,0
2022-03-15 18:00:00,998.395,1002.385,994.775,999.945,3625,2610,0
2022-03-15 19:00:00,999.945,1002.255,992.755,993.985,1512,4560,0
2022-03-15 20:00:00,993.935,996.265,989.165,989.175,4188,5050,0
2022-03-15 21:00:00,989.175,991.175,988.725,989.085,2611,6610,0
2022-03-15 22:00:00,989.085,989.685,972.905,983.925,1092,6230,0
2022-03-16 00:00:00,984.535,985.395,982.435,983.915,742,3630,0
2022-03-16 01:00:00,984.025,987.205,983.885,985.855,749,3940,0
2022-03-16 02:00:00,985.925,989.845,984.305,986.855,1892,3360,0
2022-03-16 03:00:00,986.855,995.365,986.455,994.555,2526,3180,0
2022-03-16 04:00:00,994.715,999.485,994.625,996.575,1242,3750,0
2022-03-16 05:00:00,996.695,999.515,995.225,999.215,1097,3510,0
2022-03-16 06:00:00,999.285,999.315,990.665,996.065,1375,3680,0
2022-03-16 07:00:00,996.045,1002.055,995.335,1001.065,2312,3950,0
2022-03-16 08:00:00,1001.055,1002.075,998.785,1001.105,1846,3800,0
2022-03-16 09:00:00,1001.145,1001.425,988.385,1000.745,1962,3410,0
2022-03-16 10:00:00,1000.675,1007.425,989.805,1006.755,2341,2720,0
2022-03-16 11:00:00,1006.765,1013.755,1006.665,1012.985,2263,2000,0
2022-03-16 12:00:00,1012.885,1018.465,1009.975,1013.805,1867,2660,0
2022-03-16 13:00:00,1013.715,1016.735,1012.165,1013.705,3033,2810,0
2022-03-16 14:00:00,1013.795,1020.065,1006.065,1011.995,3258,1980,0
2022-03-16 15:00:00,1011.935,1014.785,1006.355,1011.625,3495,2890,0
2022-03-16 16:00:00,1011.705,1014.895,997.195,1003.655,8069,3050,0
2022-03-16 17:00:00,1003.655,1016.395,1002.755,1013.215,2599,2710,0
2022-03-16 18:00:00,1013.195,1013.665,1009.475,1009.725,3623,3220,0
2022-03-16 19:00:00,1009.725,1010.115,1004.205,1004.925,2175,3910,0
2022-03-16 20:00:00,1000.905,1017.495,1000.905,1015.105,7450,1850,0
2022-03-16 21:00:00,1015.095,1022.495,1012.435,1020.045,4293,3940,0
2022-03-16 22:00:00,1020.045,1021.295,1016.285,1016.285,1183,3910,0
2022-03-17 00:00:00,1017.095,1020.325,1006.305,1019.735,613,3820,0
2022-03-17 01:00:00,1019.885,1023.465,1019.395,1023.455,572,4100,0
2022-03-17 02:00:00,1023.455,1027.885,1021.165,1027.885,580,3760,0
2022-03-17 03:00:00,1027.885,1028.755,1023.775,1025.805,1974,2900,0
2022-03-17 04:00:00,1025.805,1027.335,1023.585,1025.565,249,2420,0
2022-03-17 05:00:00,1025.565,1027.645,1023.315,1023.585,255,2150,0
2022-03-17 06:00:00,1023.585,1023.985,1021.395,1022.195,310,2610,0
2022-03-17 07:00:00,1022.195,1022.195,1017.315,1018.515,299,3260,0
2022-03-17 08:00:00,1018.515,1018.705,1014.875,1016.035,249,2120,0
2022-03-17 09:00:00,1016.035,1017.935,1012.055,1017.935,420,1070,0
2022-03-17 10:00:00,1017.935,1029.215,1017.205,1026.075,2732,1850,0
2022-03-17 11:00:00,1023.555,1026.955,1022.675,1026.335,1484,2270,0
2022-03-17 12:00:00,1026.285,1028.995,1021.925,1023.635,2634,2870,0
2022-03-17 13:00:00,1023.645,1026.345,1022.575,1023.275,953,3130,0
2022-03-17 14:00:00,1023.275,1023.425,1012.355,1016.755,1679,1840,0
2022-03-17 15:00:00,1017.165,1025.275,1014.485,1021.985,5092,1780,0
2022-03-17 16:00:00,1021.985,1032.935,1019.845,1028.835,7140,1610,0
2022-03-17 17:00:00,1028.835,1031.795,1022.835,1030.565,4294,970,0
2022-03-17 18:00:00,1030.785,1031.035,1024.305,1026.805,3568,2270,0
2022-03-17 19:00:00,1026.855,1029.505,1022.125,1023.375,1376,2950,0
2022-03-17 20:00:00,1023.305,1023.575,1020.465,1021.635,779,2820,0
2022-03-17 21:00:00,1021.635,1022.055,1018.665,1019.795,528,3700,0
2022-03-17 22:00:00,1019.795,1023.125,1018.925,1022.025,2277,4380,0
2022-03-18 00:00:00,1022.295,1023.495,1004.705,1022.865,656,2640,0
2022-03-18 01:00:00,1022.865,1026.465,1022.825,1026.155,697,2570,0
2022-03-18 02:00:00,1026.155,1029.735,1023.985,1024.405,1731,2530,0
2022-03-18 03:00:00,1024.405,1025.935,1022.385,1022.585,283,2630,0
2022-03-18 04:00:00,1022.585,1025.675,1022.585,1023.455,374,2890,0
2022-03-18 05:00:00,1023.455,1024.795,1020.805,1024.145,962,3870,0
2022-03-18 06:00:00,1024.145,1024.865,1022.985,1022.985,632,3220,0
2022-03-18 07:00:00,1023.025,1025.385,1022.165,1024.995,936,3410,0
2022-03-18 08:00:00,1024.915,1028.665,1023.935,1025.675,1426,2970,0
2022-03-18 09:00:00,1025.545,1028.805,1022.625,1028.395,1621,3110,0
2022-03-18 10:00:00,1028.235,1034.475,1026.925,1034.115,1788,2280,0
2022-03-18 11:00:00,1034.115,1039.975,1031.535,1039.265,1923,1980,0
2022-03-18 12:00:00,1039.075,1042.195,1035.775,1037.535,1772,2620,0
2022-03-18 13:00:00,1037.455,1040.255,1035.555,1040.155,2184,2300,0
2022-03-18 14:00:00,1040.205,1041.745,1033.695,1035.315,3711,2120,0
2022-03-18 15:00:00,1035.325,1039.205,1028.895,1033.355,4893,2060,0
2022-03-18 16:00:00,1033.405,1036.485,1030.455,1034.055,5281,2310,0
2022-03-18 17:00:00,1034.025,1036.355,1031.915,1032.145,4022,1240,0
2022-03-18 18:00:00,1032.135,1032.425,1028.875,1031.035,3137,2680,0
2022-03-18 19:00:00,1031.115,1032.455,1027.685,1028.515,1198,2860,0
2022-03-18 20:00:00,1028.515,1029.005,1026.665,1026.665,162,3850,0
2022-03-18 21:00:00,1026.665,1027.035,1023.455,1024.245,1358,4030,0
2022-03-18 22:00:00,1024.355,1024.655,1018.215,1018.215,959,4300,0
2022-03-21 00:00:00,1023.875,1027.545,1023.055,1023.805,345,5720,0
2022-03-21 01:00:00,1023.805,1026.275,1023.115,1025.195,655,3240,0
2022-03-21 02:00:00,1025.235,1031.215,1025.135,1030.035,680,3620,0
2022-03-21 03:00:00,1030.035,1036.885,1029.345,1033.225,883,3670,0
2022-03-21 04:00:00,1033.225,1033.345,1030.535,1031.365,274,3790,0
2022-03-21 05:00:00,1031.365,1033.705,1030.015,1033.195,728,3690,0
2022-03-21 06:00:00,1033.175,1034.425,1032.065,1033.825,675,3850,0
2022-03-21 07:00:00,1033.885,1033.915,1029.695,1030.175,688,3660,0
2022-03-21 08:00:00,1030.175,1030.175,1027.435,1027.795,719,4470,0
2022-03-21 09:00:00,1027.795,1032.125,1025.665,1030.525,1324,3440,0
2022-03-21 10:00:00,1030.665,1036.445,1028.815,1036.215,2196,2360,0
2022-03-21 11:00:00,1036.205,1038.145,1028.965,1037.845,1013,1430,0
2022-03-21 12:00:00,1037.845,1038.245,1032.145,1032.365,449,2170,0
2022-03-21 13:00:00,1032.365,1033.645,1031.025,1031.695,227,2630,0
2022-03-21 14:00:00,1031.715,1032.185,1021.195,1031.205,2220,2000,0
2022-03-21 15:00:00,1031.155,1038.555,1030.925,1036.925,3952,1280,0
2022-03-21 16:00:00,1036.975,1044.245,1036.975,1042.335,4214,3020,0
2022-03-21 17:00:00,1042.395,1043.905,1039.555,1043.275,3073,2780,0
2022-03-21 18:00:00,1043.445,1044.395,1037.935,1039.035,2150,3210,0
2022-03-21 19:00:00,1038.935,1041.955,1037.285,1041.655,2267,3550,0
2022-03-21 20:00:00,1041.605,1041.695,1038.845,1040.355,1717,3680,0
2022-03-21 21:00:00,1040.275,1040.705,1036.855,1038.055,2102,3330,0
2022-03-21 22:00:00,1038.105,1039.355,1037.465,1037.465,696,3520,0
2022-03-22 00:00:00,1038.015,1040.265,1037.605,1039.775,476,2670,0
2022-03-22 01:00:00,1039.845,1040.845,1039.255,1039.885,661,2490,0
2022-03-22 02:00:00,1039.885,1039.885,1033.915,1036.345,1830,2330,0
2022-03-22 03:00:00,1036.345,1038.035,1035.035,1036.895,3543,2840,0
2022-03-22 04:00:00,1036.895,1040.605,1036.085,1040.595,1857,1310,0
2022-03-22 05:00:00,1040.595,1043.595,1040.085,1042.695,1297,500,0
2022-03-22 06:00:00,1042.695,1043.595,1039.135,1041.395,1043,350,0
2022-03-22 07:00:00,1041.395,1045.035,1039.565,1043.245,962,690,0
2022-03-22 08:00:00,1043.245,1044.585,1040.655,1041.095,1364,940,0
2022-03-22 09:00:00,1041.095,1042.595,1036.405,1036.465,1633,350,0
2022-03-22 10:00:00,1036.465,1036.465,1028.745,1030.025,2523,1950,0
2022-03-22 11:00:00,1030.025,1030.025,1025.815,1029.365,1874,2910,0
2022-03-22 12:00:00,1029.335,1032.835,1028.495,1030.785,1957,2650,0
2022-03-22 13:00:00,1030.785,1031.905,1029.325,1030.505,1810,2050,0
2022-03-22 14:00:00,1030.555,1031.315,1023.435,1024.095,2468,880,0
2022-03-22 15:00:00,1024.175,1025.165,1017.825,1019.005,3154,1440,0
2022-03-22 16:00:00,1019.005,1020.805,1013.435,1018.305,3235,2000,0
2022-03-22 17:00:00,1018.225,1020.145,1014.615,1018.185,1919,2470,0
2022-03-22 18:00:00,1018.155,1021.985,1017.155,1021.365,1991,2950,0
2022-03-22 19:00:00,1021.455,1025.935,1020.105,1023.115,2075,2950,0
2022-03-22 20:00:00,1023.195,1026.695,1023.185,1024.885,1433,3290,0
2022-03-22 21:00:00,1024.805,1026.485,1024.475,1025.175,1250,3140,0
2022-03-22 22:00:00,1025.095,1025.425,1023.825,1024.475,734,3730,0
2022-03-23 00:00:00,1023.445,1025.405,1018.285,1024.615,570,3420,0
2022-03-23 01:00:00,1024.655,1025.745,1021.535,1023.075,749,3080,0
2022-03-23 02:00:00,1023.025,1023.025,1015.425,1017.185,965,2290,0
2022-03-23 03:00:00,1017.185,1020.435,1016.515,1019.155,542,2750,0
2022-03-23 04:00:00,1019.155,1022.425,1018.585,1021.685,655,2690,0
2022-03-23 05:00:00,1021.685,1022.365,1019.985,1020.195,785,1240,0
2022-03-23 06:00:00,1020.195,1021.095,1020.015,1020.365,343,1590,0
2022-03-23 07:00:00,1020.365,1020.535,1019.145,1019.885,480,1650,0
2022-03-23 08:00:00,1019.885,1019.885,1014.945,1014.945,340,1570,0
2022-03-23 09:00:00,1014.945,1020.445,1013.955,1020.235,1220,780,0
2022-03-23 10:00:00,1020.235,1021.995,1017.255,1021.695,1089,2200,0
2022-03-23 11:00:00,1021.695,1025.455,1021.195,1025.455,1028,2730,0
2022-03-23 12:00:00,1025.455,1029.835,1024.935,1026.595,2090,1670,0
2022-03-23 13:00:00,1026.585,1027.405,1021.115,1023.575,2310,1480,0
2022-03-23 14:00:00,1023.725,1025.525,1019.305,1022.905,3733,1600,0
2022-03-23 15:00:00,1022.905,1028.895,1022.255,1025.465,3441,1630,0
2022-03-23 16:00:00,1025.515,1027.055,1020.155,1021.085,3630,1650,0
2022-03-23 17:00:00,1021.085,1021.425,1011.615,1014.575,3232,1560,0
2022-03-23 18:00:00,1014.355,1018.535,1013.745,1017.285,1869,2870,0
2022-03-23 19:00:00,1017.275,1020.285,1016.855,1018.755,2166,3480,0
2022-03-23 20:00:00,1018.715,1021.125,1018.455,1020.665,1788,3220,0
2022-03-23 21:00:00,1020.725,1024.805,1019.875,1024.305,1943,2980,0
2022-03-23 22:00:00,1024.295,1024.935,1022.615,1022.615,885,3160,0
2022-03-24 00:00:00,1021.165,1025.165,1021.165,1024.155,723,3090,0
2022-03-24 01:00:00,1024.135,1025.295,1023.425,1024.495,736,2800,0
2022-03-24 02:00:00,1024.375,1024.755,1021.365,1023.475,1212,1810,0
2022-03-24 03:00:00,1023.085,1024.755,1018.355,1019.715,2153,2410,0
2022-03-24 04:00:00,1019.715,1021.215,1017.415,1018.915,1547,2250,0
2022-03-24 05:00:00,1018.865,1019.405,1015.765,1016.745,1164,3030,0
2022-03-24 06:00:00,1016.735,1017.825,1014.905,1017.065,1275,2080,0
2022-03-24 07:00:00,1017.065,1017.785,1015.515,1015.935,1525,2420,0
2022-03-24 08:00:00,1015.925,1019.085,1014.885,1015.125,1690,2790,0
2022-03-24 09:00:00,1015.235,1018.795,1014.615,1017.435,2185,2720,0
2022-03-24 10:00:00,1017.435,1020.485,1015.815,1016.035,2800,2580,0
2022-03-24 11:00:00,1016.035,1016.435,1010.765,1011.765,2280,2290,0
2022-03-24 12:00:00,1011.745,1015.775,1010.915,1015.525,1533,3080,0
2022-03-24 13:00:00,1015.615,1026.305,1015.515,1026.015,2775,1930,0
2022-03-24 14:00:00,1026.015,1028.965,1019.365,1021.165,4158,2060,0
2022-03-24 15:00:00,1021.125,1027.555,1017.355,1024.245,5287,2980,0
2022-03-24 16:00:00,1024.305,1034.995,1019.945,1033.865,4895,510,0
2022-03-24 17:00:00,1033.865,1034.635,1026.395,1027.855,3228,450,0
2022-03-24 18:00:00,1027.805,1029.295,1025.195,1026.705,2590,980,0
2022-03-24 19:00:00,1026.705,1029.405,1026.055,1029.045,2103,980,0
2022-03-24 20:00:00,1028.995,1029.295,1025.805,1026.255,1807,1470,0
2022-03-24 21:00:00,1026.205,1027.915,1024.815,1025.875,2639,380,0
2022-03-24 22:00:00,1025.865,1026.695,1024.165,1024.695,947,2130,0
2022-03-25 00:00:00,1022.905,1025.925,1022.905,1025.515,452,1900,0
2022-03-25 01:00:00,1025.515,1027.295,1023.825,1026.595,585,1230,0
2022-03-25 02:00:00,1026.595,1027.125,1022.795,1026.175,911,3200,0
2022-03-25 03:00:00,1026.175,1029.475,1026.175,1028.595,289,4010,0
2022-03-25 04:00:00,1028.595,1032.475,1028.595,1029.895,553,3060,0
2022-03-25 05:00:00,1029.895,1032.005,1029.315,1030.415,317,3990,0
2022-03-25 06:00:00,1030.305,1031.445,1029.115,1029.305,365,3830,0
2022-03-25 07:00:00,1029.305,1029.855,1026.365,1027.685,238,4920,0
2022-03-25 08:00:00,1027.485,1028.895,1026.285,1026.285,632,5480,0
2022-03-25 09:00:00,1026.065,1027.265,1024.235,1024.975,1158,2670,0
2022-03-25 10:00:00,1024.975,1026.895,1023.105,1023.115,1419,2670,0
2022-03-25 11:00:00,1023.115,1023.865,1019.885,1020.755,1731,2620,0
2022-03-25 12:00:00,1020.665,1023.165,1013.075,1016.585,1432,3180,0
2022-03-25 13:00:00,1016.665,1020.605,1014.415,1019.765,1475,3090,0
2022-03-25 14:00:00,1019.675,1020.975,1015.785,1019.255,1291,2850,0
2022-03-25 15:00:00,1019.235,1020.755,1011.295,1012.615,3856,1760,0
2022-03-25 16:00:00,1012.735,1014.555,1006.295,1006.945,4914,1610,0
2022-03-25 17:00:00,1006.975,1012.965,1006.065,1006.145,3855,1870,0
2022-03-25 18:00:00,1006.105,1008.485,1002.945,1006.325,2431,1820,0
2022-03-25 19:00:00,1006.395,1008.425,1002.195,1003.505,2231,1060,0
2022-03-25 20:00:00,1003.705,1004.805,1002.195,1002.205,1451,2490,0
2022-03-25 21:00:00,1002.195,1003.205,1000.525,1000.785,1535,2740,0
2022-03-25 22:00:00,1000.935,1001.775,994.055,995.235,841,3420,0
2022-03-28 01:00:00,1003.835,1004.805,1001.865,1003.705,344,2940,0
2022-03-28 02:00:00,1003.855,1004.185,1001.775,1003.655,296,2910,0
2022-03-28 03:00:00,1003.655,1005.475,1002.635,1003.615,316,3120,0
2022-03-28 04:00:00,1003.615,1003.615,994.685,996.925,1054,2020,0
2022-03-28 05:00:00,996.925,1005.185,996.345,1004.625,1625,640,0
2022-03-28 06:00:00,1004.595,1005.985,1000.195,1000.505,853,1190,0
2022-03-28 07:00:00,1000.555,1000.735,999.065,999.815,1719,1310,0
2022-03-28 08:00:00,999.705,999.995,994.475,996.255,1589,610,0
2022-03-28 09:00:00,996.215,998.365,995.205,996.295,1365,430,0
2022-03-28 10:00:00,996.195,998.725,993.475,997.885,1795,550,0
2022-03-28 11:00:00,997.885,998.135,993.345,994.995,623,3040,0
2022-03-28 12:00:00,994.565,994.565,990.095,990.185,987,2400,0
2022-03-28 13:00:00,990.235,991.605,983.845,985.445,903,1890,0
2022-03-28 14:00:00,985.555,988.245,982.095,984.275,711,2220,0
2022-03-28 15:00:00,984.275,999.205,984.045,985.975,2145,1550,0
2022-03-28 16:00:00,985.975,992.245,983.455,985.115,1478,2060,0
2022-03-28 17:00:00,985.115,992.365,983.135,988.245,2393,1570,0
2022-03-28 18:00:00,988.465,993.595,988.245,993.085,2282,1960,0
2022-03-28 19:00:00,993.085,994.295,991.265,992.375,1835,1520,0
2022-03-28 20:00:00,992.455,993.995,988.875,989.185,1443,2530,0
2022-03-28 21:00:00,989.175,990.145,986.785,987.355,1019,2680,0
2022-03-28 22:00:00,987.325,987.335,981.235,982.205,393,2400,0
2022-03-28 23:00:00,982.205,985.615,981.405,983.405,256,2360,0
2022-03-29 01:00:00,981.355,985.415,981.355,984.445,176,2940,0
2022-03-29 02:00:00,984.515,986.765,984.475,986.655,678,2320,0
2022-03-29 03:00:00,986.655,988.105,985.225,985.445,351,1290,0
2022-03-29 04:00:00,985.445,988.335,985.445,987.465,299,2010,0
2022-03-29 05:00:00,987.465,988.275,985.995,987.685,285,2660,0
2022-03-29 06:00:00,987.735,988.075,985.835,985.985,604,2920,0
2022-03-29 07:00:00,986.125,987.665,984.725,987.205,643,1770,0
2022-03-29 08:00:00,987.205,990.835,986.015,986.195,1057,420,0
2022-03-29 09:00:00,985.975,991.935,985.665,991.185,1063,350,0
2022-03-29 10:00:00,991.175,991.175,986.645,987.035,1312,720,0
2022-03-29 11:00:00,986.955,987.555,980.545,980.955,977,970,0
2022-03-29 12:00:00,980.815,981.075,973.545,974.485,1269,1150,0
2022-03-29 13:00:00,974.485,979.115,974.105,975.875,1133,3840,0
2022-03-29 14:00:00,975.875,980.155,971.065,972.625,1634,2660,0
2022-03-29 15:00:00,972.925,973.665,957.765,965.295,3997,350,0
2022-03-29 16:00:00,965.395,970.625,960.885,964.725,3559,1380,0
2022-03-29 17:00:00,964.945,976.625,964.945,973.025,3306,2040,0
2022-03-29 18:00:00,973.215,981.495,971.635,981.495,2240,2200,0
2022-03-29 19:00:00,981.685,982.275,977.995,979.915,2077,2170,0
2022-03-29 20:00:00,979.865,984.195,975.955,983.645,2012,2580,0
2022-03-29 21:00:00,983.665,985.915,982.775,985.755,1220,2610,0
2022-03-29 22:00:00,985.745,988.595,985.615,987.045,1227,2670,0
2022-03-29 23:00:00,987.015,988.255,983.225,984.425,726,2850,0
2022-03-30 01:00:00,984.385,988.545,983.545,986.625,797,2420,0
2022-03-30 02:00:00,986.625,988.465,986.445,986.955,842,2680,0
2022-03-30 03:00:00,986.995,993.085,985.235,992.835,1417,2790,0
2022-03-30 04:00:00,992.795,993.665,989.645,993.475,1562,2900,0
2022-03-30 05:00:00,993.465,995.725,991.715,991.895,1613,2600,0
2022-03-30 06:00:00,991.875,997.675,991.605,995.775,1450,1910,0
2022-03-30 07:00:00,995.765,1000.095,995.195,999.115,1890,1640,0
2022-03-30 08:00:00,999.015,1000.355,995.665,996.865,1701,350,0
2022-03-30 09:00:00,996.035,997.815,993.435,995.375,1243,360,0
2022-03-30 10:00:00,995.375,995.375,984.555,985.235,2075,1770,0
2022-03-30 11:00:00,985.295,985.305,981.315,982.085,2188,1900,0
2022-03-30 12:00:00,982.035,986.085,981.875,985.485,2173,2430,0
2022-03-30 13:00:00,985.505,987.775,983.765,983.785,2640,2380,0
2022-03-30 14:00:00,983.765,991.605,983.595,991.455,2350,1940,0
2022-03-30 15:00:00,991.455,996.845,987.905,992.085,3801,470,0
2022-03-30 16:00:00,992.085,998.385,987.845,993.955,5055,700,0
2022-03-30 17:00:00,993.945,1004.625,990.835,1000.545,5952,1310,0
2022-03-30 18:00:00,1000.475,1000.475,995.365,997.985,2782,1370,0
2022-03-30 19:00:00,997.955,999.255,994.105,995.825,1516,1230,0
2022-03-30 20:00:00,995.825,997.915,992.705,993.925,947,2160,0
2022-03-30 21:00:00,993.925,994.365,991.955,992.425,224,2140,0
2022-03-30 22:00:00,992.425,993.235,990.195,991.805,437,1890,0
2022-03-30 23:00:00,991.805,994.145,991.805,992.775,261,2070,0
2022-03-31 01:00:00,990.915,994.075,990.915,993.535,584,2770,0
2022-03-31 02:00:00,993.445,996.445,992.915,996.445,789,2040,0
2022-03-31 03:00:00,996.445,996.445,991.965,993.275,1838,2030,0
2022-03-31 04:00:00,993.275,993.775,985.685,986.705,3468,2060,0
2022-03-31 05:00:00,986.605,987.755,985.045,985.415,4423,2590,0
2022-03-31 06:00:00,985.485,986.485,982.615,983.665,3616,2450,0
2022-03-31 07:00:00,983.785,984.035,982.265,983.875,1008,1890,0
2022-03-31 08:00:00,983.875,985.505,981.685,984.385,898,2020,0
2022-03-31 09:00:00,984.385,988.115,984.385,987.575,1553,1770,0
2022-03-31 10:00:00,987.575,992.395,986.295,990.745,1553,1690,0
2022-03-31 11:00:00,990.745,990.905,984.385,985.415,887,2190,0
2022-03-31 12:00:00,985.415,987.635,984.305,987.255,800,2900,0
2022-03-31 13:00:00,987.305,989.875,986.205,989.425,1014,2500,0
2022-03-31 14:00:00,989.425,992.885,988.915,992.175,1197,2670,0
2022-03-31 15:00:00,992.175,993.265,980.425,982.645,1285,1290,0
2022-03-31 16:00:00,982.715,988.585,979.485,983.535,3307,1970,0
2022-03-31 17:00:00,983.505,986.495,981.675,983.795,2166,2020,0
2022-03-31 18:00:00,983.975,992.355,983.665,991.865,2332,1200,0
2022-03-31 19:00:00,991.945,992.675,985.955,991.555,1327,1680,0
2022-03-31 20:00:00,991.405,995.075,990.085,992.905,1771,2090,0
2022-03-31 21:00:00,992.925,993.875,986.185,988.335,1001,2210,0
2022-03-31 22:00:00,988.335,989.545,984.745,985.425,1159,2240,0
2022-03-31 23:00:00,985.525,985.705,983.745,983.745,606,2470,0
2022-04-01 01:00:00,981.845,985.975,981.845,984.455,675,1690,0
2022-04-01 02:00:00,984.465,986.235,984.045,986.005,666,2170,0
2022-04-01 03:00:00,986.005,987.545,984.325,986.405,1016,2190,0
2022-04-01 04:00:00,986.405,994.405,985.995,994.405,1790,2140,0
2022-04-01 05:00:00,994.365,995.625,991.285,993.495,1247,2060,0
2022-04-01 06:00:00,993.505,996.725,992.295,996.325,984,2200,0
2022-04-01 07:00:00,996.355,997.465,990.025,990.685,1319,1690,0
2022-04-01 08:00:00,990.745,993.805,989.255,990.325,1420,1890,0
2022-04-01 09:00:00,990.325,993.255,987.625,988.995,1503,2040,0
2022-04-01 10:00:00,989.095,989.875,984.095,986.715,1948,1840,0
2022-04-01 11:00:00,986.715,989.515,986.415,988.205,1335,1170,0
2022-04-01 12:00:00,988.225,995.635,987.745,993.505,1443,1610,0
2022-04-01 13:00:00,993.465,995.635,991.115,991.755,1872,1120,0
2022-04-01 14:00:00,991.755,992.755,986.445,990.725,1914,1090,0
2022-04-01 15:00:00,990.665,1001.065,989.265,997.505,4551,1410,0
2022-04-01 16:00:00,997.455,998.565,992.085,993.515,4035,1880,0
2022-04-01 17:00:00,993.515,997.145,990.165,995.875,3873,2080,0
2022-04-01 18:00:00,995.905,997.225,988.825,988.975,3166,2270,0
2022-04-01 19:00:00,988.995,990.215,983.655,985.905,2077,2070,0
2022-04-01 20:00:00,985.905,987.225,982.805,984.465,1408,1630,0
2022-04-01 21:00:00,984.495,987.965,984.365,987.865,1155,2710,0
2022-04-01 22:00:00,987.855,988.125,985.465,987.505,1091,2540,0
2022-04-01 23:00:00,987.455,988.925,983.565,983.655,633,3100,0
2022-04-04 01:00:00,987.535,987.595,985.015,985.125,1092,3120,0
2022-04-04 02:00:00,985.085,986.195,983.845,985.525,872,3400,0
2022-04-04 03:00:00,985.525,991.175,985.315,989.495,859,2730,0
2022-04-04 04:00:00,989.455,989.685,987.545,987.905,1237,3080,0
2022-04-04 05:00:00,987.965,988.115,982.755,982.755,1036,3130,0
2022-04-04 06:00:00,982.855,988.195,982.765,987.235,1392,3230,0
2022-04-04 07:00:00,987.105,987.205,985.155,986.205,2976,3150,0
2022-04-04 08:00:00,986.305,990.455,985.905,990.425,882,3190,0
2022-04-04 09:00:00,989.695,993.345,987.805,993.035,1299,2850,0
2022-04-04 10:00:00,993.035,998.955,992.955,995.415,1805,2560,0
2022-04-04 11:00:00,995.415,997.255,991.375,994.725,1718,2340,0
2022-04-04 12:00:00,994.915,995.045,990.685,990.935,1226,1760,0
2022-04-04 13:00:00,990.955,991.425,988.675,990.385,919,1990,0
2022-04-04 14:00:00,990.345,992.365,989.405,991.545,2268,2180,0
2022-04-04 15:00:00,991.535,993.735,980.615,984.645,3118,2240,0
2022-04-04 16:00:00,984.605,993.645,984.605,986.025,2970,1070,0
2022-04-04 17:00:00,986.025,992.745,984.975,991.245,2923,1200,0
2022-04-04 18:00:00,991.495,993.265,987.605,990.905,2172,1140,0
2022-04-04 19:00:00,991.075,991.945,987.955,988.175,1579,2600,0
2022-04-04 20:00:00,988.175,989.635,985.125,986.795,1414,2630,0
2022-04-04 21:00:00,986.785,988.745,986.195,987.985,1057,2830,0
2022-04-04 22:00:00,987.915,988.575,986.725,987.415,990,2560,0
2022-04-04 23:00:00,987.315,987.975,986.595,987.405,535,3430,0
2022-04-05 01:00:00,986.335,990.245,986.335,988.885,553,2640,0
2022-04-05 02:00:00,989.035,989.575,988.695,989.485,640,3310,0
2022-04-05 03:00:00,989.485,990.265,988.785,989.715,897,3030,0
2022-04-05 04:00:00,989.765,989.765,988.395,988.935,791,3300,0
2022-04-05 05:00:00,988.945,989.225,986.285,986.305,948,2980,0
2022-04-05 06:00:00,986.225,987.215,985.375,986.525,1873,3940,0
2022-04-05 07:00:00,986.535,986.755,984.575,985.665,1449,3790,0
2022-04-05 08:00:00,985.665,987.975,984.675,987.675,3828,2970,0
2022-04-05 09:00:00,987.725,988.815,987.225,988.215,1762,3240,0
2022-04-05 10:00:00,988.295,989.685,982.215,983.495,2224,2190,0
2022-04-05 11:00:00,983.645,987.745,982.485,986.725,1805,2400,0
2022-04-05 12:00:00,986.665,986.725,982.665,983.395,1355,2750,0
2022-04-05 13:00:00,983.415,984.185,979.625,983.755,1561,1370,0
2022-04-05 14:00:00,983.725,984.765,982.035,983.635,1516,2200,0
2022-04-05 15:00:00,983.615,984.065,972.895,981.985,3276,1330,0
2022-04-05 16:00:00,981.995,987.445,979.595,981.835,4412,2570,0
2022-04-05 17:00:00,982.085,984.985,970.095,975.545,5273,2000,0
2022-04-05 18:00:00,975.715,977.935,969.425,971.935,2994,2850,0
2022-04-05 19:00:00,971.965,973.935,968.465,972.925,2588,2550,0
2022-04-05 20:00:00,972.935,975.375,970.725,971.735,1695,2590,0
2022-04-05 21:00:00,971.705,972.325,970.585,971.475,1670,2550,0
2022-04-05 22:00:00,971.495,971.585,967.455,968.075,1291,2550,0
2022-04-05 23:00:00,967.925,970.065,967.475,968.525,896,3380,0
2022-04-06 01:00:00,967.945,971.375,967.945,969.805,716,2440,0
2022-04-06 02:00:00,969.915,970.485,967.545,967.665,778,3630,0
2022-04-06 03:00:00,967.665,968.415,964.255,964.865,1329,2970,0
2022-04-06 04:00:00,964.765,968.735,964.555,967.835,2067,3540,0
2022-04-06 05:00:00,967.805,971.025,967.505,969.205,1345,3240,0
2022-04-06 06:00:00,968.935,969.895,966.865,969.435,1334,3290,0
2022-04-06 07:00:00,969.415,969.415,967.145,968.105,957,3680,0
2022-04-06 08:00:00,968.165,972.185,967.555,969.825,1603,2830,0
2022-04-06 09:00:00,969.745,971.175,967.665,969.875,1498,2700,0
2022-04-06 10:00:00,969.915,973.155,966.655,971.105,1987,2240,0
2022-04-06 11:00:00,971.085,973.275,969.165,970.805,1490,2320,0
2022-04-06 12:00:00,970.835,974.815,970.105,971.215,1343,2810,0
2022-04-06 13:00:00,971.225,971.445,968.445,968.655,1255,2060,0
2022-04-06 14:00:00,968.655,969.605,966.545,968.425,1487,1140,0
2022-04-06 15:00:00,968.425,968.675,962.515,965.715,3043,1800,0
2022-04-06 16:00:00,965.645,967.435,962.435,964.675,3249,1530,0
2022-04-06 17:00:00,964.555,965.345,952.415,953.265,3660,520,0
2022-04-06 18:00:00,953.265,955.885,951.195,952.525,2741,1890,0
2022-04-06 19:00:00,952.525,954.415,951.525,953.145,1641,2290,0
2022-04-06 20:00:00,953.145,957.105,952.305,954.365,1269,3410,0
2022-04-06 21:00:00,954.155,960.945,950.745,955.225,4062,3970,0
2022-04-06 22:00:00,955.745,957.635,953.485,956.955,1270,4440,0
2022-04-06 23:00:00,956.855,958.085,954.905,955.525,624,4340,0
2022-04-07 01:00:00,951.295,957.095,946.555,955.515,966,3770,0
2022-04-07 02:00:00,955.585,957.095,953.005,956.005,1013,3490,0
2022-04-07 03:00:00,956.195,958.165,954.555,956.395,1288,3470,0
2022-04-07 04:00:00,956.315,956.945,954.275,954.505,1257,2950,0
2022-04-07 05:00:00,954.415,955.255,950.615,955.255,1576,2730,0
2022-04-07 06:00:00,955.305,955.525,952.025,952.045,1124,2690,0
2022-04-07 07:00:00,951.955,952.985,951.045,951.475,1125,2570,0
2022-04-07 08:00:00,951.375,951.835,949.545,950.415,1253,2540,0
2022-04-07 09:00:00,950.425,951.815,948.755,950.615,1394,2400,0
2022-04-07 10:00:00,950.555,952.525,948.605,950.735,1837,1800,0
2022-04-07 11:00:00,950.735,950.835,946.305,948.975,1922,2440,0
2022-04-07 12:00:00,948.975,953.195,948.425,952.345,1338,1870,0
2022-04-07 13:00:00,952.385,954.685,950.795,951.085,1024,1960,0
2022-04-07 14:00:00,950.985,956.065,950.845,954.385,3872,2910,0
2022-04-07 15:00:00,954.455,954.745,944.355,950.055,4276,380,0
2022-04-07 16:00:00,950.025,957.735,947.305,947.955,4145,1680,0
2022-04-07 17:00:00,948.035,959.395,948.035,958.185,3618,1790,0
2022-04-07 18:00:00,958.145,960.525,953.455,956.045,3116,2260,0
2022-04-07 19:00:00,955.905,958.955,955.405,958.425,1716,2800,0
2022-04-07 20:00:00,958.485,965.045,958.485,964.215,1862,2770,0
2022-04-07 21:00:00,964.205,967.595,963.615,966.505,2111,890,0
2022-04-07 22:00:00,966.525,967.085,964.455,966.765,2090,2520,0
2022-04-07 23:00:00,966.775,966.775,964.365,964.745,1638,2690,0
2022-04-08 01:00:00,963.885,966.575,963.885,964.605,780,2360,0
2022-04-08 02:00:00,964.605,966.165,964.345,965.595,887,2360,0
2022-04-08 03:00:00,965.525,968.835,964.815,967.995,1974,2060,0
2022-04-08 04:00:00,967.935,970.855,965.605,965.745,1657,1320,0
2022-04-08 05:00:00,965.765,966.355,961.825,962.625,1516,2350,0
2022-04-08 06:00:00,962.625,963.805,961.885,963.145,1234,1550,0
2022-04-08 07:00:00,963.045,963.155,961.875,962.025,903,2070,0
2022-04-08 08:00:00,962.025,965.795,961.475,964.885,1948,2330,0
2022-04-08 09:00:00,964.845,965.835,961.915,964.295,2448,2520,0
2022-04-08 10:00:00,964.425,967.585,961.545,966.705,1853,2030,0
2022-04-08 11:00:00,966.735,967.985,963.085,964.055,1119,2750,0
2022-04-08 12:00:00,963.985,965.695,963.075,964.795,1003,2950,0
2022-04-08 13:00:00,964.755,967.005,963.655,964.505,1102,2880,0
2022-04-08 14:00:00,964.555,964.885,961.145,964.625,1247,3140,0
2022-04-08 15:00:00,964.705,989.705,962.385,970.625,5194,850,0
2022-04-08 16:00:00,970.735,978.395,966.785,974.805,6132,1700,0
2022-04-08 17:00:00,974.805,984.455,974.645,978.485,5142,1120,0
2022-04-08 18:00:00,978.355,980.505,971.985,972.095,3105,1750,0
2022-04-08 19:00:00,972.095,978.835,971.945,977.835,2528,2880,0
2022-04-08 20:00:00,977.855,978.035,966.675,977.405,1333,3040,0
2022-04-08 21:00:00,977.455,979.505,976.425,979.055,1278,3040,0
2022-04-08 22:00:00,979.005,979.055,967.055,977.905,1749,3030,0
2022-04-08 23:00:00,976.225,978.295,973.305,973.305,435,3040,0
2022-04-11 01:00:00,978.495,983.545,978.445,980.555,1969,3170,0
2022-04-11 02:00:00,980.705,981.285,978.075,978.925,1073,3310,0
2022-04-11 03:00:00,978.855,988.415,978.595,988.125,1878,2260,0
2022-04-11 04:00:00,988.125,988.765,980.835,982.755,1752,2330,0
2022-04-11 05:00:00,982.905,982.905,979.905,982.015,1329,2500,0
2022-04-11 06:00:00,981.945,983.105,981.145,981.355,874,3250,0
2022-04-11 07:00:00,981.305,982.655,980.185,982.505,1230,3280,0
2022-04-11 08:00:00,982.505,989.035,981.525,987.505,1505,1670,0
2022-04-11 09:00:00,987.455,989.245,984.375,987.355,1638,1930,0
2022-04-11 10:00:00,987.495,989.205,984.205,988.355,1515,3140,0
2022-04-11 11:00:00,988.385,997.075,988.385,994.315,1863,1920,0
2022-04-11 12:00:00,994.315,996.625,992.025,995.155,1723,2210,0
2022-04-11 13:00:00,995.155,995.305,984.355,987.155,1670,2310,0
2022-04-11 14:00:00,987.005,989.485,982.095,982.995,1986,2490,0
2022-04-11 15:00:00,983.095,988.035,980.545,984.255,3366,2150,0
2022-04-11 16:00:00,984.305,985.405,973.855,978.415,6403,650,0
2022-04-11 17:00:00,978.515,983.195,976.125,981.345,4206,2850,0
2022-04-11 18:00:00,981.695,983.275,977.565,977.565,1948,2880,0
2022-04-11 19:00:00,977.565,979.575,974.905,975.715,2339,3090,0
2022-04-11 20:00:00,975.785,978.675,974.405,974.915,2063,2840,0
2022-04-11 21:00:00,974.995,978.155,974.475,977.615,1356,3000,0
2022-04-11 22:00:00,977.565,979.095,977.375,978.245,1920,3390,0
2022-04-11 23:00:00,978.245,980.205,977.355,977.355,682,3270,0
2022-04-12 01:00:00,976.225,981.385,976.225,980.625,1412,3630,0
2022-04-12 02:00:00,980.625,981.755,979.525,980.755,883,3360,0
2022-04-12 03:00:00,980.615,982.115,979.635,980.085,1963,3700,0
2022-04-12 04:00:00,980.085,980.235,977.555,979.675,1903,3960,0
2022-04-12 05:00:00,979.655,982.655,979.375,981.935,1802,3370,0
2022-04-12 06:00:00,981.985,984.985,981.495,983.825,976,3060,0
2022-04-12 07:00:00,983.705,985.995,983.405,984.555,923,3100,0
2022-04-12 08:00:00,984.605,987.985,983.195,984.025,1450,2600,0
2022-04-12 09:00:00,984.025,986.015,983.225,984.225,1383,1710,0
2022-04-12 10:00:00,984.055,984.625,967.895,968.965,1698,1820,0
2022-04-12 11:00:00,969.245,974.655,962.465,966.485,2286,380,0
2022-04-12 12:00:00,966.345,968.105,961.755,964.695,1713,350,0
2022-04-12 13:00:00,966.865,969.415,965.035,965.295,1301,1000,0
2022-04-12 14:00:00,965.295,969.865,965.025,969.155,1052,1780,0
2022-04-12 15:00:00,969.085,975.315,964.275,967.095,4913,1500,0
2022-04-12 16:00:00,967.155,971.215,964.415,966.775,3965,2330,0
2022-04-12 17:00:00,966.775,984.875,966.705,981.255,3841,1760,0
2022-04-12 18:00:00,980.775,984.495,977.165,977.755,3958,1860,0
2022-04-12 19:00:00,977.675,980.695,973.835,974.345,3091,2980,0
2022-04-12 20:00:00,974.445,975.555,966.665,968.225,2191,3240,0
2022-04-12 21:00:00,968.145,969.775,964.735,966.665,1363,2890,0
2022-04-12 22:00:00,966.605,968.835,966.085,967.195,1192,3070,0
2022-04-12 23:00:00,967.315,967.805,965.955,966.495,548,4390,0
2022-04-13 01:00:00,966.895,971.185,963.585,969.885,804,2570,0
2022-04-13 02:00:00,969.875,970.175,968.515,969.375,707,3080,0
2022-04-13 03:00:00,969.455,973.265,969.455,971.405,1277,2950,0
2022-04-13 04:00:00,971.415,974.325,966.895,974.305,1359,2230,0
2022-04-13 05:00:00,974.305,976.735,969.775,969.915,1350,2080,0
2022-04-13 06:00:00,969.895,977.075,969.855,976.145,761,1930,0
2022-04-13 07:00:00,976.145,976.855,969.705,975.985,682,2280,0
2022-04-13 08:00:00,975.985,979.715,975.675,978.165,863,820,0
2022-04-13 09:00:00,978.165,979.225,973.605,978.415,1376,510,0
2022-04-13 10:00:00,978.415,984.675,972.775,984.095,1749,2110,0
2022-04-13 11:00:00,984.095,987.055,983.135,984.945,1794,1040,0
2022-04-13 12:00:00,984.995,988.315,984.275,988.275,2449,570,0
2022-04-13 13:00:00,988.255,991.335,984.855,986.725,2767,590,0
2022-04-13 14:00:00,986.715,987.455,980.435,981.125,1892,2950,0
2022-04-13 15:00:00,981.255,984.925,975.825,983.175,2329,3010,0
2022-04-13 16:00:00,983.255,986.465,977.825,983.215,2773,2060,0
2022-04-13 17:00:00,983.215,983.975,975.425,980.065,2201,1170,0
2022-04-13 18:00:00,980.165,991.065,978.425,989.475,2229,350,0
2022-04-13 19:00:00,989.325,991.215,986.225,989.315,1704,1960,0
2022-04-13 20:00:00,989.315,991.015,986.625,987.725,1074,2050,0
2022-04-13 21:00:00,987.725,988.705,986.125,988.125,685,2650,0
2022-04-13 22:00:00,988.155,989.665,986.025,988.685,587,2710,0
2022-04-13 23:00:00,988.625,988.925,987.025,988.825,154,2710,0
2022-04-14 01:00:00,985.245,989.625,985.245,989.625,586,3710,0
2022-04-14 02:00:00,989.595,990.475,987.285,987.375,644,2840,0
2022-04-14 03:00:00,987.425,987.935,985.245,986.725,912,2590,0
2022-04-14 04:00:00,986.725,990.025,985.305,990.025,204,3280,0
2022-04-14 05:00:00,990.025,992.115,989.105,990.125,300,3230,0
2022-04-14 06:00:00,990.125,991.625,988.825,988.825,138,3390,0
2022-04-14 07:00:00,988.825,989.025,986.725,988.625,176,2810,0
2022-04-14 08:00:00,988.625,989.425,985.325,985.325,154,2300,0
2022-04-14 09:00:00,985.325,987.225,984.325,986.025,236,2710,0
2022-04-14 10:00:00,986.025,989.325,982.565,988.325,262,2440,0
2022-04-14 11:00:00,988.325,988.325,981.725,982.105,309,2410,0
2022-04-14 12:00:00,982.105,983.155,979.065,981.355,2725,1800,0
2022-04-14 13:00:00,981.355,982.205,978.845,981.845,1503,2540,0
2022-04-14 14:00:00,981.745,985.015,981.245,982.825,1242,3100,0
2022-04-14 15:00:00,982.825,985.475,973.225,979.285,2862,1530,0
2022-04-14 16:00:00,979.205,980.825,973.525,975.125,2188,1920,0
2022-04-14 17:00:00,974.925,983.125,974.725,981.125,761,1570,0
2022-04-14 18:00:00,981.125,984.125,978.095,982.225,678,1120,0
2022-04-14 19:00:00,982.225,990.225,981.725,990.125,975,650,0
2022-04-14 20:00:00,990.125,996.525,990.025,993.825,870,370,0
2022-04-14 21:00:00,993.825,994.925,991.825,991.925,393,2860,0
2022-04-14 22:00:00,991.925,992.695,990.175,991.825,648,3780,0
2022-04-14 23:00:00,991.625,993.225,991.625,992.925,86,4050,0
2022-04-18 01:00:00,995.255,1003.195,994.625,999.145,757,2300,0
2022-04-18 02:00:00,999.145,1001.855,994.745,998.745,1446,2520,0
2022-04-18 03:00:00,998.745,1007.595,998.295,1005.805,1863,1270,0
2022-04-18 04:00:00,1005.955,1007.415,1002.685,1004.075,2463,890,0
2022-04-18 05:00:00,1004.195,1004.425,1002.695,1002.735,1474,1660,0
2022-04-18 06:00:00,1002.735,1004.345,1002.675,1003.315,1333,1820,0
2022-04-18 07:00:00,1003.205,1003.825,1002.665,1002.685,981,800,0
2022-04-18 08:00:00,1002.685,1004.855,1002.655,1003.115,1134,1000,0
2022-04-18 09:00:00,1003.115,1006.475,1002.705,1006.185,2605,430,0
2022-04-18 10:00:00,1006.135,1008.445,1005.145,1005.295,2525,460,0
2022-04-18 11:00:00,1005.245,1007.125,999.785,1005.285,2073,350,0
2022-04-18 12:00:00,1005.275,1008.165,1005.275,1007.345,1616,1120,0
2022-04-18 13:00:00,1007.345,1010.505,1005.845,1007.735,1005,2450,0
2022-04-18 14:00:00,1007.735,1010.585,1006.455,1008.925,1351,2660,0
2022-04-18 15:00:00,1008.925,1016.615,1008.125,1014.245,3312,1040,0
2022-04-18 16:00:00,1014.245,1021.135,1012.985,1018.905,2936,2390,0
2022-04-18 17:00:00,1018.905,1023.115,1012.105,1013.525,3742,2320,0
2022-04-18 18:00:00,1013.525,1019.625,1011.325,1018.995,964,3220,0
2022-04-18 19:00:00,1018.865,1019.705,1015.025,1017.635,1817,2970,0
2022-04-18 20:00:00,1017.705,1018.935,1012.225,1014.325,1278,2690,0
2022-04-18 21:00:00,1014.325,1016.425,1012.225,1015.625,278,2580,0
2022-04-18 22:00:00,1015.625,1015.625,1011.925,1012.565,560,2860,0
2022-04-18 23:00:00,1012.625,1013.625,1012.225,1013.625,169,2850,0
2022-04-19 01:00:00,1013.525,1014.015,1004.145,1012.955,724,4330,0
2022-04-19 02:00:00,1012.945,1014.645,1012.685,1014.645,671,3360,0
2022-04-19 03:00:00,1014.615,1019.825,1012.795,1017.825,1188,1410,0
2022-04-19 04:00:00,1017.525,1023.825,1016.925,1023.625,599,2230,0
2022-04-19 05:00:00,1023.625,1023.925,1019.025,1020.525,253,1870,0
2022-04-19 06:00:00,1020.525,1023.325,1019.325,1022.425,202,2070,0
2022-04-19 07:00:00,1022.425,1022.425,1019.425,1019.725,229,1930,0
2022-04-19 08:00:00,1019.725,1020.125,1016.025,1016.625,192,2620,0
2022-04-19 09:00:00,1016.625,1018.225,1015.625,1018.225,657,640,0
2022-04-19 10:00:00,1018.225,1024.725,1018.025,1020.285,2307,350,0
2022-04-19 11:00:00,1020.285,1024.325,1018.425,1018.625,1079,1550,0
2022-04-19 12:00:00,1018.625,1018.625,1012.825,1014.975,1250,2240,0
2022-04-19 13:00:00,1014.945,1019.115,1013.725,1017.915,1296,1990,0
2022-04-19 14:00:00,1018.005,1019.725,1016.145,1018.825,922,2440,0
2022-04-19 15:00:00,1018.925,1019.525,1012.625,1014.675,1871,3040,0
2022-04-19 16:00:00,1014.785,1015.075,997.825,998.125,1994,830,0
2022-04-19 17:00:00,998.125,1000.925,985.465,989.625,4378,350,0
2022-04-19 18:00:00,989.645,991.635,982.925,990.485,3739,930,0
2022-04-19 19:00:00,990.645,993.055,989.005,989.455,2004,1460,0
2022-04-19 20:00:00,989.575,992.265,989.225,991.225,1320,1900,0
2022-04-19 21:00:00,991.225,993.965,990.325,990.825,1270,1580,0
2022-04-19 22:00:00,990.925,993.755,987.725,993.485,1441,1180,0
2022-04-19 23:00:00,993.485,995.045,992.245,993.535,878,1600,0
2022-04-20 01:00:00,992.225,994.655,989.775,991.585,826,2650,0
2022-04-20 02:00:00,991.585,993.425,990.875,991.765,841,2490,0
2022-04-20 03:00:00,991.805,992.285,983.725,984.325,946,1250,0
2022-04-20 04:00:00,984.325,984.925,980.825,981.475,974,2060,0
2022-04-20 05:00:00,981.525,982.555,978.425,980.725,1624,2580,0
2022-04-20 06:00:00,980.725,983.415,979.825,980.925,1473,2470,0
2022-04-20 07:00:00,981.025,981.085,978.495,980.385,1426,2040,0
2022-04-20 08:00:00,980.405,982.725,979.685,979.895,1041,2240,0
2022-04-20 09:00:00,979.735,981.645,977.195,981.165,1486,1320,0
2022-04-20 10:00:00,981.165,983.335,978.675,980.455,1997,1070,0
2022-04-20 11:00:00,980.455,980.595,973.455,978.065,1481,1110,0
2022-04-20 12:00:00,977.985,979.275,975.345,979.015,1493,1360,0
2022-04-20 13:00:00,979.015,983.755,978.035,980.255,1340,2230,0
2022-04-20 14:00:00,980.105,985.545,979.745,983.055,1761,2610,0
2022-04-20 15:00:00,983.055,984.345,977.525,982.325,1566,2400,0
2022-04-20 16:00:00,982.425,986.155,979.195,983.425,2199,1230,0
2022-04-20 17:00:00,983.225,991.145,982.325,987.635,2937,1400,0
2022-04-20 18:00:00,987.635,991.475,983.425,984.145,2562,1310,0
2022-04-20 19:00:00,984.195,990.075,983.065,989.515,1872,1630,0
2022-04-20 20:00:00,989.545,990.255,985.635,988.255,1724,2950,0
2022-04-20 21:00:00,988.215,989.335,986.155,986.525,1284,2950,0
2022-04-20 22:00:00,986.505,990.615,981.815,990.415,1265,2950,0
2022-04-20 23:00:00,990.355,990.655,987.925,988.325,384,2710,0
2022-04-21 01:00:00,984.565,988.235,984.565,986.435,794,2770,0
2022-04-21 02:00:00,986.505,989.945,985.915,988.665,694,2730,0
2022-04-21 03:00:00,988.465,990.315,985.125,990.035,1483,1690,0
2022-04-21 04:00:00,990.035,993.645,988.425,991.075,1588,2330,0
2022-04-21 05:00:00,991.075,991.965,989.255,989.345,1107,2040,0
2022-04-21 06:00:00,989.435,989.845,984.385,985.065,1077,2260,0
2022-04-21 07:00:00,985.065,986.575,984.505,985.315,882,790,0
2022-04-21 08:00:00,985.215,988.025,984.795,987.225,1456,790,0
2022-04-21 09:00:00,987.105,988.205,985.905,987.825,1601,1130,0
2022-04-21 10:00:00,987.825,988.415,984.175,986.735,1675,1280,0
2022-04-21 11:00:00,986.655,987.415,980.655,982.115,1679,2190,0
2022-04-21 12:00:00,981.995,982.175,976.315,977.725,1648,1900,0
2022-04-21 13:00:00,977.785,977.785,972.785,974.705,1613,1090,0
2022-04-21 14:00:00,974.705,978.645,971.825,977.565,1708,1610,0
2022-04-21 15:00:00,977.565,985.585,976.115,983.725,2953,2020,0
2022-04-21 16:00:00,983.725,986.185,975.925,980.545,2997,1450,0
2022-04-21 17:00:00,980.545,982.405,968.345,969.985,4498,2130,0
2022-04-21 18:00:00,969.995,973.895,967.405,969.335,2916,2030,0
2022-04-21 19:00:00,969.315,972.995,966.825,970.835,2558,1600,0
2022-04-21 20:00:00,970.915,973.925,969.155,971.325,1434,2770,0
2022-04-21 21:00:00,971.325,972.425,968.325,969.855,1140,2690,0
2022-04-21 22:00:00,969.825,971.405,968.755,969.425,1062,3000,0
2022-04-21 23:00:00,969.465,970.655,968.495,969.935,787,2950,0
2022-04-22 01:00:00,969.545,970.055,966.575,969.865,543,3060,0
2022-04-22 02:00:00,969.855,971.035,969.365,970.365,842,2640,0
2022-04-22 03:00:00,970.325,970.795,967.955,969.635,1334,1930,0
2022-04-22 04:00:00,969.635,971.055,968.455,969.335,1456,1830,0
2022-04-22 05:00:00,969.565,971.915,968.795,969.655,1116,970,0
2022-04-22 06:00:00,969.655,971.535,968.685,971.025,1226,940,0
2022-04-22 07:00:00,971.115,972.545,968.725,971.955,985,610,0
2022-04-22 08:00:00,971.975,972.985,970.535,972.725,1257,900,0
2022-04-22 09:00:00,972.795,973.375,969.825,972.075,1794,690,0
2022-04-22 10:00:00,971.975,972.255,966.955,967.815,2328,690,0
2022-04-22 11:00:00,967.725,967.725,961.425,961.845,2093,1400,0
2022-04-22 12:00:00,961.835,962.405,955.715,956.805,2002,1250,0
2022-04-22 13:00:00,956.845,957.825,946.665,951.195,2884,770,0
2022-04-22 14:00:00,951.115,954.665,948.495,951.325,1678,2160,0
2022-04-22 15:00:00,951.365,952.425,938.125,941.645,2277,650,0
2022-04-22 16:00:00,941.525,942.505,932.955,936.925,2162,370,0
2022-04-22 17:00:00,936.925,940.085,933.095,935.175,2327,1790,0
2022-04-22 18:00:00,935.115,936.065,930.825,936.055,3734,490,0
2022-04-22 19:00:00,936.085,936.225,931.925,934.065,2531,2080,0
2022-04-22 20:00:00,934.055,934.055,927.225,931.305,2454,770,0
2022-04-22 21:00:00,931.385,933.695,930.455,931.395,2480,1490,0
2022-04-22 22:00:00,931.285,934.115,928.565,928.785,1487,1410,0
2022-04-22 23:00:00,928.885,931.765,924.935,924.935,742,2470,0
2022-04-25 01:00:00,930.075,932.675,929.425,930.345,1339,3210,0
2022-04-25 02:00:00,930.565,932.735,928.255,930.725,806,1470,0
2022-04-25 03:00:00,930.755,932.065,927.715,929.305,2803,370,0
2022-04-25 04:00:00,929.295,932.105,925.035,930.735,1866,1170,0
2022-04-25 05:00:00,930.735,932.155,926.615,930.735,1393,1770,0
2022-04-25 06:00:00,930.695,933.015,930.015,932.815,1189,1960,0
2022-04-25 07:00:00,932.815,933.195,926.885,928.405,1210,1770,0
2022-04-25 08:00:00,928.405,930.265,927.565,929.595,1399,1160,0
2022-04-25 09:00:00,929.615,930.415,923.275,926.255,2499,350,0
2022-04-25 10:00:00,926.185,928.825,923.055,925.915,3109,690,0
2022-04-25 11:00:00,925.825,928.605,920.655,921.175,2316,350,0
2022-04-25 12:00:00,921.175,926.455,920.935,923.265,1768,1530,0
2022-04-25 13:00:00,923.425,926.055,920.475,920.835,1823,1440,0
2022-04-25 14:00:00,921.045,924.565,913.065,919.905,2499,890,0
2022-04-25 15:00:00,919.805,920.695,912.755,914.655,4592,2510,0
2022-04-25 16:00:00,914.705,919.295,911.495,914.995,7004,2200,0
2022-04-25 17:00:00,914.945,920.155,912.725,918.015,5103,1680,0
2022-04-25 18:00:00,918.035,921.535,912.335,915.445,3588,2030,0
2022-04-25 19:00:00,915.455,920.395,914.635,920.195,2701,2210,0
2022-04-25 20:00:00,920.285,920.725,915.255,916.745,2302,2360,0
2022-04-25 21:00:00,916.795,924.425,916.665,921.905,2012,2330,0
2022-04-25 22:00:00,921.905,924.995,921.495,922.295,1697,1220,0
2022-04-25 23:00:00,922.295,924.805,921.285,921.285,449,890,0
2022-04-26 01:00:00,920.375,925.415,920.375,924.355,739,2970,0
2022-04-26 02:00:00,924.305,925.365,922.385,925.145,901,1560,0
2022-04-26 03:00:00,925.155,931.745,924.375,930.215,1463,350,0
2022-04-26 04:00:00,930.215,932.305,922.925,927.125,1618,350,0
2022-04-26 05:00:00,927.075,931.225,926.255,930.525,1524,1790,0
2022-04-26 06:00:00,930.525,932.545,929.025,932.045,1577,2070,0
2022-04-26 07:00:00,932.035,932.925,930.165,930.975,1514,2680,0
2022-04-26 08:00:00,930.915,931.395,928.335,929.775,1894,2670,0
2022-04-26 09:00:00,929.695,930.125,923.165,924.585,1895,2570,0
2022-04-26 10:00:00,924.645,925.115,917.225,918.965,2358,1110,0
2022-04-26 11:00:00,918.915,924.895,918.195,923.275,1646,2060,0
2022-04-26 12:00:00,923.265,926.265,920.235,924.305,1672,3080,0
2022-04-26 13:00:00,924.375,927.925,920.715,927.025,1668,2970,0
2022-04-26 14:00:00,926.935,927.615,920.245,922.135,1896,3120,0
2022-04-26 15:00:00,922.125,923.865,912.855,913.615,3858,850,0
2022-04-26 16:00:00,913.745,921.235,913.355,914.675,4073,1840,0
2022-04-26 17:00:00,915.035,921.635,912.805,918.605,3880,2600,0
2022-04-26 18:00:00,918.735,922.685,916.475,917.415,3078,2380,0
2022-04-26 19:00:00,917.415,921.325,916.445,919.375,1802,2150,0
2022-04-26 20:00:00,919.375,925.925,919.375,921.645,1934,1940,0
2022-04-26 21:00:00,921.635,924.065,921.235,923.115,1366,3130,0
2022-04-26 22:00:00,923.045,925.745,921.915,922.755,1472,3570,0
2022-04-26 23:00:00,922.705,924.565,921.795,922.355,1447,4630,0
2022-04-27 01:00:00,921.995,926.165,902.895,923.405,912,3060,0
2022-04-27 02:00:00,923.475,927.925,923.045,927.585,972,2700,0
2022-04-27 03:00:00,927.705,928.945,922.105,927.295,1504,2770,0
2022-04-27 04:00:00,927.275,929.475,919.585,929.455,1619,2410,0
2022-04-27 05:00:00,929.415,929.945,925.715,926.495,1512,2410,0
2022-04-27 06:00:00,926.545,926.545,923.235,924.585,1268,2660,0
2022-04-27 07:00:00,924.535,925.495,920.155,923.825,1130,2770,0
2022-04-27 08:00:00,923.905,925.485,918.355,924.645,1840,2510,0
2022-04-27 09:00:00,924.705,925.655,916.565,922.755,3697,2430,0
2022-04-27 10:00:00,922.785,923.135,905.505,913.175,2809,1730,0
2022-04-27 11:00:00,913.205,917.805,909.545,914.105,2136,740,0
2022-04-27 12:00:00,914.095,920.095,914.095,919.925,1423,1340,0
2022-04-27 13:00:00,919.975,923.275,916.675,917.855,1301,1300,0
2022-04-27 14:00:00,917.505,923.845,917.305,922.795,1323,1980,0
2022-04-27 15:00:00,922.735,938.075,922.185,926.855,5365,1060,0
2022-04-27 16:00:00,926.905,933.695,922.315,924.765,6491,1790,0
2022-04-27 17:00:00,924.755,928.325,916.645,918.445,5046,2300,0
2022-04-27 18:00:00,918.345,919.845,914.535,917.305,1992,1960,0
2022-04-27 19:00:00,917.355,920.815,916.505,918.615,1609,2630,0
2022-04-27 20:00:00,918.615,922.505,918.135,921.085,1425,2680,0
2022-04-27 21:00:00,921.085,921.265,917.085,917.325,1201,2610,0
2022-04-27 22:00:00,917.445,918.785,916.645,918.275,1225,2860,0
2022-04-27 23:00:00,918.275,918.415,916.415,916.415,715,3100,0
2022-04-28 01:00:00,917.455,920.515,917.215,919.415,897,2030,0
2022-04-28 02:00:00,919.415,919.895,917.025,919.265,888,1870,0
2022-04-28 03:00:00,919.175,921.085,917.775,920.015,1065,1490,0
2022-04-28 04:00:00,920.015,920.015,915.495,917.575,1853,1370,0
2022-04-28 05:00:00,917.605,918.655,915.335,916.975,1252,1350,0
2022-04-28 06:00:00,917.095,917.725,913.335,914.505,1808,1540,0
2022-04-28 07:00:00,914.425,916.295,912.705,915.355,1871,1910,0
2022-04-28 08:00:00,915.345,915.985,903.905,914.505,2402,2200,0
2022-04-28 09:00:00,914.595,921.895,909.975,921.605,2444,2550,0
2022-04-28 10:00:00,921.545,925.385,916.735,925.075,3128,2550,0
2022-04-28 11:00:00,925.005,929.185,919.285,927.455,2003,2880,0
2022-04-28 12:00:00,927.125,934.525,923.625,929.495,2619,2800,0
2022-04-28 13:00:00,929.705,930.305,925.395,927.115,1867,2200,0
2022-04-28 14:00:00,927.045,928.905,921.385,922.685,1512,2210,0
2022-04-28 15:00:00,922.605,923.345,912.075,913.965,3430,1870,0
2022-04-28 16:00:00,913.965,916.935,910.985,915.185,3094,1630,0
2022-04-28 17:00:00,915.105,916.145,909.185,914.255,3007,1440,0
2022-04-28 18:00:00,914.335,917.755,912.305,912.615,2253,870,0
2022-04-28 19:00:00,912.615,920.645,912.615,920.025,2111,640,0
2022-04-28 20:00:00,920.025,923.625,918.625,918.905,1946,890,0
2022-04-28 21:00:00,918.915,921.955,918.915,921.785,1246,2740,0
2022-04-28 22:00:00,921.785,924.485,920.235,921.955,1177,2440,0
2022-04-28 23:00:00,921.955,922.255,919.905,919.945,871,2680,0
2022-04-29 01:00:00,917.125,921.785,916.945,918.885,1092,2000,0
2022-04-29 02:00:00,919.005,922.675,917.955,922.585,992,2050,0
2022-04-29 03:00:00,922.445,922.595,919.545,919.835,1229,2250,0
2022-04-29 04:00:00,919.745,928.135,919.535,924.525,1830,1330,0
2022-04-29 05:00:00,924.525,926.025,919.015,922.855,1578,2530,0
2022-04-29 06:00:00,922.685,928.515,921.535,926.265,1705,2240,0
2022-04-29 07:00:00,926.295,928.535,925.235,927.785,1211,1920,0
2022-04-29 08:00:00,927.795,932.875,927.795,930.865,1918,1840,0
2022-04-29 09:00:00,930.795,934.195,927.845,928.275,1913,1770,0
2022-04-29 10:00:00,928.275,933.165,926.615,932.475,2250,2040,0
2022-04-29 11:00:00,932.385,932.525,929.105,929.825,1180,2560,0
2022-04-29 12:00:00,929.825,933.675,929.345,930.225,981,1810,0
2022-04-29 13:00:00,930.225,933.655,930.005,932.955,1858,2500,0
2022-04-29 14:00:00,932.955,933.505,930.845,932.785,2330,2610,0
2022-04-29 15:00:00,932.925,933.625,924.685,930.455,2409,2540,0
2022-04-29 16:00:00,930.405,942.235,927.955,936.945,5175,2230,0
2022-04-29 17:00:00,936.955,943.195,934.435,935.095,4144,2150,0
2022-04-29 18:00:00,935.115,940.675,929.335,940.465,3422,2330,0
2022-04-29 19:00:00,940.455,943.585,937.685,943.055,2062,2140,0
2022-04-29 20:00:00,943.105,948.605,942.805,945.515,2447,2300,0
2022-04-29 21:00:00,945.525,945.995,940.575,943.125,1322,2040,0
2022-04-29 22:00:00,943.125,943.205,933.465,938.455,3013,2300,0
2022-04-29 23:00:00,938.525,939.405,926.545,927.055,620,2310,0
2022-05-02 01:00:00,930.205,941.015,929.725,939.175,1788,3830,0
2022-05-02 02:00:00,939.135,942.695,935.615,935.985,1492,3110,0
2022-05-02 03:00:00,935.925,936.135,929.905,932.855,1639,3000,0
2022-05-02 04:00:00,932.925,935.425,929.815,930.065,1527,2120,0
2022-05-02 05:00:00,930.155,932.675,927.985,931.205,1366,1660,0
2022-05-02 06:00:00,931.195,933.115,930.165,932.235,1240,2740,0
2022-05-02 07:00:00,932.235,932.615,930.495,930.625,1131,2500,0
2022-05-02 08:00:00,930.585,932.485,928.925,928.925,1238,2770,0
2022-05-02 09:00:00,928.975,936.495,928.925,936.495,1504,1900,0
2022-05-02 10:00:00,936.495,941.285,935.565,936.905,1863,1910,0
2022-05-02 11:00:00,936.855,940.455,934.485,936.555,1784,3030,0
2022-05-02 12:00:00,936.565,940.175,933.825,939.405,1524,3180,0
2022-05-02 13:00:00,939.405,941.115,937.085,940.625,1278,3020,0
2022-05-02 14:00:00,940.685,942.895,934.285,936.955,1767,350,0
2022-05-02 15:00:00,936.955,937.495,926.725,928.155,4108,420,0
2022-05-02 16:00:00,928.095,933.195,913.815,913.815,3387,2280,0
2022-05-02 17:00:00,913.815,936.915,913.815,930.875,3122,1670,0
2022-05-02 18:00:00,931.785,943.355,931.785,939.125,2585,2780,0
2022-05-02 19:00:00,939.145,940.515,936.575,938.415,2048,3360,0
2022-05-02 20:00:00,938.505,939.195,935.205,937.935,1666,3690,0
2022-05-02 21:00:00,938.055,938.235,928.475,932.055,1484,4090,0
2022-05-02 22:00:00,932.115,936.455,928.215,935.815,1391,4870,0
2022-05-02 23:00:00,935.845,936.125,933.905,934.445,623,6310,0
2022-05-03 01:00:00,933.835,938.645,931.825,938.085,643,2950,0
2022-05-03 02:00:00,938.005,939.075,932.625,938.605,752,2810,0
2022-05-03 03:00:00,938.525,943.495,934.085,943.415,1796,3210,0
2022-05-03 04:00:00,943.315,943.535,935.295,940.765,1484,2810,0
2022-05-03 05:00:00,940.835,944.125,937.775,943.795,1303,2600,0
2022-05-03 06:00:00,943.955,944.435,940.455,940.455,1422,2420,0
2022-05-03 07:00:00,940.275,942.215,937.435,937.635,1526,2570,0
2022-05-03 08:00:00,937.585,940.435,933.515,940.225,1569,2720,0
2022-05-03 09:00:00,940.215,940.775,936.855,937.695,1886,2800,0
2022-05-03 10:00:00,937.665,942.655,934.925,938.915,2510,2960,0
2022-05-03 11:00:00,939.015,944.605,936.835,944.195,1685,2200,0
2022-05-03 12:00:00,944.155,947.975,943.125,946.965,1293,2060,0
2022-05-03 13:00:00,947.025,950.865,946.335,947.375,1796,1960,0
2022-05-03 14:00:00,947.575,954.905,946.905,954.415,1639,1180,0
2022-05-03 15:00:00,954.805,962.675,952.985,959.805,2997,2340,0
2022-05-03 16:00:00,959.805,971.715,957.585,968.395,4245,1840,0
2022-05-03 17:00:00,967.975,971.935,963.925,964.585,4424,2650,0
2022-05-03 18:00:00,964.775,966.905,961.505,963.105,2587,2300,0
2022-05-03 19:00:00,963.125,966.365,960.125,964.765,1921,3020,0
2022-05-03 20:00:00,964.765,965.975,963.125,965.645,1418,2510,0
2022-05-03 21:00:00,965.645,966.305,961.835,965.855,1394,1730,0
2022-05-03 22:00:00,965.855,966.635,960.085,962.555,1258,2570,0
2022-05-03 23:00:00,962.555,964.465,962.075,964.275,638,3300,0
2022-05-04 01:00:00,960.105,966.515,959.865,966.175,597,2250,0
2022-05-04 02:00:00,966.155,966.795,965.305,965.695,870,1820,0
2022-05-04 03:00:00,965.635,966.435,962.345,966.025,1157,1870,0
2022-05-04 04:00:00,966.025,966.745,962.375,966.135,1422,1960,0
2022-05-04 05:00:00,966.135,970.385,965.845,969.105,1152,2000,0
2022-05-04 06:00:00,969.105,971.725,968.925,970.225,969,2240,0
2022-05-04 07:00:00,970.275,972.015,969.625,970.595,750,2190,0
2022-05-04 08:00:00,970.645,971.445,967.075,968.415,1009,2390,0
2022-05-04 09:00:00,968.495,969.935,966.285,969.565,1505,2750,0
2022-05-04 10:00:00,969.725,976.635,969.395,974.395,1770,1670,0
2022-05-04 11:00:00,974.255,976.585,973.515,976.005,1591,1790,0
2022-05-04 12:00:00,976.005,977.435,973.605,976.195,1367,2510,0
2022-05-04 13:00:00,976.255,979.585,974.995,976.125,1366,2190,0
2022-05-04 14:00:00,976.125,978.035,974.495,976.405,1259,3630,0
2022-05-04 15:00:00,976.305,976.795,968.685,968.845,2742,1960,0
2022-05-04 16:00:00,968.845,971.545,963.135,965.885,2694,2360,0
2022-05-04 17:00:00,965.655,974.785,965.485,971.225,3147,2000,0
2022-05-04 18:00:00,971.255,982.975,970.925,982.095,2040,1420,0
2022-05-04 19:00:00,981.875,994.225,979.935,993.775,877,3300,0
2022-05-04 20:00:00,993.865,994.045,987.325,988.945,638,3090,0
2022-05-04 21:00:00,989.165,996.435,984.645,994.155,2147,6560,0
2022-05-04 22:00:00,991.765,996.495,989.775,995.445,952,6560,0
2022-05-04 23:00:00,995.235,996.785,992.485,992.555,509,5770,0
2022-05-05 01:00:00,991.975,995.855,988.855,995.465,1426,3280,0
2022-05-05 02:00:00,995.395,998.035,990.035,997.355,1431,2760,0
2022-05-05 03:00:00,997.335,997.895,996.045,997.545,1310,2570,0
2022-05-05 04:00:00,997.505,1003.765,997.385,1001.695,2611,2730,0
2022-05-05 05:00:00,1001.655,1003.995,999.175,1001.645,1421,2260,0
2022-05-05 06:00:00,1001.645,1002.535,999.195,999.855,439,970,0
2022-05-05 07:00:00,999.855,1000.955,997.995,1000.545,289,1330,0
2022-05-05 08:00:00,1000.545,1001.545,998.575,1000.085,264,1630,0
2022-05-05 09:00:00,1000.085,1000.645,991.645,991.745,429,430,0
2022-05-05 10:00:00,991.745,994.575,987.195,991.515,1300,350,0
2022-05-05 11:00:00,991.515,991.515,981.455,984.095,1648,380,0
2022-05-05 12:00:00,983.955,984.355,980.065,982.325,1944,1590,0
2022-05-05 13:00:00,982.265,986.115,979.035,981.225,2054,2380,0
2022-05-05 14:00:00,981.255,988.175,979.555,986.055,2428,2620,0
2022-05-05 15:00:00,985.895,994.695,979.215,992.445,4313,1180,0
2022-05-05 16:00:00,992.375,993.115,979.605,981.085,4826,2550,0
2022-05-05 17:00:00,981.025,985.645,978.685,981.955,5326,600,0
2022-05-05 18:00:00,982.005,982.095,973.345,973.855,4653,2070,0
2022-05-05 19:00:00,973.795,981.095,970.855,980.885,3672,1560,0
2022-05-05 20:00:00,980.825,986.535,980.225,982.835,3439,2270,0
2022-05-05 21:00:00,982.885,984.535,978.415,983.935,2516,2530,0
2022-05-05 22:00:00,983.865,984.625,979.205,984.045,2184,2630,0
2022-05-05 23:00:00,983.985,984.135,982.515,983.365,877,2350,0
2022-05-06 01:00:00,981.695,985.375,974.195,985.145,1336,2060,0
2022-05-06 02:00:00,985.105,985.255,970.745,972.025,2346,1850,0
2022-05-06 03:00:00,971.835,972.985,953.155,957.495,2853,2230,0
2022-05-06 04:00:00,957.395,959.645,944.235,955.995,3500,2280,0
2022-05-06 05:00:00,956.025,958.885,952.705,957.315,2845,2370,0
2022-05-06 06:00:00,957.375,957.995,952.535,956.025,2214,2290,0
2022-05-06 07:00:00,955.935,956.845,953.815,956.345,1326,2310,0
2022-05-06 08:00:00,956.305,956.715,952.625,955.325,1793,2280,0
2022-05-06 09:00:00,955.245,960.285,950.815,955.965,4640,1980,0
2022-05-06 10:00:00,955.845,959.925,946.035,957.445,3163,2250,0
2022-05-06 11:00:00,957.445,963.855,956.445,959.335,2224,2420,0
2022-05-06 12:00:00,959.385,959.685,953.555,957.305,1806,1330,0
2022-05-06 13:00:00,957.305,961.085,955.775,960.325,1691,1510,0
2022-05-06 14:00:00,960.325,960.925,956.825,959.625,1230,1620,0
2022-05-06 15:00:00,959.665,972.025,959.325,961.425,1641,1100,0
2022-05-06 16:00:00,961.425,967.875,958.305,964.205,4597,1460,0
2022-05-06 17:00:00,964.195,976.105,963.245,970.745,4706,530,0
2022-05-06 18:00:00,970.645,972.505,967.235,967.405,2606,1150,0
2022-05-06 19:00:00,967.405,971.885,965.775,969.365,2464,1060,0
2022-05-06 20:00:00,969.315,969.925,964.725,964.875,2543,1900,0
2022-05-06 21:00:00,964.875,965.705,962.325,963.505,1807,2530,0
2022-05-06 22:00:00,963.335,965.005,959.425,960.995,2485,3680,0
2022-05-06 23:00:00,960.985,962.955,958.925,959.525,766,4080,0
2022-05-09 01:00:00,957.285,960.805,956.805,959.655,2661,2300,0
2022-05-09 02:00:00,960.085,960.385,952.905,956.705,1636,1660,0
2022-05-09 03:00:00,956.745,957.205,953.265,953.765,1678,1720,0
2022-05-09 04:00:00,953.785,953.835,947.325,949.325,2519,2560,0
2022-05-09 05:00:00,949.325,952.155,949.125,950.915,1848,2280,0
2022-05-09 06:00:00,950.895,952.905,950.235,950.855,1887,2370,0
2022-05-09 07:00:00,950.695,952.385,950.375,951.005,1539,2280,0
2022-05-09 08:00:00,951.015,951.605,946.365,949.265,2070,2400,0
2022-05-09 09:00:00,949.215,954.935,949.215,952.805,3569,1680,0
2022-05-09 10:00:00,952.785,960.615,951.705,956.475,2867,900,0
2022-05-09 11:00:00,956.235,956.235,944.205,947.685,2033,950,0
2022-05-09 12:00:00,947.665,947.665,937.955,941.685,1961,1520,0
2022-05-09 13:00:00,941.655,941.875,930.195,932.945,2459,760,0
2022-05-09 14:00:00,932.895,938.065,930.505,936.275,2714,600,0
2022-05-09 15:00:00,936.215,951.185,935.105,947.075,5092,1130,0
2022-05-09 16:00:00,947.075,956.205,946.705,951.705,4559,350,0
2022-05-09 17:00:00,951.705,958.835,948.235,955.525,3864,2030,0
2022-05-09 18:00:00,955.555,963.215,953.145,960.685,2903,350,0
2022-05-09 19:00:00,960.685,967.125,958.505,959.375,3028,350,0
2022-05-09 20:00:00,959.325,960.045,954.875,956.545,1478,2340,0
2022-05-09 21:00:00,956.545,958.735,954.865,957.895,1447,650,0
2022-05-09 22:00:00,957.895,961.125,954.235,955.165,1428,520,0
2022-05-09 23:00:00,954.995,956.345,953.795,954.345,788,350,0
2022-05-10 01:00:00,954.585,958.285,946.995,957.895,676,1790,0
2022-05-10 02:00:00,957.835,960.375,956.935,959.015,994,2150,0
2022-05-10 03:00:00,959.025,959.025,949.355,953.765,2135,350,0
2022-05-10 04:00:00,953.935,956.995,951.375,956.285,2426,350,0
2022-05-10 05:00:00,956.355,965.385,955.895,960.255,3237,350,0
2022-05-10 06:00:00,960.255,965.125,959.515,964.185,2221,820,0
2022-05-10 07:00:00,964.115,967.445,963.505,964.355,1456,1540,0
2022-05-10 08:00:00,964.455,970.935,963.955,970.735,2481,2150,0
2022-05-10 09:00:00,970.405,976.555,968.425,973.075,2031,2100,0
2022-05-10 10:00:00,972.885,976.335,969.835,969.835,1797,1270,0
2022-05-10 11:00:00,969.835,976.895,968.535,976.155,1697,2580,0
2022-05-10 12:00:00,976.115,978.945,972.705,972.705,1608,2710,0
2022-05-10 13:00:00,972.595,976.525,972.025,975.505,1293,1980,0
2022-05-10 14:00:00,975.505,981.575,973.805,973.935,1596,640,0
2022-05-10 15:00:00,973.745,982.655,972.125,982.505,1648,350,0
2022-05-10 16:00:00,982.575,988.235,978.995,983.775,3679,360,0
2022-05-10 17:00:00,983.775,991.175,976.955,978.075,3653,2140,0
2022-05-10 18:00:00,978.145,978.485,960.765,971.595,4710,350,0
2022-05-10 19:00:00,971.585,974.025,964.375,969.735,2892,350,0
2022-05-10 20:00:00,969.875,973.685,967.685,973.555,2148,540,0
2022-05-10 21:00:00,973.585,974.125,968.415,969.415,1816,2630,0
2022-05-10 22:00:00,969.395,970.035,962.625,962.985,1409,2550,0
2022-05-10 23:00:00,962.985,965.665,962.385,964.245,631,2640,0
2022-05-11 01:00:00,964.045,967.855,963.715,966.265,924,3150,0
2022-05-11 02:00:00,966.275,967.515,963.925,964.505,887,2170,0
2022-05-11 03:00:00,964.495,967.495,963.505,965.315,1328,2330,0
2022-05-11 04:00:00,965.325,973.215,963.515,970.125,1936,460,0
2022-05-11 05:00:00,970.125,978.815,968.825,973.235,1539,350,0
2022-05-11 06:00:00,973.225,978.375,970.825,971.375,1177,350,0
2022-05-11 07:00:00,971.325,980.115,970.525,974.985,959,350,0
2022-05-11 08:00:00,975.035,981.235,973.925,980.135,1202,350,0
2022-05-11 09:00:00,980.005,983.815,974.445,976.175,1688,350,0
2022-05-11 10:00:00,976.145,987.355,975.565,986.095,2000,350,0
2022-05-11 11:00:00,986.255,993.955,981.935,992.195,1572,250,0
2022-05-11 12:00:00,992.195,993.925,987.525,989.855,1378,670,0
2022-05-11 13:00:00,989.855,992.945,988.655,992.555,893,770,0
2022-05-11 14:00:00,992.505,992.795,986.615,986.965,1307,1510,0
2022-05-11 15:00:00,986.865,995.915,971.405,974.755,4738,1580,0
2022-05-11 16:00:00,974.795,996.595,971.545,995.425,4750,1070,0
2022-05-11 17:00:00,995.315,999.805,990.415,997.415,5320,820,0
2022-05-11 18:00:00,997.615,1001.575,994.565,999.795,3114,600,0
2022-05-11 19:00:00,999.815,1000.605,995.975,997.315,2625,1650,0
2022-05-11 20:00:00,997.395,999.875,994.365,996.675,2365,2210,0
2022-05-11 21:00:00,996.605,999.025,995.615,997.495,1833,3590,0
2022-05-11 22:00:00,997.485,998.045,992.325,992.715,917,2800,0
2022-05-11 23:00:00,992.635,992.925,990.725,991.925,323,3620,0
2022-05-12 01:00:00,992.225,993.145,990.595,992.915,637,2430,0
2022-05-12 02:00:00,992.985,994.245,990.175,990.525,970,1850,0
2022-05-12 03:00:00,990.535,994.125,988.945,993.165,1774,2330,0
2022-05-12 04:00:00,993.095,994.355,989.495,992.675,2038,2510,0
2022-05-12 05:00:00,992.465,993.695,987.825,988.685,2241,2420,0
2022-05-12 06:00:00,988.705,990.715,987.275,990.235,2575,2280,0
2022-05-12 07:00:00,990.435,991.085,982.725,983.725,907,2130,0
2022-05-12 08:00:00,983.725,985.545,980.725,984.055,1856,2620,0
2022-05-12 09:00:00,983.985,991.965,983.905,987.255,2498,2480,0
2022-05-12 10:00:00,987.415,987.515,979.305,983.835,3091,1790,0
2022-05-12 11:00:00,983.795,985.345,974.845,975.445,1799,3100,0
2022-05-12 12:00:00,975.545,977.975,966.595,969.035,2015,2230,0
2022-05-12 13:00:00,969.145,974.465,967.455,969.705,1474,3150,0
2022-05-12 14:00:00,969.795,976.055,964.205,974.955,1374,1890,0
2022-05-12 15:00:00,974.875,974.875,962.375,966.435,2698,2110,0
2022-05-12 16:00:00,966.405,967.055,948.795,949.445,4768,1370,0
2022-05-12 17:00:00,949.445,958.145,945.055,957.735,5213,1190,0
2022-05-12 18:00:00,957.735,960.535,953.055,955.875,3439,1960,0
2022-05-12 19:00:00,955.875,959.235,945.305,947.095,3027,2110,0
2022-05-12 20:00:00,947.105,949.255,941.495,944.785,2919,1980,0
2022-05-12 21:00:00,944.855,946.545,942.425,944.865,1659,1650,0
2022-05-12 22:00:00,944.925,948.535,943.225,946.145,1899,1960,0
2022-05-12 23:00:00,945.925,948.695,943.025,945.395,719,1360,0
2022-05-13 01:00:00,942.525,950.085,936.055,947.155,907,2590,0
2022-05-13 02:00:00,947.195,952.895,938.345,952.485,1055,2280,0
2022-05-13 03:00:00,952.635,958.545,949.995,955.875,1449,620,0
2022-05-13 04:00:00,955.775,959.375,953.025,955.655,2226,780,0
2022-05-13 05:00:00,955.655,959.055,953.025,956.985,1144,1220,0
2022-05-13 06:00:00,956.775,960.165,955.325,958.725,848,1070,0
2022-05-13 07:00:00,958.625,960.465,956.955,958.815,855,410,0
2022-05-13 08:00:00,958.835,960.245,956.565,959.285,1311,950,0
2022-05-13 09:00:00,959.285,960.055,952.625,953.735,2236,1750,0
2022-05-13 10:00:00,953.845,964.545,952.965,961.095,1822,350,0
2022-05-13 11:00:00,961.245,964.655,952.355,954.805,1374,1430,0
2022-05-13 12:00:00,954.745,957.215,950.895,953.985,829,1760,0
2022-05-13 13:00:00,954.095,954.435,950.075,952.175,1032,1090,0
2022-05-13 14:00:00,952.125,952.815,946.925,948.315,1062,1700,0
2022-05-13 15:00:00,948.315,950.535,942.945,943.515,2067,420,0
2022-05-13 16:00:00,943.495,944.865,934.525,935.685,3836,480,0
2022-05-13 17:00:00,935.685,947.925,935.625,941.885,2870,840,0
2022-05-13 18:00:00,941.845,943.575,939.565,941.065,1677,1530,0
2022-05-13 19:00:00,941.105,946.385,939.625,945.095,1408,1450,0
2022-05-13 20:00:00,945.105,947.065,939.625,941.205,1373,1330,0
2022-05-13 21:00:00,941.205,941.505,939.275,939.945,1142,2510,0
2022-05-13 22:00:00,940.075,940.815,937.975,940.815,798,1690,0
2022-05-13 23:00:00,940.665,941.275,938.665,941.235,457,1750,0
2022-05-16 01:00:00,938.695,948.665,938.695,945.655,763,4590,0
2022-05-16 02:00:00,945.645,949.105,943.115,948.775,865,2170,0
2022-05-16 03:00:00,948.665,954.845,947.555,953.635,1301,1730,0
2022-05-16 04:00:00,953.565,955.905,944.055,945.225,1931,1340,0
2022-05-16 05:00:00,945.125,949.115,943.235,945.815,1793,370,0
2022-05-16 06:00:00,945.795,947.545,942.735,946.955,1888,700,0
2022-05-16 07:00:00,947.105,948.445,943.885,944.865,1332,1370,0
2022-05-16 08:00:00,944.815,946.695,941.325,941.525,2526,1360,0
2022-05-16 09:00:00,941.525,945.745,936.125,944.475,1534,350,0
2022-05-16 10:00:00,944.585,945.925,932.905,936.415,2240,350,0
2022-05-16 11:00:00,936.385,943.435,934.515,940.785,1621,350,0
2022-05-16 12:00:00,940.785,942.965,938.305,938.625,1242,350,0
2022-05-16 13:00:00,938.625,941.135,936.805,940.825,1105,360,0
2022-05-16 14:00:00,940.725,940.895,935.205,935.915,1375,690,0
2022-05-16 15:00:00,935.995,945.215,931.785,944.945,2282,360,0
2022-05-16 16:00:00,944.525,947.375,939.265,939.455,2610,350,0
2022-05-16 17:00:00,939.455,947.855,938.545,944.215,2277,760,0
2022-05-16 18:00:00,944.135,947.255,939.575,942.755,1362,350,0
2022-05-16 19:00:00,942.805,947.045,940.425,945.735,1237,350,0
2022-05-16 20:00:00,945.735,947.235,940.155,945.665,1119,350,0
2022-05-16 21:00:00,945.665,947.155,940.585,943.305,906,350,0
2022-05-16 22:00:00,943.355,949.125,942.945,944.005,1364,350,0
2022-05-16 23:00:00,944.055,948.325,942.375,942.765,502,3660,0
2022-05-17 01:00:00,942.075,948.525,942.075,947.375,456,2190,0
2022-05-17 02:00:00,947.375,950.075,947.115,949.115,670,2070,0
2022-05-17 03:00:00,949.285,952.115,944.855,944.965,1532,480,0
2022-05-17 04:00:00,944.915,949.315,943.515,948.215,1798,350,0
2022-05-17 05:00:00,947.995,950.565,944.125,946.975,1484,350,0
2022-05-17 06:00:00,946.895,947.305,942.595,942.755,1273,2240,0
2022-05-17 07:00:00,942.705,944.055,942.215,942.615,900,2300,0
2022-05-17 08:00:00,942.615,945.855,941.585,945.705,1556,3010,0
2022-05-17 09:00:00,945.745,947.215,940.805,946.895,1877,3350,0
2022-05-17 10:00:00,946.825,946.825,935.245,942.845,1578,2650,0
2022-05-17 11:00:00,942.695,949.075,941.975,946.915,1665,3280,0
2022-05-17 12:00:00,946.805,951.175,946.005,949.295,1323,1680,0
2022-05-17 13:00:00,949.295,953.105,947.165,951.245,2276,2440,0
2022-05-17 14:00:00,951.205,958.685,950.955,954.425,2182,2190,0
2022-05-17 15:00:00,954.405,964.285,954.205,959.575,5363,1220,0
2022-05-17 16:00:00,959.585,961.485,951.125,956.745,4290,1750,0
2022-05-17 17:00:00,956.615,959.905,951.965,957.945,4600,2330,0
2022-05-17 18:00:00,957.875,959.325,951.335,951.395,3818,2430,0
2022-05-17 19:00:00,951.425,954.355,950.555,953.195,1481,3820,0
2022-05-17 20:00:00,953.185,955.775,952.875,953.315,1068,3630,0
2022-05-17 21:00:00,953.385,953.525,946.525,949.725,677,4260,0
2022-05-17 22:00:00,949.705,952.465,948.705,950.425,803,4350,0
2022-05-17 23:00:00,949.905,952.925,949.715,952.025,146,4650,0
2022-05-18 01:00:00,952.125,953.445,943.995,950.845,586,3350,0
2022-05-18 02:00:00,950.975,953.225,950.515,951.835,702,3350,0
2022-05-18 03:00:00,951.915,956.315,951.495,954.455,1122,3030,0
2022-05-18 04:00:00,954.515,955.035,949.275,950.105,1817,2450,0
2022-05-18 05:00:00,950.185,951.805,948.805,951.405,1592,2500,0
2022-05-18 06:00:00,951.365,952.035,946.285,949.335,1438,2370,0
2022-05-18 07:00:00,949.295,952.925,948.155,951.825,1156,1150,0
2022-05-18 08:00:00,951.785,957.295,951.765,957.075,1844,1630,0
2022-05-18 09:00:00,957.045,958.965,954.895,955.215,1821,2070,0
2022-05-18 10:00:00,955.195,963.965,954.155,963.195,2210,1400,0
2022-05-18 11:00:00,963.205,964.885,958.885,959.185,1385,1870,0
2022-05-18 12:00:00,959.265,968.035,958.445,967.975,1219,1330,0
2022-05-18 13:00:00,968.005,968.305,963.845,965.165,1322,1480,0
2022-05-18 14:00:00,965.215,965.325,952.835,952.895,1569,2160,0
2022-05-18 15:00:00,952.835,956.285,947.505,949.105,3041,1920,0
2022-05-18 16:00:00,949.205,952.515,942.855,944.325,3159,2690,0
2022-05-18 17:00:00,944.325,944.625,934.445,940.805,2748,350,0
2022-05-18 18:00:00,940.975,942.215,933.525,940.345,2305,1230,0
2022-05-18 19:00:00,940.005,941.105,936.575,937.815,1970,1220,0
2022-05-18 20:00:00,937.915,940.345,932.825,937.425,1479,710,0
2022-05-18 21:00:00,937.365,937.725,932.535,936.025,1275,350,0
2022-05-18 22:00:00,935.895,937.805,932.825,934.465,1239,350,0
2022-05-18 23:00:00,934.465,935.805,933.055,934.485,761,350,0
2022-05-19 01:00:00,931.025,938.205,927.725,937.585,862,3240,0
2022-05-19 02:00:00,937.655,937.835,923.545,930.625,1340,2460,0
2022-05-19 03:00:00,930.515,934.085,926.325,928.925,1736,350,0
2022-05-19 04:00:00,929.225,933.255,927.625,928.225,1921,360,0
2022-05-19 05:00:00,931.815,932.845,918.805,926.555,663,350,0
2022-05-19 06:00:00,926.555,929.105,926.555,928.005,149,5960,0
2022-05-19 07:00:00,928.005,928.655,926.185,927.595,140,6270,0
2022-05-19 08:00:00,927.595,927.595,918.725,925.475,148,6340,0
2022-05-19 09:00:00,925.475,932.885,924.515,931.545,1601,360,0
2022-05-19 10:00:00,931.445,932.335,923.925,929.985,2404,350,0
2022-05-19 11:00:00,930.085,933.875,925.885,931.015,2154,350,0
2022-05-19 12:00:00,931.105,937.255,927.905,936.815,2176,350,0
2022-05-19 13:00:00,936.815,942.785,935.125,942.625,2166,380,0
2022-05-19 14:00:00,942.415,945.555,940.575,945.085,2170,590,0
2022-05-19 15:00:00,944.995,951.225,939.675,950.925,2756,960,0
2022-05-19 16:00:00,950.925,959.295,949.825,953.645,2691,1130,0
2022-05-19 17:00:00,953.595,961.795,953.395,958.725,4218,350,0
2022-05-19 18:00:00,958.825,961.955,955.695,958.505,1941,800,0
2022-05-19 19:00:00,958.745,965.505,958.225,963.795,2396,1480,0
2022-05-19 20:00:00,963.795,965.645,960.525,965.525,1946,2680,0
2022-05-19 21:00:00,965.595,967.165,964.025,966.205,1892,2930,0
2022-05-19 22:00:00,966.215,967.455,964.225,966.295,1474,2350,0
2022-05-19 23:00:00,966.235,966.295,961.515,962.515,599,2520,0
2022-05-20 01:00:00,962.025,964.755,956.285,962.835,685,2860,0
2022-05-20 02:00:00,962.755,963.895,954.795,954.795,1019,2230,0
2022-05-20 03:00:00,954.805,959.225,954.805,958.425,1220,2550,0
2022-05-20 04:00:00,958.425,960.025,956.725,957.025,827,2110,0
2022-05-20 05:00:00,957.025,957.625,953.325,955.525,804,2810,0
2022-05-20 06:00:00,955.525,958.825,955.525,958.115,862,2770,0
2022-05-20 07:00:00,958.185,962.025,958.105,960.525,1160,2550,0
2022-05-20 08:00:00,960.525,964.985,956.565,963.825,1139,2980,0
2022-05-20 09:00:00,963.825,969.525,959.015,968.625,1775,1250,0
2022-05-20 10:00:00,968.625,970.065,963.525,966.725,1016,870,0
2022-05-20 11:00:00,966.525,968.625,962.725,966.325,703,820,0
2022-05-20 12:00:00,966.325,969.325,966.225,969.025,514,900,0
2022-05-20 13:00:00,969.025,969.825,961.805,966.325,497,930,0
2022-05-20 14:00:00,966.225,966.425,958.825,960.025,621,1270,0
2022-05-20 15:00:00,960.025,966.925,957.025,965.425,1144,350,0
2022-05-20 16:00:00,965.425,965.825,957.235,961.525,1327,350,0
2022-05-20 17:00:00,961.525,962.025,951.215,953.525,1471,350,0
2022-05-20 18:00:00,953.525,955.325,948.065,952.125,1355,350,0
2022-05-20 19:00:00,952.125,952.825,947.025,951.225,1102,500,0
2022-05-20 20:00:00,951.225,952.925,947.435,951.525,1038,710,0
2022-05-20 21:00:00,951.525,952.825,947.155,951.725,877,1260,0
2022-05-20 22:00:00,951.725,957.025,947.985,956.625,661,1530,0
2022-05-20 23:00:00,956.725,957.225,947.325,955.925,273,1510,0
2022-05-23 01:00:00,952.715,957.525,952.715,957.025,1425,2820,0
2022-05-23 02:00:00,956.925,960.125,956.635,959.325,378,2270,0
2022-05-23 03:00:00,959.325,962.925,958.825,961.825,762,1460,0
2022-05-23 04:00:00,961.825,963.125,960.625,961.025,875,1690,0
2022-05-23 05:00:00,960.925,962.865,960.325,962.165,1292,2170,0
2022-05-23 06:00:00,962.115,964.105,961.865,963.495,1087,2790,0
2022-05-23 07:00:00,963.535,964.355,962.495,963.625,977,2920,0
2022-05-23 08:00:00,963.625,968.025,962.925,965.625,830,1580,0
2022-05-23 09:00:00,965.625,967.525,964.025,967.225,846,2350,0
2022-05-23 10:00:00,966.925,972.725,966.825,970.625,713,1260,0
2022-05-23 11:00:00,970.625,973.825,966.975,971.765,1067,1390,0
2022-05-23 12:00:00,971.775,975.955,971.015,975.835,1914,2350,0
2022-05-23 13:00:00,975.695,979.575,972.785,976.085,1253,450,0
2022-05-23 14:00:00,976.025,977.675,973.245,974.055,1322,2990,0
2022-05-23 15:00:00,974.215,979.905,972.825,973.535,2457,2860,0
2022-05-23 16:00:00,973.615,974.315,967.825,972.005,2998,2570,0
2022-05-23 17:00:00,971.715,973.065,957.825,960.795,1920,1430,0
2022-05-23 18:00:00,960.795,964.235,958.705,961.505,2451,1270,0
2022-05-23 19:00:00,961.465,964.955,960.145,961.465,1794,1500,0
2022-05-23 20:00:00,961.535,962.735,958.825,961.845,1539,1930,0
2022-05-23 21:00:00,961.955,964.065,961.165,961.795,1153,2420,0
2022-05-23 22:00:00,961.875,962.625,957.665,958.225,1036,2140,0
2022-05-23 23:00:00,958.225,959.525,958.095,959.525,293,2570,0
2022-05-24 01:00:00,959.695,959.695,954.205,956.265,700,860,0
2022-05-24 02:00:00,956.245,958.925,954.545,958.635,691,1150,0
2022-05-24 03:00:00,958.665,960.305,956.535,957.375,1641,350,0
2022-05-24 04:00:00,957.185,960.225,953.315,957.105,1924,350,0
2022-05-24 05:00:00,957.095,957.155,952.825,955.145,1214,350,0
2022-05-24 06:00:00,955.075,957.925,955.005,957.885,1103,370,0
2022-05-24 07:00:00,957.895,958.355,956.555,957.995,803,640,0
2022-05-24 08:00:00,957.935,960.295,953.385,958.955,1908,350,0
2022-05-24 09:00:00,959.045,960.365,953.965,955.335,2136,350,0
2022-05-24 10:00:00,955.415,967.995,953.725,967.485,2915,350,0
2022-05-24 11:00:00,967.495,967.975,957.725,959.485,2752,860,0
2022-05-24 12:00:00,959.515,961.475,956.105,956.215,2236,500,0
2022-05-24 13:00:00,956.175,959.075,951.925,958.475,1440,550,0
2022-05-24 14:00:00,958.525,961.835,957.765,959.225,2007,740,0
2022-05-24 15:00:00,959.045,961.015,947.725,958.835,3152,350,0
2022-05-24 16:00:00,958.905,967.825,955.645,965.725,2962,350,0
2022-05-24 17:00:00,965.725,966.825,954.575,957.825,4324,650,0
2022-05-24 18:00:00,957.815,962.585,956.195,960.395,2885,620,0
2022-05-24 19:00:00,960.515,962.325,954.215,954.425,2155,1450,0
2022-05-24 20:00:00,954.325,957.795,953.185,956.815,1842,2390,0
2022-05-24 21:00:00,956.845,957.265,952.955,953.025,1664,2390,0
2022-05-24 22:00:00,953.065,956.045,952.995,955.625,1426,2430,0
2022-05-24 23:00:00,955.555,957.155,954.425,955.225,971,2460,0
2022-05-25 01:00:00,955.425,957.635,953.055,957.075,621,2680,0
2022-05-25 02:00:00,956.975,958.675,956.925,958.575,795,2320,0
2022-05-25 03:00:00,958.615,958.755,956.125,956.325,1173,2250,0
2022-05-25 04:00:00,956.325,957.325,954.825,955.725,599,2050,0
2022-05-25 05:00:00,955.725,957.725,952.065,955.025,913,360,0
2022-05-25 06:00:00,955.025,956.925,954.625,956.625,605,580,0
2022-05-25 07:00:00,956.625,957.525,955.425,956.125,573,1340,0
2022-05-25 08:00:00,956.125,956.625,952.805,954.725,709,1480,0
2022-05-25 09:00:00,954.725,954.825,950.255,953.925,772,1910,0
2022-05-25 10:00:00,954.025,954.025,939.835,949.575,1356,1980,0
2022-05-25 11:00:00,949.745,949.875,945.325,948.475,1951,1030,0
2022-05-25 12:00:00,948.455,950.995,946.985,948.435,1696,1690,0
2022-05-25 13:00:00,948.355,949.045,942.745,944.265,1568,1420,0
2022-05-25 14:00:00,944.355,949.765,943.425,945.455,1861,350,0
2022-05-25 15:00:00,945.435,948.165,937.285,948.145,3088,380,0
2022-05-25 16:00:00,948.205,953.425,944.115,948.245,3740,780,0
2022-05-25 17:00:00,948.245,958.025,947.405,953.325,3449,350,0
2022-05-25 18:00:00,953.325,958.125,949.735,950.015,1380,350,0
2022-05-25 19:00:00,950.005,952.925,943.085,946.425,2268,350,0
2022-05-25 20:00:00,946.325,948.925,944.215,947.425,829,350,0
2022-05-25 21:00:00,947.425,954.525,943.415,954.425,2203,350,0
2022-05-25 22:00:00,954.325,955.925,950.995,952.925,958,350,0
2022-05-25 23:00:00,953.025,953.825,948.735,950.525,552,430,0
2022-05-26 01:00:00,950.125,951.445,944.575,949.765,752,2450,0
2022-05-26 02:00:00,949.915,951.295,946.205,950.945,785,3000,0
2022-05-26 03:00:00,950.705,954.925,948.565,953.425,1008,1020,0
2022-05-26 04:00:00,953.425,954.425,944.815,949.425,1085,750,0
2022-05-26 05:00:00,949.225,951.425,947.295,949.425,880,860,0
2022-05-26 06:00:00,949.425,949.425,947.025,948.425,349,1380,0
2022-05-26 07:00:00,948.525,948.825,940.535,944.725,544,1110,0
2022-05-26 08:00:00,944.725,946.225,943.025,943.825,921,740,0
2022-05-26 09:00:00,943.825,946.225,943.725,945.925,551,880,0
2022-05-26 10:00:00,946.025,950.325,945.025,949.725,755,420,0
2022-05-26 11:00:00,949.825,949.825,942.725,943.225,859,1040,0
2022-05-26 12:00:00,943.125,946.105,941.925,945.975,826,1330,0
2022-05-26 13:00:00,945.905,948.155,944.925,946.395,1084,1350,0
2022-05-26 14:00:00,946.325,948.045,943.995,946.485,1503,1830,0
2022-05-26 15:00:00,946.405,946.645,939.575,942.485,3735,1340,0
2022-05-26 16:00:00,942.475,949.525,939.075,946.925,4979,350,0
2022-05-26 17:00:00,947.025,954.525,947.025,948.625,1899,350,0
2022-05-26 18:00:00,948.625,952.025,948.425,949.625,965,1410,0
2022-05-26 19:00:00,949.625,952.845,948.875,951.145,1319,1270,0
2022-05-26 20:00:00,951.195,953.735,948.425,952.065,1378,1590,0
2022-05-26 21:00:00,952.055,953.025,951.325,952.625,432,1900,0
2022-05-26 22:00:00,952.725,953.125,951.125,952.315,754,1910,0
2022-05-26 23:00:00,952.355,952.425,951.065,951.615,696,2180,0
2022-05-27 01:00:00,949.955,953.265,949.875,952.555,670,3320,0
2022-05-27 02:00:00,952.565,954.745,952.505,954.385,608,2040,0
2022-05-27 03:00:00,954.345,954.425,949.325,950.565,1234,2350,0
2022-05-27 04:00:00,950.615,955.825,949.715,955.445,1217,2890,0
2022-05-27 05:00:00,955.415,955.725,953.465,954.025,957,2140,0
2022-05-27 06:00:00,954.125,955.425,954.025,954.335,527,2440,0
2022-05-27 07:00:00,954.405,956.875,954.225,954.895,1670,2380,0
2022-05-27 08:00:00,954.865,955.825,952.275,953.125,1291,2610,0
2022-05-27 09:00:00,953.125,953.435,950.725,952.505,1276,1780,0
2022-05-27 10:00:00,952.565,956.055,950.235,954.425,2306,1060,0
2022-05-27 11:00:00,954.525,958.125,952.405,953.695,2067,2150,0
2022-05-27 12:00:00,953.605,957.255,952.625,955.825,1835,2080,0
2022-05-27 13:00:00,955.925,957.835,955.225,955.345,1729,1800,0
2022-05-27 14:00:00,955.425,956.835,953.235,953.805,2386,1950,0
2022-05-27 15:00:00,953.905,958.975,946.825,955.165,3507,1530,0
2022-05-27 16:00:00,955.205,960.605,953.925,956.825,4316,1860,0
2022-05-27 17:00:00,956.625,959.225,951.325,953.085,2591,350,0
2022-05-27 18:00:00,953.335,960.815,951.125,958.925,2392,830,0
2022-05-27 19:00:00,958.925,959.625,952.645,956.325,655,1360,0
2022-05-27 20:00:00,956.325,957.325,954.625,956.325,601,2330,0
2022-05-27 21:00:00,956.225,956.625,955.195,955.985,940,2700,0
2022-05-27 22:00:00,956.055,957.125,955.325,956.505,660,2650,0
2022-05-27 23:00:00,956.505,958.025,953.925,956.925,487,2720,0
2022-05-30 01:00:00,950.305,957.965,950.105,955.865,505,3570,0
2022-05-30 02:00:00,956.075,956.185,954.045,955.945,928,3150,0
2022-05-30 03:00:00,955.885,957.025,954.205,956.215,1025,2240,0
2022-05-30 04:00:00,956.325,959.595,953.425,958.525,1312,2460,0
2022-05-30 05:00:00,958.525,961.325,958.525,959.625,747,1510,0
2022-05-30 06:00:00,959.625,960.425,957.325,959.425,567,1290,0
2022-05-30 07:00:00,959.525,962.225,959.125,961.425,625,1090,0
2022-05-30 08:00:00,961.425,963.025,960.725,961.125,554,580,0
2022-05-30 09:00:00,961.125,962.925,960.925,961.625,794,870,0
2022-05-30 10:00:00,961.625,963.525,958.505,960.225,720,600,0
2022-05-30 11:00:00,960.225,962.925,956.825,961.425,724,920,0
2022-05-30 12:00:00,961.425,965.025,960.825,964.725,633,1290,0
2022-05-30 13:00:00,964.725,965.525,960.625,962.525,700,930,0
2022-05-30 14:00:00,962.525,963.825,961.225,961.825,449,550,0
2022-05-30 15:00:00,961.625,963.625,961.325,961.525,657,350,0
2022-05-30 16:00:00,961.525,962.525,958.125,959.925,793,350,0
2022-05-30 17:00:00,959.825,960.725,957.225,960.425,852,460,0
2022-05-30 18:00:00,960.425,961.925,959.625,960.125,534,560,0
2022-05-30 19:00:00,960.025,961.425,959.925,961.025,375,520,0
2022-05-30 20:00:00,961.025,961.225,959.235,959.625,233,910,0
2022-05-30 21:00:00,959.625,960.025,959.305,959.425,50,3030,0
2022-05-31 01:00:00,959.625,959.625,954.875,957.535,842,2920,0
2022-05-31 02:00:00,957.435,958.165,956.765,958.025,666,2550,0
2022-05-31 03:00:00,958.075,958.525,951.375,954.225,800,1180,0
2022-05-31 04:00:00,954.225,957.425,952.605,956.925,940,1020,0
2022-05-31 05:00:00,956.925,958.925,956.125,958.925,678,910,0
2022-05-31 06:00:00,958.925,959.925,958.625,959.625,460,730,0
2022-05-31 07:00:00,959.625,960.625,958.325,960.225,315,610,0
2022-05-31 08:00:00,960.225,965.125,957.235,963.425,956,560,0
2022-05-31 09:00:00,963.425,967.825,961.915,963.525,2888,350,0
2022-05-31 10:00:00,963.485,968.825,963.485,968.125,1212,350,0
2022-05-31 11:00:00,967.525,970.825,962.185,963.075,1182,350,0
2022-05-31 12:00:00,963.075,964.825,957.095,961.415,2721,360,0
2022-05-31 13:00:00,961.475,964.525,958.865,960.185,1805,380,0
2022-05-31 14:00:00,960.095,964.325,958.195,961.765,1612,350,0
2022-05-31 15:00:00,961.755,972.825,961.335,965.825,3270,350,0
2022-05-31 16:00:00,965.825,974.225,961.965,971.425,4592,350,0
2022-05-31 17:00:00,971.425,972.525,958.725,961.525,2043,350,0
2022-05-31 18:00:00,961.525,970.025,956.725,969.625,1263,1110,0
2022-05-31 19:00:00,969.625,977.225,966.925,973.325,1294,350,0
2022-05-31 20:00:00,973.425,978.325,969.385,971.785,1708,450,0
2022-05-31 21:00:00,971.705,974.225,969.725,970.425,1195,930,0
2022-05-31 22:00:00,970.425,971.225,967.225,967.525,606,840,0
2022-05-31 23:00:00,967.525,968.725,965.185,968.425,454,920,0
2022-06-01 01:00:00,969.225,969.595,962.675,969.185,718,3550,0
2022-06-01 02:00:00,969.255,973.025,965.675,968.325,534,680,0
2022-06-01 03:00:00,968.325,969.525,965.875,968.125,742,1000,0
2022-06-01 04:00:00,968.125,969.825,965.115,967.825,967,1030,0
2022-06-01 05:00:00,967.725,973.525,967.125,972.025,1821,900,0
2022-06-01 06:00:00,972.225,972.725,970.625,971.225,320,1140,0
2022-06-01 07:00:00,971.225,971.325,967.425,968.825,590,960,0
2022-06-01 08:00:00,968.825,969.725,966.825,967.125,505,1000,0
2022-06-01 09:00:00,967.125,972.325,966.725,971.525,664,690,0
2022-06-01 10:00:00,971.525,979.625,960.005,974.125,1015,970,0
2022-06-01 11:00:00,974.125,977.125,970.925,971.125,728,1340,0
2022-06-01 12:00:00,971.125,974.225,968.325,974.225,812,2090,0
2022-06-01 13:00:00,974.225,979.525,974.225,978.525,736,1160,0
2022-06-01 14:00:00,978.525,980.925,977.725,978.925,786,870,0
2022-06-01 15:00:00,978.925,994.925,978.425,991.625,1710,430,0
2022-06-01 16:00:00,991.625,1009.625,990.625,1002.025,3268,350,0
2022-06-01 17:00:00,1002.025,1002.225,979.135,987.525,3516,350,0
2022-06-01 18:00:00,987.525,998.325,982.035,998.025,1833,350,0
2022-06-01 19:00:00,998.025,1003.925,994.265,1003.025,1406,980,0
2022-06-01 20:00:00,1002.525,1003.025,995.735,999.225,1162,1310,0
2022-06-01 21:00:00,999.225,1000.525,995.935,999.625,933,1100,0
2022-06-01 22:00:00,999.525,1000.225,996.935,997.525,627,1150,0
2022-06-01 23:00:00,997.325,999.025,995.405,998.025,322,1120,0
2022-06-02 01:00:00,998.425,998.425,993.535,995.365,738,2750,0
2022-06-02 02:00:00,995.305,996.755,990.475,991.005,989,2460,0
2022-06-02 03:00:00,990.995,995.925,989.585,991.565,1214,350,0
2022-06-02 04:00:00,991.555,994.925,987.315,991.545,1686,350,0
2022-06-02 05:00:00,991.515,994.125,986.745,987.655,2671,350,0
2022-06-02 06:00:00,987.665,994.125,985.675,987.215,1058,350,0
2022-06-02 07:00:00,987.105,993.525,984.625,989.125,1270,350,0
2022-06-02 08:00:00,989.015,998.925,986.885,995.465,1693,350,0
2022-06-02 09:00:00,995.605,1008.825,994.735,1002.885,2243,350,0
2022-06-02 10:00:00,1002.855,1008.825,999.075,1001.165,1968,350,0
2022-06-02 11:00:00,1001.135,1007.425,1001.045,1004.165,1631,430,0
2022-06-02 12:00:00,1004.165,1010.125,1002.165,1010.125,1248,350,0
2022-06-02 13:00:00,1010.125,1010.725,1003.885,1006.265,1528,350,0
2022-06-02 14:00:00,1006.255,1013.425,1005.865,1009.215,1839,350,0
2022-06-02 15:00:00,1009.245,1013.325,1002.995,1004.185,3413,350,0
2022-06-02 16:00:00,1004.205,1012.025,1003.725,1010.025,2534,1250,0
2022-06-02 17:00:00,1010.025,1015.625,1008.015,1015.025,2141,350,0
2022-06-02 18:00:00,1014.825,1022.625,1014.435,1020.675,2489,350,0
2022-06-02 19:00:00,1020.475,1027.425,1019.925,1025.565,1253,350,0
2022-06-02 20:00:00,1025.625,1027.225,1021.055,1021.225,1875,350,0
2022-06-02 21:00:00,1023.625,1024.025,1019.005,1022.615,1420,350,0
2022-06-02 22:00:00,1022.615,1023.625,1020.065,1022.375,822,350,0
2022-06-02 23:00:00,1022.375,1023.325,1018.665,1022.025,613,350,0
2022-06-03 01:00:00,1022.025,1023.655,1020.265,1023.475,487,350,0
2022-06-03 02:00:00,1023.475,1023.775,1018.215,1020.015,925,350,0
2022-06-03 03:00:00,1020.055,1023.905,1018.745,1021.675,1419,350,0
2022-06-03 04:00:00,1021.655,1023.665,1018.615,1022.895,1863,770,0
2022-06-03 05:00:00,1022.845,1024.255,1021.255,1022.955,1121,350,0
2022-06-03 06:00:00,1022.885,1023.455,1017.815,1019.965,1024,350,0
2022-06-03 07:00:00,1019.965,1020.885,1016.435,1016.855,1310,350,0
2022-06-03 08:00:00,1019.235,1023.455,1016.355,1022.925,2165,350,0
2022-06-03 09:00:00,1022.975,1023.425,1016.755,1019.475,1532,350,0
2022-06-03 10:00:00,1019.475,1021.925,1012.305,1018.025,1892,350,0
2022-06-03 11:00:00,1018.025,1023.555,1016.345,1023.305,1262,350,0
2022-06-03 12:00:00,1023.305,1024.305,1018.755,1020.055,1202,1180,0
2022-06-03 13:00:00,1020.055,1026.625,1019.645,1026.525,523,350,0
2022-06-03 14:00:00,1026.525,1028.925,1022.345,1025.825,868,350,0
2022-06-03 15:00:00,1025.825,1030.025,1019.225,1022.955,2922,350,0
2022-06-03 16:00:00,1023.625,1033.375,1023.145,1030.525,3436,350,0
2022-06-03 17:00:00,1030.525,1033.785,1019.725,1021.225,2355,350,0
2022-06-03 18:00:00,1021.225,1023.495,1012.045,1012.835,2940,350,0
2022-06-03 19:00:00,1012.835,1014.425,1010.105,1013.325,852,350,0
2022-06-03 20:00:00,1012.405,1014.625,1009.895,1011.455,1596,350,0
2022-06-03 21:00:00,1011.505,1013.425,1008.025,1013.125,1452,350,0
2022-06-03 22:00:00,1013.125,1015.625,1010.105,1015.625,892,350,0
2022-06-03 23:00:00,1015.625,1020.125,1013.305,1019.825,430,350,0
2022-06-06 01:00:00,1003.925,1016.515,1003.925,1016.405,670,2150,0
2022-06-06 02:00:00,1016.355,1019.905,1015.745,1015.745,572,1590,0
2022-06-06 03:00:00,1015.745,1022.025,1014.955,1021.225,589,910,0
2022-06-06 04:00:00,1021.225,1023.725,1020.025,1022.925,374,1240,0
2022-06-06 05:00:00,1022.725,1023.925,1022.135,1022.425,465,920,0
2022-06-06 06:00:00,1022.425,1024.245,1021.675,1023.125,599,370,0
2022-06-06 07:00:00,1023.125,1024.425,1021.825,1023.425,385,350,0
2022-06-06 08:00:00,1023.425,1025.525,1022.865,1024.815,1273,350,0
2022-06-06 09:00:00,1024.815,1025.825,1022.665,1023.225,661,350,0
2022-06-06 10:00:00,1023.225,1032.325,1022.725,1031.625,887,350,0
2022-06-06 11:00:00,1031.625,1033.525,1026.255,1031.125,591,350,0
2022-06-06 12:00:00,1031.125,1032.225,1028.105,1032.225,410,350,0
2022-06-06 13:00:00,1032.225,1035.825,1031.345,1032.725,379,410,0
2022-06-06 14:00:00,1032.525,1034.425,1030.625,1033.325,354,560,0
2022-06-06 15:00:00,1033.325,1034.425,1028.725,1032.125,1629,2060,0
2022-06-06 16:00:00,1032.025,1033.825,1027.255,1031.625,1215,1200,0
2022-06-06 17:00:00,1031.625,1034.225,1028.525,1033.825,713,610,0
2022-06-06 18:00:00,1033.825,1034.425,1027.125,1034.425,755,1010,0
2022-06-06 19:00:00,1034.425,1035.225,1025.125,1030.625,593,1380,0
2022-06-06 20:00:00,1030.625,1031.425,1027.125,1029.225,453,1390,0
2022-06-06 21:00:00,1029.225,1029.225,1026.625,1027.725,311,1900,0
2022-06-06 22:00:00,1027.725,1028.325,1026.025,1026.125,208,2270,0
2022-06-06 23:00:00,1026.125,1026.325,1019.735,1022.025,194,1470,0
2022-06-07 01:00:00,1022.125,1022.125,1018.595,1021.565,618,2350,0
2022-06-07 02:00:00,1021.655,1022.575,1019.175,1021.825,994,2080,0
2022-06-07 03:00:00,1021.835,1022.075,1017.725,1018.425,699,1380,0
2022-06-07 04:00:00,1018.225,1019.325,1014.725,1017.425,487,770,0
2022-06-07 05:00:00,1017.425,1017.625,1009.345,1012.325,332,350,0
2022-06-07 06:00:00,1012.325,1014.525,1010.695,1010.695,354,890,0
2022-06-07 07:00:00,1011.025,1011.585,1009.325,1010.925,809,1130,0
2022-06-07 08:00:00,1010.925,1011.025,1003.625,1004.125,917,1070,0
2022-06-07 09:00:00,1004.125,1007.525,1002.225,1005.225,722,1350,0
2022-06-07 10:00:00,1005.225,1007.265,1001.725,1006.715,1368,880,0
2022-06-07 11:00:00,1006.705,1014.225,1006.625,1009.525,1181,610,0
2022-06-07 12:00:00,1009.525,1010.625,1006.725,1006.825,371,680,0
2022-06-07 13:00:00,1006.825,1015.035,1006.025,1012.995,1049,670,0
2022-06-07 14:00:00,1012.995,1013.975,1010.425,1011.925,1655,960,0
2022-06-07 15:00:00,1011.925,1015.125,1008.325,1008.785,708,350,0
2022-06-07 16:00:00,1008.805,1011.225,1004.225,1007.825,1245,350,0
2022-06-07 17:00:00,1007.825,1015.125,1004.125,1011.905,868,750,0
2022-06-07 18:00:00,1012.065,1017.625,1008.725,1009.925,672,520,0
2022-06-07 19:00:00,1010.025,1015.825,1009.125,1015.125,470,600,0
2022-06-07 20:00:00,1015.125,1017.225,1011.125,1013.425,548,630,0
2022-06-07 21:00:00,1013.425,1017.225,1013.225,1016.435,380,1130,0
2022-06-07 22:00:00,1016.405,1017.125,1015.285,1016.405,657,1380,0
2022-06-07 23:00:00,1016.405,1016.405,1012.065,1012.065,489,770,0
2022-06-08 01:00:00,1011.925,1014.405,1011.805,1013.415,476,1820,0
2022-06-08 02:00:00,1013.415,1013.875,1011.755,1013.505,591,1450,0
2022-06-08 03:00:00,1013.475,1013.945,1010.685,1012.405,1416,1380,0
2022-06-08 04:00:00,1012.355,1013.395,1009.975,1012.685,2045,1400,0
2022-06-08 05:00:00,1012.695,1015.265,1012.565,1014.485,1152,1360,0
2022-06-08 06:00:00,1014.445,1014.565,1007.545,1007.685,1218,1490,0
2022-06-08 07:00:00,1007.685,1009.065,1007.105,1007.885,1602,1560,0
2022-06-08 08:00:00,1007.885,1011.435,1007.055,1010.955,1440,1760,0
2022-06-08 09:00:00,1010.835,1013.635,1010.425,1011.025,1892,1110,0
2022-06-08 10:00:00,1010.995,1015.605,1008.225,1013.755,2118,1400,0
2022-06-08 11:00:00,1013.705,1013.765,1008.025,1008.355,1498,350,0
2022-06-08 12:00:00,1008.355,1009.505,1004.825,1006.325,1082,410,0
2022-06-08 13:00:00,1006.325,1007.505,1002.205,1003.275,1773,940,0
2022-06-08 14:00:00,1003.445,1008.715,1002.915,1008.495,1900,1750,0
2022-06-08 15:00:00,1008.445,1008.875,998.185,1003.925,1438,1690,0
2022-06-08 16:00:00,1003.925,1012.425,1001.425,1010.925,1771,1200,0
2022-06-08 17:00:00,1010.925,1012.625,1008.425,1009.625,802,750,0
2022-06-08 18:00:00,1009.625,1015.925,1009.425,1015.425,1345,1000,0
2022-06-08 19:00:00,1015.425,1015.775,1007.925,1010.725,1506,1710,0
2022-06-08 20:00:00,1010.725,1011.825,1008.625,1009.425,545,1660,0
2022-06-08 21:00:00,1009.225,1010.125,1007.125,1007.725,316,1650,0
2022-06-08 22:00:00,1007.725,1008.625,1006.925,1008.525,196,1900,0
2022-06-08 23:00:00,1008.525,1009.325,1006.585,1008.125,197,2190,0
2022-06-09 01:00:00,1008.225,1008.725,1006.425,1008.075,618,2550,0
2022-06-09 02:00:00,1007.875,1009.335,1007.865,1008.325,593,2250,0
2022-06-09 03:00:00,1008.295,1009.115,1006.825,1006.825,620,1750,0
2022-06-09 04:00:00,1006.825,1008.325,1005.425,1005.425,439,1860,0
2022-06-09 05:00:00,1005.425,1006.425,1003.625,1006.425,256,1850,0
2022-06-09 06:00:00,1006.425,1008.225,1005.625,1007.425,324,2480,0
2022-06-09 07:00:00,1007.425,1007.925,1005.825,1006.625,231,2130,0
2022-06-09 08:00:00,1006.625,1007.525,1000.875,1000.995,721,1600,0
2022-06-09 09:00:00,1001.135,1001.435,988.095,994.505,2710,960,0
2022-06-09 10:00:00,994.785,995.825,984.755,986.155,3051,630,0
2022-06-09 11:00:00,986.345,987.405,983.155,986.225,1671,1310,0
2022-06-09 12:00:00,986.225,988.225,983.925,987.325,649,2650,0
2022-06-09 13:00:00,987.225,991.925,986.225,987.125,674,2730,0
2022-06-09 14:00:00,987.125,990.525,984.555,987.425,1112,2320,0
2022-06-09 15:00:00,987.425,990.355,983.525,988.185,2164,1360,0
2022-06-09 16:00:00,988.255,990.935,981.945,986.205,3326,1980,0
2022-06-09 17:00:00,986.195,986.325,972.045,976.145,3273,1400,0
2022-06-09 18:00:00,975.855,979.055,971.855,975.585,2581,970,0
2022-06-09 19:00:00,975.655,976.405,972.125,976.295,1944,1220,0
2022-06-09 20:00:00,976.295,978.435,974.145,977.025,984,1790,0
2022-06-09 21:00:00,977.115,978.125,974.125,976.325,628,2450,0
2022-06-09 22:00:00,976.325,976.325,971.875,972.225,281,2450,0
2022-06-09 23:00:00,972.225,974.925,972.225,974.225,189,2450,0
2022-06-10 01:00:00,974.425,974.425,970.295,970.395,513,2550,0
2022-06-10 02:00:00,970.415,972.965,950.825,971.525,864,2150,0
2022-06-10 03:00:00,971.535,972.305,967.925,969.725,933,1880,0
2022-06-10 04:00:00,969.725,970.425,967.725,969.485,984,2370,0
2022-06-10 05:00:00,969.425,970.925,967.825,969.125,927,2390,0
2022-06-10 06:00:00,969.125,969.975,968.435,969.615,975,2450,0
2022-06-10 07:00:00,969.535,970.735,968.855,969.575,872,2570,0
2022-06-10 08:00:00,969.525,974.155,969.245,973.755,1716,2330,0
2022-06-10 09:00:00,973.705,975.015,971.245,972.465,2127,1480,0
2022-06-10 10:00:00,972.605,976.835,970.065,974.335,2863,510,0
2022-06-10 11:00:00,974.275,977.495,972.025,972.945,2551,520,0
2022-06-10 12:00:00,972.925,973.165,970.245,970.715,1988,1850,0
2022-06-10 13:00:00,970.735,972.015,969.205,971.995,1847,1900,0
2022-06-10 14:00:00,972.005,974.605,962.985,965.275,3010,1320,0
2022-06-10 15:00:00,965.135,974.205,957.795,966.625,5357,1210,0
2022-06-10 16:00:00,966.625,970.875,953.345,968.615,6487,1500,0
2022-06-10 17:00:00,967.425,970.865,963.665,964.655,6828,350,0
2022-06-10 18:00:00,964.705,976.535,964.705,976.385,3400,1100,0
2022-06-10 19:00:00,976.415,981.275,974.005,975.245,2894,360,0
2022-06-10 20:00:00,975.355,979.295,972.925,975.525,1844,2000,0
2022-06-10 21:00:00,975.425,978.445,974.725,977.825,722,2290,0
2022-06-10 22:00:00,977.825,978.225,975.105,976.725,931,2180,0
2022-06-10 23:00:00,976.725,978.325,971.045,977.125,302,1670,0
2022-06-13 01:00:00,975.325,977.935,972.265,973.565,1353,2390,0
2022-06-13 02:00:00,973.445,974.565,972.355,973.795,1091,2180,0
2022-06-13 03:00:00,973.725,975.825,970.035,970.185,1772,2420,0
2022-06-13 04:00:00,970.175,970.625,962.095,962.865,2663,1500,0
2022-06-13 05:00:00,962.765,963.705,959.245,963.375,1469,2450,0
2022-06-13 06:00:00,963.415,964.905,962.945,963.825,723,2450,0
2022-06-13 07:00:00,963.825,964.635,962.535,963.445,1554,1870,0
2022-06-13 08:00:00,963.395,963.815,961.345,963.025,2117,2050,0
2022-06-13 09:00:00,963.025,964.505,953.225,954.125,1337,890,0
2022-06-13 10:00:00,954.125,956.625,950.605,953.955,2898,350,0
2022-06-13 11:00:00,953.955,953.975,945.255,949.695,3132,350,0
2022-06-13 12:00:00,949.725,954.455,949.155,951.095,2271,350,0
2022-06-13 13:00:00,951.095,951.855,946.565,950.915,1976,350,0
2022-06-13 14:00:00,950.845,956.475,947.465,947.985,1998,990,0
2022-06-13 15:00:00,947.885,952.715,940.595,942.825,3560,730,0
2022-06-13 16:00:00,942.825,953.825,942.425,949.725,4126,1550,0
2022-06-13 17:00:00,949.725,949.725,938.425,939.835,3485,350,0
2022-06-13 18:00:00,939.715,942.195,936.025,941.425,2317,1110,0
2022-06-13 19:00:00,941.455,944.705,939.505,941.435,2629,1320,0
2022-06-13 20:00:00,941.485,942.295,936.825,937.355,856,1390,0
2022-06-13 21:00:00,937.425,939.125,934.725,934.725,537,1480,0
2022-06-13 22:00:00,934.725,936.495,931.825,934.625,1435,2650,0
2022-06-13 23:00:00,934.625,935.745,933.165,934.545,804,2200,0
2022-06-14 01:00:00,933.225,937.025,931.785,936.895,845,2690,0
2022-06-14 02:00:00,936.965,939.185,934.945,939.115,953,1820,0
2022-06-14 03:00:00,939.115,945.845,938.435,943.095,2081,430,0
2022-06-14 04:00:00,943.015,943.555,939.825,941.245,2124,2270,0
2022-06-14 05:00:00,941.265,944.045,940.985,943.205,2059,1850,0
2022-06-14 06:00:00,943.115,945.275,942.245,944.875,1697,1750,0
2022-06-14 07:00:00,944.875,947.605,944.795,945.615,1806,1420,0
2022-06-14 08:00:00,945.675,948.935,944.125,947.795,2335,1900,0
2022-06-14 09:00:00,947.815,948.475,942.505,944.825,2524,1900,0
2022-06-14 10:00:00,944.825,948.615,939.505,939.995,2808,1890,0
2022-06-14 11:00:00,939.985,939.995,934.515,935.455,2483,1600,0
2022-06-14 12:00:00,935.415,940.775,934.075,937.355,2247,350,0
2022-06-14 13:00:00,937.355,939.945,929.345,933.545,2216,350,0
2022-06-14 14:00:00,933.545,936.515,930.025,930.935,2323,360,0
2022-06-14 15:00:00,930.935,938.055,926.925,932.315,4064,1130,0
2022-06-14 16:00:00,932.365,934.725,928.015,934.245,4173,1810,0
2022-06-14 17:00:00,934.165,935.385,926.405,926.935,4982,1350,0
2022-06-14 18:00:00,926.775,928.505,922.065,922.535,3267,1150,0
2022-06-14 19:00:00,922.575,924.175,920.205,922.895,2814,350,0
2022-06-14 20:00:00,922.935,923.225,919.385,921.615,2384,350,0
2022-06-14 21:00:00,921.695,922.805,920.475,921.365,1875,720,0
2022-06-14 22:00:00,921.275,922.985,918.295,920.885,1497,620,0
2022-06-14 23:00:00,920.785,923.445,919.715,923.445,687,1080,0
2022-06-15 01:00:00,921.725,924.055,917.225,923.615,1003,2620,0
2022-06-15 02:00:00,923.655,927.245,903.605,926.955,1201,2090,0
2022-06-15 03:00:00,926.985,928.365,922.945,926.475,2246,550,0
2022-06-15 04:00:00,926.525,932.815,926.025,928.665,1953,1030,0
2022-06-15 05:00:00,928.665,932.555,928.415,931.615,1605,670,0
2022-06-15 06:00:00,931.645,932.275,929.945,931.285,2122,1460,0
2022-06-15 07:00:00,931.415,931.785,928.425,929.765,1129,1420,0
2022-06-15 08:00:00,929.755,934.235,928.735,933.245,2088,1280,0
2022-06-15 09:00:00,932.995,935.765,932.165,934.095,2698,1280,0
2022-06-15 10:00:00,934.085,939.225,931.455,937.935,2954,350,0
2022-06-15 11:00:00,937.935,939.615,933.895,938.185,2651,350,0
2022-06-15 12:00:00,938.335,952.025,937.485,949.425,2611,580,0
2022-06-15 13:00:00,949.425,950.125,944.595,947.725,811,350,0
2022-06-15 14:00:00,947.725,952.425,944.305,944.605,1638,2200,0
2022-06-15 15:00:00,944.805,950.455,939.895,946.785,3442,2190,0
2022-06-15 16:00:00,946.905,947.305,938.285,938.565,4548,1550,0
2022-06-15 17:00:00,938.565,940.845,933.185,933.805,3218,950,0
2022-06-15 18:00:00,933.805,938.335,933.055,934.595,2075,350,0
2022-06-15 19:00:00,934.655,937.205,931.845,933.845,1677,390,0
2022-06-15 20:00:00,933.845,934.995,925.815,927.125,1709,800,0
2022-06-15 21:00:00,926.025,944.425,924.125,935.625,3161,2080,0
2022-06-15 22:00:00,935.825,947.475,934.925,940.525,2025,2300,0
2022-06-15 23:00:00,940.625,943.885,940.625,942.485,375,2630,0
2022-06-16 01:00:00,942.105,944.215,941.355,942.535,920,2950,0
2022-06-16 02:00:00,942.555,945.505,937.605,945.505,1256,2230,0
2022-06-16 03:00:00,945.355,949.745,942.615,948.545,1799,2080,0
2022-06-16 04:00:00,948.445,950.465,944.685,945.565,2431,2110,0
2022-06-16 05:00:00,945.635,946.245,943.625,945.935,1758,2110,0
2022-06-16 06:00:00,945.945,947.335,944.965,945.485,1554,2300,0
2022-06-16 07:00:00,945.645,945.935,944.525,944.765,2045,1970,0
2022-06-16 08:00:00,944.755,945.415,940.025,940.125,3146,2260,0
2022-06-16 09:00:00,940.125,942.465,934.325,936.055,4736,1740,0
2022-06-16 10:00:00,935.955,936.245,928.925,935.695,3640,370,0
2022-06-16 11:00:00,935.745,939.535,932.185,936.715,3158,1490,0
2022-06-16 12:00:00,936.655,937.935,933.225,936.325,3271,870,0
2022-06-16 13:00:00,936.365,937.945,927.825,931.455,2797,370,0
2022-06-16 14:00:00,931.415,934.575,927.045,931.685,4029,690,0
2022-06-16 15:00:00,931.715,944.875,930.725,943.645,4774,1210,0
2022-06-16 16:00:00,943.675,949.345,942.605,945.075,4240,350,0
2022-06-16 17:00:00,945.075,949.735,942.185,945.805,5110,1030,0
2022-06-16 18:00:00,945.905,954.515,944.625,954.085,3930,1690,0
2022-06-16 19:00:00,954.145,955.745,950.125,953.825,1421,1220,0
2022-06-16 20:00:00,953.825,955.325,952.435,952.485,1121,1350,0
2022-06-16 21:00:00,952.545,952.925,948.825,950.225,1015,1910,0
2022-06-16 22:00:00,950.225,953.145,949.725,952.405,1922,2140,0
2022-06-16 23:00:00,952.455,953.665,952.245,952.425,998,2030,0
2022-06-17 01:00:00,952.545,953.235,949.885,950.015,912,2290,0
2022-06-17 02:00:00,949.965,951.095,949.385,950.085,946,2290,0
2022-06-17 03:00:00,950.135,950.525,945.835,946.495,1738,1520,0
2022-06-17 04:00:00,946.565,950.155,945.595,948.875,2351,1670,0
2022-06-17 05:00:00,948.845,949.935,945.655,947.225,2505,1940,0
2022-06-17 06:00:00,947.205,947.805,945.215,945.415,1988,2220,0
2022-06-17 07:00:00,945.395,950.585,945.335,950.415,1322,1890,0
2022-06-17 08:00:00,950.425,952.485,949.995,950.345,1609,2100,0
2022-06-17 09:00:00,950.445,950.895,948.045,948.045,2510,1480,0
2022-06-17 10:00:00,947.775,951.965,945.245,951.965,3000,1660,0
2022-06-17 11:00:00,951.955,954.335,948.065,949.785,2432,1720,0
2022-06-17 12:00:00,949.735,951.545,946.725,947.335,2484,1690,0
2022-06-17 13:00:00,947.325,948.475,944.065,944.425,1686,1490,0
2022-06-17 14:00:00,944.425,946.325,940.345,942.535,1837,1710,0
2022-06-17 15:00:00,942.535,948.005,941.105,946.095,2977,1770,0
2022-06-17 16:00:00,946.095,946.485,937.695,938.225,5085,510,0
2022-06-17 17:00:00,938.225,939.625,928.635,936.525,3760,1080,0
2022-06-17 18:00:00,936.525,941.645,935.195,937.125,2698,920,0
2022-06-17 19:00:00,937.125,937.225,931.625,932.525,1512,1580,0
2022-06-17 20:00:00,932.525,934.325,930.855,932.425,1151,1540,0
2022-06-17 21:00:00,932.425,934.225,932.005,932.825,766,1760,0
2022-06-17 22:00:00,932.825,934.325,931.925,933.225,695,2050,0
2022-06-17 23:00:00,933.325,936.325,931.415,935.625,176,2650,0
2022-06-20 01:00:00,931.445,935.725,930.335,935.525,827,1130,0
2022-06-20 02:00:00,935.525,937.525,932.855,935.385,485,630,0
2022-06-20 03:00:00,936.625,937.725,934.025,936.825,430,980,0
2022-06-20 04:00:00,936.725,937.525,927.825,928.025,590,1200,0
2022-06-20 05:00:00,928.025,936.795,927.925,935.785,2278,2010,0
2022-06-20 06:00:00,936.005,938.585,934.425,936.305,1977,2750,0
2022-06-20 07:00:00,936.305,937.905,935.405,935.765,1200,2930,0
2022-06-20 08:00:00,935.945,939.725,934.855,938.525,1627,2940,0
2022-06-20 09:00:00,938.525,941.835,937.225,941.125,1821,1910,0
2022-06-20 10:00:00,941.175,943.595,937.415,939.985,3048,1490,0
2022-06-20 11:00:00,940.035,942.385,938.875,940.935,2518,790,0
2022-06-20 12:00:00,940.935,943.495,940.535,942.805,2203,1190,0
2022-06-20 13:00:00,942.825,944.065,941.455,942.545,1954,1450,0
2022-06-20 14:00:00,942.595,945.475,941.975,943.125,1894,1450,0
2022-06-20 15:00:00,943.135,946.525,941.425,945.925,1030,830,0
2022-06-20 16:00:00,945.825,947.325,938.325,938.725,978,360,0
2022-06-20 17:00:00,938.725,940.225,936.325,939.025,1188,730,0
2022-06-20 18:00:00,939.025,939.125,934.955,935.845,1676,1090,0
2022-06-20 19:00:00,935.825,935.925,934.135,934.605,810,1290,0
2022-06-20 20:00:00,934.605,934.715,932.225,932.425,364,2180,0
2022-06-20 21:00:00,932.425,932.425,931.825,932.325,30,3870,0
2022-06-21 01:00:00,930.205,935.365,929.955,934.895,658,2470,0
2022-06-21 02:00:00,935.005,935.985,933.825,935.125,905,2080,0
2022-06-21 03:00:00,935.115,939.075,934.665,938.225,1065,2330,0
2022-06-21 04:00:00,938.225,940.275,937.285,940.205,2194,2260,0
2022-06-21 05:00:00,940.225,941.685,938.265,938.685,1259,2210,0
2022-06-21 06:00:00,938.735,940.925,938.525,939.725,771,2370,0
2022-06-21 07:00:00,939.725,940.225,937.225,937.725,228,2080,0
2022-06-21 08:00:00,937.725,939.315,933.325,934.625,863,1740,0
2022-06-21 09:00:00,934.625,937.925,933.925,936.025,597,1700,0
2022-06-21 10:00:00,936.025,947.325,935.725,946.825,1512,900,0
2022-06-21 11:00:00,946.825,948.125,944.525,946.525,777,1170,0
2022-06-21 12:00:00,946.525,947.925,944.825,945.325,449,1350,0
2022-06-21 13:00:00,945.325,945.525,940.725,940.925,464,1290,0
2022-06-21 14:00:00,940.825,942.225,938.625,940.125,455,1440,0
2022-06-21 15:00:00,940.125,943.125,937.325,937.925,1020,1290,0
2022-06-21 16:00:00,937.825,949.025,934.225,947.525,2630,1020,0
2022-06-21 17:00:00,947.525,956.925,943.225,953.025,1825,350,0
2022-06-21 18:00:00,953.025,954.025,943.425,944.125,1438,350,0
2022-06-21 19:00:00,944.125,944.125,938.925,940.125,1076,1160,0
2022-06-21 20:00:00,940.025,943.125,938.075,940.225,918,1550,0
2022-06-21 21:00:00,940.225,941.725,938.925,940.125,979,1440,0
2022-06-21 22:00:00,940.125,941.725,938.725,939.325,686,2000,0
2022-06-21 23:00:00,939.325,942.725,939.225,941.925,531,2090,0
2022-06-22 01:00:00,942.025,942.025,935.265,939.335,1156,2500,0
2022-06-22 02:00:00,939.325,940.605,938.605,939.585,1212,1460,0
2022-06-22 03:00:00,939.585,939.715,935.125,936.165,1771,1970,0
2022-06-22 04:00:00,936.205,937.905,932.925,934.805,2345,1910,0
2022-06-22 05:00:00,934.765,935.685,933.025,934.855,2223,2020,0
2022-06-22 06:00:00,934.795,937.695,933.925,936.995,1517,680,0
2022-06-22 07:00:00,936.935,940.455,935.455,939.155,2285,1150,0
2022-06-22 08:00:00,939.155,940.465,933.425,935.305,2033,1500,0
2022-06-22 09:00:00,935.285,939.935,932.625,935.915,3454,750,0
2022-06-22 10:00:00,935.875,936.375,927.265,932.625,4252,350,0
2022-06-22 11:00:00,932.625,934.065,929.285,932.335,3391,650,0
2022-06-22 12:00:00,932.325,936.145,931.625,935.815,2583,670,0
2022-06-22 13:00:00,935.865,938.035,931.425,937.335,2202,350,0
2022-06-22 14:00:00,937.395,943.315,935.605,936.745,3673,400,0
2022-06-22 15:00:00,936.565,937.205,927.905,930.165,5527,580,0
2022-06-22 16:00:00,930.195,935.725,925.125,934.625,7635,350,0
2022-06-22 17:00:00,934.625,938.915,929.795,934.245,7209,870,0
2022-06-22 18:00:00,934.255,934.635,929.465,929.965,3093,2350,0
2022-06-22 19:00:00,929.935,932.625,928.255,930.235,2831,460,0
2022-06-22 20:00:00,930.275,932.295,927.535,929.185,1962,350,0
2022-06-22 21:00:00,929.105,933.685,927.085,928.295,2323,350,0
2022-06-22 22:00:00,928.385,930.395,927.905,928.995,1963,350,0
2022-06-22 23:00:00,929.085,930.765,927.765,927.765,591,360,0
2022-06-23 01:00:00,928.425,930.475,926.065,929.355,479,850,0
2022-06-23 02:00:00,929.355,929.505,926.255,929.295,819,400,0
2022-06-23 03:00:00,929.295,930.635,927.995,929.905,1130,1110,0
2022-06-23 04:00:00,929.905,931.555,925.845,926.205,2200,1400,0
2022-06-23 05:00:00,926.205,930.915,925.475,929.725,2514,1180,0
2022-06-23 06:00:00,929.725,930.655,927.805,929.275,1607,2040,0
2022-06-23 07:00:00,929.295,931.755,928.985,930.985,1340,1080,0
2022-06-23 08:00:00,930.965,933.065,929.845,931.705,1735,1200,0
2022-06-23 09:00:00,931.705,932.555,930.095,931.225,1937,620,0
2022-06-23 10:00:00,931.125,931.875,923.805,930.565,3750,350,0
2022-06-23 11:00:00,930.505,930.645,923.745,924.855,3128,350,0
2022-06-23 12:00:00,924.855,926.775,922.055,925.195,2210,350,0
2022-06-23 13:00:00,925.135,925.765,921.915,925.095,1884,350,0
2022-06-23 14:00:00,924.995,926.235,919.325,922.905,2201,350,0
2022-06-23 15:00:00,922.865,923.795,916.515,920.215,4460,350,0
2022-06-23 16:00:00,920.165,928.315,918.675,927.685,7127,520,0
2022-06-23 17:00:00,927.805,928.155,922.985,924.055,6149,1300,0
2022-06-23 18:00:00,924.055,925.835,916.755,917.235,3808,690,0
2022-06-23 19:00:00,917.235,919.995,909.965,911.325,3645,350,0
2022-06-23 20:00:00,911.225,912.355,908.225,909.325,2470,390,0
2022-06-23 21:00:00,909.305,910.295,907.765,909.325,2401,390,0
2022-06-23 22:00:00,909.245,914.205,909.165,911.715,1401,470,0
2022-06-23 23:00:00,911.715,911.875,908.395,908.795,671,1040,0
2022-06-24 01:00:00,908.125,911.205,908.065,911.185,943,2850,0
2022-06-24 02:00:00,911.085,912.585,910.475,912.065,1091,1290,0
2022-06-24 03:00:00,912.065,916.805,909.925,916.305,1953,1380,0
2022-06-24 04:00:00,916.295,919.335,914.325,916.365,3024,1710,0
2022-06-24 05:00:00,916.365,920.725,916.025,920.635,1839,1450,0
2022-06-24 06:00:00,920.705,920.865,917.165,919.445,1785,1420,0
2022-06-24 07:00:00,919.375,922.235,918.025,922.115,1591,940,0
2022-06-24 08:00:00,922.145,925.475,919.625,922.115,1896,1040,0
2022-06-24 09:00:00,922.045,922.615,916.125,917.635,2183,690,0
2022-06-24 10:00:00,917.695,924.585,914.525,924.135,2307,350,0
2022-06-24 11:00:00,924.035,924.115,915.525,919.005,2749,350,0
2022-06-24 12:00:00,919.015,922.615,916.225,920.225,1751,350,0
2022-06-24 13:00:00,920.125,922.615,917.325,918.855,2176,350,0
2022-06-24 14:00:00,918.855,920.105,915.395,917.135,2439,350,0
2022-06-24 15:00:00,917.105,918.635,911.895,912.545,3820,350,0
2022-06-24 16:00:00,912.465,918.165,908.235,908.235,6910,930,0
2022-06-24 17:00:00,908.435,917.095,908.425,914.545,7245,370,0
2022-06-24 18:00:00,914.805,916.225,911.425,912.025,3215,810,0
2022-06-24 19:00:00,911.925,912.925,909.225,911.325,1155,1160,0
2022-06-24 20:00:00,911.225,911.825,906.925,908.555,821,1450,0
2022-06-24 21:00:00,908.555,912.685,907.565,911.435,1293,2040,0
2022-06-24 22:00:00,911.385,911.895,909.165,909.845,928,1930,0
2022-06-24 23:00:00,909.845,910.825,903.895,910.125,655,1880,0
2022-06-27 01:00:00,913.535,914.495,911.605,912.725,1225,2230,0
2022-06-27 02:00:00,912.725,913.225,910.565,911.625,585,1560,0
2022-06-27 03:00:00,911.625,912.025,908.265,910.675,1063,1940,0
2022-06-27 04:00:00,910.595,915.855,910.575,914.095,1827,2760,0
2022-06-27 05:00:00,914.035,918.325,913.225,917.025,384,2030,0
2022-06-27 06:00:00,917.025,917.685,915.205,916.875,1004,2110,0
2022-06-27 07:00:00,916.805,918.375,915.785,918.215,1106,2200,0
2022-06-27 08:00:00,918.245,918.465,915.095,915.425,1903,2370,0
2022-06-27 09:00:00,915.425,915.975,910.925,914.955,1682,1520,0
2022-06-27 10:00:00,914.955,917.875,912.975,916.025,2255,1890,0
2022-06-27 11:00:00,916.005,916.765,913.005,914.405,2781,1890,0
2022-06-27 12:00:00,914.415,915.765,913.165,914.975,2037,1210,0
2022-06-27 13:00:00,914.975,916.515,914.655,915.225,1817,1020,0
2022-06-27 14:00:00,915.225,915.645,911.925,913.385,1849,440,0
2022-06-27 15:00:00,913.345,913.845,908.855,910.585,3845,940,0
2022-06-27 16:00:00,910.545,914.115,907.445,908.035,5024,350,0
2022-06-27 17:00:00,907.995,910.405,898.295,902.925,5936,350,0
2022-06-27 18:00:00,905.525,907.895,900.325,907.605,2928,410,0
2022-06-27 19:00:00,907.635,909.495,903.745,907.375,2561,680,0
2022-06-27 20:00:00,907.375,911.725,905.335,908.925,845,1240,0
2022-06-27 21:00:00,908.925,912.225,908.425,911.125,629,2490,0
2022-06-27 22:00:00,911.025,911.525,909.425,910.225,257,2480,0
2022-06-27 23:00:00,910.225,910.825,908.885,909.185,493,2850,0
2022-06-28 01:00:00,905.795,909.305,902.795,908.275,908,2190,0
2022-06-28 02:00:00,908.265,909.665,907.495,909.595,718,2510,0
2022-06-28 03:00:00,909.615,912.465,909.485,911.115,1202,2520,0
2022-06-28 04:00:00,911.115,912.365,907.225,908.185,1140,2410,0
2022-06-28 05:00:00,908.235,909.385,907.625,908.345,1276,2810,0
2022-06-28 06:00:00,908.425,910.725,907.725,910.325,335,1920,0
2022-06-28 07:00:00,910.325,910.525,909.215,909.495,533,1590,0
2022-06-28 08:00:00,909.505,909.995,907.795,908.225,1400,2280,0
2022-06-28 09:00:00,908.225,916.275,907.335,914.165,1621,1860,0
2022-06-28 10:00:00,914.165,918.025,914.165,915.125,959,1660,0
2022-06-28 11:00:00,915.125,917.355,914.825,915.735,1515,1790,0
2022-06-28 12:00:00,915.725,922.925,915.725,917.325,961,1450,0
2022-06-28 13:00:00,917.325,918.625,915.015,916.225,1235,1760,0
2022-06-28 14:00:00,916.225,920.225,914.725,919.825,1030,1290,0
2022-06-28 15:00:00,919.725,929.925,919.325,924.925,2842,390,0
2022-06-28 16:00:00,924.925,925.625,915.925,918.925,1553,590,0
2022-06-28 17:00:00,919.625,922.525,910.105,913.625,3344,500,0
2022-06-28 18:00:00,913.625,916.435,911.725,915.205,1634,1630,0
2022-06-28 19:00:00,915.345,917.625,913.545,915.975,2560,1390,0
2022-06-28 20:00:00,916.025,916.095,909.725,910.885,3560,2010,0
2022-06-28 21:00:00,910.965,914.385,910.395,912.825,885,980,0
2022-06-28 22:00:00,912.825,913.825,911.345,913.525,543,350,0
2022-06-28 23:00:00,913.525,914.025,912.095,913.115,392,350,0
2022-06-29 01:00:00,913.125,916.445,904.665,916.275,763,2730,0
2022-06-29 02:00:00,916.215,916.645,913.815,914.465,819,2580,0
2022-06-29 03:00:00,914.465,920.655,914.365,920.485,1436,2570,0
2022-06-29 04:00:00,920.495,923.325,918.595,921.725,1253,1690,0
2022-06-29 05:00:00,921.725,921.925,919.425,921.425,325,2050,0
2022-06-29 06:00:00,921.425,922.125,919.325,921.525,301,2230,0
2022-06-29 07:00:00,921.525,923.025,920.925,921.725,175,2070,0
2022-06-29 08:00:00,921.725,922.625,920.325,921.625,450,2350,0
2022-06-29 09:00:00,921.725,927.295,921.025,925.525,2151,1280,0
2022-06-29 10:00:00,925.625,930.325,924.225,926.125,1309,1160,0
2022-06-29 11:00:00,926.125,927.825,923.685,927.025,868,350,0
2022-06-29 12:00:00,927.025,933.525,927.025,928.625,968,370,0
2022-06-29 13:00:00,928.625,935.025,927.525,934.025,2462,350,0
2022-06-29 14:00:00,933.985,936.225,931.225,932.225,1271,350,0
2022-06-29 15:00:00,932.225,939.025,927.525,932.725,2927,910,0
2022-06-29 16:00:00,932.825,933.435,920.925,922.725,2517,930,0
2022-06-29 17:00:00,922.725,928.145,916.325,917.665,5563,370,0
2022-06-29 18:00:00,917.695,919.965,914.585,918.505,3458,360,0
2022-06-29 19:00:00,918.475,919.275,914.905,917.605,2235,720,0
2022-06-29 20:00:00,917.655,918.225,915.465,917.295,1779,720,0
2022-06-29 21:00:00,917.245,919.705,917.025,918.625,1520,860,0
2022-06-29 22:00:00,918.665,919.265,917.125,918.335,1172,1140,0
2022-06-29 23:00:00,918.305,919.875,918.215,918.845,758,1520,0
2022-06-30 01:00:00,918.725,920.845,916.675,920.755,715,2350,0
2022-06-30 02:00:00,920.775,923.575,919.385,923.215,810,2370,0
2022-06-30 03:00:00,923.175,927.035,921.185,924.685,1654,1300,0
2022-06-30 04:00:00,924.715,925.405,921.225,924.505,1692,850,0
2022-06-30 05:00:00,924.525,925.725,923.195,924.145,1379,920,0
2022-06-30 06:00:00,924.245,924.405,922.375,922.665,1210,1160,0
2022-06-30 07:00:00,922.665,923.755,921.805,923.055,1744,1280,0
2022-06-30 08:00:00,923.065,923.185,920.235,922.125,1715,1430,0
2022-06-30 09:00:00,922.125,925.025,918.055,918.145,1729,1890,0
2022-06-30 10:00:00,918.055,919.135,913.425,916.295,2388,1670,0
2022-06-30 11:00:00,916.095,917.805,911.925,914.465,2444,1220,0
2022-06-30 12:00:00,914.465,914.605,907.025,908.815,1879,1350,0
2022-06-30 13:00:00,908.755,908.755,904.325,906.425,2038,1190,0
2022-06-30 14:00:00,906.465,906.675,893.145,898.605,3652,520,0
2022-06-30 15:00:00,898.665,904.485,889.135,903.785,4243,360,0
2022-06-30 16:00:00,903.785,908.135,898.385,900.095,4274,740,0
2022-06-30 17:00:00,900.225,902.725,894.135,898.535,4333,1030,0
2022-06-30 18:00:00,898.465,906.475,896.945,906.295,2629,780,0
2022-06-30 19:00:00,906.365,909.565,902.165,907.425,2983,1590,0
2022-06-30 20:00:00,907.365,908.815,903.035,904.545,1989,1970,0
2022-06-30 21:00:00,904.595,905.045,899.005,899.405,1590,2100,0
2022-06-30 22:00:00,899.415,899.685,894.485,896.795,2625,1950,0
2022-06-30 23:00:00,896.755,897.405,894.305,895.125,734,2280,0
2022-07-01 01:00:00,895.325,895.325,891.545,893.425,730,3050,0
2022-07-01 02:00:00,893.245,898.585,890.635,898.585,957,2890,0
2022-07-01 03:00:00,898.605,900.945,896.565,897.645,1575,1590,0
2022-07-01 04:00:00,897.655,901.395,893.675,900.495,1667,670,0
2022-07-01 05:00:00,900.495,903.825,897.215,901.105,1394,1340,0
2022-07-01 06:00:00,901.045,901.435,897.005,897.425,1547,1480,0
2022-07-01 07:00:00,897.425,899.175,892.915,898.375,1488,910,0
2022-07-01 08:00:00,898.395,899.005,893.965,895.125,1821,410,0
2022-07-01 09:00:00,895.065,899.665,889.025,890.245,1543,350,0
2022-07-01 10:00:00,890.245,895.545,884.445,886.025,3210,360,0
2022-07-01 11:00:00,886.075,887.825,883.645,884.685,2854,2120,0
2022-07-01 12:00:00,884.685,890.205,882.595,889.435,2877,1800,0
2022-07-01 13:00:00,889.435,889.855,881.995,884.135,2536,2000,0
2022-07-01 14:00:00,884.185,886.015,874.275,877.005,3248,390,0
2022-07-01 15:00:00,876.885,877.925,864.325,871.905,4598,350,0
2022-07-01 16:00:00,871.995,878.285,869.125,873.025,5695,350,0
2022-07-01 17:00:00,873.025,879.925,871.725,878.495,3261,910,0
2022-07-01 18:00:00,878.785,887.135,878.215,882.215,4291,810,0
2022-07-01 19:00:00,882.225,885.055,880.495,883.685,2204,970,0
2022-07-01 20:00:00,883.685,889.475,882.275,887.535,2159,460,0
2022-07-01 21:00:00,887.785,892.015,887.785,889.365,1571,880,0
2022-07-01 22:00:00,889.365,891.065,887.735,889.285,1227,1980,0
2022-07-01 23:00:00,889.285,891.225,886.445,887.43,547,2060,0
2022-07-04 01:00:00,886.18,892.985,886.18,891.765,828,2480,0
2022-07-04 02:00:00,891.725,892.495,885.675,885.845,1039,1890,0
2022-07-04 03:00:00,885.755,891.025,885.685,887.915,1419,1370,0
2022-07-04 04:00:00,887.875,888.255,881.745,887.105,2329,1180,0
2022-07-04 05:00:00,887.115,890.645,886.905,888.305,1925,1050,0
2022-07-04 06:00:00,888.305,890.425,887.325,889.315,1082,1690,0
2022-07-04 07:00:00,889.265,891.035,888.65,890.865,833,2240,0
2022-07-04 08:00:00,890.875,893.595,890.075,890.235,1535,2290,0
2022-07-04 09:00:00,890.295,893.765,887.545,889.075,1999,2320,0
2022-07-04 10:00:00,889.075,890.535,884.825,886.925,1901,1980,0
2022-07-04 11:00:00,886.925,889.025,882.67,888.125,961,1970,0
2022-07-04 12:00:00,888.125,889.325,881.295,887.725,1524,470,0
2022-07-04 13:00:00,887.725,887.725,884.325,885.635,1183,1160,0
2022-07-04 14:00:00,885.635,888.145,885.5,885.895,1536,1090,0
2022-07-04 15:00:00,885.905,889.595,883.51,886.295,1927,390,0
2022-07-04 16:00:00,886.295,888.725,883.015,886.755,1902,420,0
2022-07-04 17:00:00,886.815,889.225,885.755,888.735,1695,1380,0
2022-07-04 18:00:00,888.955,888.955,883.89,886.725,420,1450,0
2022-07-04 19:00:00,886.725,889.925,885.925,888.725,200,1060,0
2022-07-04 20:00:00,888.725,890.025,886.23,888.825,187,1210,0
2022-07-04 21:00:00,888.825,889.825,881.97,881.97,307,2380,0
2022-07-05 01:00:00,884.08,889.225,884.08,887.825,918,2400,0
2022-07-05 02:00:00,887.555,889.945,878.005,887.355,1331,2170,0
2022-07-05 03:00:00,887.275,888.355,879.325,885.725,1894,1900,0
2022-07-05 04:00:00,885.715,888.335,885.335,886.765,1668,1840,0
2022-07-05 05:00:00,886.745,886.935,882.64,885.845,549,1050,0
2022-07-05 06:00:00,885.845,887.425,884.925,886.125,543,1050,0
2022-07-05 07:00:00,886.125,888.975,885.32,888.975,424,1270,0
2022-07-05 08:00:00,888.925,889.945,886.155,887.595,1465,610,0
2022-07-05 09:00:00,887.455,889.145,878.925,881.775,1871,640,0
2022-07-05 10:00:00,881.715,882.665,874.725,876.685,2192,350,0
2022-07-05 11:00:00,876.685,877.685,872.365,874.475,2875,350,0
2022-07-05 12:00:00,874.405,883.335,873.935,880.375,2596,350,0
2022-07-05 13:00:00,880.275,881.185,875.595,876.285,1606,790,0
2022-07-05 14:00:00,876.325,876.795,873.215,874.305,1834,1280,0
2022-07-05 15:00:00,874.315,874.965,866.125,869.645,3270,660,0
2022-07-05 16:00:00,869.715,869.865,856.325,858.625,2593,460,0
2022-07-05 17:00:00,858.625,870.095,856.705,867.985,6005,350,0
2022-07-05 18:00:00,868.035,870.595,863.105,869.255,4471,360,0
2022-07-05 19:00:00,869.215,872.495,866.495,869.195,2555,1240,0
2022-07-05 20:00:00,869.255,869.585,862.365,865.855,2394,990,0
2022-07-05 21:00:00,865.905,869.715,864.425,867.555,2133,660,0
2022-07-05 22:00:00,867.605,870.485,866.46,869.845,2973,1040,0
2022-07-05 23:00:00,869.735,870.405,865.43,865.69,1167,1420,0
2022-07-06 01:00:00,864.82,870.785,863.38,869.885,1032,1130,0
2022-07-06 02:00:00,869.945,870.055,856.625,868.395,931,1040,0
2022-07-06 03:00:00,868.395,871.565,867.345,869.975,1514,2030,0
2022-07-06 04:00:00,870.045,871.295,862.715,862.715,2072,2580,0
2022-07-06 05:00:00,862.625,865.385,862.625,864.125,1178,2160,0
2022-07-06 06:00:00,864.125,866.525,863.43,866.225,395,1760,0
2022-07-06 07:00:00,866.225,866.325,863.265,863.665,746,1390,0
2022-07-06 08:00:00,863.685,864.115,855.19,855.21,1711,2020,0
2022-07-06 09:00:00,856.625,866.525,854.525,865.225,666,1120,0
2022-07-06 10:00:00,865.225,872.645,864.01,867.975,2513,350,0
2022-07-06 11:00:00,868.075,869.815,861.56,863.775,2535,1200,0
2022-07-06 12:00:00,863.775,866.975,861.805,863.455,2517,950,0
2022-07-06 13:00:00,863.455,865.195,860.655,864.015,2364,750,0
2022-07-06 14:00:00,863.925,866.505,862.295,866.135,2773,440,0
2022-07-06 15:00:00,866.525,872.095,863.445,866.905,3742,390,0
2022-07-06 16:00:00,866.955,870.245,860.625,861.485,5935,350,0
2022-07-06 17:00:00,861.285,865.335,855.385,855.705,7287,350,0
2022-07-06 18:00:00,855.705,856.365,848.025,850.255,4404,350,0
2022-07-06 19:00:00,850.215,856.665,848.175,855.885,2627,350,0
2022-07-06 20:00:00,855.905,858.475,852.625,852.725,2340,1480,0
2022-07-06 21:00:00,852.725,860.685,852.625,860.315,4314,2050,0
2022-07-06 22:00:00,860.375,863.125,858.575,860.995,1937,2030,0
2022-07-06 23:00:00,860.995,862.135,857.07,857.15,729,2040,0
2022-07-07 01:00:00,857.725,859.625,848.205,859.055,776,1850,0
2022-07-07 02:00:00,859.055,860.095,857.455,858.705,1092,1850,0
2022-07-07 03:00:00,858.675,860.335,855.105,858.285,1581,1620,0
2022-07-07 04:00:00,858.305,858.435,852.845,854.995,2228,1900,0
2022-07-07 05:00:00,855.065,862.995,854.845,862.755,1916,1640,0
2022-07-07 06:00:00,862.745,867.635,861.275,865.965,1833,1960,0
2022-07-07 07:00:00,866.055,867.595,864.125,865.915,1139,2090,0
2022-07-07 08:00:00,865.945,866.885,861.425,861.58,1764,1380,0
2022-07-07 09:00:00,861.53,865.575,861.125,862.585,2141,1400,0
2022-07-07 10:00:00,862.465,864.715,859.735,864.145,2436,2120,0
2022-07-07 11:00:00,864.065,865.005,860.305,863.905,2607,1680,0
2022-07-07 12:00:00,863.905,871.195,863.155,870.705,3315,350,0
2022-07-07 13:00:00,870.705,876.405,868.905,873.985,1724,720,0
2022-07-07 14:00:00,873.935,880.705,873.29,878.025,1513,1940,0
2022-07-07 15:00:00,878.025,881.825,867.125,867.275,2240,1030,0
2022-07-07 16:00:00,867.335,878.415,866.955,876.615,2802,430,0
2022-07-07 17:00:00,876.615,879.625,870.225,874.695,4545,380,0
2022-07-07 18:00:00,874.815,877.785,871.925,875.025,1471,710,0
2022-07-07 19:00:00,875.025,881.625,874.825,879.195,1817,380,0
2022-07-07 20:00:00,879.045,879.095,874.975,876.385,2301,1460,0
2022-07-07 21:00:00,876.385,877.865,875.1,876.245,1715,1550,0
2022-07-07 22:00:00,876.405,877.455,874.21,875.725,1579,1310,0
2022-07-07 23:00:00,875.675,875.785,872.85,873.75,619,2350,0
2022-07-08 01:00:00,869.88,876.565,869.88,875.175,982,2240,0
2022-07-08 02:00:00,875.115,878.245,873.83,878.055,973,1900,0
2022-07-08 03:00:00,877.935,881.735,876.075,881.575,1249,1960,0
2022-07-08 04:00:00,881.625,881.815,874.04,875.365,1669,2330,0
2022-07-08 05:00:00,875.405,878.025,874.705,874.965,1603,2600,0
2022-07-08 06:00:00,874.885,876.455,872.125,875.965,1876,3030,0
2022-07-08 07:00:00,875.835,878.845,872.845,878.755,1365,1160,0
2022-07-08 08:00:00,878.855,879.115,874.125,877.105,1804,910,0
2022-07-08 09:00:00,877.035,881.565,874.925,881.385,1736,1020,0
2022-07-08 10:00:00,881.385,881.395,866.605,869.285,2518,700,0
2022-07-08 11:00:00,869.285,874.755,868.565,870.475,2572,2080,0
2022-07-08 12:00:00,870.395,871.155,867.795,869.935,2105,1990,0
2022-07-08 13:00:00,869.975,876.355,867.725,875.855,1796,1140,0
2022-07-08 14:00:00,875.855,878.545,875.455,876.295,1474,470,0
2022-07-08 15:00:00,876.345,884.225,873.025,878.145,2770,350,0
2022-07-08 16:00:00,878.225,890.155,877.955,882.525,6319,350,0
2022-07-08 17:00:00,882.535,900.225,881.025,895.925,4707,350,0
2022-07-08 18:00:00,895.885,898.825,892.145,893.075,2534,400,0
2022-07-08 19:00:00,893.075,894.235,888.335,892.955,2188,2260,0
2022-07-08 20:00:00,892.985,893.315,889.025,891.745,1721,2350,0
2022-07-08 21:00:00,891.795,894.085,889.995,893.005,1102,2350,0
2022-07-08 22:00:00,893.065,895.175,892.075,892.105,1141,3110,0
2022-07-08 23:00:00,892.215,892.575,889.255,889.99,563,3570,0
2022-07-11 01:00:00,889.28,892.715,885.24,892.595,1332,3130,0
2022-07-11 02:00:00,892.505,893.835,891.315,892.785,1012,2750,0
2022-07-11 03:00:00,892.705,893.345,889.235,891.475,1381,2840,0
2022-07-11 04:00:00,891.505,891.615,884.165,884.895,2180,2840,0
2022-07-11 05:00:00,884.755,888.885,883.975,886.025,1588,3190,0
2022-07-11 06:00:00,886.005,887.15,885.04,886.785,1174,3230,0
2022-07-11 07:00:00,886.605,888.08,885.895,887.655,1094,2670,0
2022-07-11 08:00:00,887.605,887.685,882.165,883.335,1419,2640,0
2022-07-11 09:00:00,883.295,884.645,880.875,883.645,1552,2460,0
2022-07-11 10:00:00,883.565,886.635,880.725,883.285,2430,1710,0
2022-07-11 11:00:00,883.205,887.915,881.705,885.725,2262,1960,0
2022-07-11 12:00:00,885.725,886.505,879.085,879.945,2370,1630,0
2022-07-11 13:00:00,879.795,882.005,877.125,878.735,1939,880,0
2022-07-11 14:00:00,878.935,880.685,874.525,878.635,1958,350,0
2022-07-11 15:00:00,878.655,881.995,874.095,876.275,3236,370,0
2022-07-11 16:00:00,876.375,879.825,873.025,877.025,4591,350,0
2022-07-11 17:00:00,877.025,878.125,872.525,875.225,718,350,0
2022-07-11 18:00:00,875.225,875.725,868.76,872.615,1294,370,0
2022-07-11 19:00:00,872.715,873.265,869.525,871.845,1871,1660,0
2022-07-11 20:00:00,871.905,877.165,871.905,874.855,1702,1580,0
2022-07-11 21:00:00,874.885,875.345,871.515,871.895,1421,1660,0
2022-07-11 22:00:00,871.875,872.375,870.235,871.255,1318,1710,0
2022-07-11 23:00:00,871.195,872.625,870.9,871.42,763,1850,0
2022-07-12 01:00:00,866.43,872.715,866.43,870.075,715,2020,0
2022-07-12 02:00:00,870.105,872.115,870.095,871.395,839,1970,0
2022-07-12 03:00:00,871.435,871.615,864.52,865.255,1361,2010,0
2022-07-12 04:00:00,865.175,870.225,857.025,870.055,2953,930,0
2022-07-12 05:00:00,870.065,870.915,865.995,868.615,2356,880,0
2022-07-12 06:00:00,868.705,868.705,865.0,866.795,1437,910,0
2022-07-12 07:00:00,866.805,866.805,862.975,864.415,1709,580,0
2022-07-12 08:00:00,864.475,865.045,861.125,861.885,2183,880,0
2022-07-12 09:00:00,861.785,865.045,860.025,863.175,2395,930,0
2022-07-12 10:00:00,863.175,863.405,856.195,857.815,2598,820,0
2022-07-12 11:00:00,857.845,861.495,855.045,855.745,2696,480,0
2022-07-12 12:00:00,855.745,858.865,853.955,854.055,2194,360,0
2022-07-12 13:00:00,854.055,860.215,852.625,854.375,1943,350,0
2022-07-12 14:00:00,854.375,858.765,851.265,855.955,1903,1880,0
2022-07-12 15:00:00,855.945,858.385,849.885,853.555,2369,1450,0
2022-07-12 16:00:00,853.505,854.645,846.845,848.385,3776,350,0
2022-07-12 17:00:00,848.365,855.485,845.085,854.205,3604,350,0
2022-07-12 18:00:00,854.205,855.105,847.525,848.155,3060,420,0
2022-07-12 19:00:00,848.165,851.36,842.875,844.875,2916,420,0
2022-07-12 20:00:00,844.905,850.285,843.505,849.215,2016,360,0
2022-07-12 21:00:00,849.225,849.525,846.885,848.345,1302,1060,0
2022-07-12 22:00:00,848.315,848.375,842.425,843.225,1194,350,0
2022-07-12 23:00:00,843.225,848.585,840.485,846.85,602,350,0
2022-07-13 01:00:00,839.85,847.675,838.485,847.165,732,2200,0
2022-07-13 02:00:00,847.135,847.575,839.665,845.855,988,2210,0
2022-07-13 03:00:00,845.845,848.125,841.125,847.925,1161,350,0
2022-07-13 04:00:00,847.895,851.255,843.925,846.325,2179,350,0
2022-07-13 05:00:00,846.325,851.925,845.825,850.385,2200,350,0
2022-07-13 06:00:00,850.355,851.485,846.925,851.195,1547,1190,0
2022-07-13 07:00:00,851.155,851.275,848.565,849.075,1355,1280,0
2022-07-13 08:00:00,849.065,850.835,845.455,847.025,2160,1540,0
2022-07-13 09:00:00,847.025,851.145,844.425,849.495,2825,640,0
2022-07-13 10:00:00,849.285,850.145,844.765,846.455,2455,1650,0
2022-07-13 11:00:00,846.395,849.325,845.225,849.305,1991,1830,0
2022-07-13 12:00:00,849.235,852.165,847.775,849.315,1883,1950,0
2022-07-13 13:00:00,849.325,849.845,845.225,846.305,1754,1850,0
2022-07-13 14:00:00,846.255,850.035,845.825,849.345,2040,1750,0
2022-07-13 15:00:00,849.295,854.365,838.595,844.565,6579,1290,0
2022-07-13 16:00:00,844.505,852.205,841.545,847.615,7816,350,0
2022-07-13 17:00:00,847.615,856.085,842.585,854.975,8193,350,0
2022-07-13 18:00:00,854.795,861.435,854.165,861.005,6005,350,0
2022-07-13 19:00:00,860.995,865.035,856.825,861.275,3549,420,0
2022-07-13 20:00:00,861.325,861.355,857.745,860.495,2626,1890,0
2022-07-13 21:00:00,860.475,860.475,855.455,858.525,2692,1370,0
2022-07-13 22:00:00,858.505,858.575,853.025,856.085,1798,1170,0
2022-07-13 23:00:00,856.195,856.995,854.86,856.08,781,1300,0
2022-07-14 01:00:00,853.425,856.555,850.98,855.385,1011,2450,0
2022-07-14 02:00:00,855.275,855.275,851.475,851.635,1071,2450,0
2022-07-14 03:00:00,851.615,852.875,848.055,850.425,911,2240,0
2022-07-14 04:00:00,850.425,853.325,847.65,851.625,908,1610,0
2022-07-14 05:00:00,851.625,855.025,851.225,853.325,827,1510,0
2022-07-14 06:00:00,853.325,856.725,853.325,855.425,704,2050,0
2022-07-14 07:00:00,855.425,856.515,854.325,854.925,773,2110,0
2022-07-14 08:00:00,854.925,855.525,849.025,850.335,1421,2480,0
2022-07-14 09:00:00,850.275,851.925,848.305,848.555,2328,2450,0
2022-07-14 10:00:00,848.635,850.585,843.025,843.025,3574,1810,0
2022-07-14 11:00:00,843.025,844.205,836.945,839.555,2844,1540,0
2022-07-14 12:00:00,839.695,841.415,834.905,839.995,2183,2190,0
2022-07-14 13:00:00,840.055,840.285,835.915,837.455,1774,1080,0
2022-07-14 14:00:00,837.455,840.575,833.985,839.555,2882,1480,0
2022-07-14 15:00:00,839.605,842.535,830.775,831.045,4167,810,0
2022-07-14 16:00:00,830.995,841.115,827.025,836.535,7305,2050,0
2022-07-14 17:00:00,836.485,847.205,832.015,845.785,6558,1570,0
2022-07-14 18:00:00,845.785,849.945,841.085,848.125,5855,1640,0
2022-07-14 19:00:00,848.095,848.435,837.835,839.605,2881,1230,0
2022-07-14 20:00:00,839.655,843.795,837.925,841.975,2374,1270,0
2022-07-14 21:00:00,841.935,847.435,841.905,846.735,1680,1130,0
2022-07-14 22:00:00,846.795,847.785,844.965,846.795,1363,780,0
2022-07-14 23:00:00,846.795,847.245,844.27,844.75,810,1200,0
2022-07-15 01:00:00,838.11,847.075,836.305,846.575,759,2020,0
2022-07-15 02:00:00,846.585,848.225,846.365,847.265,784,1860,0
2022-07-15 03:00:00,847.285,847.715,842.125,844.645,1886,350,0
2022-07-15 04:00:00,844.595,847.765,842.825,844.25,2137,1970,0
2022-07-15 05:00:00,845.325,849.275,843.625,846.735,1632,2360,0
2022-07-15 06:00:00,846.645,847.315,843.375,844.705,1685,2670,0
2022-07-15 07:00:00,844.735,846.785,843.425,846.445,1695,2390,0
2022-07-15 08:00:00,846.335,847.135,839.985,845.115,1875,2040,0
2022-07-15 09:00:00,845.035,847.175,840.785,841.515,2307,920,0
2022-07-15 10:00:00,841.425,847.185,838.665,843.605,2780,350,0
2022-07-15 11:00:00,843.605,846.155,838.385,844.645,2623,350,0
2022-07-15 12:00:00,844.755,848.925,841.625,844.485,2093,370,0
2022-07-15 13:00:00,844.565,844.975,840.345,844.365,2098,1050,0
2022-07-15 14:00:00,844.325,845.255,840.845,841.225,2291,2080,0
2022-07-15 15:00:00,841.275,851.555,839.715,851.205,4273,420,0
2022-07-15 16:00:00,851.205,855.865,845.225,845.975,5642,490,0
2022-07-15 17:00:00,846.145,852.225,844.225,848.145,6283,680,0
2022-07-15 18:00:00,848.145,851.975,846.615,849.785,2584,1340,0
2022-07-15 19:00:00,849.795,850.895,847.225,849.725,1786,2020,0
2022-07-15 20:00:00,849.755,849.775,845.025,845.295,1806,2350,0
2022-07-15 21:00:00,845.335,846.6,844.365,844.765,1093,2350,0
2022-07-15 22:00:00,844.725,847.96,844.565,847.515,987,2750,0
2022-07-15 23:00:00,847.355,849.025,843.19,843.28,552,3010,0
2022-07-18 01:00:00,845.8,852.115,845.8,852.005,1002,2620,0
2022-07-18 02:00:00,852.025,854.015,851.235,853.795,826,2540,0
2022-07-18 03:00:00,853.735,853.735,848.6,849.825,1179,3100,0
2022-07-18 04:00:00,849.825,858.225,849.625,856.925,1083,1860,0
2022-07-18 05:00:00,856.925,861.385,856.325,861.325,1111,2600,0
2022-07-18 06:00:00,861.325,862.525,859.31,861.225,696,2150,0
2022-07-18 07:00:00,861.125,862.525,858.48,860.725,404,2330,0
2022-07-18 08:00:00,860.725,862.025,858.425,858.725,735,2200,0
2022-07-18 09:00:00,858.725,861.425,856.645,860.205,1647,350,0
2022-07-18 10:00:00,860.205,868.425,858.365,867.225,1654,350,0
2022-07-18 11:00:00,867.225,868.125,864.7,867.795,848,650,0
2022-07-18 12:00:00,867.925,870.435,866.225,869.175,1641,350,0
2022-07-18 13:00:00,869.175,869.745,864.425,867.675,794,1240,0
2022-07-18 14:00:00,867.705,868.675,864.125,864.955,1048,1540,0
2022-07-18 15:00:00,864.945,866.225,859.87,862.025,1832,1410,0
2022-07-18 16:00:00,862.025,871.245,861.825,870.845,4121,430,0
2022-07-18 17:00:00,870.915,880.325,864.075,880.125,3935,960,0
2022-07-18 18:00:00,879.475,880.125,869.935,870.875,2843,350,0
2022-07-18 19:00:00,870.705,874.725,867.34,871.385,1634,350,0
2022-07-18 20:00:00,871.385,872.425,867.53,868.825,1434,350,0
2022-07-18 21:00:00,868.725,869.025,865.625,866.025,678,370,0
2022-07-18 22:00:00,866.025,866.125,862.025,863.225,575,460,0
2022-07-18 23:00:00,863.225,868.525,862.065,864.21,681,350,0
2022-07-19 01:00:00,862.28,868.625,859.915,865.295,761,2210,0
2022-07-19 02:00:00,865.305,867.655,859.135,862.955,1242,1850,0
2022-07-19 03:00:00,862.895,865.225,859.535,862.265,1531,350,0
2022-07-19 04:00:00,862.265,864.825,859.825,859.925,972,350,0
2022-07-19 05:00:00,860.155,862.895,859.965,861.545,1128,2940,0
2022-07-19 06:00:00,861.475,864.065,861.295,863.535,1028,3060,0
2022-07-19 07:00:00,863.565,864.875,862.0,863.605,968,3080,0
2022-07-19 08:00:00,863.615,868.705,863.135,867.005,1390,2960,0
2022-07-19 09:00:00,867.005,867.655,862.25,866.115,2002,650,0
2022-07-19 10:00:00,866.115,871.315,864.275,871.235,2287,680,0
2022-07-19 11:00:00,871.275,874.925,870.875,874.525,1973,680,0
2022-07-19 12:00:00,874.625,877.145,873.325,875.775,975,560,0
2022-07-19 13:00:00,875.775,884.135,875.695,883.995,1442,900,0
2022-07-19 14:00:00,883.885,889.435,882.115,884.025,1940,350,0
2022-07-19 15:00:00,884.025,886.525,879.225,882.485,1972,350,0
2022-07-19 16:00:00,882.455,884.265,877.385,881.915,4349,350,0
2022-07-19 17:00:00,881.825,885.505,875.085,876.255,4256,1490,0
2022-07-19 18:00:00,876.375,878.375,872.935,876.425,2050,1050,0
2022-07-19 19:00:00,876.425,877.625,873.625,874.425,715,850,0
2022-07-19 20:00:00,874.425,875.725,873.375,874.725,800,1470,0
2022-07-19 21:00:00,874.725,875.275,873.745,874.465,964,2170,0
2022-07-19 22:00:00,874.495,876.395,873.945,875.985,1134,2350,0
2022-07-19 23:00:00,875.935,878.025,875.18,875.33,487,2470,0
2022-07-20 01:00:00,873.57,878.545,871.685,878.335,639,2380,0
2022-07-20 02:00:00,877.5,879.565,876.575,877.585,696,2240,0
2022-07-20 03:00:00,877.635,882.715,877.595,882.715,1333,2050,0
2022-07-20 04:00:00,882.705,883.595,879.125,880.845,1546,2050,0
2022-07-20 05:00:00,880.965,885.055,880.025,884.715,1413,2420,0
2022-07-20 06:00:00,884.755,886.315,883.325,885.475,1294,2200,0
2022-07-20 07:00:00,885.515,887.385,884.27,885.035,984,1590,0
2022-07-20 08:00:00,885.035,885.395,876.825,876.925,1458,1200,0
2022-07-20 09:00:00,876.925,881.425,876.835,881.325,2275,960,0
2022-07-20 10:00:00,881.325,884.645,879.265,879.405,2016,1730,0
2022-07-20 11:00:00,879.475,882.085,878.04,879.725,1536,350,0
2022-07-20 12:00:00,879.725,885.555,879.54,885.165,903,350,0
2022-07-20 13:00:00,885.125,885.495,876.145,877.215,2341,680,0
2022-07-20 14:00:00,877.235,878.165,873.295,876.245,1678,1030,0
2022-07-20 15:00:00,876.285,877.635,868.525,869.335,3025,1420,0
2022-07-20 16:00:00,869.395,875.505,867.855,869.685,4964,470,0
2022-07-20 17:00:00,869.635,872.035,864.405,871.645,3934,690,0
2022-07-20 18:00:00,871.675,872.195,864.935,867.325,1788,590,0
2022-07-20 19:00:00,867.325,867.625,862.665,865.125,1063,490,0
2022-07-20 20:00:00,865.125,865.725,858.465,859.315,1388,360,0
2022-07-20 21:00:00,859.315,863.725,859.255,860.925,1358,350,0
2022-07-20 22:00:00,860.825,862.125,859.01,860.725,499,730,0
2022-07-20 23:00:00,860.725,861.025,858.6,858.76,663,960,0
2022-07-21 01:00:00,858.925,860.035,856.65,859.245,733,2470,0
2022-07-21 02:00:00,859.205,859.965,856.855,858.475,926,2110,0
2022-07-21 03:00:00,858.425,859.205,857.115,858.195,1218,2700,0
2022-07-21 04:00:00,858.155,858.435,854.255,855.395,1767,2650,0
2022-07-21 05:00:00,855.525,857.035,854.045,856.435,1316,1950,0
2022-07-21 06:00:00,856.435,858.085,855.355,855.845,1470,2160,0
2022-07-21 07:00:00,855.925,858.815,854.925,857.845,1167,1770,0
2022-07-21 08:00:00,857.815,860.795,854.305,859.775,1390,2700,0
2022-07-21 09:00:00,859.775,860.045,854.925,855.325,1236,960,0
2022-07-21 10:00:00,855.325,856.925,852.925,854.245,1318,520,0
2022-07-21 11:00:00,854.305,856.795,853.115,855.335,2239,1720,0
2022-07-21 12:00:00,855.305,856.265,850.625,854.355,1768,350,0
2022-07-21 13:00:00,854.355,856.395,852.325,853.625,1558,1100,0
2022-07-21 14:00:00,853.685,857.715,852.685,857.435,1958,930,0
2022-07-21 15:00:00,857.435,868.845,849.695,868.695,5181,350,0
2022-07-21 16:00:00,868.765,871.635,858.815,861.865,6134,750,0
2022-07-21 17:00:00,861.955,868.565,861.775,866.835,4791,1570,0
2022-07-21 18:00:00,866.825,874.305,865.045,873.325,2801,350,0
2022-07-21 19:00:00,873.325,878.885,872.925,876.245,2062,350,0
2022-07-21 20:00:00,876.355,876.355,868.845,871.875,2063,350,0
2022-07-21 21:00:00,871.845,874.035,871.525,873.425,1828,1580,0
2022-07-21 22:00:00,873.425,878.105,872.31,877.505,994,560,0
2022-07-21 23:00:00,877.555,878.555,873.34,873.39,1009,920,0
2022-07-22 01:00:00,871.65,876.825,871.45,875.405,598,600,0
2022-07-22 02:00:00,875.405,876.155,872.515,872.905,535,760,0
2022-07-22 03:00:00,872.905,876.305,871.54,875.625,989,1420,0
2022-07-22 04:00:00,875.645,877.955,874.735,876.805,1834,1390,0
2022-07-22 05:00:00,876.795,878.055,873.725,875.405,1993,2080,0
2022-07-22 06:00:00,875.345,877.055,872.965,873.645,1461,2750,0
2022-07-22 07:00:00,873.685,875.955,873.685,874.285,1806,2370,0
2022-07-22 08:00:00,874.315,876.425,871.625,874.965,1530,2550,0
2022-07-22 09:00:00,874.965,882.375,874.965,882.185,2052,1480,0
2022-07-22 10:00:00,882.185,884.555,877.475,879.905,3762,860,0
2022-07-22 11:00:00,880.055,883.205,879.645,881.605,2874,350,0
2022-07-22 12:00:00,881.575,885.185,880.52,883.025,1947,350,0
2022-07-22 13:00:00,883.025,883.725,878.425,882.425,610,650,0
2022-07-22 14:00:00,882.425,882.425,875.845,880.225,868,670,0
2022-07-22 15:00:00,880.225,889.425,879.525,881.625,1274,680,0
2022-07-22 16:00:00,881.625,890.725,880.625,885.125,2294,990,0
2022-07-22 17:00:00,885.225,888.425,879.795,881.345,3579,600,0
2022-07-22 18:00:00,880.925,883.925,879.06,881.825,1156,1240,0
2022-07-22 19:00:00,881.825,882.825,880.2,881.325,777,920,0
2022-07-22 20:00:00,881.325,881.425,873.025,873.525,870,980,0
2022-07-22 21:00:00,873.525,874.225,870.135,872.095,1507,1360,0
2022-07-22 22:00:00,872.095,874.525,870.645,874.325,898,1900,0
2022-07-22 23:00:00,874.325,876.225,869.67,869.71,359,2020,0
2022-07-25 01:00:00,871.46,874.315,870.455,873.045,931,2950,0
2022-07-25 02:00:00,873.135,873.235,870.52,871.335,1091,2400,0
2022-07-25 03:00:00,871.335,874.585,867.175,869.955,1731,640,0
2022-07-25 04:00:00,869.955,874.265,869.525,873.285,1802,960,0
2022-07-25 05:00:00,873.285,875.835,872.975,875.775,1266,980,0
2022-07-25 06:00:00,875.725,875.785,872.67,875.395,1152,960,0
2022-07-25 07:00:00,875.395,876.825,873.6,874.625,895,580,0
2022-07-25 08:00:00,874.625,875.265,871.975,874.635,1138,710,0
2022-07-25 09:00:00,874.635,878.595,873.925,876.725,1695,360,0
2022-07-25 10:00:00,876.725,878.535,874.345,876.205,2156,2260,0
2022-07-25 11:00:00,876.255,882.435,874.9,875.225,2245,580,0
2022-07-25 12:00:00,875.225,882.355,873.825,880.935,2362,1280,0
2022-07-25 13:00:00,880.895,882.985,878.91,882.025,1795,1510,0
2022-07-25 14:00:00,882.025,883.325,877.625,877.925,664,450,0
2022-07-25 15:00:00,877.925,887.745,876.925,881.125,1964,840,0
2022-07-25 16:00:00,881.125,883.765,877.465,877.495,4376,1390,0
2022-07-25 17:00:00,877.465,880.435,867.54,871.225,3369,1440,0
2022-07-25 18:00:00,871.225,880.525,869.925,877.725,926,1660,0
2022-07-25 19:00:00,877.725,883.725,876.42,882.325,658,2040,0
2022-07-25 20:00:00,882.325,884.025,879.825,883.225,650,2350,0
2022-07-25 21:00:00,883.225,885.025,882.22,882.325,535,2520,0
2022-07-25 22:00:00,882.325,882.525,880.96,882.335,631,2600,0
2022-07-25 23:00:00,882.325,883.525,880.24,880.42,474,2130,0
2022-07-26 01:00:00,876.32,880.945,876.32,880.695,518,2300,0
2022-07-26 02:00:00,880.675,882.495,879.87,881.625,911,2080,0
2022-07-26 03:00:00,881.635,888.025,881.595,887.625,937,1090,0
2022-07-26 04:00:00,887.625,892.725,885.26,892.125,864,720,0
2022-07-26 05:00:00,892.125,892.825,889.325,890.525,594,1530,0
2022-07-26 06:00:00,890.525,890.825,886.93,888.425,320,1770,0
2022-07-26 07:00:00,888.425,888.425,885.025,885.125,310,1890,0
2022-07-26 08:00:00,885.125,886.725,883.225,884.525,504,1450,0
2022-07-26 09:00:00,884.815,889.875,884.09,888.225,2378,350,0
2022-07-26 10:00:00,888.125,892.325,884.985,886.925,1168,350,0
2022-07-26 11:00:00,886.925,890.225,883.9,887.425,777,470,0
2022-07-26 12:00:00,887.425,889.225,881.735,881.775,726,630,0
2022-07-26 13:00:00,881.785,884.225,853.615,880.685,1905,530,0
2022-07-26 14:00:00,880.695,881.225,876.275,878.905,1788,1360,0
2022-07-26 15:00:00,878.925,882.725,875.41,880.255,2034,1580,0
2022-07-26 16:00:00,880.245,883.765,877.02,881.725,2581,1750,0
2022-07-26 17:00:00,879.585,882.875,876.025,877.955,3063,1060,0
2022-07-26 18:00:00,877.955,878.165,870.525,872.255,2149,1190,0
2022-07-26 19:00:00,872.255,877.455,871.895,876.325,1498,1650,0
2022-07-26 20:00:00,876.255,878.635,874.915,876.265,1641,2350,0
2022-07-26 21:00:00,876.255,877.435,872.845,873.795,1428,2350,0
2022-07-26 22:00:00,873.815,874.535,872.52,874.065,1152,2350,0
2022-07-26 23:00:00,874.085,875.755,873.83,874.43,895,2620,0
2022-07-27 01:00:00,869.88,877.105,869.88,876.195,835,2150,0
2022-07-27 02:00:00,876.225,877.945,875.77,877.005,877,2360,0
2022-07-27 03:00:00,877.035,879.545,877.015,878.125,1308,2110,0
2022-07-27 04:00:00,878.125,878.775,874.23,874.925,868,2050,0
2022-07-27 05:00:00,874.925,875.725,872.49,875.005,1201,930,0
2022-07-27 06:00:00,875.005,876.335,874.55,875.235,1081,670,0
2022-07-27 07:00:00,875.235,875.595,873.325,874.105,864,640,0
2022-07-27 08:00:00,874.055,877.935,873.745,876.925,1401,580,0
2022-07-27 09:00:00,876.925,879.295,873.795,875.125,1090,350,0
2022-07-27 10:00:00,875.125,878.425,874.27,877.225,812,350,0
2022-07-27 11:00:00,877.225,881.525,877.125,878.525,676,720,0
2022-07-27 12:00:00,878.525,879.625,876.96,878.725,568,350,0
2022-07-27 13:00:00,878.725,882.525,877.23,880.925,442,500,0
2022-07-27 14:00:00,880.925,882.325,878.88,878.88,401,490,0
2022-07-27 15:00:00,879.625,886.025,878.71,882.025,1240,350,0
2022-07-27 16:00:00,882.025,882.825,878.445,880.825,2927,360,0
2022-07-27 17:00:00,880.925,887.725,880.725,886.545,3574,490,0
2022-07-27 18:00:00,886.555,888.355,885.025,885.225,1384,1120,0
2022-07-27 19:00:00,885.225,887.925,884.28,886.525,522,560,0
2022-07-27 20:00:00,886.525,888.925,881.455,881.455,592,700,0
2022-07-27 21:00:00,881.515,892.625,881.515,889.925,2850,2080,0
2022-07-27 22:00:00,889.925,891.325,887.825,890.025,1263,1980,0
2022-07-27 23:00:00,890.025,891.325,887.37,887.46,487,1510,0
2022-07-28 01:00:00,889.825,890.325,883.35,890.285,756,2880,0
2022-07-28 02:00:00,890.295,891.975,889.315,890.645,945,2470,0
2022-07-28 03:00:00,890.605,891.895,889.975,890.425,845,2380,0
2022-07-28 04:00:00,890.425,893.025,889.425,892.025,449,2390,0
2022-07-28 05:00:00,892.025,892.825,890.965,891.925,337,1170,0
2022-07-28 06:00:00,891.925,892.825,889.83,891.065,179,1350,0
2022-07-28 07:00:00,891.115,892.025,890.425,891.825,612,2410,0
2022-07-28 08:00:00,891.825,893.325,890.425,892.225,473,2010,0
2022-07-28 09:00:00,892.225,897.325,892.125,896.925,693,1110,0
2022-07-28 10:00:00,896.925,898.625,894.825,898.025,966,1010,0
2022-07-28 11:00:00,898.025,898.225,894.225,896.575,1205,620,0
2022-07-28 12:00:00,896.575,897.245,893.125,893.525,720,670,0
2022-07-28 13:00:00,893.525,893.925,887.125,889.005,944,730,0
2022-07-28 14:00:00,889.095,891.815,884.85,891.195,1479,710,0
2022-07-28 15:00:00,891.145,894.435,888.54,892.695,5311,940,0
2022-07-28 16:00:00,892.625,896.285,886.125,889.565,6650,360,0
2022-07-28 17:00:00,889.625,890.285,881.055,885.105,5454,350,0
2022-07-28 18:00:00,885.125,891.345,879.475,887.205,3398,1320,0
2022-07-28 19:00:00,887.225,888.515,884.805,887.635,1936,1460,0
2022-07-28 20:00:00,887.515,890.325,886.525,888.415,2114,1660,0
2022-07-28 21:00:00,888.405,890.125,886.815,890.085,1439,2320,0
2022-07-28 22:00:00,890.055,890.985,889.145,890.035,1282,2350,0
2022-07-28 23:00:00,890.095,891.755,889.29,889.29,1010,2350,0
2022-07-29 01:00:00,889.725,890.655,888.33,889.425,766,2190,0
2022-07-29 02:00:00,889.475,891.395,887.41,891.165,731,2140,0
2022-07-29 03:00:00,891.185,893.265,890.265,892.455,1500,2460,0
2022-07-29 04:00:00,892.475,892.705,890.145,891.755,1621,2700,0
2022-07-29 05:00:00,891.785,892.015,887.735,888.695,1477,2620,0
2022-07-29 06:00:00,888.735,893.125,888.085,892.925,1863,2410,0
2022-07-29 07:00:00,892.925,895.155,892.925,893.325,679,2430,0
2022-07-29 08:00:00,893.325,897.725,893.125,895.685,1212,2280,0
2022-07-29 09:00:00,895.685,908.975,894.065,896.425,2872,350,0
2022-07-29 10:00:00,896.425,900.25,893.425,896.425,819,350,0
2022-07-29 11:00:00,896.425,899.695,894.625,897.825,1374,350,0
2022-07-29 12:00:00,897.825,899.025,891.925,893.495,1462,830,0
2022-07-29 13:00:00,893.495,898.875,891.445,895.715,1623,960,0
2022-07-29 14:00:00,895.745,896.645,893.645,894.315,1571,1250,0
2022-07-29 15:00:00,894.315,896.625,889.075,891.445,2947,830,0
2022-07-29 16:00:00,891.515,893.595,884.535,884.825,5256,1420,0
2022-07-29 17:00:00,884.725,899.895,883.785,899.025,5156,1720,0
2022-07-29 18:00:00,899.035,900.995,895.475,900.165,3308,1640,0
2022-07-29 19:00:00,900.115,900.535,894.045,896.425,1943,620,0
2022-07-29 20:00:00,896.425,899.525,895.525,898.825,538,1070,0
2022-07-29 21:00:00,898.825,899.225,895.82,897.725,374,1130,0
2022-07-29 22:00:00,897.725,898.425,894.1,896.435,1208,2050,0
2022-07-29 23:00:00,896.505,899.375,892.28,893.7,794,2830,0
2022-08-01 01:00:00,890.59,894.675,889.34,893.805,956,2860,0
2022-08-01 02:00:00,893.725,894.385,890.01,892.485,876,2590,0
2022-08-01 03:00:00,892.475,896.825,891.535,895.155,1314,2550,0
2022-08-01 04:00:00,895.215,897.625,892.725,897.225,1554,2070,0
2022-08-01 05:00:00,897.225,897.825,895.125,897.225,446,1230,0
2022-08-01 06:00:00,897.225,897.625,892.97,894.725,434,820,0
2022-08-01 07:00:00,894.725,896.225,892.79,893.525,349,1750,0
2022-08-01 08:00:00,893.425,894.325,891.7,894.225,421,1660,0
2022-08-01 09:00:00,894.225,900.325,892.91,900.025,458,630,0
2022-08-01 10:00:00,900.025,906.725,899.075,903.725,688,460,0
2022-08-01 11:00:00,903.725,909.485,901.725,907.335,914,1000,0
2022-08-01 12:00:00,907.335,911.325,906.805,910.425,1037,750,0
2022-08-01 13:00:00,910.425,912.435,906.27,907.425,552,1580,0
2022-08-01 14:00:00,907.425,911.525,907.425,909.935,635,1350,0
2022-08-01 15:00:00,909.935,917.035,909.565,914.725,2026,360,0
2022-08-01 16:00:00,914.725,914.725,902.935,910.025,2228,680,0
2022-08-01 17:00:00,910.025,914.625,903.725,914.025,1944,820,0
2022-08-01 18:00:00,914.025,915.325,908.125,909.925,1108,750,0
2022-08-01 19:00:00,909.825,910.225,904.55,909.225,951,370,0
2022-08-01 20:00:00,909.225,909.225,904.87,906.025,865,1350,0
2022-08-01 21:00:00,906.025,908.325,905.025,908.325,653,1600,0
2022-08-01 22:00:00,908.325,909.625,907.69,909.325,459,1600,0
2022-08-01 23:00:00,909.325,910.625,907.77,908.03,206,1760,0
2022-08-02 01:00:00,910.125,910.485,905.86,910.435,563,2250,0
2022-08-02 02:00:00,910.365,912.135,909.92,910.565,800,1850,0
2022-08-02 03:00:00,910.565,913.965,907.325,912.405,1607,2110,0
2022-08-02 04:00:00,912.405,912.405,907.025,908.845,2424,1000,0
2022-08-02 05:00:00,908.805,912.905,908.465,910.985,1851,1210,0
2022-08-02 06:00:00,911.005,913.335,908.025,911.315,1619,350,0
2022-08-02 07:00:00,911.445,911.595,908.325,909.135,1388,2520,0
2022-08-02 08:00:00,909.125,910.225,908.425,908.825,1124,1620,0
2022-08-02 09:00:00,908.825,915.035,907.525,913.325,1484,1290,0
2022-08-02 10:00:00,913.325,914.445,907.925,914.055,2196,350,0
2022-08-02 11:00:00,913.995,914.735,909.425,912.935,1867,350,0
2022-08-02 12:00:00,912.995,913.355,911.515,911.855,1394,600,0
2022-08-02 13:00:00,911.805,913.105,910.025,910.265,1395,780,0
2022-08-02 14:00:00,910.225,917.325,909.225,916.425,1607,350,0
2022-08-02 15:00:00,916.425,921.825,911.775,918.535,1436,350,0
2022-08-02 16:00:00,918.605,921.425,914.045,914.205,5207,880,0
2022-08-02 17:00:00,914.155,914.465,902.045,902.995,5458,1520,0
2022-08-02 18:00:00,902.825,915.125,900.325,913.925,1811,710,0
2022-08-02 19:00:00,913.925,918.725,911.325,911.425,1277,1430,0
2022-08-02 20:00:00,911.425,912.425,907.025,907.025,921,1340,0
2022-08-02 21:00:00,907.025,907.025,900.425,902.125,1070,1310,0
2022-08-02 22:00:00,902.125,903.125,899.025,899.925,783,1390,0
2022-08-02 23:00:00,900.025,900.525,895.36,895.78,533,1400,0
2022-08-03 01:00:00,886.39,898.725,886.39,894.315,989,2540,0
2022-08-03 02:00:00,894.265,894.445,890.925,894.005,1133,2480,0
2022-08-03 03:00:00,894.035,897.525,891.5,894.325,909,1050,0
2022-08-03 04:00:00,894.325,902.025,893.625,901.625,1196,780,0
2022-08-03 05:00:00,901.525,902.825,896.555,898.475,1075,350,0
2022-08-03 06:00:00,898.475,904.725,897.685,904.125,885,490,0
2022-08-03 07:00:00,904.125,905.425,899.9,901.825,637,1170,0
2022-08-03 08:00:00,901.725,902.555,898.2,900.625,1010,1930,0
2022-08-03 09:00:00,900.975,901.055,895.0,895.465,2138,2140,0
2022-08-03 10:00:00,895.435,895.555,889.485,892.365,2098,1600,0
2022-08-03 11:00:00,892.415,901.545,892.325,900.605,2026,860,0
2022-08-03 12:00:00,900.585,905.595,899.95,904.145,1683,1550,0
2022-08-03 13:00:00,904.065,904.625,893.73,895.425,1170,1880,0
2022-08-03 14:00:00,895.425,901.865,895.125,900.045,1426,2260,0
2022-08-03 15:00:00,900.025,903.105,895.525,902.785,2351,1690,0
2022-08-03 16:00:00,902.595,904.515,898.115,901.425,3154,1530,0
2022-08-03 17:00:00,901.425,901.425,891.625,893.625,2585,1210,0
2022-08-03 18:00:00,893.625,898.595,893.125,898.565,1520,1740,0
2022-08-03 19:00:00,898.565,901.115,896.925,897.925,1401,450,0
2022-08-03 20:00:00,897.925,900.825,896.73,900.225,749,1060,0
2022-08-03 21:00:00,900.125,901.625,897.8,900.525,543,950,0
2022-08-03 22:00:00,900.525,904.495,900.225,903.455,1529,1390,0
2022-08-03 23:00:00,903.405,903.745,899.22,899.46,777,1500,0
2022-08-04 01:00:00,895.66,902.155,895.64,899.045,588,1840,0
2022-08-04 02:00:00,899.045,899.435,896.02,897.935,505,360,0
2022-08-04 03:00:00,897.935,903.105,897.835,902.795,1207,410,0
2022-08-04 04:00:00,902.835,904.435,899.67,901.305,1723,580,0
2022-08-04 05:00:00,901.315,902.125,897.29,898.925,811,850,0
2022-08-04 06:00:00,898.925,900.125,895.65,897.365,954,950,0
2022-08-04 07:00:00,897.365,900.395,896.22,900.155,860,990,0
2022-08-04 08:00:00,900.325,902.855,898.52,898.955,1682,730,0
2022-08-04 09:00:00,899.435,900.865,897.35,899.025,1880,640,0
2022-08-04 10:00:00,899.025,904.415,894.78,903.695,1669,840,0
2022-08-04 11:00:00,903.625,908.025,902.725,907.395,1550,1220,0
2022-08-04 12:00:00,907.325,911.325,906.735,911.225,1713,1560,0
2022-08-04 13:00:00,911.225,913.025,909.18,911.125,559,1020,0
2022-08-04 14:00:00,911.125,912.325,906.925,907.925,865,450,0
2022-08-04 15:00:00,907.925,920.825,907.625,915.825,2206,350,0
2022-08-04 16:00:00,915.825,921.225,909.755,919.725,1808,350,0
2022-08-04 17:00:00,919.825,931.475,917.645,931.435,3120,350,0
2022-08-04 18:00:00,931.435,931.895,925.225,929.025,2248,610,0
2022-08-04 19:00:00,929.025,931.775,927.505,930.525,1552,530,0
2022-08-04 20:00:00,930.525,931.425,929.025,930.525,736,1930,0
2022-08-04 21:00:00,930.525,934.335,929.925,933.575,1340,1530,0
2022-08-04 22:00:00,933.575,933.585,931.085,932.255,1000,1810,0
2022-08-04 23:00:00,932.185,932.455,927.85,928.08,617,1870,0
2022-08-05 01:00:00,929.825,932.485,927.18,932.335,691,2090,0
2022-08-05 02:00:00,932.315,934.585,931.95,932.695,629,1270,0
2022-08-05 03:00:00,932.705,936.725,931.955,936.095,1237,1090,0
2022-08-05 04:00:00,936.125,937.445,934.225,936.125,1165,930,0
2022-08-05 05:00:00,936.125,937.975,934.53,935.725,953,1690,0
2022-08-05 06:00:00,935.735,936.825,935.0,936.075,842,1710,0
2022-08-05 07:00:00,935.985,938.725,935.27,937.925,772,2240,0
2022-08-05 08:00:00,937.945,938.535,935.15,937.945,820,1660,0
2022-08-05 09:00:00,937.945,939.425,935.825,937.525,627,1510,0
2022-08-05 10:00:00,937.525,940.825,934.98,937.035,966,350,0
2022-08-05 11:00:00,937.015,938.585,932.785,938.155,1087,350,0
2022-08-05 12:00:00,938.155,938.925,936.625,937.225,1612,1790,0
2022-08-05 13:00:00,937.235,941.025,936.1,940.505,868,910,0
2022-08-05 14:00:00,940.505,943.005,937.825,942.535,1425,400,0
2022-08-05 15:00:00,942.535,945.105,927.025,930.025,4559,350,0
2022-08-05 16:00:00,930.025,933.745,922.625,932.235,6661,350,0
2022-08-05 17:00:00,932.195,937.725,929.815,935.325,4201,350,0
2022-08-05 18:00:00,935.325,938.625,932.885,935.725,823,350,0
2022-08-05 19:00:00,935.725,937.225,927.925,928.825,546,800,0
2022-08-05 20:00:00,928.825,932.625,927.425,931.725,430,890,0
2022-08-05 21:00:00,931.725,934.825,929.9,932.225,316,1270,0
2022-08-05 22:00:00,932.225,934.925,931.35,933.325,908,1820,0
2022-08-05 23:00:00,933.225,935.425,931.51,931.83,332,1930,0
2022-08-08 01:00:00,928.76,933.625,928.76,932.405,1129,2040,0
2022-08-08 02:00:00,932.405,933.595,931.15,931.435,691,1790,0
2022-08-08 03:00:00,931.435,931.825,928.65,930.425,538,1220,0
2022-08-08 04:00:00,930.425,931.025,927.925,930.725,546,1210,0
2022-08-08 05:00:00,930.725,932.725,930.44,931.325,382,1200,0
2022-08-08 06:00:00,931.325,931.325,927.66,928.625,334,1570,0
2022-08-08 07:00:00,928.625,929.025,923.125,923.925,339,1370,0
2022-08-08 08:00:00,923.925,926.925,923.0,925.325,504,1510,0
2022-08-08 09:00:00,925.325,928.325,922.44,928.225,838,1800,0
2022-08-08 10:00:00,928.225,934.425,927.24,933.625,906,1340,0
2022-08-08 11:00:00,933.625,935.235,928.96,930.525,731,430,0
2022-08-08 12:00:00,930.525,937.065,930.225,935.115,1002,460,0
2022-08-08 13:00:00,935.115,937.225,932.625,937.125,729,690,0
2022-08-08 14:00:00,937.125,942.425,937.025,942.205,990,640,0
2022-08-08 15:00:00,942.205,943.515,936.025,940.885,1071,770,0
2022-08-08 16:00:00,940.885,944.245,936.69,942.725,2812,350,0
2022-08-08 17:00:00,942.725,947.645,938.725,946.825,1970,350,0
2022-08-08 18:00:00,946.825,950.225,944.925,945.125,611,350,0
2022-08-08 19:00:00,945.125,946.325,939.395,941.335,2211,1550,0
2022-08-08 20:00:00,941.095,942.665,938.425,942.155,1753,2170,0
2022-08-08 21:00:00,942.125,942.255,939.055,940.455,1569,2240,0
2022-08-08 22:00:00,940.505,942.705,940.105,941.965,1465,2060,0
2022-08-08 23:00:00,941.975,942.575,940.17,941.18,620,2490,0
2022-08-09 01:00:00,937.99,942.745,937.98,942.335,557,2630,0
2022-08-09 02:00:00,942.265,945.025,942.165,944.355,782,2640,0
2022-08-09 03:00:00,944.345,945.745,943.215,944.295,1221,2630,0
2022-08-09 04:00:00,944.365,945.095,940.405,941.685,1480,2250,0
2022-08-09 05:00:00,941.665,942.635,937.37,940.125,1274,690,0
2022-08-09 06:00:00,940.125,942.325,939.925,941.225,181,1920,0
2022-08-09 07:00:00,941.225,941.525,939.07,941.025,171,1610,0
2022-08-09 08:00:00,941.025,941.525,937.6,941.025,220,1980,0
2022-08-09 09:00:00,941.025,941.025,937.425,940.125,797,1260,0
2022-08-09 10:00:00,940.225,940.525,935.625,938.125,808,1320,0
2022-08-09 11:00:00,938.125,942.715,936.725,940.675,1989,1860,0
2022-08-09 12:00:00,940.635,943.135,938.435,938.575,1900,1890,0
2022-08-09 13:00:00,938.515,941.935,938.025,938.595,2119,540,0
2022-08-09 14:00:00,938.555,942.025,937.855,941.495,1939,620,0
2022-08-09 15:00:00,941.495,942.425,937.285,939.335,2629,770,0
2022-08-09 16:00:00,939.345,945.595,936.985,937.795,3972,780,0
2022-08-09 17:00:00,937.795,939.995,934.295,935.145,4005,1700,0
2022-08-09 18:00:00,935.145,939.075,933.195,935.975,2259,1680,0
2022-08-09 19:00:00,935.935,938.445,934.705,936.905,1743,1210,0
2022-08-09 20:00:00,936.985,938.715,934.655,935.935,1498,1600,0
2022-08-09 21:00:00,935.985,936.635,934.065,935.725,1349,2350,0
2022-08-09 22:00:00,935.685,936.455,934.625,935.725,835,1250,0
2022-08-09 23:00:00,935.725,937.425,934.75,934.75,521,1750,0
2022-08-10 01:00:00,935.975,936.465,932.51,933.735,496,1960,0
2022-08-10 02:00:00,933.675,936.955,932.71,936.875,582,2020,0
2022-08-10 03:00:00,936.865,937.075,933.525,935.625,613,1810,0
2022-08-10 04:00:00,935.625,938.625,934.28,938.325,706,1410,0
2022-08-10 05:00:00,938.325,938.825,932.89,933.925,491,1750,0
2022-08-10 06:00:00,933.925,934.125,929.59,930.125,846,1550,0
2022-08-10 07:00:00,930.125,931.745,929.605,931.065,892,2180,0
2022-08-10 08:00:00,931.095,931.735,929.25,931.205,902,1870,0
2022-08-10 09:00:00,931.285,933.815,929.91,931.585,1387,1750,0
2022-08-10 10:00:00,931.585,934.445,928.9,930.685,1662,1240,0
2022-08-10 11:00:00,930.775,934.985,927.725,933.125,2058,1220,0
2022-08-10 12:00:00,933.175,936.295,932.415,936.235,1566,1790,0
2022-08-10 13:00:00,936.275,938.185,934.225,937.455,1319,1120,0
2022-08-10 14:00:00,937.425,937.425,932.305,934.555,2022,1420,0
2022-08-10 15:00:00,934.525,946.845,932.725,941.725,5597,350,0
2022-08-10 16:00:00,941.725,943.625,935.525,940.425,5555,350,0
2022-08-10 17:00:00,940.425,947.395,940.225,947.145,4232,680,0
2022-08-10 18:00:00,947.135,949.885,945.605,948.485,2759,660,0
2022-08-10 19:00:00,948.555,950.725,944.925,949.225,1119,1120,0
2022-08-10 20:00:00,949.325,949.725,945.6,945.825,830,490,0
2022-08-10 21:00:00,945.825,946.525,942.925,943.325,890,690,0
2022-08-10 22:00:00,943.325,943.725,941.43,943.425,588,450,0
2022-08-10 23:00:00,943.425,945.025,941.65,941.94,717,350,0
2022-08-11 01:00:00,940.64,944.525,940.64,944.525,617,1430,0
2022-08-11 02:00:00,944.515,946.205,943.74,946.035,669,1530,0
2022-08-11 03:00:00,946.045,947.315,944.34,945.46,1013,1910,0
2022-08-11 04:00:00,946.025,947.425,944.27,947.225,943,2550,0
2022-08-11 05:00:00,947.125,947.325,943.3,945.125,747,2450,0
2022-08-11 06:00:00,945.125,947.225,945.125,946.325,580,2810,0
2022-08-11 07:00:00,946.425,947.235,944.75,944.75,817,2790,0
2022-08-11 08:00:00,945.625,947.575,943.85,947.575,1139,2690,0
2022-08-11 09:00:00,947.645,954.165,947.045,952.865,1668,1610,0
2022-08-11 10:00:00,952.875,959.275,951.225,959.225,2197,1510,0
2022-08-11 11:00:00,959.165,960.285,954.015,957.905,2017,1580,0
2022-08-11 12:00:00,957.945,962.915,955.0,962.695,798,350,0
2022-08-11 13:00:00,962.465,964.985,958.115,959.555,1571,360,0
2022-08-11 14:00:00,959.505,964.105,959.035,962.865,1792,1860,0
2022-08-11 15:00:00,962.935,968.575,959.105,967.425,2178,350,0
2022-08-11 16:00:00,967.425,974.825,962.425,974.435,4300,650,0
2022-08-11 17:00:00,974.425,977.105,958.765,961.665,2779,370,0
2022-08-11 18:00:00,961.525,967.485,958.425,966.225,1727,1560,0
2022-08-11 19:00:00,966.225,970.325,960.825,961.425,1768,350,0
2022-08-11 20:00:00,961.425,961.485,958.325,960.025,1119,660,0
2022-08-11 21:00:00,960.025,960.425,956.96,959.125,676,1420,0
2022-08-11 22:00:00,959.125,960.025,957.325,958.025,730,1530,0
2022-08-11 23:00:00,958.025,959.525,957.62,957.84,491,1640,0
2022-08-12 01:00:00,953.3,959.545,953.3,958.125,560,1420,0
2022-08-12 02:00:00,958.075,958.755,954.22,955.605,824,1850,0
2022-08-12 03:00:00,955.605,956.365,953.67,955.675,840,870,0
2022-08-12 04:00:00,955.745,956.835,953.53,954.655,1361,2590,0
2022-08-12 05:00:00,954.685,957.825,954.115,957.455,1115,2600,0
2022-08-12 06:00:00,957.465,958.695,955.855,958.595,1083,2650,0
2022-08-12 07:00:00,958.585,958.865,956.2,957.545,819,2730,0
2022-08-12 08:00:00,957.565,960.385,957.195,958.215,1141,2880,0
2022-08-12 09:00:00,958.475,960.675,958.4,960.365,1858,1360,0
2022-08-12 10:00:00,960.365,962.795,958.015,960.035,1900,1420,0
2022-08-12 11:00:00,960.035,962.855,955.895,956.785,1683,1430,0
2022-08-12 12:00:00,956.705,958.015,954.355,954.625,1539,1730,0
2022-08-12 13:00:00,954.705,955.305,950.525,952.125,1930,1090,0
2022-08-12 14:00:00,951.7,954.275,948.515,951.175,2359,360,0
2022-08-12 15:00:00,951.175,956.975,946.815,956.395,2887,1270,0
2022-08-12 16:00:00,956.395,957.825,953.315,954.525,3694,350,0
2022-08-12 17:00:00,954.525,956.985,951.425,955.335,4259,430,0
2022-08-12 18:00:00,955.395,961.925,955.125,958.395,2087,350,0
2022-08-12 19:00:00,958.395,960.185,957.35,959.585,1586,920,0
2022-08-12 20:00:00,959.535,962.835,959.535,961.985,2765,350,0
2022-08-12 21:00:00,961.935,964.625,960.6,964.085,1718,1300,0
2022-08-12 22:00:00,964.035,964.725,962.41,964.235,1683,1150,0
2022-08-12 23:00:00,964.175,965.175,962.55,962.55,684,530,0
2022-08-15 01:00:00,960.62,966.635,960.59,964.635,889,1650,0
2022-08-15 02:00:00,964.635,964.635,960.85,962.475,602,1630,0
2022-08-15 03:00:00,962.475,966.225,961.04,964.185,1315,740,0
2022-08-15 04:00:00,964.135,964.635,959.275,962.135,1668,1020,0
2022-08-15 05:00:00,962.135,962.175,955.69,957.635,1525,1090,0
2022-08-15 06:00:00,957.635,958.725,955.5,958.485,794,1370,0
2022-08-15 07:00:00,958.485,958.525,953.09,955.535,513,690,0
2022-08-15 08:00:00,955.485,955.535,951.32,953.625,1202,1080,0
2022-08-15 09:00:00,954.535,955.965,951.9,953.895,2136,360,0
2022-08-15 10:00:00,953.825,954.225,948.325,948.945,2131,1660,0
2022-08-15 11:00:00,948.975,950.265,942.125,942.725,2244,440,0
2022-08-15 12:00:00,942.725,944.655,938.59,939.585,2532,740,0
2022-08-15 13:00:00,939.595,939.595,931.065,938.395,2304,1040,0
2022-08-15 14:00:00,938.395,938.425,934.025,936.885,2764,1560,0
2022-08-15 15:00:00,936.965,941.695,931.025,936.725,5082,640,0
2022-08-15 16:00:00,936.865,940.295,929.38,931.645,3728,470,0
2022-08-15 17:00:00,931.645,932.365,924.625,930.925,2129,760,0
2022-08-15 18:00:00,930.925,939.525,930.23,939.525,1055,2020,0
2022-08-15 19:00:00,939.525,939.525,935.325,937.125,991,800,0
2022-08-15 20:00:00,937.225,940.225,935.12,936.425,896,350,0
2022-08-15 21:00:00,936.425,936.825,932.125,935.525,612,460,0
2022-08-15 22:00:00,935.525,937.225,933.21,935.925,489,670,0
2022-08-15 23:00:00,935.925,936.825,933.95,934.11,447,1030,0
2022-08-16 01:00:00,929.2,936.325,928.19,933.885,572,1390,0
2022-08-16 02:00:00,933.885,934.705,931.95,933.625,613,770,0
2022-08-16 03:00:00,933.625,933.645,931.07,933.225,898,1050,0
2022-08-16 04:00:00,933.225,934.525,929.25,933.325,763,1000,0
2022-08-16 05:00:00,933.325,936.955,932.725,936.025,703,1410,0
2022-08-16 06:00:00,936.125,936.325,932.445,932.525,972,2320,0
2022-08-16 07:00:00,932.605,934.425,932.515,933.365,775,2550,0
2022-08-16 08:00:00,933.345,933.505,929.825,931.755,1179,2260,0
2022-08-16 09:00:00,931.775,933.115,928.9,930.095,1317,450,0
2022-08-16 10:00:00,930.105,930.525,925.65,928.805,1563,1290,0
2022-08-16 11:00:00,928.795,931.105,925.12,928.145,1573,1200,0
2022-08-16 12:00:00,928.135,930.255,925.49,927.835,1341,1520,0
2022-08-16 13:00:00,927.865,929.365,925.19,929.365,1468,1910,0
2022-08-16 14:00:00,929.305,930.945,927.2,930.125,1477,1520,0
2022-08-16 15:00:00,930.245,936.215,927.475,931.245,2544,1560,0
2022-08-16 16:00:00,931.315,939.445,930.83,939.405,3706,1180,0
2022-08-16 17:00:00,939.435,944.825,936.93,939.255,2352,350,0
2022-08-16 18:00:00,939.255,941.015,931.425,934.795,2767,1190,0
2022-08-16 19:00:00,934.775,936.225,929.55,935.765,1490,1840,0
2022-08-16 20:00:00,935.765,938.825,932.95,937.925,952,1610,0
2022-08-16 21:00:00,937.925,939.925,935.94,937.925,851,1580,0
2022-08-16 22:00:00,937.825,938.025,936.41,937.825,577,1640,0
2022-08-16 23:00:00,937.825,938.025,936.17,936.17,489,1500,0
2022-08-17 01:00:00,937.035,938.065,933.73,936.445,730,1550,0
2022-08-17 02:00:00,936.465,937.345,935.97,936.435,594,2040,0
2022-08-17 03:00:00,936.425,937.925,934.69,935.625,1080,2070,0
2022-08-17 04:00:00,935.625,937.015,932.16,933.545,1294,2450,0
2022-08-17 05:00:00,933.475,936.855,933.475,935.235,1217,2130,0
2022-08-17 06:00:00,935.205,935.685,932.5,934.275,888,2270,0
2022-08-17 07:00:00,934.275,937.125,933.59,936.625,683,2480,0
2022-08-17 08:00:00,936.625,940.125,935.7,939.895,1018,2810,0
2022-08-17 09:00:00,939.885,940.885,934.125,935.925,1541,2240,0
2022-08-17 10:00:00,935.895,936.735,929.82,931.825,1501,1590,0
2022-08-17 11:00:00,931.825,934.525,928.73,931.125,902,890,0
2022-08-17 12:00:00,928.94,931.325,927.85,929.565,962,900,0
2022-08-17 13:00:00,929.535,930.525,927.43,929.225,1379,1010,0
2022-08-17 14:00:00,929.225,929.725,924.64,928.225,1021,1070,0
2022-08-17 15:00:00,928.225,931.225,923.77,928.985,2949,400,0
2022-08-17 16:00:00,928.985,932.775,925.725,929.035,3947,1440,0
2022-08-17 17:00:00,929.035,934.725,927.325,929.835,2836,1780,0
2022-08-17 18:00:00,929.825,929.825,920.725,922.005,2528,1100,0
2022-08-17 19:00:00,922.055,927.665,921.505,924.425,2209,530,0
2022-08-17 20:00:00,924.425,927.425,919.5,921.125,1828,860,0
2022-08-17 21:00:00,921.425,932.815,921.425,928.775,3773,500,0
2022-08-17 22:00:00,928.735,930.085,926.525,927.885,1647,550,0
2022-08-17 23:00:00,927.845,928.125,925.4,925.5,807,1950,0
2022-08-18 01:00:00,919.02,926.325,919.02,925.415,569,2340,0
2022-08-18 02:00:00,925.345,927.135,922.305,926.595,829,2010,0
2022-08-18 03:00:00,926.565,927.625,921.435,926.525,864,1940,0
2022-08-18 04:00:00,926.505,928.125,923.97,925.425,854,1530,0
2022-08-18 05:00:00,925.425,925.625,922.46,923.725,712,850,0
2022-08-18 06:00:00,923.725,924.125,919.56,920.525,587,860,0
2022-08-18 07:00:00,920.525,922.225,919.5,921.225,406,1530,0
2022-08-18 08:00:00,921.225,923.625,919.76,920.925,583,1410,0
2022-08-18 09:00:00,920.925,921.225,916.94,918.725,782,490,0
2022-08-18 10:00:00,918.725,920.425,917.325,919.925,846,1010,0
2022-08-18 11:00:00,919.925,927.075,919.425,925.925,1457,820,0
2022-08-18 12:00:00,925.925,932.595,925.15,930.7,1613,1560,0
2022-08-18 13:00:00,932.245,935.015,928.74,930.445,1182,1210,0
2022-08-18 14:00:00,930.505,932.825,929.26,931.125,1418,1260,0
2022-08-18 15:00:00,931.125,932.115,923.785,925.935,2580,1010,0
2022-08-18 16:00:00,926.165,927.025,918.425,921.195,3238,1390,0
2022-08-18 17:00:00,921.185,921.405,916.795,919.145,2792,940,0
2022-08-18 18:00:00,919.295,921.785,916.075,916.845,2171,1190,0
2022-08-18 19:00:00,916.865,916.955,912.805,916.095,1984,350,0
2022-08-18 20:00:00,916.115,917.635,912.975,916.995,1518,700,0
2022-08-18 21:00:00,916.995,917.605,913.655,915.405,997,860,0
2022-08-18 22:00:00,915.405,917.295,914.78,915.475,952,990,0
2022-08-18 23:00:00,915.475,916.045,912.88,913.15,584,980,0
2022-08-19 01:00:00,908.64,914.765,904.745,912.275,591,1250,0
2022-08-19 02:00:00,912.275,914.695,911.605,914.085,626,1260,0
2022-08-19 03:00:00,914.025,915.035,910.575,912.075,1247,1070,0
2022-08-19 04:00:00,912.035,913.155,910.225,911.705,1302,1780,0
2022-08-19 05:00:00,911.705,914.325,911.48,914.225,868,2420,0
2022-08-19 06:00:00,914.225,914.325,911.03,911.925,702,2330,0
2022-08-19 07:00:00,911.925,911.925,909.65,910.925,614,1300,0
2022-08-19 08:00:00,910.925,912.555,909.325,912.025,898,2420,0
2022-08-19 09:00:00,912.025,912.335,909.185,909.695,1119,380,0
2022-08-19 10:00:00,909.695,909.695,904.3,906.845,1395,1310,0
2022-08-19 11:00:00,906.825,907.215,902.725,906.525,1948,640,0
2022-08-19 12:00:00,906.525,907.155,904.48,905.065,1421,1330,0
2022-08-19 13:00:00,905.115,905.115,900.235,903.035,1587,820,0
2022-08-19 14:00:00,903.055,904.145,900.925,903.525,1249,510,0
2022-08-19 15:00:00,903.525,906.105,899.19,904.445,2450,460,0
2022-08-19 16:00:00,904.515,906.005,896.875,899.865,3778,890,0
2022-08-19 17:00:00,899.865,900.965,889.355,891.115,2466,350,0
2022-08-19 18:00:00,891.115,894.055,887.965,891.775,2491,350,0
2022-08-19 19:00:00,891.695,898.085,891.625,897.135,1941,1850,0
2022-08-19 20:00:00,897.135,898.775,894.665,896.425,1437,1220,0
2022-08-19 21:00:00,896.425,897.225,893.205,893.435,985,1900,0
2022-08-19 22:00:00,893.435,897.345,892.395,896.915,1001,2670,0
2022-08-19 23:00:00,896.935,898.025,893.13,893.13,529,2970,0
2022-08-22 01:00:00,889.45,897.625,889.26,896.725,820,3670,0
2022-08-22 02:00:00,896.725,897.565,894.395,894.995,661,2470,0
2022-08-22 03:00:00,895.035,897.115,894.515,895.415,870,2380,0
2022-08-22 04:00:00,895.505,898.425,895.505,897.855,1184,2540,0
2022-08-22 05:00:00,898.015,901.135,897.925,901.135,1031,2400,0
2022-08-22 06:00:00,901.245,901.895,898.47,899.475,879,2110,0
2022-08-22 07:00:00,899.555,899.765,896.84,897.895,742,1970,0
2022-08-22 08:00:00,897.885,898.215,894.725,894.955,960,820,0
2022-08-22 09:00:00,894.955,894.955,889.39,889.495,1287,1110,0
2022-08-22 10:00:00,889.555,890.145,881.815,887.925,1905,1070,0
2022-08-22 11:00:00,887.925,890.365,883.925,887.725,1799,350,0
2022-08-22 12:00:00,887.725,888.255,882.25,887.455,1186,1690,0
2022-08-22 13:00:00,887.425,887.425,882.925,883.565,1097,2260,0
2022-08-22 14:00:00,883.535,885.915,879.005,880.125,1476,2040,0
2022-08-22 15:00:00,880.015,880.015,867.035,869.105,3301,1320,0
2022-08-22 16:00:00,869.175,876.945,866.725,871.615,3651,1080,0
2022-08-22 17:00:00,871.615,880.675,869.975,877.555,2970,390,0
2022-08-22 18:00:00,877.425,879.855,874.545,876.235,2800,350,0
2022-08-22 19:00:00,876.185,881.085,876.185,879.285,2257,730,0
2022-08-22 20:00:00,879.285,880.525,872.71,877.185,1970,350,0
2022-08-22 21:00:00,877.185,877.785,874.65,876.185,1918,490,0
2022-08-22 22:00:00,876.285,877.885,874.0,877.285,1923,550,0
2022-08-22 23:00:00,877.235,877.435,874.85,876.21,1074,780,0
2022-08-23 01:00:00,876.825,877.725,871.59,875.405,250,3010,0
2022-08-23 02:00:00,875.405,877.385,870.96,876.945,492,2620,0
2022-08-23 03:00:00,876.945,883.575,875.56,881.615,1720,960,0
2022-08-23 04:00:00,881.505,882.115,878.445,878.715,1821,2060,0
2022-08-23 05:00:00,878.595,878.745,875.45,876.665,1111,1490,0
2022-08-23 06:00:00,876.665,878.625,875.74,877.525,723,1940,0
2022-08-23 07:00:00,877.545,878.325,875.575,875.575,788,2410,0
2022-08-23 08:00:00,875.575,876.165,871.51,872.975,1225,1530,0
2022-08-23 09:00:00,873.835,873.895,870.175,871.855,1185,1480,0
2022-08-23 10:00:00,871.995,881.555,871.785,881.545,1652,350,0
2022-08-23 11:00:00,881.275,882.415,877.385,877.385,1916,530,0
2022-08-23 12:00:00,877.385,879.205,875.215,878.615,1108,2000,0
2022-08-23 13:00:00,878.615,878.615,872.625,875.695,1414,1970,0
2022-08-23 14:00:00,875.595,876.545,871.31,874.985,1692,1940,0
2022-08-23 15:00:00,874.865,874.865,867.245,868.395,2285,1960,0
2022-08-23 16:00:00,868.475,878.925,866.425,876.525,3060,1170,0
2022-08-23 17:00:00,876.525,887.175,876.525,884.325,3948,980,0
2022-08-23 18:00:00,884.325,892.005,883.025,888.885,2050,1480,0
2022-08-23 19:00:00,888.935,889.625,882.075,883.855,1426,1550,0
2022-08-23 20:00:00,883.915,885.445,881.595,882.835,1515,1770,0
2022-08-23 21:00:00,882.855,884.655,882.355,882.555,840,1730,0
2022-08-23 22:00:00,882.565,885.995,881.76,884.795,810,350,0
2022-08-23 23:00:00,884.795,884.895,882.325,882.72,496,380,0
2022-08-24 01:00:00,879.52,885.675,879.52,884.065,466,1210,0
2022-08-24 02:00:00,884.045,884.205,882.29,882.785,471,1620,0
2022-08-24 03:00:00,882.765,884.515,881.72,882.615,801,1870,0
2022-08-24 04:00:00,882.615,883.725,879.41,880.275,990,1350,0
2022-08-24 05:00:00,880.325,881.705,878.31,879.245,874,1080,0
2022-08-24 06:00:00,879.245,879.995,876.655,879.905,777,1530,0
2022-08-24 07:00:00,879.765,883.075,878.71,882.745,787,1440,0
2022-08-24 08:00:00,882.685,883.695,880.545,880.665,925,690,0
2022-08-24 09:00:00,880.795,880.875,876.325,880.045,1046,360,0
2022-08-24 10:00:00,880.215,880.215,873.805,879.525,1515,560,0
2022-08-24 11:00:00,879.615,886.055,879.105,885.855,1503,1210,0
2022-08-24 12:00:00,885.855,888.025,882.985,883.375,975,1130,0
2022-08-24 13:00:00,883.375,883.455,877.23,878.025,1106,1580,0
2022-08-24 14:00:00,878.025,881.325,874.32,877.525,871,1140,0
2022-08-24 15:00:00,877.525,878.325,870.725,875.245,2261,510,0
2022-08-24 16:00:00,875.345,876.255,870.625,872.585,2839,970,0
2022-08-24 17:00:00,872.695,879.835,868.655,877.725,3475,450,0
2022-08-24 18:00:00,877.515,881.615,874.635,879.275,2203,680,0
2022-08-24 19:00:00,879.345,881.925,877.545,878.565,1546,1310,0
2022-08-24 20:00:00,878.565,879.695,875.815,877.585,1152,910,0
2022-08-24 21:00:00,877.585,880.745,876.945,878.255,865,1740,0
2022-08-24 22:00:00,878.255,881.725,876.725,881.655,825,860,0
2022-08-24 23:00:00,881.655,881.895,877.67,877.67,573,1270,0
2022-08-25 01:00:00,873.64,880.185,873.64,877.76,457,2280,0
2022-08-25 02:00:00,877.76,879.605,877.535,877.625,495,2020,0
2022-08-25 03:00:00,877.575,880.265,876.145,879.575,818,1580,0
2022-08-25 04:00:00,879.435,885.085,877.82,882.595,1085,1090,0
2022-08-25 05:00:00,882.605,882.755,880.145,881.395,820,2130,0
2022-08-25 06:00:00,881.405,883.355,881.01,882.875,670,2560,0
2022-08-25 07:00:00,882.805,885.105,881.26,883.755,797,2370,0
2022-08-25 08:00:00,883.755,886.405,881.055,883.155,981,1930,0
2022-08-25 09:00:00,883.855,888.925,879.705,886.375,1592,1120,0
2022-08-25 10:00:00,886.315,889.075,884.25,886.325,1255,360,0
2022-08-25 11:00:00,886.225,888.075,883.06,885.925,1087,1520,0
2022-08-25 12:00:00,885.925,887.725,883.645,884.245,993,1210,0
2022-08-25 13:00:00,884.245,884.815,881.49,882.265,1054,1610,0
2022-08-25 14:00:00,882.245,885.445,881.325,882.795,1400,1400,0
2022-08-25 15:00:00,882.665,885.795,881.095,883.255,2645,1820,0
2022-08-25 16:00:00,883.275,885.635,880.465,882.175,2414,510,0
2022-08-25 17:00:00,882.125,884.825,879.345,883.025,2755,1290,0
2022-08-25 18:00:00,882.925,884.235,879.425,880.825,922,350,0
2022-08-25 19:00:00,880.925,886.535,878.23,886.315,1087,350,0
2022-08-25 20:00:00,886.315,887.575,883.125,885.585,1093,440,0
2022-08-25 21:00:00,885.585,885.795,883.35,884.385,850,510,0
2022-08-25 22:00:00,884.385,885.725,883.735,885.425,816,1460,0
2022-08-25 23:00:00,885.425,885.675,884.41,884.9,536,1860,0
2022-08-26 01:00:00,885.025,886.765,882.13,885.275,470,1310,0
2022-08-26 02:00:00,885.275,885.275,883.3,884.015,484,1150,0
2022-08-26 03:00:00,884.025,884.835,880.975,884.035,778,1030,0
2022-08-26 04:00:00,884.035,885.715,882.785,884.065,962,1600,0
2022-08-26 05:00:00,884.065,887.555,884.045,886.865,790,1130,0
2022-08-26 06:00:00,886.815,888.575,885.51,888.185,621,1260,0
2022-08-26 07:00:00,888.205,888.775,886.65,886.65,621,1950,0
2022-08-26 08:00:00,887.235,887.405,884.995,886.425,898,2060,0
2022-08-26 09:00:00,886.425,887.325,883.94,885.225,782,1330,0
2022-08-26 10:00:00,885.125,886.905,883.43,886.545,1360,450,0
2022-08-26 11:00:00,886.525,886.705,878.125,879.125,1567,350,0
2022-08-26 12:00:00,879.125,881.325,876.19,879.525,1605,350,0
2022-08-26 13:00:00,879.625,881.025,876.775,878.125,1077,350,0
2022-08-26 14:00:00,878.125,878.325,874.705,877.225,1304,350,0
2022-08-26 15:00:00,877.225,883.105,875.795,879.585,2537,1070,0
2022-08-26 16:00:00,879.585,885.185,878.425,883.625,4059,970,0
2022-08-26 17:00:00,883.625,887.795,872.495,873.975,8204,870,0
2022-08-26 18:00:00,873.975,875.975,868.555,874.095,2712,1380,0
2022-08-26 19:00:00,874.105,874.105,864.525,868.035,1930,2080,0
2022-08-26 20:00:00,868.055,868.125,864.875,866.805,1330,2270,0
2022-08-26 21:00:00,866.845,866.845,863.135,863.955,1039,1300,0
2022-08-26 22:00:00,863.955,866.975,863.825,864.655,934,1370,0
2022-08-26 23:00:00,864.655,865.405,859.1,859.27,509,2480,0
2022-08-29 01:00:00,860.31,862.185,850.315,859.495,1082,2240,0
2022-08-29 02:00:00,859.535,860.905,857.0,860.895,989,1220,0
2022-08-29 03:00:00,860.895,861.565,857.27,859.245,1668,550,0
2022-08-29 04:00:00,859.245,859.515,854.025,856.475,1714,350,0
2022-08-29 05:00:00,856.375,859.875,855.46,857.545,952,460,0
2022-08-29 06:00:00,857.555,858.885,856.38,857.805,667,930,0
2022-08-29 07:00:00,857.805,859.155,855.45,856.515,778,1160,0
2022-08-29 08:00:00,856.515,857.855,853.93,856.025,913,660,0
2022-08-29 09:00:00,856.025,856.885,853.15,854.615,1117,350,0
2022-08-29 10:00:00,854.935,857.115,850.975,853.315,1631,1130,0
2022-08-29 11:00:00,853.345,855.785,852.195,855.145,1500,1560,0
2022-08-29 12:00:00,855.135,857.355,852.42,856.125,1106,1330,0
2022-08-29 13:00:00,856.085,862.115,854.815,861.695,1534,1690,0
2022-08-29 14:00:00,861.595,862.335,858.125,862.115,1349,1390,0
2022-08-29 15:00:00,862.125,868.825,858.675,868.525,3117,880,0
2022-08-29 16:00:00,868.725,872.265,864.145,870.635,3907,510,0
2022-08-29 17:00:00,870.635,875.145,864.775,866.055,3483,1050,0
2022-08-29 18:00:00,866.085,867.735,863.325,866.225,2599,2030,0
2022-08-29 19:00:00,866.245,867.865,863.885,867.865,1444,1720,0
2022-08-29 20:00:00,867.905,868.595,865.445,867.755,1167,1780,0
2022-08-29 21:00:00,867.745,868.765,866.165,867.145,964,2050,0
2022-08-29 22:00:00,867.215,867.465,864.645,865.785,930,2270,0
2022-08-29 23:00:00,865.785,866.875,865.29,865.36,528,2430,0
2022-08-30 01:00:00,866.225,867.055,862.5,865.515,593,1880,0
2022-08-30 02:00:00,865.415,868.295,864.515,867.585,607,2970,0
2022-08-30 03:00:00,867.575,868.145,864.29,866.105,873,2480,0
2022-08-30 04:00:00,865.995,867.385,861.815,861.885,1082,2530,0
2022-08-30 05:00:00,861.905,862.185,857.815,858.935,946,2240,0
2022-08-30 06:00:00,858.935,862.205,858.095,861.895,732,970,0
2022-08-30 07:00:00,861.835,865.595,860.6,864.035,682,790,0
2022-08-30 08:00:00,864.015,864.065,861.3,863.005,840,900,0
2022-08-30 09:00:00,863.005,863.185,859.255,861.145,1134,350,0
2022-08-30 10:00:00,861.145,863.705,856.295,861.285,1802,350,0
2022-08-30 11:00:00,861.285,868.045,861.095,865.845,2040,350,0
2022-08-30 12:00:00,865.795,866.345,862.365,864.725,1295,1780,0
2022-08-30 13:00:00,864.735,867.015,861.905,864.555,1245,2080,0
2022-08-30 14:00:00,864.545,865.645,861.155,862.625,1306,710,0
2022-08-30 15:00:00,862.625,862.785,855.515,857.725,2532,960,0
2022-08-30 16:00:00,857.725,860.895,849.355,851.845,3265,1530,0
2022-08-30 17:00:00,851.895,855.085,846.775,849.525,4009,360,0
2022-08-30 18:00:00,849.505,852.235,847.315,850.545,2590,680,0
2022-08-30 19:00:00,850.495,851.635,848.855,850.355,1526,1050,0
2022-08-30 20:00:00,850.355,851.935,849.315,850.355,1333,1240,0
2022-08-30 21:00:00,850.355,851.265,848.83,850.245,1138,550,0
2022-08-30 22:00:00,850.195,852.305,849.945,850.135,1070,1380,0
2022-08-30 23:00:00,850.045,851.295,849.73,849.98,548,1990,0
2022-08-31 01:00:00,844.0,850.915,843.39,850.185,536,1780,0
2022-08-31 02:00:00,850.185,851.015,849.055,850.045,558,1550,0
2022-08-31 03:00:00,850.015,852.555,849.075,850.915,863,1830,0
2022-08-31 04:00:00,850.905,853.295,850.325,853.155,944,2210,0
2022-08-31 05:00:00,853.275,855.085,853.115,854.505,946,2100,0
2022-08-31 06:00:00,854.475,856.735,854.06,856.465,761,2130,0
2022-08-31 07:00:00,856.525,857.325,854.97,855.425,494,1970,0
2022-08-31 08:00:00,855.425,858.125,855.125,856.925,277,1630,0
2022-08-31 09:00:00,856.925,857.625,850.82,851.235,587,1570,0
2022-08-31 10:00:00,851.425,852.485,849.825,850.705,1537,1730,0
2022-08-31 11:00:00,850.675,852.745,845.205,847.215,2612,1150,0
2022-08-31 12:00:00,847.095,847.685,842.275,843.175,2269,350,0
2022-08-31 13:00:00,843.145,845.525,840.825,844.065,2097,830,0
2022-08-31 14:00:00,844.065,849.135,843.205,848.185,1778,450,0
2022-08-31 15:00:00,848.165,849.845,842.225,843.935,1657,1140,0
2022-08-31 16:00:00,843.945,852.435,843.945,849.065,4279,1280,0
2022-08-31 17:00:00,849.155,852.165,846.495,849.725,4182,1110,0
2022-08-31 18:00:00,849.625,851.225,846.625,848.655,670,350,0
2022-08-31 19:00:00,848.595,849.925,844.6,845.225,1724,350,0
2022-08-31 20:00:00,845.225,846.415,843.225,845.825,1305,670,0
2022-08-31 21:00:00,845.825,847.975,844.755,846.045,1128,1440,0
2022-08-31 22:00:00,846.095,847.705,844.79,845.045,1102,1100,0
2022-08-31 23:00:00,845.045,846.405,844.68,845.69,648,1630,0
2022-09-01 01:00:00,839.12,847.175,839.12,845.195,628,2640,0
2022-09-01 02:00:00,845.185,845.205,841.315,842.175,854,2590,0
2022-09-01 03:00:00,842.175,842.555,838.555,839.695,1065,1590,0
2022-09-01 04:00:00,839.695,841.965,838.395,840.665,1067,1820,0
2022-09-01 05:00:00,840.665,844.475,839.145,844.085,901,1650,0
2022-09-01 06:00:00,844.065,846.945,843.985,846.005,758,1540,0
2022-09-01 07:00:00,846.025,847.845,845.265,846.085,691,1670,0
2022-09-01 08:00:00,846.065,849.245,845.075,848.055,934,1230,0
2022-09-01 09:00:00,848.055,848.825,843.705,845.565,859,1010,0
2022-09-01 10:00:00,845.625,846.225,843.025,845.085,1244,1700,0
2022-09-01 11:00:00,845.145,846.995,839.335,842.325,935,1090,0
2022-09-01 12:00:00,842.325,845.325,841.35,843.315,500,350,0
2022-09-01 13:00:00,843.355,843.355,837.375,839.305,734,700,0
2022-09-01 14:00:00,839.305,844.185,837.645,840.065,1487,880,0
2022-09-01 15:00:00,840.145,840.145,832.165,836.495,4231,350,0
2022-09-01 16:00:00,836.495,838.415,828.705,829.625,3214,350,0
2022-09-01 17:00:00,829.425,832.425,820.025,825.225,4263,350,0
2022-09-01 18:00:00,825.225,831.855,824.125,831.325,2509,360,0
2022-09-01 19:00:00,831.325,832.725,826.525,828.705,850,960,0
2022-09-01 20:00:00,828.685,832.005,828.165,829.165,1389,1020,0
2022-09-01 21:00:00,829.165,831.995,828.565,828.985,1207,1210,0
2022-09-01 22:00:00,828.955,830.765,828.665,829.905,1029,1240,0
2022-09-01 23:00:00,829.905,830.545,825.94,827.51,539,1640,0
2022-09-02 01:00:00,829.325,830.225,822.29,829.695,834,1140,0
2022-09-02 02:00:00,829.665,831.455,828.805,829.865,731,2160,0
2022-09-02 03:00:00,829.875,833.125,829.675,831.625,343,1940,0
2022-09-02 04:00:00,831.625,832.725,829.425,829.725,666,1950,0
2022-09-02 05:00:00,829.825,831.175,827.125,831.035,773,1820,0
2022-09-02 06:00:00,831.045,831.905,830.635,831.055,785,2600,0
2022-09-02 07:00:00,831.005,832.525,830.345,832.405,704,2460,0
2022-09-02 08:00:00,832.405,832.715,829.855,831.075,876,2230,0
2022-09-02 09:00:00,831.045,836.045,830.125,834.235,1271,710,0
2022-09-02 10:00:00,834.235,837.105,832.055,835.795,1501,530,0
2022-09-02 11:00:00,835.795,836.625,834.02,836.025,1248,350,0
2022-09-02 12:00:00,836.025,838.045,834.025,837.025,931,1500,0
2022-09-02 13:00:00,837.025,839.625,835.525,836.925,416,1440,0
2022-09-02 14:00:00,836.925,837.735,834.675,837.005,1336,1310,0
2022-09-02 15:00:00,837.115,845.605,835.3,840.145,4160,350,0
2022-09-02 16:00:00,840.045,843.725,837.025,837.695,1981,910,0
2022-09-02 17:00:00,839.425,845.875,838.525,845.525,2450,370,0
2022-09-02 18:00:00,845.525,846.035,841.925,845.125,1785,360,0
2022-09-02 19:00:00,845.125,846.125,836.925,839.325,1680,350,0
2022-09-02 20:00:00,839.325,839.425,834.1,836.125,765,400,0
2022-09-02 21:00:00,836.125,841.425,836.025,839.325,716,490,0
2022-09-02 22:00:00,839.225,839.925,833.66,837.225,726,1210,0
2022-09-02 23:00:00,837.025,839.225,830.82,830.97,486,1890,0
2022-09-05 01:00:00,834.84,835.645,831.43,834.355,1052,1870,0
2022-09-05 02:00:00,834.355,836.615,833.54,835.275,624,1550,0
2022-09-05 03:00:00,835.275,837.925,834.825,837.005,807,820,0
2022-09-05 04:00:00,836.865,839.025,836.425,837.925,1009,1320,0
2022-09-05 05:00:00,837.925,838.525,835.91,838.025,771,1240,0
2022-09-05 06:00:00,837.925,839.265,836.51,839.265,454,1460,0
2022-09-05 07:00:00,839.305,840.425,837.91,839.425,592,2440,0
2022-09-05 08:00:00,839.425,841.485,838.5,840.265,1084,2120,0
2022-09-05 09:00:00,840.795,842.635,837.8,842.375,1319,2130,0
2022-09-05 10:00:00,842.375,844.135,840.605,843.745,1255,420,0
2022-09-05 11:00:00,843.745,845.125,841.66,844.425,1158,750,0
2022-09-05 12:00:00,844.425,848.925,842.825,848.555,1266,1930,0
2022-09-05 13:00:00,848.515,849.425,845.67,847.525,823,980,0
2022-09-05 14:00:00,847.525,848.425,845.425,847.125,659,1360,0
2022-09-05 15:00:00,847.125,851.725,846.425,849.325,1062,990,0
2022-09-05 16:00:00,849.325,850.725,846.53,847.925,1125,780,0
2022-09-05 17:00:00,847.925,850.705,846.34,849.855,1029,560,0
2022-09-05 18:00:00,849.895,850.965,848.525,849.025,884,1850,0
2022-09-05 19:00:00,849.015,849.715,848.1,849.455,658,1700,0
2022-09-05 20:00:00,849.435,849.575,848.4,848.655,324,1900,0
2022-09-05 21:00:00,848.525,848.945,847.99,847.99,156,2640,0
2022-09-06 01:00:00,848.435,851.175,844.91,850.155,582,2160,0
2022-09-06 02:00:00,850.155,851.685,849.48,850.685,498,2450,0
2022-09-06 03:00:00,850.645,857.455,849.505,856.485,1136,2210,0
2022-09-06 04:00:00,856.665,856.905,853.425,855.205,1152,2140,0
2022-09-06 05:00:00,855.245,855.875,852.6,855.875,881,1920,0
2022-09-06 06:00:00,855.855,856.315,853.225,853.715,826,2180,0
2022-09-06 07:00:00,853.725,854.825,852.255,852.295,761,2640,0
2022-09-06 08:00:00,852.365,855.155,852.175,853.135,981,2290,0
2022-09-06 09:00:00,852.965,857.375,849.045,856.555,1679,1510,0
2022-09-06 10:00:00,856.615,857.945,854.775,856.585,2001,1390,0
2022-09-06 11:00:00,856.495,856.575,849.34,850.575,2152,1680,0
2022-09-06 12:00:00,850.595,852.665,847.155,849.225,1699,1120,0
2022-09-06 13:00:00,849.225,852.625,847.425,849.105,1710,1160,0
2022-09-06 14:00:00,849.045,851.705,847.205,851.635,1524,1140,0
2022-09-06 15:00:00,851.595,852.625,848.325,851.325,2519,1840,0
2022-09-06 16:00:00,851.325,864.505,850.445,860.525,5366,350,0
2022-09-06 17:00:00,860.325,860.325,850.995,855.905,5257,1170,0
2022-09-06 18:00:00,855.935,856.745,849.385,851.795,2953,1790,0
2022-09-06 19:00:00,851.765,854.915,849.145,850.665,2439,1950,0
2022-09-06 20:00:00,850.685,852.345,848.535,851.065,1675,1950,0
2022-09-06 21:00:00,851.035,855.315,850.915,853.455,1387,1950,0
2022-09-06 22:00:00,853.495,855.155,852.715,854.455,1147,2080,0
2022-09-06 23:00:00,854.415,855.245,852.76,854.17,668,2680,0
2022-09-07 01:00:00,854.425,855.295,849.11,852.375,478,1870,0
2022-09-07 02:00:00,852.315,855.225,852.305,853.305,704,2140,0
2022-09-07 03:00:00,853.345,853.395,847.17,850.625,1189,1620,0
2022-09-07 04:00:00,850.625,851.025,847.925,850.525,1135,1640,0
2022-09-07 05:00:00,850.525,851.825,848.225,849.725,821,1360,0
2022-09-07 06:00:00,849.725,850.125,845.14,847.125,714,490,0
2022-09-07 07:00:00,847.125,847.955,843.315,847.425,1083,350,0
2022-09-07 08:00:00,847.475,850.625,847.165,850.365,1014,2430,0
2022-09-07 09:00:00,850.485,857.425,847.825,857.135,1518,2330,0
2022-09-07 10:00:00,857.165,861.565,855.015,861.115,2404,450,0
2022-09-07 11:00:00,861.115,863.895,857.135,859.835,2816,510,0
2022-09-07 12:00:00,859.825,862.335,858.56,861.025,1715,350,0
2022-09-07 13:00:00,860.975,862.515,858.37,860.195,1947,350,0
2022-09-07 14:00:00,860.245,861.005,854.815,855.155,1905,540,0
2022-09-07 15:00:00,855.155,861.205,854.125,856.725,2606,860,0
2022-09-07 16:00:00,856.725,860.525,854.225,859.725,2300,880,0
2022-09-07 17:00:00,859.725,866.725,859.225,861.545,3382,380,0
2022-09-07 18:00:00,861.485,863.225,858.155,859.225,1638,350,0
2022-09-07 19:00:00,859.125,863.025,857.325,862.225,1019,350,0
2022-09-07 20:00:00,862.225,869.725,861.525,868.305,1613,920,0
2022-09-07 21:00:00,868.395,869.575,866.925,868.285,1233,1060,0
2022-09-07 22:00:00,868.295,870.595,868.295,869.865,1045,1350,0
2022-09-07 23:00:00,869.865,871.04,869.39,870.38,572,1670,0
2022-09-08 01:00:00,865.59,871.905,865.59,870.955,576,1940,0
2022-09-08 02:00:00,870.5,871.225,867.275,867.925,658,1890,0
2022-09-08 03:00:00,867.895,869.275,864.375,864.575,1213,1410,0
2022-09-08 04:00:00,864.615,867.885,863.245,863.325,1172,2010,0
2022-09-08 05:00:00,863.275,864.605,861.735,864.545,946,1990,0
2022-09-08 06:00:00,864.545,864.925,862.08,863.525,849,2340,0
2022-09-08 07:00:00,863.525,864.925,861.77,862.825,593,2080,0
2022-09-08 08:00:00,862.825,865.725,862.49,865.325,594,2100,0
2022-09-08 09:00:00,865.555,868.925,864.525,868.695,2062,1120,0
2022-09-08 10:00:00,868.695,882.315,868.695,875.195,2827,350,0
2022-09-08 11:00:00,875.265,875.445,871.505,874.165,2201,720,0
2022-09-08 12:00:00,874.165,876.485,872.78,875.895,1684,1050,0
2022-09-08 13:00:00,875.835,880.115,873.625,878.045,1325,810,0
2022-09-08 14:00:00,878.015,881.325,875.885,876.155,1632,1070,0
2022-09-08 15:00:00,876.395,880.045,870.225,874.225,4210,880,0
2022-09-08 16:00:00,874.125,880.235,872.39,876.225,5223,710,0
2022-09-08 17:00:00,876.225,881.775,873.525,881.035,2398,500,0
2022-09-08 18:00:00,881.035,885.815,875.125,876.265,2179,1260,0
2022-09-08 19:00:00,876.255,879.025,873.425,876.325,772,1150,0
2022-09-08 20:00:00,876.125,882.725,876.125,881.425,451,980,0
2022-09-08 21:00:00,881.425,883.645,880.85,881.305,1226,1530,0
2022-09-08 22:00:00,881.345,883.235,880.38,881.815,1436,1480,0
2022-09-08 23:00:00,881.735,882.405,880.01,880.45,608,1950,0
2022-09-09 01:00:00,875.11,883.395,874.875,883.275,600,1850,0
2022-09-09 02:00:00,883.345,884.145,880.38,882.025,719,1750,0
2022-09-09 03:00:00,882.045,885.925,880.005,884.425,1108,460,0
2022-09-09 04:00:00,884.425,885.295,882.07,884.415,1067,670,0
2022-09-09 05:00:00,884.415,885.865,882.51,885.055,2951,1590,0
2022-09-09 06:00:00,885.055,885.365,880.8,884.135,2338,1430,0
2022-09-09 07:00:00,884.195,887.845,880.08,882.525,803,1160,0
2022-09-09 08:00:00,882.725,883.125,880.44,882.325,506,2280,0
2022-09-09 09:00:00,882.325,885.525,880.49,885.035,1079,750,0
2022-09-09 10:00:00,885.035,888.615,883.625,886.685,2523,1530,0
2022-09-09 11:00:00,886.625,891.105,885.525,889.405,2140,1720,0
2022-09-09 12:00:00,889.365,889.655,884.825,887.795,1832,1560,0
2022-09-09 13:00:00,887.845,890.185,885.825,886.925,1973,1460,0
2022-09-09 14:00:00,886.965,887.405,879.545,881.005,1779,1680,0
2022-09-09 15:00:00,881.025,885.405,879.515,879.915,3061,1940,0
2022-09-09 16:00:00,879.915,881.075,874.355,880.625,3580,1530,0
2022-09-09 17:00:00,880.625,885.205,879.625,883.435,3291,1050,0
2022-09-09 18:00:00,883.435,885.405,880.705,884.125,2083,1390,0
2022-09-09 19:00:00,884.165,887.575,881.325,886.535,1854,520,0
2022-09-09 20:00:00,886.555,886.815,882.905,883.585,1256,1950,0
2022-09-09 21:00:00,883.485,883.605,881.18,882.955,951,2020,0
2022-09-09 22:00:00,882.955,883.395,881.04,882.005,988,2120,0
2022-09-09 23:00:00,882.005,882.195,880.29,880.54,566,2180,0
2022-09-12 01:00:00,877.58,885.525,877.58,883.925,1146,2620,0
2022-09-12 02:00:00,883.925,884.035,881.43,881.745,575,2100,0
2022-09-12 03:00:00,881.745,883.565,880.235,880.235,1034,1910,0
2022-09-12 04:00:00,880.085,883.055,878.6,882.305,1102,1680,0
2022-09-12 05:00:00,882.305,882.305,876.195,876.945,1265,1840,0
2022-09-12 06:00:00,876.885,877.815,875.295,877.455,1063,1810,0
2022-09-12 07:00:00,877.455,877.565,875.235,876.095,1047,1890,0
2022-09-12 08:00:00,876.095,878.955,875.575,878.555,1025,2140,0
2022-09-12 09:00:00,879.525,888.885,877.44,888.845,1616,630,0
2022-09-12 10:00:00,888.705,896.505,888.295,893.105,3803,540,0
2022-09-12 11:00:00,893.105,895.955,889.795,891.335,3023,350,0
2022-09-12 12:00:00,891.325,894.245,889.005,889.605,2169,1840,0
2022-09-12 13:00:00,889.525,892.675,889.005,890.535,2114,1740,0
2022-09-12 14:00:00,890.605,894.495,889.465,892.875,2320,890,0
2022-09-12 15:00:00,892.895,900.855,892.775,899.805,3946,350,0
2022-09-12 16:00:00,899.805,904.755,897.525,901.715,5522,350,0
2022-09-12 17:00:00,901.445,903.205,898.685,899.925,2392,1070,0
2022-09-12 18:00:00,899.925,907.405,899.625,906.955,2442,1030,0
2022-09-12 19:00:00,906.955,910.205,906.355,909.125,2390,350,0
2022-09-12 20:00:00,909.125,909.835,905.325,906.425,867,940,0
2022-09-12 21:00:00,906.325,906.725,903.625,905.525,689,1000,0
2022-09-12 22:00:00,905.525,907.725,904.525,906.985,324,1160,0
2022-09-12 23:00:00,906.725,908.015,906.5,907.37,581,1810,0
2022-09-13 01:00:00,904.85,908.72,904.85,907.035,633,2000,0
2022-09-13 02:00:00,907.045,910.015,905.825,906.205,737,1890,0
2022-09-13 03:00:00,906.185,909.345,904.795,904.845,1147,1940,0
2022-09-13 04:00:00,904.995,906.985,900.845,904.775,2119,2490,0
2022-09-13 05:00:00,904.695,904.695,901.365,903.695,1127,2430,0
2022-09-13 06:00:00,903.575,904.725,901.405,902.095,867,2520,0
2022-09-13 07:00:00,902.065,903.645,900.995,902.395,770,2390,0
2022-09-13 08:00:00,902.395,904.115,901.105,902.665,1031,1980,0
2022-09-13 09:00:00,902.665,908.155,902.665,906.565,1349,840,0
2022-09-13 10:00:00,906.325,909.595,904.825,909.545,2323,410,0
2022-09-13 11:00:00,909.545,912.525,907.875,911.375,2170,1040,0
2022-09-13 12:00:00,911.805,912.285,908.315,908.725,1591,800,0
2022-09-13 13:00:00,908.725,913.345,908.725,913.285,1575,1620,0
2022-09-13 14:00:00,913.265,915.765,911.425,913.955,2187,1400,0
2022-09-13 15:00:00,913.975,918.835,895.765,896.925,7514,350,0
2022-09-13 16:00:00,897.035,907.325,892.475,904.125,6399,350,0
2022-09-13 17:00:00,904.125,905.925,898.625,902.225,3225,350,0
2022-09-13 18:00:00,902.225,904.145,889.125,889.325,3316,1530,0
2022-09-13 19:00:00,889.445,890.455,884.725,886.725,1242,540,0
2022-09-13 20:00:00,886.725,893.705,886.425,889.125,2143,350,0
2022-09-13 21:00:00,889.125,890.705,883.305,883.455,2117,350,0
2022-09-13 22:00:00,883.405,883.555,878.905,881.745,1395,370,0
2022-09-13 23:00:00,881.765,883.295,881.025,882.83,820,700,0
2022-09-14 01:00:00,877.24,883.475,876.445,882.005,918,2240,0
2022-09-14 02:00:00,882.035,884.185,880.005,882.695,786,2630,0
2022-09-14 03:00:00,882.725,885.155,880.555,882.925,1266,2270,0
2022-09-14 04:00:00,882.925,885.405,881.765,885.315,1292,2730,0
2022-09-14 05:00:00,885.335,886.985,884.375,884.995,1095,2340,0
2022-09-14 06:00:00,884.935,885.795,883.285,884.175,882,2320,0
2022-09-14 07:00:00,884.025,885.115,882.075,884.625,1005,2550,0
2022-09-14 08:00:00,884.555,886.535,883.505,884.325,1044,2750,0
2022-09-14 09:00:00,884.325,887.855,882.715,884.615,1302,1660,0
2022-09-14 10:00:00,884.685,893.655,884.615,893.615,2174,1290,0
2022-09-14 11:00:00,893.625,897.375,892.805,896.795,2675,1200,0
2022-09-14 12:00:00,896.795,899.985,895.095,896.815,2181,1230,0
2022-09-14 13:00:00,896.835,902.905,896.375,900.315,1923,960,0
2022-09-14 14:00:00,900.335,902.115,894.575,894.575,1904,360,0
2022-09-14 15:00:00,894.575,908.005,894.315,905.945,4710,800,0
2022-09-14 16:00:00,905.895,911.885,901.955,910.595,4343,450,0
2022-09-14 17:00:00,910.535,912.885,905.425,912.155,4265,380,0
2022-09-14 18:00:00,911.985,915.015,907.345,913.165,2910,470,0
2022-09-14 19:00:00,913.235,914.765,909.295,910.115,2466,1570,0
2022-09-14 20:00:00,910.055,910.885,906.015,906.135,2067,1270,0
2022-09-14 21:00:00,906.235,909.055,904.895,904.895,2272,1720,0
2022-09-14 22:00:00,904.885,908.215,903.965,907.725,2936,210,0
2022-09-14 23:00:00,907.645,909.165,907.235,908.18,1037,1080,0
2022-09-15 01:00:00,908.615,909.315,904.03,908.685,639,1830,0
2022-09-15 02:00:00,908.49,910.795,907.145,908.355,807,2130,0
2022-09-15 03:00:00,908.375,908.575,905.135,906.795,990,2140,0
2022-09-15 04:00:00,906.915,909.835,905.055,909.555,1235,2130,0
2022-09-15 05:00:00,909.455,909.695,905.265,906.175,1022,2170,0
2022-09-15 06:00:00,906.085,906.085,902.655,903.935,962,2530,0
2022-09-15 07:00:00,903.965,905.375,902.105,903.045,796,2200,0
2022-09-15 08:00:00,903.065,903.395,901.215,901.565,1145,2000,0
2022-09-15 09:00:00,902.255,903.765,901.365,903.105,1536,1550,0
2022-09-15 10:00:00,903.005,911.125,902.165,910.875,1677,1240,0
2022-09-15 11:00:00,910.815,911.505,906.195,908.505,1876,970,0
2022-09-15 12:00:00,908.475,909.885,907.845,908.735,1741,910,0
2022-09-15 13:00:00,908.705,909.865,902.155,906.005,2255,1020,0
2022-09-15 14:00:00,906.065,913.905,905.355,913.035,1937,1380,0
2022-09-15 15:00:00,913.035,918.725,910.835,916.615,6018,600,0
2022-09-15 16:00:00,916.535,922.115,911.965,921.755,6021,440,0
2022-09-15 17:00:00,921.755,923.445,905.925,908.215,5081,350,0
2022-09-15 18:00:00,908.185,911.425,906.125,908.425,1625,350,0
2022-09-15 19:00:00,908.425,909.825,904.925,906.825,1154,360,0
2022-09-15 20:00:00,906.825,909.125,906.525,908.725,672,1090,0
2022-09-15 21:00:00,908.725,908.925,906.025,906.125,716,1070,0
2022-09-15 22:00:00,906.225,908.025,905.425,906.425,442,1040,0
2022-09-15 23:00:00,906.425,907.925,905.03,905.48,284,1500,0
2022-09-16 01:00:00,905.825,905.825,901.35,902.665,644,2340,0
2022-09-16 02:00:00,902.695,904.655,902.005,904.035,688,2180,0
2022-09-16 03:00:00,904.065,905.505,902.315,903.785,756,1840,0
2022-09-16 04:00:00,903.885,907.395,903.245,903.845,1262,2420,0
2022-09-16 05:00:00,903.755,905.735,902.465,903.985,1159,2580,0
2022-09-16 06:00:00,903.955,905.505,902.17,905.165,968,2420,0
2022-09-16 07:00:00,905.045,905.985,903.795,903.865,784,2550,0
2022-09-16 08:00:00,903.885,904.365,901.66,902.325,1044,2350,0
2022-09-16 09:00:00,902.325,903.755,893.635,895.925,1438,1190,0
2022-09-16 10:00:00,895.925,899.025,888.845,891.425,1499,1240,0
2022-09-16 11:00:00,891.425,893.805,887.53,889.555,2232,1880,0
2022-09-16 12:00:00,889.525,894.725,889.355,890.675,2112,1800,0
2022-09-16 13:00:00,890.505,894.165,887.14,892.725,1801,1450,0
2022-09-16 14:00:00,892.725,893.535,885.72,890.53,1988,350,0
2022-09-16 15:00:00,890.125,895.155,886.325,891.605,2691,950,0
2022-09-16 16:00:00,891.665,894.935,889.365,893.615,4013,1030,0
2022-09-16 17:00:00,893.615,904.115,891.645,900.835,6518,490,0
2022-09-16 18:00:00,900.745,905.845,900.295,904.925,3039,350,0
2022-09-16 19:00:00,904.845,906.665,901.735,903.025,2118,920,0
2022-09-16 20:00:00,902.925,907.215,902.525,904.265,1451,1950,0
2022-09-16 21:00:00,904.305,908.455,904.305,908.055,1090,1150,0
2022-09-16 22:00:00,908.055,909.905,906.625,908.025,1196,2290,0
2022-09-16 23:00:00,908.025,908.825,901.44,901.6,448,2720,0
2022-09-19 01:00:00,904.78,909.525,903.025,909.155,1073,2030,0
2022-09-19 02:00:00,909.175,911.815,908.925,910.335,902,2080,0
2022-09-19 03:00:00,910.335,912.925,907.615,909.935,1178,2150,0
2022-09-19 04:00:00,909.935,910.865,906.125,906.125,1154,2040,0
2022-09-19 05:00:00,906.125,906.825,903.63,906.325,781,740,0
2022-09-19 06:00:00,906.325,906.325,902.47,904.725,374,680,0
2022-09-19 07:00:00,904.525,906.325,903.28,905.425,463,430,0
2022-09-19 08:00:00,905.425,907.825,904.325,904.425,625,840,0
2022-09-19 09:00:00,904.325,904.525,900.425,903.925,714,1060,0
2022-09-19 10:00:00,904.025,904.325,897.425,902.325,1003,1570,0
2022-09-19 11:00:00,902.225,905.825,899.63,904.625,502,1280,0
2022-09-19 12:00:00,904.625,909.125,904.025,908.825,562,1810,0
2022-09-19 13:00:00,908.825,910.805,905.925,910.225,746,350,0
2022-09-19 14:00:00,910.225,911.825,905.625,905.915,1209,350,0
2022-09-19 15:00:00,906.205,911.385,905.055,906.475,3025,1730,0
2022-09-19 16:00:00,906.485,911.345,904.805,907.625,3568,1340,0
2022-09-19 17:00:00,907.625,919.925,907.305,916.325,2817,350,0
2022-09-19 18:00:00,916.325,924.515,915.395,917.025,1975,680,0
2022-09-19 19:00:00,917.025,922.365,916.825,921.245,1386,1430,0
2022-09-19 20:00:00,921.325,921.575,916.595,918.825,1483,1950,0
2022-09-19 21:00:00,918.825,921.655,918.225,920.805,2311,1950,0
2022-09-19 22:00:00,920.945,923.445,920.225,921.175,2735,1400,0
2022-09-19 23:00:00,921.225,923.075,920.54,920.93,826,1370,0
2022-09-20 01:00:00,918.33,924.31,918.33,922.345,977,1650,0
2022-09-20 02:00:00,922.66,924.0,919.865,920.045,968,1620,0
2022-09-20 03:00:00,920.055,925.525,919.895,921.425,1191,1740,0
2022-09-20 04:00:00,921.425,923.225,920.725,921.925,905,1860,0
2022-09-20 05:00:00,922.025,925.625,921.825,923.625,572,1250,0
2022-09-20 06:00:00,923.625,923.925,921.69,922.005,563,1260,0
2022-09-20 07:00:00,922.005,922.415,919.84,920.345,669,1030,0
2022-09-20 08:00:00,920.415,920.415,917.925,918.665,936,920,0
2022-09-20 09:00:00,918.745,922.495,918.255,921.535,1128,1930,0
2022-09-20 10:00:00,921.445,929.805,921.325,923.425,2183,780,0
2022-09-20 11:00:00,923.375,925.695,918.915,922.385,2505,350,0
2022-09-20 12:00:00,922.435,923.965,918.165,920.745,1862,1010,0
2022-09-20 13:00:00,920.795,926.835,919.655,924.155,1963,350,0
2022-09-20 14:00:00,924.155,927.575,923.885,926.645,2607,1680,0
2022-09-20 15:00:00,926.635,931.125,926.415,930.585,3036,350,0
2022-09-20 16:00:00,930.465,932.215,917.305,919.675,5682,950,0
2022-09-20 17:00:00,919.675,925.965,917.415,925.015,4730,710,0
2022-09-20 18:00:00,924.985,927.645,923.025,925.105,2520,350,0
2022-09-20 19:00:00,925.195,925.925,920.94,922.425,1035,890,0
2022-09-20 20:00:00,922.425,923.425,919.01,921.825,861,650,0
2022-09-20 21:00:00,921.825,924.025,920.95,923.325,754,670,0
2022-09-20 22:00:00,923.425,925.325,921.82,923.735,1347,350,0
2022-09-20 23:00:00,923.735,925.025,920.08,920.55,471,350,0
2022-09-21 01:00:00,922.725,923.455,919.15,921.175,546,1160,0
2022-09-21 02:00:00,921.225,924.585,919.86,924.125,548,1490,0
2022-09-21 03:00:00,924.075,927.995,923.025,925.625,987,350,0
2022-09-21 04:00:00,925.625,930.025,924.95,929.625,759,350,0
2022-09-21 05:00:00,929.625,931.525,926.83,928.525,894,370,0
2022-09-21 06:00:00,928.525,929.225,925.915,926.855,945,1950,0
2022-09-21 07:00:00,926.965,927.125,924.245,924.435,956,2390,0
2022-09-21 08:00:00,924.465,929.185,923.835,927.955,1160,1750,0
2022-09-21 09:00:00,927.995,934.605,927.715,934.545,4534,420,0
2022-09-21 10:00:00,934.415,937.615,926.575,927.595,2728,1930,0
2022-09-21 11:00:00,927.425,932.705,925.635,932.385,2501,1810,0
2022-09-21 12:00:00,932.375,935.925,929.3,934.625,1263,1040,0
2022-09-21 13:00:00,934.625,938.055,934.03,936.225,1332,480,0
2022-09-21 14:00:00,936.225,938.435,931.875,933.485,1624,1140,0
2022-09-21 15:00:00,933.485,936.995,927.525,928.425,2502,360,0
2022-09-21 16:00:00,928.325,928.925,917.485,917.665,3445,560,0
2022-09-21 17:00:00,917.725,918.825,912.105,914.065,5744,870,0
2022-09-21 18:00:00,914.375,919.255,912.855,917.565,2602,1630,0
2022-09-21 19:00:00,917.625,917.675,913.845,914.305,2226,1740,0
2022-09-21 20:00:00,914.345,918.995,910.195,911.225,1423,1820,0
2022-09-21 21:00:00,911.225,922.175,906.825,916.805,7311,1620,0
2022-09-21 22:00:00,916.805,919.025,910.725,911.125,6041,1780,0
2022-09-21 23:00:00,911.125,911.125,908.225,908.88,1008,2300,0
2022-09-22 01:00:00,908.025,910.865,906.0,909.235,1635,2800,0
2022-09-22 02:00:00,909.225,909.24,901.955,905.605,1168,3030,0
2022-09-22 03:00:00,905.615,906.255,901.225,901.415,2153,1560,0
2022-09-22 04:00:00,901.415,905.625,899.825,904.325,1871,1620,0
2022-09-22 05:00:00,904.325,908.125,903.825,907.325,656,1430,0
2022-09-22 06:00:00,907.325,907.725,903.995,904.025,980,2200,0
2022-09-22 07:00:00,904.035,905.375,902.945,903.425,991,2350,0
2022-09-22 08:00:00,903.365,907.765,902.905,905.475,1029,2180,0
2022-09-22 09:00:00,905.425,906.995,899.455,900.315,1459,2130,0
2022-09-22 10:00:00,900.175,900.325,894.465,898.225,1934,950,0
2022-09-22 11:00:00,898.225,914.325,896.925,906.425,2845,550,0
2022-09-22 12:00:00,906.225,908.995,900.565,901.475,2025,760,0
2022-09-22 13:00:00,901.475,908.835,898.05,907.955,2513,450,0
2022-09-22 14:00:00,907.955,911.845,902.645,910.425,3676,1170,0
2022-09-22 15:00:00,910.455,914.765,908.925,911.715,5156,1350,0
2022-09-22 16:00:00,911.825,915.135,906.985,912.055,6101,1600,0
2022-09-22 17:00:00,912.025,917.035,908.325,909.225,3955,570,0
2022-09-22 18:00:00,909.225,910.225,904.805,907.035,2955,360,0
2022-09-22 19:00:00,906.925,909.86,906.115,906.805,1647,350,0
2022-09-22 20:00:00,906.805,909.055,904.935,905.225,1470,350,0
2022-09-22 21:00:00,905.155,906.135,902.025,903.485,1254,490,0
2022-09-22 22:00:00,903.515,905.805,903.445,904.535,1193,350,0
2022-09-22 23:00:00,904.535,905.445,900.925,904.18,600,350,0
2022-09-23 01:00:00,897.16,904.805,896.955,903.725,715,1490,0
2022-09-23 02:00:00,903.725,905.305,899.105,903.865,689,1790,0
2022-09-23 03:00:00,903.885,907.185,903.41,906.195,1086,1220,0
2022-09-23 04:00:00,906.155,907.715,902.935,904.405,1145,2430,0
2022-09-23 05:00:00,904.385,904.385,901.025,901.265,867,1980,0
2022-09-23 06:00:00,901.165,901.425,899.125,899.925,597,1660,0
2022-09-23 07:00:00,899.925,900.225,894.0,896.225,590,810,0
2022-09-23 08:00:00,896.225,899.725,895.78,899.225,402,1290,0
2022-09-23 09:00:00,899.225,901.125,896.125,896.465,1026,1100,0
2022-09-23 10:00:00,896.445,896.855,890.185,891.985,2188,380,0
2022-09-23 11:00:00,891.885,892.745,883.065,884.615,2800,1420,0
2022-09-23 12:00:00,884.565,886.475,880.745,886.265,2977,1640,0
2022-09-23 13:00:00,886.245,886.445,876.945,878.465,3352,980,0
2022-09-23 14:00:00,878.465,884.995,876.705,880.035,4616,350,0
2022-09-23 15:00:00,880.035,880.035,870.125,873.255,4749,520,0
2022-09-23 16:00:00,873.255,877.575,864.995,866.835,5300,360,0
2022-09-23 17:00:00,866.835,875.465,860.625,860.925,4027,350,0
2022-09-23 18:00:00,860.925,867.775,859.125,862.325,3230,1280,0
2022-09-23 19:00:00,862.325,865.955,857.685,863.645,2623,1610,0
2022-09-23 20:00:00,863.705,865.755,860.325,860.625,1161,700,0
2022-09-23 21:00:00,860.625,862.225,857.525,858.825,945,1310,0
2022-09-23 22:00:00,858.925,862.835,858.825,859.225,1481,1690,0
2022-09-23 23:00:00,859.225,860.295,855.29,857.72,413,1450,0
2022-09-26 01:00:00,850.73,858.195,848.725,857.575,1260,2840,0
2022-09-26 02:00:00,857.545,869.625,854.835,869.625,903,350,0
2022-09-26 03:00:00,869.625,872.025,856.835,861.025,2263,350,0
2022-09-26 04:00:00,861.125,867.625,857.595,867.025,1532,480,0
2022-09-26 05:00:00,867.025,871.225,866.125,866.425,504,1030,0
2022-09-26 06:00:00,866.425,866.525,862.265,863.425,1463,1570,0
2022-09-26 07:00:00,863.425,864.435,861.36,861.825,723,500,0
2022-09-26 08:00:00,861.725,863.925,859.525,862.025,601,530,0
2022-09-26 09:00:00,862.025,865.125,858.575,858.825,893,950,0
2022-09-26 10:00:00,858.825,864.355,857.025,859.905,3085,1940,0
2022-09-26 11:00:00,859.975,862.085,857.975,861.705,2887,1590,0
2022-09-26 12:00:00,861.705,862.665,853.915,854.205,2711,560,0
2022-09-26 13:00:00,854.415,855.945,851.325,852.025,2200,1090,0
2022-09-26 14:00:00,852.125,854.725,851.925,853.425,1920,980,0
2022-09-26 15:00:00,853.335,865.565,853.335,861.995,4544,1180,0
2022-09-26 16:00:00,862.085,868.325,860.415,865.805,4001,1100,0
2022-09-26 17:00:00,865.225,869.015,863.325,867.415,4475,1130,0
2022-09-26 18:00:00,867.345,867.345,857.125,858.125,2145,1140,0
2022-09-26 19:00:00,858.125,858.525,853.225,856.825,1567,810,0
2022-09-26 20:00:00,856.925,857.025,852.325,853.525,1186,350,0
2022-09-26 21:00:00,853.425,855.525,852.025,854.425,575,420,0
2022-09-26 22:00:00,854.425,855.925,852.025,852.125,1202,2140,0
2022-09-26 23:00:00,852.325,852.635,850.49,850.52,380,1640,0
2022-09-27 01:00:00,848.71,852.64,848.32,851.975,1071,3000,0
2022-09-27 02:00:00,851.925,854.675,851.425,854.035,862,2320,0
2022-09-27 03:00:00,854.035,859.025,853.905,858.525,912,660,0
2022-09-27 04:00:00,858.625,860.425,856.125,857.725,1082,1400,0
2022-09-27 05:00:00,857.725,858.125,854.67,856.025,609,1380,0
2022-09-27 06:00:00,856.025,857.625,853.85,856.925,318,1230,0
2022-09-27 07:00:00,856.925,858.725,856.28,857.075,482,2190,0
2022-09-27 08:00:00,857.075,861.245,856.115,860.965,1098,2320,0
2022-09-27 09:00:00,860.965,863.495,858.145,860.225,1325,720,0
2022-09-27 10:00:00,860.325,866.155,860.025,862.925,1744,720,0
2022-09-27 11:00:00,862.865,863.385,858.835,862.025,2426,650,0
2022-09-27 12:00:00,862.025,863.025,856.29,858.325,1197,440,0
2022-09-27 13:00:00,858.225,863.075,857.425,861.725,1609,350,0
2022-09-27 14:00:00,861.325,866.335,860.625,862.125,2274,350,0
2022-09-27 15:00:00,862.125,862.605,855.935,857.885,4058,1460,0
2022-09-27 16:00:00,858.095,866.055,856.555,863.345,5470,560,0
2022-09-27 17:00:00,863.345,863.345,856.145,861.665,4689,1910,0
2022-09-27 18:00:00,861.485,861.795,854.345,855.575,3276,810,0
2022-09-27 19:00:00,855.555,855.555,848.325,850.525,1903,790,0
2022-09-27 20:00:00,850.425,850.925,848.625,850.525,1560,850,0
2022-09-27 21:00:00,850.525,854.595,849.525,854.495,1406,560,0
2022-09-27 22:00:00,854.495,854.615,849.635,850.405,1535,530,0
2022-09-27 23:00:00,850.425,852.265,849.905,850.71,671,810,0
2022-09-28 01:00:00,851.085,851.515,843.62,849.805,678,1390,0
2022-09-28 02:00:00,849.805,851.415,846.24,850.115,741,2430,0
2022-09-28 03:00:00,850.095,852.865,849.795,850.915,1136,2230,0
2022-09-28 04:00:00,850.915,851.955,845.065,845.755,1469,1220,0
2022-09-28 05:00:00,845.755,846.695,843.165,843.665,1293,1610,0
2022-09-28 06:00:00,843.835,847.205,843.225,845.325,954,360,0
2022-09-28 07:00:00,845.325,846.365,843.55,844.295,958,1810,0
2022-09-28 08:00:00,844.305,845.265,840.47,841.825,1302,2030,0
2022-09-28 09:00:00,841.825,842.385,837.555,837.855,1659,650,0
2022-09-28 10:00:00,838.005,843.885,837.535,841.715,2354,1390,0
2022-09-28 11:00:00,841.775,845.585,838.525,841.935,2425,350,0
2022-09-28 12:00:00,841.935,842.795,837.555,839.605,1977,590,0
2022-09-28 13:00:00,839.575,852.315,838.715,846.355,5044,1540,0
2022-09-28 14:00:00,846.245,846.245,840.185,841.655,3727,910,0
2022-09-28 15:00:00,841.615,852.495,839.795,850.845,6562,360,0
2022-09-28 16:00:00,850.855,858.065,848.025,853.605,3912,350,0
2022-09-28 17:00:00,853.575,858.305,851.365,853.055,5991,1190,0
2022-09-28 18:00:00,853.045,862.485,850.105,860.645,2998,980,0
2022-09-28 19:00:00,860.675,867.085,858.345,863.925,2905,350,0
2022-09-28 20:00:00,863.925,866.625,863.025,864.145,1151,1090,0
2022-09-28 21:00:00,864.145,868.355,863.525,867.625,1736,1030,0
2022-09-28 22:00:00,867.625,868.705,864.605,865.535,1815,1420,0
2022-09-28 23:00:00,866.335,868.025,863.36,863.55,444,1000,0
2022-09-29 01:00:00,866.925,866.925,863.965,864.725,902,2000,0
2022-09-29 02:00:00,864.0,865.405,860.745,861.365,664,2060,0
2022-09-29 03:00:00,861.355,863.545,861.015,862.225,785,1330,0
2022-09-29 04:00:00,862.125,863.775,860.325,860.525,1044,2460,0
2022-09-29 05:00:00,860.525,860.845,857.685,858.625,1166,2590,0
2022-09-29 06:00:00,858.595,858.925,856.88,858.525,388,1910,0
2022-09-29 07:00:00,858.525,859.425,857.55,858.255,521,1970,0
2022-09-29 08:00:00,858.245,858.525,845.425,847.015,1360,2180,0
2022-09-29 09:00:00,846.845,850.925,845.325,849.725,1630,1130,0
2022-09-29 10:00:00,849.725,853.055,847.725,849.675,2811,350,0
2022-09-29 11:00:00,849.695,854.595,848.025,853.725,1912,850,0
2022-09-29 12:00:00,853.695,860.985,853.485,860.985,1721,1340,0
2022-09-29 13:00:00,860.985,867.525,860.525,865.335,1095,1770,0
2022-09-29 14:00:00,865.365,871.915,864.525,868.325,2666,1570,0
2022-09-29 15:00:00,868.325,872.935,860.725,862.725,4188,1610,0
2022-09-29 16:00:00,862.835,872.695,862.605,864.495,5447,780,0
2022-09-29 17:00:00,864.595,867.125,857.225,866.325,2054,560,0
2022-09-29 18:00:00,866.325,872.575,866.325,870.295,2846,790,0
2022-09-29 19:00:00,870.205,873.165,865.295,865.545,2291,1600,0
2022-09-29 20:00:00,865.545,866.865,861.555,861.735,1835,1430,0
2022-09-29 21:00:00,861.735,864.035,860.085,862.925,1361,1670,0
2022-09-29 22:00:00,862.915,867.605,862.795,866.755,1399,1750,0
2022-09-29 23:00:00,866.665,867.195,865.23,865.86,712,1820,0
2022-09-30 01:00:00,857.51,869.775,857.51,867.885,756,2350,0
2022-09-30 02:00:00,867.915,871.215,867.805,870.235,806,2120,0
2022-09-30 03:00:00,870.215,870.575,867.645,869.225,1049,1770,0
2022-09-30 04:00:00,869.225,869.455,866.11,867.575,1030,2490,0
2022-09-30 05:00:00,867.565,868.145,864.085,866.425,855,2670,0
2022-09-30 06:00:00,866.455,867.635,865.62,866.175,816,2820,0
2022-09-30 07:00:00,866.145,867.195,864.945,866.525,666,2730,0
2022-09-30 08:00:00,866.525,870.965,866.125,870.525,1076,2190,0
2022-09-30 09:00:00,870.555,873.265,867.075,872.635,1387,2170,0
2022-09-30 10:00:00,872.815,878.425,872.675,877.825,1231,1330,0
2022-09-30 11:00:00,877.725,880.225,876.16,879.225,657,820,0
2022-09-30 12:00:00,879.125,879.625,873.225,873.225,753,530,0
2022-09-30 13:00:00,873.225,874.025,866.21,868.125,1029,380,0
2022-09-30 14:00:00,868.225,868.425,860.725,860.825,1050,350,0
2022-09-30 15:00:00,860.725,866.325,857.925,863.725,1319,420,0
2022-09-30 16:00:00,863.725,873.575,858.725,870.545,2023,810,0
2022-09-30 17:00:00,870.585,874.085,864.825,865.565,5778,430,0
2022-09-30 18:00:00,865.565,872.275,865.235,867.665,2781,2000,0
2022-09-30 19:00:00,867.665,867.665,863.545,866.095,2018,1510,0
2022-09-30 20:00:00,866.075,867.435,863.005,863.175,1447,1450,0
2022-09-30 21:00:00,863.305,865.655,862.135,862.185,1166,2390,0
2022-09-30 22:00:00,862.205,863.835,860.765,862.025,1188,2680,0
2022-09-30 23:00:00,862.025,862.825,856.85,856.89,469,3640,0
2022-10-03 01:00:00,857.48,868.105,855.95,865.225,1314,2320,0
2022-10-03 02:00:00,865.135,866.915,863.175,865.655,1179,2080,0
2022-10-03 03:00:00,865.825,865.945,861.125,864.015,1279,2160,0
2022-10-03 04:00:00,863.935,868.875,863.545,868.375,1203,2070,0
2022-10-03 05:00:00,868.305,868.605,863.945,863.945,1005,2020,0
2022-10-03 06:00:00,863.955,865.665,863.955,864.985,845,2110,0
2022-10-03 07:00:00,865.045,865.475,863.045,863.205,894,1840,0
2022-10-03 08:00:00,863.205,868.995,860.825,867.285,1323,1720,0
2022-10-03 09:00:00,867.315,868.415,861.555,864.185,1308,1890,0
2022-10-03 10:00:00,864.185,867.835,861.925,866.785,2346,1440,0
2022-10-03 11:00:00,866.735,869.045,863.985,867.225,2802,1270,0
2022-10-03 12:00:00,867.465,867.615,863.025,865.485,2302,1890,0
2022-10-03 13:00:00,865.515,868.035,862.325,866.78,2091,1630,0
2022-10-03 14:00:00,867.535,870.415,866.045,870.265,2131,1510,0
2022-10-03 15:00:00,870.205,883.525,869.225,879.925,2552,1110,0
2022-10-03 16:00:00,879.925,893.745,879.925,888.065,5314,350,0
2022-10-03 17:00:00,888.255,900.515,888.045,898.025,6680,350,0
2022-10-03 18:00:00,898.025,900.445,896.595,897.415,4077,1740,0
2022-10-03 19:00:00,897.405,902.495,896.325,900.915,3018,1850,0
2022-10-03 20:00:00,900.675,903.255,899.885,901.865,2661,1610,0
2022-10-03 21:00:00,901.935,906.165,901.475,905.355,1911,1600,0
2022-10-03 22:00:00,905.405,905.495,903.035,904.565,1558,1780,0
2022-10-03 23:00:00,904.345,904.765,901.845,903.0,840,1900,0
2022-10-04 01:00:00,899.625,905.765,899.625,905.255,732,2200,0
2022-10-04 02:00:00,905.295,907.815,903.275,905.325,880,1780,0
2022-10-04 03:00:00,905.505,905.895,900.205,903.235,1111,2040,0
2022-10-04 04:00:00,903.325,904.205,901.405,902.625,953,2210,0
2022-10-04 05:00:00,902.635,904.795,901.055,904.305,977,2070,0
2022-10-04 06:00:00,904.335,908.015,903.815,907.145,1143,2500,0
2022-10-04 07:00:00,907.195,907.985,905.375,906.565,1240,2630,0
2022-10-04 08:00:00,906.585,910.035,905.04,909.115,1115,2290,0
2022-10-04 09:00:00,909.055,913.695,907.845,911.895,2601,1980,0
2022-10-04 10:00:00,911.995,916.415,909.345,912.445,3691,920,0
2022-10-04 11:00:00,912.445,914.235,908.815,910.445,2231,1000,0
2022-10-04 12:00:00,910.445,911.905,905.015,910.695,2168,780,0
2022-10-04 13:00:00,910.695,916.335,908.105,910.675,1715,1440,0
2022-10-04 14:00:00,910.675,916.195,907.095,915.775,2699,370,0
2022-10-04 15:00:00,915.775,925.325,915.005,924.225,2556,1480,0
2022-10-04 16:00:00,924.225,926.025,919.725,920.525,2274,1050,0
2022-10-04 17:00:00,920.525,933.205,919.285,931.665,4537,1310,0
2022-10-04 18:00:00,931.795,938.645,931.545,934.235,3095,360,0
2022-10-04 19:00:00,934.285,940.065,931.225,931.975,2786,820,0
2022-10-04 20:00:00,932.055,934.455,927.965,934.355,2346,510,0
2022-10-04 21:00:00,934.365,936.495,931.705,936.365,1759,770,0
2022-10-04 22:00:00,936.275,936.935,932.705,935.635,1455,1670,0
2022-10-04 23:00:00,935.635,936.135,934.1,934.35,799,1310,0
2022-10-05 01:00:00,930.66,934.705,928.71,932.645,867,1920,0
2022-10-05 02:00:00,932.575,934.945,932.27,934.945,696,2370,0
2022-10-05 03:00:00,934.925,934.935,927.015,927.905,1278,2340,0
2022-10-05 04:00:00,927.875,931.465,924.945,926.825,1398,450,0
2022-10-05 05:00:00,926.855,931.405,925.705,927.135,1231,2370,0
2022-10-05 06:00:00,927.155,928.785,922.805,923.995,1002,2540,0
2022-10-05 07:00:00,923.945,924.595,921.325,921.485,933,2810,0
2022-10-05 08:00:00,921.525,925.515,921.525,923.135,1527,990,0
2022-10-05 09:00:00,923.405,934.875,923.405,932.975,1512,1300,0
2022-10-05 10:00:00,932.975,933.515,921.905,922.435,3071,960,0
2022-10-05 11:00:00,922.365,926.655,919.545,925.405,2521,1240,0
2022-10-05 12:00:00,925.405,925.605,917.205,918.255,1646,360,0
2022-10-05 13:00:00,918.205,922.995,915.715,922.265,2001,980,0
2022-10-05 14:00:00,922.265,923.945,916.56,919.495,2065,890,0
2022-10-05 15:00:00,919.495,922.695,914.34,922.015,3328,1090,0
2022-10-05 16:00:00,922.015,922.925,911.015,911.505,4350,930,0
2022-10-05 17:00:00,911.305,911.75,901.82,908.25,5024,2380,0
2022-10-05 18:00:00,908.43,916.435,907.81,914.475,3250,1710,0
2022-10-05 19:00:00,914.445,916.995,912.815,913.145,2634,1710,0
2022-10-05 20:00:00,913.125,920.315,912.345,918.645,2139,1690,0
2022-10-05 21:00:00,918.685,923.485,918.225,923.365,1752,1720,0
2022-10-05 22:00:00,923.405,925.105,919.795,920.005,1355,1770,0
2022-10-05 23:00:00,919.995,921.905,918.025,919.53,700,350,0
2022-10-06 01:00:00,913.22,921.145,912.8,919.715,763,1620,0
2022-10-06 02:00:00,919.715,923.835,919.715,923.555,751,1540,0
2022-10-06 03:00:00,923.525,926.725,922.215,923.125,1088,1620,0
2022-10-06 04:00:00,923.125,925.395,920.935,924.625,1321,1580,0
2022-10-06 05:00:00,924.685,926.105,923.785,925.395,1224,1550,0
2022-10-06 06:00:00,925.395,926.605,922.87,924.425,747,1880,0
2022-10-06 07:00:00,924.425,926.025,922.49,925.925,424,2190,0
2022-10-06 08:00:00,925.925,928.155,924.59,927.065,456,2010,0
2022-10-06 09:00:00,927.705,928.215,922.295,922.705,2065,560,0
2022-10-06 10:00:00,922.755,927.565,920.505,926.565,2967,950,0
2022-10-06 11:00:00,926.255,926.785,918.095,920.405,3044,1600,0
2022-10-06 12:00:00,920.535,924.205,920.025,921.195,1845,1410,0
2022-10-06 13:00:00,921.195,925.035,920.05,924.345,1760,1530,0
2022-10-06 14:00:00,924.345,928.755,918.845,923.905,2428,1020,0
2022-10-06 15:00:00,923.955,931.865,923.595,926.625,3476,1250,0
2022-10-06 16:00:00,926.655,927.595,916.805,923.085,4962,1740,0
2022-10-06 17:00:00,923.175,923.325,916.345,922.955,4725,1820,0
2022-10-06 18:00:00,922.955,925.185,919.545,923.005,2711,1150,0
2022-10-06 19:00:00,923.025,924.135,920.425,922.645,2741,990,0
2022-10-06 20:00:00,922.645,926.225,921.325,926.225,1302,500,0
2022-10-06 21:00:00,926.225,926.525,923.525,923.925,287,1520,0
2022-10-06 22:00:00,923.925,925.825,923.525,924.625,283,1150,0
2022-10-06 23:00:00,924.625,924.725,921.59,922.09,196,1530,0
2022-10-07 01:00:00,922.725,922.725,920.995,921.425,667,2210,0
2022-10-07 02:00:00,921.395,922.245,919.195,920.065,707,2080,0
2022-10-07 03:00:00,920.075,922.345,919.615,919.795,1184,2510,0
2022-10-07 04:00:00,919.775,923.275,919.395,923.235,1144,2640,0
2022-10-07 05:00:00,923.085,924.865,921.215,923.065,1072,2660,0
2022-10-07 06:00:00,923.115,924.785,921.57,922.405,999,2740,0
2022-10-07 07:00:00,922.275,923.785,921.095,921.165,842,2840,0
2022-10-07 08:00:00,921.105,926.755,919.825,926.235,1114,2520,0
2022-10-07 09:00:00,926.155,928.475,921.715,922.515,1627,2430,0
2022-10-07 10:00:00,922.685,929.425,922.525,926.545,2306,1530,0
2022-10-07 11:00:00,926.415,932.705,925.755,931.895,2226,1170,0
2022-10-07 12:00:00,931.895,933.055,928.285,932.465,1751,350,0
2022-10-07 13:00:00,932.515,933.265,926.885,928.275,1639,360,0
2022-10-07 14:00:00,928.255,932.645,927.095,930.225,1713,350,0
2022-10-07 15:00:00,930.315,939.015,921.285,931.215,7139,350,0
2022-10-07 16:00:00,931.265,935.835,922.875,923.075,7510,360,0
2022-10-07 17:00:00,923.175,931.565,922.175,926.205,5615,350,0
2022-10-07 18:00:00,927.655,929.555,917.725,923.405,3396,350,0
2022-10-07 19:00:00,923.405,923.555,917.025,918.125,1925,830,0
2022-10-07 20:00:00,918.125,919.225,916.795,917.625,482,350,0
2022-10-07 21:00:00,917.625,918.825,915.325,915.715,1573,350,0
2022-10-07 22:00:00,915.665,916.775,911.83,914.525,1009,350,0
2022-10-07 23:00:00,914.525,915.125,910.84,910.84,249,3040,0
2022-10-10 01:00:00,908.64,914.195,907.92,911.515,1454,2140,0
2022-10-10 02:00:00,911.425,914.985,908.855,914.375,1194,2050,0
2022-10-10 03:00:00,914.205,914.925,908.795,909.735,1623,2190,0
2022-10-10 04:00:00,909.915,913.695,907.0,911.565,1628,1930,0
2022-10-10 05:00:00,911.545,911.645,909.02,910.185,1093,1760,0
2022-10-10 06:00:00,910.145,912.035,908.615,910.885,875,360,0
2022-10-10 07:00:00,910.855,911.165,909.125,909.675,875,1200,0
2022-10-10 08:00:00,909.665,910.965,908.185,908.535,1168,1850,0
2022-10-10 09:00:00,908.535,911.665,906.455,907.375,1414,1660,0
2022-10-10 10:00:00,907.655,912.405,906.785,908.015,2539,1430,0
2022-10-10 11:00:00,907.995,909.205,899.875,901.125,2429,980,0
2022-10-10 12:00:00,901.095,906.055,900.46,905.705,2174,1200,0
2022-10-10 13:00:00,905.625,907.045,903.495,906.375,1664,1520,0
2022-10-10 14:00:00,906.465,910.715,905.745,910.145,2021,1170,0
2022-10-10 15:00:00,910.025,914.375,909.885,912.885,2706,910,0
2022-10-10 16:00:00,912.845,914.645,903.11,905.795,4001,860,0
2022-10-10 17:00:00,905.795,912.735,900.825,902.045,5137,1110,0
2022-10-10 18:00:00,902.045,905.935,898.425,901.925,3193,350,0
2022-10-10 19:00:00,901.925,902.725,897.435,898.375,1247,830,0
2022-10-10 20:00:00,898.265,905.315,893.725,904.225,2181,760,0
2022-10-10 21:00:00,904.225,904.665,900.845,901.875,1336,1050,0
2022-10-10 22:00:00,901.875,904.005,901.035,901.775,1251,1350,0
2022-10-10 23:00:00,901.775,902.295,900.7,901.1,518,1010,0
2022-10-11 01:00:00,897.07,901.985,897.07,901.245,610,1500,0
2022-10-11 02:00:00,901.255,903.935,901.215,903.515,529,1170,0
2022-10-11 03:00:00,903.495,906.165,900.14,905.385,1289,680,0
2022-10-11 04:00:00,905.385,907.345,901.645,902.955,1577,1080,0
2022-10-11 05:00:00,902.935,903.635,896.805,898.455,1510,1320,0
2022-10-11 06:00:00,898.455,900.405,897.705,898.405,1165,1650,0
2022-10-11 07:00:00,898.405,899.425,894.77,896.345,1140,950,0
2022-10-11 08:00:00,896.395,898.975,895.595,898.615,1210,2230,0
2022-10-11 09:00:00,898.615,901.615,896.125,897.485,1578,1120,0
2022-10-11 10:00:00,897.355,899.955,890.525,891.445,2883,360,0
2022-10-11 11:00:00,891.465,897.095,890.335,890.815,2670,1310,0
2022-10-11 12:00:00,890.815,892.745,888.9,890.285,2058,1200,0
2022-10-11 13:00:00,890.265,891.825,887.625,891.825,1238,1770,0
2022-10-11 14:00:00,891.825,896.795,891.39,894.945,1749,1010,0
2022-10-11 15:00:00,894.945,899.455,894.625,898.035,3353,400,0
2022-10-11 16:00:00,898.075,898.695,890.415,890.465,4826,350,0
2022-10-11 17:00:00,890.445,894.895,886.005,889.435,4053,360,0
2022-10-11 18:00:00,889.525,899.905,888.225,899.305,3515,370,0
2022-10-11 19:00:00,899.275,906.175,895.325,901.475,3568,1340,0
2022-10-11 20:00:00,901.595,904.685,900.985,903.695,2429,1540,0
2022-10-11 21:00:00,903.595,904.635,894.825,895.725,2034,1440,0
2022-10-11 22:00:00,895.525,895.525,890.805,892.045,1479,2010,0
2022-10-11 23:00:00,891.845,892.915,890.65,892.58,890,640,0
2022-10-12 01:00:00,888.27,892.735,888.23,891.445,612,1450,0
2022-10-12 02:00:00,890.99,892.875,890.965,891.915,737,2490,0
2022-10-12 03:00:00,892.005,892.765,888.215,891.325,2911,560,0
2022-10-12 04:00:00,891.205,892.345,887.445,888.305,3225,2250,0
2022-10-12 05:00:00,888.165,889.875,885.725,889.785,1343,980,0
2022-10-12 06:00:00,889.765,892.325,887.525,890.795,1611,350,0
2022-10-12 07:00:00,890.775,896.405,890.1,894.285,1808,350,0
2022-10-12 08:00:00,894.295,896.925,890.035,896.115,1761,350,0
2022-10-12 09:00:00,896.115,900.805,895.175,898.795,2100,350,0
2022-10-12 10:00:00,898.795,899.005,890.985,891.645,3351,1030,0
2022-10-12 11:00:00,891.525,896.325,891.435,893.705,4118,1880,0
2022-10-12 12:00:00,893.665,898.435,892.155,896.445,2528,1420,0
2022-10-12 13:00:00,896.435,897.585,893.885,895.045,2076,1360,0
2022-10-12 14:00:00,895.145,895.995,892.695,893.315,2326,1480,0
2022-10-12 15:00:00,893.375,894.115,886.105,890.865,4305,1800,0
2022-10-12 16:00:00,890.985,892.075,886.195,889.075,4979,1020,0
2022-10-12 17:00:00,889.165,890.495,882.095,883.415,4740,1420,0
2022-10-12 18:00:00,883.415,890.225,882.525,888.565,2997,1840,0
2022-10-12 19:00:00,888.625,889.125,884.52,886.605,698,1060,0
2022-10-12 20:00:00,886.715,888.025,885.625,887.325,572,1450,0
2022-10-12 21:00:00,887.525,891.225,886.525,887.195,1263,1260,0
2022-10-12 22:00:00,887.155,889.575,886.145,888.615,1179,1790,0
2022-10-12 23:00:00,888.615,888.845,886.175,887.3,707,2040,0
2022-10-13 01:00:00,885.825,888.155,883.295,887.835,645,1870,0
2022-10-13 02:00:00,887.6,888.755,886.425,887.925,629,1860,0
2022-10-13 03:00:00,887.825,887.975,884.725,886.175,1064,2170,0
2022-10-13 04:00:00,886.385,886.845,884.095,884.385,1255,2280,0
2022-10-13 05:00:00,884.365,885.035,881.905,882.505,1213,2270,0
2022-10-13 06:00:00,882.565,884.045,881.89,883.675,888,2080,0
2022-10-13 07:00:00,883.525,884.525,882.825,883.535,769,2210,0
2022-10-13 08:00:00,883.575,884.945,880.035,882.615,1123,2310,0
2022-10-13 09:00:00,882.645,883.365,875.825,879.185,1471,410,0
2022-10-13 10:00:00,879.125,883.025,874.225,882.805,2154,380,0
2022-10-13 11:00:00,882.805,888.815,881.235,886.835,2153,350,0
2022-10-13 12:00:00,886.885,888.745,885.46,886.0,2427,1440,0
2022-10-13 13:00:00,885.97,887.265,884.405,886.775,1688,1720,0
2022-10-13 14:00:00,886.855,895.175,885.915,892.015,4054,350,0
2022-10-13 15:00:00,891.985,891.985,867.425,875.385,7064,480,0
2022-10-13 16:00:00,875.325,876.295,866.835,873.845,4170,1080,0
2022-10-13 17:00:00,873.955,881.185,871.225,879.695,4390,1280,0
2022-10-13 18:00:00,879.935,900.815,879.025,896.175,7341,360,0
2022-10-13 19:00:00,896.315,899.615,893.695,899.615,3213,1280,0
2022-10-13 20:00:00,899.605,906.795,897.225,905.455,2415,1500,0
2022-10-13 21:00:00,905.445,905.635,902.125,904.775,1701,1920,0
2022-10-13 22:00:00,904.775,904.775,900.775,903.705,1483,1700,0
2022-10-13 23:00:00,903.705,903.705,901.5,902.16,747,1820,0
2022-10-14 01:00:00,899.24,904.205,899.24,903.935,631,2370,0
2022-10-14 02:00:00,904.005,904.225,898.415,898.435,956,910,0
2022-10-14 03:00:00,898.435,899.845,897.135,897.405,1913,1310,0
2022-10-14 04:00:00,897.375,904.265,896.375,903.875,1875,1870,0
2022-10-14 05:00:00,903.855,906.335,903.535,904.445,1737,2200,0
2022-10-14 06:00:00,904.575,906.135,903.875,904.665,1260,1960,0
2022-10-14 07:00:00,904.675,905.765,903.725,904.965,1367,350,0
2022-10-14 08:00:00,904.915,908.585,904.435,905.625,2301,780,0
2022-10-14 09:00:00,906.895,913.315,906.13,912.175,3650,350,0
2022-10-14 10:00:00,912.175,912.885,903.155,909.405,3539,600,0
2022-10-14 11:00:00,909.355,910.095,901.345,902.665,2879,760,0
2022-10-14 12:00:00,902.635,902.635,893.765,899.495,3082,1780,0
2022-10-14 13:00:00,899.375,905.745,897.735,903.605,3303,1210,0
2022-10-14 14:00:00,903.605,905.435,900.005,900.955,2480,1180,0
2022-10-14 15:00:00,900.975,912.005,898.625,909.825,4606,820,0
2022-10-14 16:00:00,909.825,912.345,901.925,903.365,5796,1060,0
2022-10-14 17:00:00,903.065,904.655,896.525,900.795,6749,360,0
2022-10-14 18:00:00,900.765,903.135,893.385,894.975,5466,610,0
2022-10-14 19:00:00,894.975,898.765,893.625,895.415,3705,360,0
2022-10-14 20:00:00,895.415,903.345,894.825,903.035,2300,560,0
2022-10-14 21:00:00,902.895,902.895,898.695,902.655,1378,350,0
2022-10-14 22:00:00,902.805,905.495,901.1,903.115,1341,350,0
2022-10-14 23:00:00,903.115,903.755,899.83,900.18,598,1840,0
2022-10-17 01:00:00,897.52,905.965,897.05,904.985,1157,2390,0
2022-10-17 02:00:00,905.025,907.675,903.735,906.495,1236,1980,0
2022-10-17 03:00:00,906.485,910.175,904.905,909.305,2029,650,0
2022-10-17 04:00:00,909.255,911.825,906.945,909.795,1742,460,0
2022-10-17 05:00:00,909.845,910.895,905.93,906.865,1231,1190,0
2022-10-17 06:00:00,906.865,907.595,904.575,906.765,1221,490,0
2022-10-17 07:00:00,906.705,908.345,903.92,907.535,1506,840,0
2022-10-17 08:00:00,907.535,912.285,906.5,911.385,2315,350,0
2022-10-17 09:00:00,912.105,913.155,908.545,911.235,3019,350,0
2022-10-17 10:00:00,911.135,915.895,910.705,914.425,4905,400,0
2022-10-17 11:00:00,914.215,915.245,909.235,911.825,2667,1230,0
2022-10-17 12:00:00,911.835,915.995,911.045,914.125,1824,890,0
2022-10-17 13:00:00,914.125,917.285,912.895,914.645,1904,350,0
2022-10-17 14:00:00,914.635,914.635,911.575,912.975,1275,380,0
2022-10-17 15:00:00,912.955,922.255,908.405,920.255,3361,360,0
2022-10-17 16:00:00,920.285,923.665,915.335,920.155,4229,360,0
2022-10-17 17:00:00,920.155,922.435,916.045,916.595,5561,660,0
2022-10-17 18:00:00,916.585,916.705,909.155,915.705,3103,1480,0
2022-10-17 19:00:00,915.725,915.945,911.325,914.825,2409,1670,0
2022-10-17 20:00:00,915.115,919.405,913.465,916.615,2007,1250,0
2022-10-17 21:00:00,916.595,916.625,913.495,914.335,1355,1340,0
2022-10-17 22:00:00,914.325,914.595,912.365,914.235,1206,1950,0
2022-10-17 23:00:00,914.215,916.695,914.035,915.65,629,2070,0
2022-10-18 01:00:00,916.135,917.865,912.825,917.005,692,2640,0
2022-10-18 02:00:00,916.755,918.975,916.4,917.775,763,2330,0
2022-10-18 03:00:00,917.755,918.795,916.505,918.055,1063,2040,0
2022-10-18 04:00:00,917.905,918.665,914.715,915.45,1140,2260,0
2022-10-18 05:00:00,915.45,915.785,913.31,915.025,672,1850,0
2022-10-18 06:00:00,915.025,919.075,914.19,918.355,740,2130,0
2022-10-18 07:00:00,918.335,923.135,918.005,919.425,1366,840,0
2022-10-18 08:00:00,919.535,922.235,918.775,919.755,1312,2390,0
2022-10-18 09:00:00,919.895,923.935,918.755,922.835,1430,2510,0
2022-10-18 10:00:00,922.805,925.195,918.055,924.005,2307,1680,0
2022-10-18 11:00:00,924.005,925.205,915.205,915.225,2066,700,0
2022-10-18 12:00:00,915.225,919.375,912.165,917.105,3160,350,0
2022-10-18 13:00:00,917.105,921.655,916.365,917.835,2212,630,0
2022-10-18 14:00:00,917.905,924.755,917.565,922.535,2218,1450,0
2022-10-18 15:00:00,922.535,925.025,919.985,921.745,3008,1140,0
2022-10-18 16:00:00,921.795,923.915,918.215,919.705,4614,1490,0
2022-10-18 17:00:00,919.755,922.955,914.605,915.845,3806,1770,0
2022-10-18 18:00:00,915.845,916.525,905.36,907.665,2473,350,0
2022-10-18 19:00:00,907.635,911.845,905.575,908.415,2446,1190,0
2022-10-18 20:00:00,908.345,913.705,907.415,911.205,1998,1000,0
2022-10-18 21:00:00,911.205,911.695,906.375,908.865,1439,1010,0
2022-10-18 22:00:00,908.895,911.825,907.145,911.545,1307,980,0
2022-10-18 23:00:00,911.545,912.715,908.915,910.12,852,930,0
2022-10-19 01:00:00,910.655,911.205,904.965,910.365,603,1830,0
2022-10-19 02:00:00,910.265,913.565,910.015,910.355,857,2380,0
2022-10-19 03:00:00,910.435,912.625,909.075,910.525,1133,2000,0
2022-10-19 04:00:00,910.425,912.515,908.83,909.715,1212,1760,0
2022-10-19 05:00:00,909.735,910.435,904.615,904.815,1106,2080,0
2022-10-19 06:00:00,904.745,905.565,899.965,901.195,848,1920,0
2022-10-19 07:00:00,901.245,903.225,897.325,898.715,1000,1360,0
2022-10-19 08:00:00,898.675,900.535,897.455,898.125,1089,1470,0
2022-10-19 09:00:00,898.025,899.225,894.925,895.525,1300,1200,0
2022-10-19 10:00:00,895.625,900.645,894.725,898.095,2182,760,0
2022-10-19 11:00:00,898.095,898.095,889.605,892.585,2397,980,0
2022-10-19 12:00:00,892.505,896.265,891.595,895.935,1792,1490,0
2022-10-19 13:00:00,895.905,895.985,889.925,891.785,2289,1610,0
2022-10-19 14:00:00,891.885,894.715,888.385,894.175,3004,1520,0
2022-10-19 15:00:00,894.075,895.805,889.355,894.025,3494,1450,0
2022-10-19 16:00:00,894.025,898.455,891.325,893.725,3637,440,0
2022-10-19 17:00:00,893.725,899.255,891.395,893.725,3098,1210,0
2022-10-19 18:00:00,893.615,894.085,887.825,888.225,1806,570,0
2022-10-19 19:00:00,888.225,889.135,884.325,887.265,1982,350,0
2022-10-19 20:00:00,887.325,889.145,885.785,887.885,1905,530,0
2022-10-19 21:00:00,887.795,888.705,885.145,885.335,1387,630,0
2022-10-19 22:00:00,885.335,887.385,885.325,887.055,1231,1350,0
2022-10-19 23:00:00,887.055,887.715,885.59,886.16,841,1190,0
2022-10-20 01:00:00,882.16,886.205,881.895,884.485,637,1670,0
2022-10-20 02:00:00,884.495,884.855,880.345,883.315,729,1300,0
2022-10-20 03:00:00,883.325,885.245,881.285,882.595,1287,1610,0
2022-10-20 04:00:00,882.595,883.055,879.965,880.385,1422,1470,0
2022-10-20 05:00:00,880.525,882.745,880.025,882.355,1174,1370,0
2022-10-20 06:00:00,882.355,882.745,880.095,880.975,968,1710,0
2022-10-20 07:00:00,881.015,888.125,880.205,887.935,1419,1770,0
2022-10-20 08:00:00,888.065,890.775,886.035,887.565,1501,1870,0
2022-10-20 09:00:00,887.565,888.145,883.935,887.465,1413,1830,0
2022-10-20 10:00:00,887.335,889.055,881.625,887.115,2599,1470,0
2022-10-20 11:00:00,887.205,887.615,883.415,886.125,2256,1510,0
2022-10-20 12:00:00,886.125,894.665,886.045,892.965,2040,1430,0
2022-10-20 13:00:00,892.965,897.465,891.095,896.845,2564,350,0
2022-10-20 14:00:00,896.775,898.875,892.325,893.725,2404,350,0
2022-10-20 15:00:00,893.725,899.065,891.965,892.385,4278,500,0
2022-10-20 16:00:00,892.315,906.295,891.995,903.825,5070,350,0
2022-10-20 17:00:00,903.825,918.855,903.825,918.425,4740,820,0
2022-10-20 18:00:00,918.425,919.125,910.455,917.345,3545,1000,0
2022-10-20 19:00:00,917.345,917.775,912.095,916.565,2837,490,0
2022-10-20 20:00:00,916.575,918.055,912.855,916.245,2947,760,0
2022-10-20 21:00:00,916.245,919.105,914.445,917.125,2166,630,0
2022-10-20 22:00:00,917.075,917.945,914.815,916.505,1619,1190,0
2022-10-20 23:00:00,916.475,916.965,914.26,914.45,965,1610,0
2022-10-21 01:00:00,915.325,916.955,912.465,913.415,1290,2000,0
2022-10-21 02:00:00,913.415,914.58,911.335,912.445,955,1950,0
2022-10-21 03:00:00,912.445,913.825,909.625,912.115,1985,1500,0
2022-10-21 04:00:00,912.115,913.645,911.375,911.955,2891,2050,0
2022-10-21 05:00:00,911.955,914.725,909.725,912.025,1431,1820,0
2022-10-21 06:00:00,911.975,913.615,907.94,909.415,1499,710,0
2022-10-21 07:00:00,909.515,911.465,907.89,910.205,1265,730,0
2022-10-21 08:00:00,910.215,910.215,907.275,908.295,2324,2260,0
2022-10-21 09:00:00,909.285,913.025,908.13,910.785,2580,450,0
2022-10-21 10:00:00,910.795,916.125,908.035,911.125,3209,350,0
2022-10-21 11:00:00,911.125,911.755,906.325,907.305,2228,600,0
2022-10-21 12:00:00,907.305,910.815,902.155,905.855,2164,780,0
2022-10-21 13:00:00,905.855,910.295,905.295,909.705,2139,610,0
2022-10-21 14:00:00,909.815,911.635,903.145,903.335,2390,450,0
2022-10-21 15:00:00,903.355,905.865,892.635,904.905,4423,650,0
2022-10-21 16:00:00,904.855,911.475,902.625,911.375,9276,790,0
2022-10-21 17:00:00,911.395,914.705,906.005,910.985,8600,1590,0
2022-10-21 18:00:00,911.025,919.545,908.345,919.005,8667,920,0
2022-10-21 19:00:00,918.975,932.295,917.805,929.695,5236,1480,0
2022-10-21 20:00:00,929.695,934.995,929.305,933.565,2490,1530,0
2022-10-21 21:00:00,933.615,936.075,933.145,933.995,1623,1320,0
2022-10-21 22:00:00,934.115,936.885,930.69,932.245,1612,360,0
2022-10-21 23:00:00,932.095,933.915,929.59,929.87,750,740,0
2022-10-24 01:00:00,932.39,945.375,932.34,942.075,3130,680,0
2022-10-24 02:00:00,942.005,949.525,932.715,941.325,4383,350,0
2022-10-24 03:00:00,941.325,944.575,936.775,943.785,3917,350,0
2022-10-24 04:00:00,943.835,945.225,937.835,939.885,2979,460,0
2022-10-24 05:00:00,939.915,940.005,934.055,935.005,1281,2210,0
2022-10-24 06:00:00,935.065,935.825,930.865,931.805,1393,2610,0
2022-10-24 07:00:00,931.805,939.465,930.99,938.425,1488,3010,0
2022-10-24 08:00:00,938.405,940.755,936.785,939.065,1469,2710,0
2022-10-24 09:00:00,938.925,943.355,936.765,937.085,2384,1440,0
2022-10-24 10:00:00,937.095,940.915,932.735,933.505,3602,800,0
2022-10-24 11:00:00,933.645,935.355,924.795,929.775,3546,1970,0
2022-10-24 12:00:00,929.845,935.075,927.665,934.255,2345,1450,0
2022-10-24 13:00:00,934.255,937.245,931.155,933.945,2527,670,0
2022-10-24 14:00:00,933.865,939.135,932.245,937.245,3250,1020,0
2022-10-24 15:00:00,937.305,937.305,923.095,929.555,4157,1240,0
2022-10-24 16:00:00,929.575,933.865,924.535,933.565,7044,500,0
2022-10-24 17:00:00,933.455,933.585,921.205,926.425,6622,640,0
2022-10-24 18:00:00,926.425,926.805,921.245,924.365,4122,1760,0
2022-10-24 19:00:00,924.365,929.715,923.685,924.335,3208,1750,0
2022-10-24 20:00:00,924.365,925.175,920.535,924.995,2521,760,0
2022-10-24 21:00:00,925.005,928.045,924.055,927.875,2230,350,0
2022-10-24 22:00:00,925.525,929.985,925.525,928.635,2758,350,0
2022-10-24 23:00:00,928.665,928.715,925.78,925.9,787,840,0
2022-10-25 01:00:00,925.93,930.035,925.405,928.655,1161,360,0
2022-10-25 02:00:00,928.655,930.295,927.555,928.215,1038,1620,0
2022-10-25 03:00:00,928.705,929.855,926.525,929.475,1386,1900,0
2022-10-25 04:00:00,929.425,930.415,922.425,925.335,2381,2250,0
2022-10-25 05:00:00,925.275,925.645,922.925,925.045,1831,2120,0
2022-10-25 06:00:00,925.165,927.825,924.235,926.325,482,1610,0
2022-10-25 07:00:00,926.325,927.225,924.04,924.735,442,2150,0
2022-10-25 08:00:00,924.655,925.125,920.825,921.725,978,2400,0
2022-10-25 09:00:00,922.795,927.985,922.545,924.185,2294,1070,0
2022-10-25 10:00:00,924.235,925.035,918.355,920.285,3022,840,0
2022-10-25 11:00:00,920.285,922.785,914.925,915.835,2493,640,0
2022-10-25 12:00:00,915.915,917.285,914.145,914.485,2061,1040,0
2022-10-25 13:00:00,914.465,915.625,910.705,914.525,1963,1140,0
2022-10-25 14:00:00,914.585,916.465,911.625,915.735,2236,1500,0
2022-10-25 15:00:00,915.735,915.895,906.675,908.135,2898,1210,0
2022-10-25 16:00:00,908.135,922.175,908.035,918.305,5727,1690,0
2022-10-25 17:00:00,918.225,921.515,916.065,916.525,5126,670,0
2022-10-25 18:00:00,915.995,923.605,915.155,922.305,3261,980,0
2022-10-25 19:00:00,922.285,925.795,915.915,917.325,2628,1350,0
2022-10-25 20:00:00,917.225,922.125,916.725,920.185,2013,1620,0
2022-10-25 21:00:00,920.105,921.595,919.9,920.365,1152,1570,0
2022-10-25 22:00:00,920.405,921.885,919.855,921.465,994,1650,0
2022-10-25 23:00:00,921.375,921.375,917.24,917.7,860,1940,0
2022-10-26 01:00:00,915.32,918.785,914.405,915.755,914,1970,0
2022-10-26 02:00:00,915.745,917.005,914.65,916.695,683,2690,0
2022-10-26 03:00:00,916.675,918.895,914.695,915.215,1135,2500,0
2022-10-26 04:00:00,915.275,920.685,914.105,919.145,1325,2490,0
2022-10-26 05:00:00,919.165,924.645,918.985,923.945,1050,2250,0
2022-10-26 06:00:00,923.895,925.175,922.745,923.495,1010,2480,0
2022-10-26 07:00:00,923.495,924.205,921.235,921.725,802,2430,0
2022-10-26 08:00:00,921.805,925.435,920.395,922.695,1155,2500,0
2022-10-26 09:00:00,922.695,926.645,921.965,926.375,1391,1480,0
2022-10-26 10:00:00,926.375,933.565,925.385,932.835,2229,1470,0
2022-10-26 11:00:00,932.825,938.435,929.895,937.175,2962,1290,0
2022-10-26 12:00:00,937.175,939.015,934.065,934.835,2432,690,0
2022-10-26 13:00:00,934.845,940.215,934.475,936.265,2513,410,0
2022-10-26 14:00:00,936.295,940.325,935.095,937.325,2433,550,0
2022-10-26 15:00:00,937.325,942.005,932.215,934.355,3833,840,0
2022-10-26 16:00:00,933.905,943.605,933.505,941.215,5429,1040,0
2022-10-26 17:00:00,941.165,953.025,940.995,950.325,6461,1340,0
2022-10-26 18:00:00,950.445,957.175,950.445,956.195,3559,1030,0
2022-10-26 19:00:00,956.265,961.065,952.925,958.345,3006,910,0
2022-10-26 20:00:00,958.305,959.395,952.075,953.745,2897,360,0
2022-10-26 21:00:00,953.745,955.705,952.715,954.345,1560,510,0
2022-10-26 22:00:00,954.345,954.445,952.055,954.325,1272,590,0
2022-10-26 23:00:00,954.445,955.545,953.52,954.31,899,1580,0
2022-10-27 01:00:00,953.845,954.525,948.95,954.125,669,1280,0
2022-10-27 02:00:00,954.125,956.855,953.245,956.615,948,1510,0
2022-10-27 03:00:00,956.595,957.655,953.625,954.555,1243,680,0
2022-10-27 04:00:00,954.615,957.225,953.645,954.565,1424,980,0
2022-10-27 05:00:00,954.565,954.565,948.925,949.195,1222,1330,0
2022-10-27 06:00:00,949.215,950.045,947.695,949.565,1039,1580,0
2022-10-27 07:00:00,949.585,951.265,948.705,950.425,881,1930,0
2022-10-27 08:00:00,950.195,953.975,948.625,951.315,1295,420,0
2022-10-27 09:00:00,951.425,953.565,945.295,947.455,1719,360,0
2022-10-27 10:00:00,947.455,949.895,944.525,949.125,2142,1610,0
2022-10-27 11:00:00,949.165,953.325,947.5,948.025,790,570,0
2022-10-27 12:00:00,948.025,948.525,944.325,945.785,1195,1060,0
2022-10-27 13:00:00,945.855,948.555,943.105,946.235,1858,580,0
2022-10-27 14:00:00,946.245,950.065,946.025,950.065,2188,1430,0
2022-10-27 15:00:00,950.045,953.985,943.825,953.725,7189,1170,0
2022-10-27 16:00:00,953.725,957.735,949.345,952.055,7129,850,0
2022-10-27 17:00:00,951.985,964.865,951.315,961.705,5567,820,0
2022-10-27 18:00:00,961.685,967.595,960.125,960.595,5133,1430,0
2022-10-27 19:00:00,960.605,963.005,957.685,959.135,2838,1780,0
2022-10-27 20:00:00,959.305,964.905,958.055,961.975,2025,1770,0
2022-10-27 21:00:00,961.775,961.845,958.95,959.475,1390,1820,0
2022-10-27 22:00:00,959.355,962.135,958.995,962.035,1230,1970,0
2022-10-27 23:00:00,962.155,962.235,957.925,960.09,844,2370,0
2022-10-28 01:00:00,958.2,961.825,957.67,960.825,307,2250,0
2022-10-28 02:00:00,960.825,963.795,960.39,962.025,560,1530,0
2022-10-28 03:00:00,962.025,963.925,959.87,962.625,803,1270,0
2022-10-28 04:00:00,962.625,967.525,962.125,966.895,555,2120,0
2022-10-28 05:00:00,966.855,967.695,961.315,964.955,1274,1610,0
2022-10-28 06:00:00,965.155,966.495,962.755,966.475,1251,2260,0
2022-10-28 07:00:00,966.465,967.035,962.515,962.825,977,2370,0
2022-10-28 08:00:00,962.825,963.325,957.225,958.135,487,2010,0
2022-10-28 09:00:00,958.445,961.985,954.625,956.645,2637,750,0
2022-10-28 10:00:00,956.825,957.195,952.725,952.765,2355,820,0
2022-10-28 11:00:00,952.795,953.435,947.27,951.325,2585,450,0
2022-10-28 12:00:00,951.465,951.855,946.025,950.155,2338,1410,0
2022-10-28 13:00:00,950.275,950.415,946.025,948.595,1994,1610,0
2022-10-28 14:00:00,948.605,954.565,947.165,951.625,2459,1710,0
2022-10-28 15:00:00,951.625,952.855,943.615,946.955,4950,380,0
2022-10-28 16:00:00,946.955,952.725,945.425,948.265,4652,810,0
2022-10-28 17:00:00,948.265,953.085,947.185,949.595,4844,980,0
2022-10-28 18:00:00,949.675,951.485,941.925,946.035,3000,1180,0
2022-10-28 19:00:00,946.035,947.015,942.425,944.835,2188,1440,0
2022-10-28 20:00:00,944.885,947.035,943.5,943.575,1736,980,0
2022-10-28 21:00:00,943.775,946.875,943.45,946.735,1371,1270,0
2022-10-28 22:00:00,946.735,947.335,945.11,946.735,1354,2100,0
2022-10-28 23:00:00,946.785,947.025,944.18,944.19,624,2470,0
2022-10-31 00:00:00,939.1,945.825,938.305,945.735,1077,1770,0
2022-10-31 01:00:00,945.735,948.925,945.6,948.025,1000,1720,0
2022-10-31 02:00:00,947.975,949.675,945.825,946.475,1434,1960,0
2022-10-31 03:00:00,946.425,946.835,942.475,943.725,2093,2060,0
2022-10-31 04:00:00,943.575,944.725,941.125,941.725,1272,2090,0
2022-10-31 05:00:00,941.705,942.795,940.125,942.255,803,1780,0
2022-10-31 06:00:00,942.275,943.135,940.69,942.255,785,2180,0
2022-10-31 07:00:00,942.135,942.975,935.895,936.605,1088,2200,0
2022-10-31 08:00:00,936.485,937.025,934.125,935.725,685,1020,0
2022-10-31 09:00:00,935.725,938.915,931.625,934.325,1299,350,0
2022-10-31 10:00:00,934.315,934.395,928.125,932.725,1481,350,0
2022-10-31 11:00:00,932.725,935.665,931.025,935.665,1285,720,0
2022-10-31 12:00:00,935.665,935.765,928.725,933.785,1306,1620,0
2022-10-31 13:00:00,933.885,935.365,928.425,930.165,1754,1610,0
2022-10-31 14:00:00,930.065,932.925,925.305,929.595,2577,1200,0
2022-10-31 15:00:00,929.295,933.065,925.725,927.425,3191,1120,0
2022-10-31 16:00:00,927.455,939.495,927.325,937.095,3060,1260,0
2022-10-31 17:00:00,937.095,937.295,929.175,933.945,2537,770,0
2022-10-31 18:00:00,933.945,935.625,928.635,929.115,2129,350,0
2022-10-31 19:00:00,929.195,930.335,927.175,930.015,1387,1260,0
2022-10-31 20:00:00,929.955,931.955,927.915,928.275,1106,1490,0
2022-10-31 21:00:00,928.285,928.455,926.095,928.195,1382,1460,0
2022-10-31 22:00:00,928.215,930.025,927.895,929.36,1012,1820,0
2022-11-01 00:00:00,926.29,929.915,925.075,928.915,514,1590,0
2022-11-01 01:00:00,928.915,930.985,928.195,928.555,610,1560,0
2022-11-01 02:00:00,928.555,929.925,927.565,928.155,857,2330,0
2022-11-01 03:00:00,928.145,932.955,927.995,931.035,1307,2440,0
2022-11-01 04:00:00,931.125,935.625,930.825,934.425,538,1440,0
2022-11-01 05:00:00,934.425,934.925,931.825,933.025,446,430,0
2022-11-01 06:00:00,933.025,933.925,930.74,933.225,367,820,0
2022-11-01 07:00:00,933.225,937.825,932.66,937.725,332,1100,0
2022-11-01 08:00:00,937.725,944.385,937.325,944.285,947,870,0
2022-11-01 09:00:00,944.365,945.095,936.985,940.985,1626,1890,0
2022-11-01 10:00:00,941.105,946.475,940.965,942.175,2559,1200,0
2022-11-01 11:00:00,942.175,945.635,940.265,945.075,1589,1580,0
2022-11-01 12:00:00,945.165,948.765,943.655,943.755,1673,1150,0
2022-11-01 13:00:00,943.735,948.285,943.635,946.43,1745,1420,0
2022-11-01 14:00:00,946.76,956.315,946.47,953.215,3672,2040,0
2022-11-01 15:00:00,953.115,956.045,949.985,951.275,4292,780,0
2022-11-01 16:00:00,951.115,951.115,940.195,945.555,6387,680,0
2022-11-01 17:00:00,945.615,949.865,942.135,947.395,3518,350,0
2022-11-01 18:00:00,947.765,952.305,944.205,948.235,3469,420,0
2022-11-01 19:00:00,948.245,949.565,945.105,949.455,1612,470,0
2022-11-01 20:00:00,949.455,951.215,948.105,950.335,1960,520,0
2022-11-01 21:00:00,950.275,950.465,946.495,947.135,1186,1690,0
2022-11-01 22:00:00,947.135,947.195,944.665,946.31,631,1830,0
2022-11-02 00:00:00,946.155,947.605,943.53,946.875,507,1440,0
2022-11-02 01:00:00,946.51,948.855,945.36,946.065,606,1440,0
2022-11-02 02:00:00,946.175,949.225,944.515,949.225,902,1670,0
2022-11-02 03:00:00,949.325,951.125,948.225,950.125,623,1460,0
2022-11-02 04:00:00,950.125,953.625,948.425,953.325,539,990,0
2022-11-02 05:00:00,953.325,954.725,952.13,953.725,784,1390,0
2022-11-02 06:00:00,953.825,953.925,948.915,949.985,554,2120,0
2022-11-02 07:00:00,950.005,954.765,950.005,952.115,1151,2150,0
2022-11-02 08:00:00,952.145,952.945,949.955,951.805,1042,2410,0
2022-11-02 09:00:00,951.885,955.355,950.025,953.545,2392,700,0
2022-11-02 10:00:00,953.545,957.085,953.475,953.995,2238,470,0
2022-11-02 11:00:00,953.945,956.615,952.555,953.845,1747,1290,0
2022-11-02 12:00:00,953.765,955.055,950.825,951.525,1342,1390,0
2022-11-02 13:00:00,951.525,954.495,951.425,954.045,1177,1180,0
2022-11-02 14:00:00,954.135,958.115,952.425,954.945,2603,840,0
2022-11-02 15:00:00,954.805,959.385,953.005,956.735,3224,1020,0
2022-11-02 16:00:00,956.915,957.615,948.195,950.205,3071,1160,0
2022-11-02 17:00:00,950.225,950.775,944.425,945.225,1930,780,0
2022-11-02 18:00:00,945.225,946.205,942.925,944.325,554,730,0
2022-11-02 19:00:00,944.325,947.855,942.54,943.465,1177,1440,0
2022-11-02 20:00:00,943.275,959.245,941.235,946.455,13377,2280,0
2022-11-02 21:00:00,946.355,950.055,935.745,936.185,4803,1970,0
2022-11-02 22:00:00,936.265,936.815,934.9,935.59,881,1900,0
2022-11-03 00:00:00,930.52,937.455,930.09,933.825,1015,2490,0
2022-11-03 01:00:00,933.835,933.965,931.17,933.285,853,2520,0
2022-11-03 02:00:00,933.265,938.065,932.69,937.225,1049,2040,0
2022-11-03 03:00:00,937.225,941.945,937.225,938.755,1365,2560,0
2022-11-03 04:00:00,938.735,939.995,936.52,936.815,1038,2440,0
2022-11-03 05:00:00,936.775,937.825,934.22,936.465,1099,2380,0
2022-11-03 06:00:00,936.485,938.095,934.085,935.385,1052,2180,0
2022-11-03 07:00:00,935.365,935.835,933.485,934.355,1192,2350,0
2022-11-03 08:00:00,934.315,934.315,930.085,930.585,1142,2340,0
2022-11-03 09:00:00,930.585,930.585,923.365,927.265,1904,430,0
2022-11-03 10:00:00,927.265,927.805,918.915,922.945,2506,400,0
2022-11-03 11:00:00,922.945,924.255,917.275,922.225,1945,900,0
2022-11-03 12:00:00,922.325,922.825,919.685,922.095,1313,680,0
2022-11-03 13:00:00,921.945,923.025,917.505,920.375,1446,1170,0
2022-11-03 14:00:00,920.355,922.435,911.115,914.555,6739,360,0
2022-11-03 15:00:00,914.615,923.105,913.395,917.015,4024,870,0
2022-11-03 16:00:00,917.165,927.225,917.165,926.025,3882,1100,0
2022-11-03 17:00:00,926.025,926.525,917.955,919.525,1881,800,0
2022-11-03 18:00:00,919.525,922.525,918.425,921.225,1033,1590,0
2022-11-03 19:00:00,921.265,922.925,920.425,920.625,443,1440,0
2022-11-03 20:00:00,920.425,923.125,919.925,922.025,376,1150,0
2022-11-03 21:00:00,922.025,923.425,920.925,921.125,276,1500,0
2022-11-03 22:00:00,921.125,921.825,919.96,920.51,213,1600,0
2022-11-04 00:00:00,919.48,921.425,914.295,919.045,552,1510,0
2022-11-04 01:00:00,919.025,919.675,917.325,918.995,648,1590,0
2022-11-04 02:00:00,919.015,922.665,918.145,919.555,1059,700,0
2022-11-04 03:00:00,919.555,922.635,917.125,922.635,963,1420,0
2022-11-04 04:00:00,922.645,923.725,920.79,923.025,840,1270,0
2022-11-04 05:00:00,923.025,926.145,922.73,925.455,649,940,0
2022-11-04 06:00:00,925.335,931.495,924.38,931.395,780,770,0
2022-11-04 07:00:00,931.395,933.425,930.305,930.825,1372,650,0
2022-11-04 08:00:00,930.825,934.055,928.325,933.125,795,900,0
2022-11-04 09:00:00,933.125,934.415,927.345,928.285,2181,380,0
2022-11-04 10:00:00,928.435,934.275,928.375,934.235,1906,600,0
2022-11-04 11:00:00,934.135,938.645,931.825,933.745,1713,980,0
2022-11-04 12:00:00,933.515,938.465,933.135,936.105,1422,1490,0
2022-11-04 13:00:00,936.015,939.055,934.005,935.155,1769,1780,0
2022-11-04 14:00:00,935.135,946.125,926.795,945.525,6399,960,0
2022-11-04 15:00:00,945.325,950.925,942.12,949.145,3253,770,0
2022-11-04 16:00:00,949.225,958.035,945.725,956.375,3784,1290,0
2022-11-04 17:00:00,956.375,957.145,947.425,947.525,1530,350,0
2022-11-04 18:00:00,947.525,957.705,944.525,956.555,3011,1490,0
2022-11-04 19:00:00,956.505,957.855,953.695,956.105,2523,1480,0
2022-11-04 20:00:00,956.125,964.215,954.335,963.535,2046,1690,0
2022-11-04 21:00:00,963.545,964.635,961.28,963.745,2195,1500,0
2022-11-04 22:00:00,963.845,963.945,959.33,959.56,832,1770,0
2022-11-07 01:00:00,951.35,954.865,948.875,951.755,1734,2100,0
2022-11-07 02:00:00,951.675,954.125,949.735,951.425,1174,1550,0
2022-11-07 03:00:00,951.575,953.205,947.745,951.185,1599,2280,0
2022-11-07 04:00:00,951.065,951.885,948.415,951.665,1313,1800,0
2022-11-07 05:00:00,951.655,954.355,948.325,952.705,1146,1890,0
2022-11-07 06:00:00,952.675,953.575,950.675,952.045,933,2010,0
2022-11-07 07:00:00,952.055,955.855,951.605,951.935,1235,2030,0
2022-11-07 08:00:00,951.905,953.715,950.975,952.415,1204,2290,0
2022-11-07 09:00:00,952.545,952.915,949.105,950.205,1635,590,0
2022-11-07 10:00:00,950.345,966.315,949.625,965.465,3148,1100,0
2022-11-07 11:00:00,965.465,971.865,963.905,967.695,2590,660,0
2022-11-07 12:00:00,967.735,971.495,964.125,965.615,1468,870,0
2022-11-07 13:00:00,965.615,968.305,962.8,966.145,1534,900,0
2022-11-07 14:00:00,966.145,967.155,962.525,966.035,1166,350,0
2022-11-07 15:00:00,966.045,972.595,963.625,970.805,3630,800,0
2022-11-07 16:00:00,970.855,972.365,966.825,968.525,2132,640,0
2022-11-07 17:00:00,968.525,975.485,967.725,974.815,2941,1320,0
2022-11-07 18:00:00,974.815,978.915,973.445,978.435,2608,1690,0
2022-11-07 19:00:00,978.415,982.155,976.725,981.335,2028,1250,0
2022-11-07 20:00:00,981.235,981.945,978.925,981.755,1235,1640,0
2022-11-07 21:00:00,981.785,984.745,981.125,983.615,1250,1470,0
2022-11-07 22:00:00,983.725,985.265,982.205,982.585,1432,1290,0
2022-11-07 23:00:00,982.565,983.98,982.155,983.49,754,2090,0
2022-11-08 01:00:00,982.6,983.83,980.775,981.555,882,2560,0
2022-11-08 02:00:00,981.625,983.235,980.535,982.485,877,1760,0
2022-11-08 03:00:00,982.635,983.645,980.115,981.295,1247,2170,0
2022-11-08 04:00:00,981.315,981.765,978.495,978.905,1083,2340,0
2022-11-08 05:00:00,978.925,979.875,976.78,976.885,897,2500,0
2022-11-08 06:00:00,976.875,977.765,975.825,976.635,854,2450,0
2022-11-08 07:00:00,976.665,976.945,974.095,975.005,1092,2290,0
2022-11-08 08:00:00,975.025,984.785,975.025,982.155,1140,2190,0
2022-11-08 09:00:00,982.195,983.165,977.535,982.955,2033,1080,0
2022-11-08 10:00:00,982.955,984.365,972.975,974.36,2664,1110,0
2022-11-08 11:00:00,974.35,979.155,969.155,978.905,1538,460,0
2022-11-08 12:00:00,978.895,980.365,975.9,975.9,956,1280,0
2022-11-08 13:00:00,975.94,979.43,975.34,978.27,958,720,0
2022-11-08 14:00:00,978.27,980.19,975.61,979.5,1152,1700,0
2022-11-08 15:00:00,979.51,982.52,975.53,977.97,2217,1750,0
2022-11-08 16:00:00,977.92,988.74,977.83,987.22,3002,1790,0
2022-11-08 17:00:00,986.87,999.26,986.87,996.85,4722,1440,0
2022-11-08 18:00:00,996.87,1003.83,996.87,1000.52,2426,1110,0
2022-11-08 19:00:00,1000.54,1002.17,999.07,1001.61,1763,1410,0
2022-11-08 20:00:00,1001.57,1003.1,993.805,997.305,2533,1360,0
2022-11-08 21:00:00,997.025,998.395,992.275,997.185,4249,610,0
2022-11-08 22:00:00,997.175,1001.585,996.915,999.905,2333,2070,0
2022-11-08 23:00:00,999.905,1000.675,999.07,999.83,627,2690,0
2022-11-09 01:00:00,1000.295,1001.485,997.035,1000.535,1021,1150,0
2022-11-09 02:00:00,1000.505,1000.565,995.985,998.585,1028,2130,0
2022-11-09 03:00:00,998.605,1001.725,997.685,999.555,1344,1470,0
2022-11-09 04:00:00,999.655,1002.695,998.835,999.655,1276,2190,0
2022-11-09 05:00:00,999.585,1005.615,999.585,1003.155,1572,2410,0
2022-11-09 06:00:00,1003.235,1006.215,1002.015,1005.415,1308,2470,0
2022-11-09 07:00:00,1005.305,1006.675,1002.885,1005.195,1382,1140,0
2022-11-09 08:00:00,1005.035,1006.505,1003.445,1004.425,2549,360,0
2022-11-09 09:00:00,1004.425,1009.625,1003.735,1004.225,3080,420,0
2022-11-09 10:00:00,1004.225,1010.825,1000.975,1002.585,3773,440,0
2022-11-09 11:00:00,1002.585,1003.245,994.845,996.165,3360,1190,0
2022-11-09 12:00:00,996.255,998.005,990.895,997.105,3433,1110,0
2022-11-09 13:00:00,997.015,999.895,996.065,996.215,1568,840,0
2022-11-09 14:00:00,996.315,999.485,993.535,995.965,1891,360,0
2022-11-09 15:00:00,995.965,996.435,983.875,989.885,4668,660,0
2022-11-09 16:00:00,989.985,996.775,988.945,992.655,4474,430,0
2022-11-09 17:00:00,992.565,1001.465,982.305,985.585,6329,1000,0
2022-11-09 18:00:00,985.555,992.345,985.055,990.415,2479,1140,0
2022-11-09 19:00:00,990.275,990.785,987.035,989.335,1991,410,0
2022-11-09 20:00:00,989.335,990.415,986.035,987.065,2036,1740,0
2022-11-09 21:00:00,986.965,987.565,983.405,986.005,1778,1440,0
2022-11-09 22:00:00,985.955,988.855,985.405,986.735,2990,1310,0
2022-11-09 23:00:00,986.725,989.135,985.17,988.15,967,1350,0
2022-11-10 01:00:00,988.745,989.105,982.98,988.58,1010,1090,0
2022-11-10 02:00:00,989.025,990.365,987.325,990.275,947,2050,0
2022-11-10 03:00:00,990.295,993.035,989.035,990.035,1449,2300,0
2022-11-10 04:00:00,989.975,991.525,987.535,991.505,1281,2300,0
2022-11-10 05:00:00,991.535,993.405,990.665,991.915,1106,2340,0
2022-11-10 06:00:00,992.075,992.865,990.34,992.385,833,2280,0
2022-11-10 07:00:00,992.395,995.575,991.355,993.955,1141,2440,0
2022-11-10 08:00:00,993.905,994.455,990.42,991.225,1363,560,0
2022-11-10 09:00:00,991.225,991.855,988.725,990.105,2720,1960,0
2022-11-10 10:00:00,990.105,993.915,989.065,990.225,2084,1900,0
2022-11-10 11:00:00,990.225,992.905,986.125,990.115,1911,360,0
2022-11-10 12:00:00,990.175,992.785,985.925,992.595,1897,350,0
2022-11-10 13:00:00,992.885,996.785,990.535,991.045,2557,350,0
2022-11-10 14:00:00,991.045,995.945,991.045,995.925,1780,1540,0
2022-11-10 15:00:00,995.925,1019.945,994.325,1019.945,7628,350,0
2022-11-10 16:00:00,1019.945,1033.695,1017.075,1031.525,11182,400,0
2022-11-10 17:00:00,1031.595,1037.905,1030.835,1035.045,7761,1130,0
2022-11-10 18:00:00,1035.035,1041.025,1029.285,1040.815,4143,780,0
2022-11-10 19:00:00,1040.845,1041.145,1034.495,1037.315,3219,1360,0
2022-11-10 20:00:00,1037.215,1043.605,1036.525,1042.415,2602,1460,0
2022-11-10 21:00:00,1042.395,1044.135,1041.535,1042.575,1633,1290,0
2022-11-10 22:00:00,1042.455,1042.585,1038.25,1039.615,1253,2230,0
2022-11-10 23:00:00,1039.585,1040.275,1031.28,1032.93,1028,2780,0
2022-11-11 01:00:00,1030.11,1034.775,1029.47,1033.225,1221,840,0
2022-11-11 02:00:00,1033.225,1034.395,1029.195,1032.755,1344,350,0
2022-11-11 03:00:00,1033.025,1036.095,1031.595,1032.495,2473,360,0
2022-11-11 04:00:00,1032.615,1038.815,1032.065,1038.615,1434,1410,0
2022-11-11 05:00:00,1038.575,1038.795,1036.595,1036.945,1134,1370,0
2022-11-11 06:00:00,1036.855,1041.535,1033.425,1040.725,995,1210,0
2022-11-11 07:00:00,1040.715,1049.255,1039.655,1048.165,1816,2190,0
2022-11-11 08:00:00,1048.145,1050.455,1043.075,1046.685,3413,750,0
2022-11-11 09:00:00,1046.845,1052.995,1046.695,1052.365,2910,1150,0
2022-11-11 10:00:00,1052.375,1059.365,1048.935,1058.235,4108,350,0
2022-11-11 11:00:00,1058.145,1058.225,1052.935,1055.775,3494,770,0
2022-11-11 12:00:00,1055.615,1058.495,1047.895,1048.105,3992,350,0
2022-11-11 13:00:00,1049.905,1050.415,1043.185,1043.535,3298,350,0
2022-11-11 14:00:00,1043.555,1045.405,1039.555,1041.505,3154,1890,0
2022-11-11 15:00:00,1041.535,1048.565,1039.055,1040.925,4522,1910,0
2022-11-11 16:00:00,1040.985,1043.245,1033.175,1034.555,6465,350,0
2022-11-11 17:00:00,1034.555,1038.755,1030.895,1035.575,7090,420,0
2022-11-11 18:00:00,1035.545,1037.225,1024.855,1027.455,3656,550,0
2022-11-11 19:00:00,1027.385,1029.415,1022.805,1025.495,2816,800,0
2022-11-11 20:00:00,1025.495,1029.395,1024.645,1027.405,2293,700,0
2022-11-11 21:00:00,1027.415,1031.615,1025.395,1031.15,1481,1970,0
2022-11-11 22:00:00,1031.22,1033.345,1029.12,1030.14,1731,400,0
2022-11-11 23:00:00,1030.14,1034.025,1025.21,1025.21,571,350,0
2022-11-14 01:00:00,1028.7,1033.235,1024.15,1032.905,1997,470,0
2022-11-14 02:00:00,1032.955,1034.745,1029.32,1030.855,2252,380,0
2022-11-14 03:00:00,1030.855,1033.565,1025.725,1026.105,4178,1130,0
2022-11-14 04:00:00,1026.055,1028.425,1022.045,1028.085,3038,350,0
2022-11-14 05:00:00,1028.215,1029.015,1023.815,1024.515,1747,1900,0
2022-11-14 06:00:00,1024.545,1024.715,1021.415,1022.365,1417,630,0
2022-11-14 07:00:00,1022.415,1022.465,1014.565,1015.165,2125,640,0
2022-11-14 08:00:00,1015.165,1018.625,1014.465,1017.915,2247,1480,0
2022-11-14 09:00:00,1019.055,1021.545,1016.085,1021.495,2543,780,0
2022-11-14 10:00:00,1021.615,1026.895,1018.595,1022.985,2810,520,0
2022-11-14 11:00:00,1022.915,1022.985,1016.435,1017.205,3017,780,0
2022-11-14 12:00:00,1017.225,1018.575,1003.235,1010.775,2742,370,0
2022-11-14 13:00:00,1010.825,1010.855,1006.565,1008.155,2044,1330,0
2022-11-14 14:00:00,1008.195,1015.915,1007.095,1015.415,2423,1460,0
2022-11-14 15:00:00,1015.415,1016.125,1005.625,1010.945,3352,350,0
2022-11-14 16:00:00,1010.945,1016.755,1009.215,1015.975,4555,1180,0
2022-11-14 17:00:00,1016.065,1023.485,1015.595,1022.655,3627,790,0
2022-11-14 18:00:00,1022.655,1023.975,1017.585,1021.055,2458,930,0
2022-11-14 19:00:00,1021.085,1023.405,1020.165,1022.005,2036,1340,0
2022-11-14 20:00:00,1022.035,1027.625,1021.625,1026.675,1657,1240,0
2022-11-14 21:00:00,1026.635,1027.095,1024.205,1024.545,1242,1280,0
2022-11-14 22:00:00,1024.575,1025.445,1019.225,1019.225,653,650,0
2022-11-14 23:00:00,1019.225,1019.985,1018.86,1019.68,324,2140,0
2022-11-15 01:00:00,1016.9,1020.025,1013.595,1015.385,618,360,0
2022-11-15 02:00:00,1015.385,1018.34,1014.705,1015.555,1080,1750,0
2022-11-15 03:00:00,1015.665,1018.345,1012.395,1014.1,2854,1430,0
2022-11-15 04:00:00,1014.1,1020.825,1013.425,1016.765,598,1880,0
2022-11-15 05:00:00,1016.795,1019.405,1016.505,1017.255,992,2670,0
2022-11-15 06:00:00,1017.475,1020.375,1017.475,1017.695,898,2370,0
2022-11-15 07:00:00,1017.825,1022.385,1017.555,1018.945,1156,2620,0
2022-11-15 08:00:00,1018.945,1022.625,1017.955,1022.385,1213,2560,0
2022-11-15 09:00:00,1022.955,1033.065,1022.955,1031.015,2188,440,0
2022-11-15 10:00:00,1030.955,1032.545,1025.165,1029.265,1874,470,0
2022-11-15 11:00:00,1029.265,1033.675,1027.165,1032.585,1815,350,0
2022-11-15 12:00:00,1032.585,1033.605,1029.045,1033.175,2055,830,0
2022-11-15 13:00:00,1033.215,1034.895,1025.725,1027.865,2077,1210,0
2022-11-15 14:00:00,1027.765,1028.755,1024.895,1027.795,1202,1750,0
2022-11-15 15:00:00,1027.795,1040.115,1025.745,1034.675,3512,640,0
2022-11-15 16:00:00,1034.675,1035.535,1018.285,1018.425,4844,1560,0
2022-11-15 17:00:00,1018.445,1023.955,1012.395,1015.415,5159,740,0
2022-11-15 18:00:00,1015.345,1017.115,1009.375,1013.605,6587,600,0
2022-11-15 19:00:00,1013.625,1016.145,1009.155,1016.145,2730,1410,0
2022-11-15 20:00:00,1016.115,1018.125,1007.85,1013.885,5437,840,0
2022-11-15 21:00:00,1014.035,1017.545,1009.785,1016.995,5289,2350,0
2022-11-15 22:00:00,1017.045,1018.675,1015.985,1017.285,1679,2150,0
2022-11-15 23:00:00,1017.315,1018.665,1015.22,1015.37,878,2470,0
2022-11-16 01:00:00,1014.655,1022.785,1012.76,1021.545,867,350,0
2022-11-16 02:00:00,1021.525,1023.075,1014.375,1017.575,1098,350,0
2022-11-16 03:00:00,1017.535,1018.465,1012.405,1015.855,1587,680,0
2022-11-16 04:00:00,1015.855,1020.685,1015.615,1020.125,1277,790,0
2022-11-16 05:00:00,1020.125,1020.395,1012.805,1012.905,1093,1180,0
2022-11-16 06:00:00,1012.905,1014.275,1009.995,1013.135,1095,390,0
2022-11-16 07:00:00,1013.115,1018.965,1011.825,1018.615,1377,1330,0
2022-11-16 08:00:00,1018.625,1019.695,1015.17,1017.025,1229,1280,0
2022-11-16 09:00:00,1017.025,1020.495,1008.625,1019.395,2606,350,0
2022-11-16 10:00:00,1019.245,1020.575,1014.875,1018.435,1285,590,0
2022-11-16 11:00:00,1017.74,1024.555,1016.6,1022.795,1407,400,0
2022-11-16 12:00:00,1022.795,1025.915,1020.63,1022.275,765,480,0
2022-11-16 13:00:00,1022.275,1024.575,1015.995,1019.355,1384,350,0
2022-11-16 14:00:00,1019.225,1019.905,1014.685,1017.995,1762,2100,0
2022-11-16 15:00:00,1018.095,1019.715,1010.035,1014.495,4336,1230,0
2022-11-16 16:00:00,1014.555,1018.375,1002.645,1005.655,4268,380,0
2022-11-16 17:00:00,1005.655,1011.805,1004.41,1010.995,3171,430,0
2022-11-16 18:00:00,1010.975,1013.205,1007.155,1007.275,2551,1250,0
2022-11-16 19:00:00,1007.275,1010.195,1006.105,1008.755,2469,1580,0
2022-11-16 20:00:00,1008.825,1009.435,1003.955,1005.005,2260,1930,0
2022-11-16 21:00:00,1005.075,1007.705,1003.735,1007.485,3559,1940,0
2022-11-16 22:00:00,1007.525,1007.835,1005.225,1006.565,3102,2250,0
2022-11-16 23:00:00,1006.575,1008.435,1006.235,1006.75,1352,2500,0
2022-11-17 01:00:00,1006.125,1008.295,1005.485,1007.275,905,2050,0
2022-11-17 02:00:00,1007.165,1007.585,1005.905,1007.115,719,2430,0
2022-11-17 03:00:00,1007.125,1007.995,1003.085,1004.785,1409,2150,0
2022-11-17 04:00:00,1004.765,1006.525,1003.625,1004.715,890,360,0
2022-11-17 05:00:00,1004.865,1006.825,1003.34,1005.625,1151,500,0
2022-11-17 06:00:00,1005.645,1005.705,1001.545,1002.985,963,1520,0
2022-11-17 07:00:00,1003.075,1003.685,1001.415,1001.775,1575,1380,0
2022-11-17 08:00:00,1001.755,1009.295,1001.755,1008.615,1472,1570,0
2022-11-17 09:00:00,1008.525,1011.485,1006.925,1008.265,2488,1650,0
2022-11-17 10:00:00,1008.415,1012.355,1005.815,1006.075,2983,1230,0
2022-11-17 11:00:00,1006.045,1007.285,1001.705,1003.685,2775,710,0
2022-11-17 12:00:00,1003.675,1005.085,995.525,998.635,991,740,0
2022-11-17 13:00:00,998.635,999.855,995.465,999.125,2116,1210,0
2022-11-17 14:00:00,999.175,1000.265,991.735,992.445,2370,1230,0
2022-11-17 15:00:00,992.545,995.925,984.035,989.745,5272,390,0
2022-11-17 16:00:00,989.705,991.425,983.325,983.625,1488,650,0
2022-11-17 17:00:00,983.515,993.825,982.925,985.935,2834,350,0
2022-11-17 18:00:00,985.935,988.095,979.405,982.995,2932,350,0
2022-11-17 19:00:00,983.085,984.385,980.575,984.195,1870,1950,0
2022-11-17 20:00:00,984.285,986.275,983.705,984.285,1353,2390,0
2022-11-17 21:00:00,984.265,985.685,980.915,982.195,1166,2450,0
2022-11-17 22:00:00,982.305,983.975,980.895,983.955,1019,2480,0
2022-11-17 23:00:00,983.955,984.155,981.645,982.77,622,2720,0
2022-11-18 01:00:00,979.84,986.225,979.84,985.795,812,2370,0
2022-11-18 02:00:00,985.805,989.065,985.805,988.415,919,1820,0
2022-11-18 03:00:00,988.265,990.135,984.815,987.495,1415,2470,0
2022-11-18 04:00:00,987.485,989.815,987.485,988.055,1217,2400,0
2022-11-18 05:00:00,988.135,992.165,987.585,990.845,1181,1920,0
2022-11-18 06:00:00,990.815,990.845,982.995,986.485,854,1170,0
2022-11-18 07:00:00,986.425,986.805,983.145,986.685,1090,970,0
2022-11-18 08:00:00,986.685,987.165,979.885,982.555,1108,1020,0
2022-11-18 09:00:00,982.875,987.765,981.705,986.115,1742,360,0
2022-11-18 10:00:00,985.845,986.345,980.025,983.315,2162,1020,0
2022-11-18 11:00:00,983.225,989.435,981.895,985.385,1700,1600,0
2022-11-18 12:00:00,985.355,986.175,982.98,985.355,749,610,0
2022-11-18 13:00:00,985.355,985.905,981.865,983.225,1444,1410,0
2022-11-18 14:00:00,983.225,987.305,981.925,982.605,1097,1760,0
2022-11-18 15:00:00,982.605,991.785,979.955,987.255,3394,1680,0
2022-11-18 16:00:00,987.255,989.675,980.035,982.775,2654,1160,0
2022-11-18 17:00:00,982.875,987.265,979.545,985.695,3436,1930,0
2022-11-18 18:00:00,985.625,988.265,982.515,983.355,2251,1470,0
2022-11-18 19:00:00,983.425,983.885,974.675,977.665,2361,2330,0
2022-11-18 20:00:00,977.685,982.505,976.075,978.425,1440,2450,0
2022-11-18 21:00:00,978.445,980.015,976.935,978.135,1119,2260,0
2022-11-18 22:00:00,978.055,981.195,976.325,980.055,1477,2090,0
2022-11-18 23:00:00,980.075,980.915,974.78,975.05,739,2150,0
2022-11-21 01:00:00,977.99,982.685,977.8,982.34,909,2150,0
2022-11-21 02:00:00,982.435,982.925,977.615,978.275,803,2200,0
2022-11-21 03:00:00,978.235,978.725,972.745,973.385,1563,1390,0
2022-11-21 04:00:00,973.415,974.885,971.585,973.875,1104,2380,0
2022-11-21 05:00:00,973.865,977.195,973.665,977.085,832,1980,0
2022-11-21 06:00:00,977.085,977.475,973.3,974.725,752,1720,0
2022-11-21 07:00:00,974.875,975.615,973.245,975.555,984,1870,0
2022-11-21 08:00:00,975.445,976.665,972.605,972.655,1015,1760,0
2022-11-21 09:00:00,972.655,975.475,970.365,971.405,1480,370,0
2022-11-21 10:00:00,971.535,975.315,969.975,971.925,1728,360,0
2022-11-21 11:00:00,971.965,972.285,965.325,967.215,2086,1310,0
2022-11-21 12:00:00,967.215,972.67,966.975,971.775,2261,500,0
2022-11-21 13:00:00,971.775,973.285,970.135,972.585,1520,670,0
2022-11-21 14:00:00,972.685,976.355,968.755,976.005,1337,990,0
2022-11-21 15:00:00,976.145,990.295,975.405,986.305,3000,350,0
2022-11-21 16:00:00,986.405,988.835,976.325,978.925,2172,1290,0
2022-11-21 17:00:00,978.925,980.725,974.425,978.025,1893,490,0
2022-11-21 18:00:00,978.025,978.425,972.195,972.245,1551,1530,0
2022-11-21 19:00:00,972.355,982.475,972.125,981.625,1953,2150,0
2022-11-21 20:00:00,981.525,987.045,980.635,983.635,1647,2150,0
2022-11-21 21:00:00,983.605,985.115,982.37,982.975,1104,2150,0
2022-11-21 22:00:00,982.905,985.475,982.515,985.195,1134,2150,0
2022-11-21 23:00:00,985.165,985.355,982.36,982.43,509,2690,0
2022-11-22 01:00:00,983.225,985.635,981.995,984.485,744,2580,0
2022-11-22 02:00:00,984.585,990.345,984.135,988.825,996,2220,0
2022-11-22 03:00:00,988.815,993.215,988.465,990.265,1299,2450,0
2022-11-22 04:00:00,990.145,993.055,988.815,992.445,1079,2510,0
2022-11-22 05:00:00,992.395,993.745,991.485,992.995,930,2300,0
2022-11-22 06:00:00,992.985,994.81,992.555,994.415,834,2350,0
2022-11-22 07:00:00,994.515,994.515,987.975,988.605,1112,2540,0
2022-11-22 08:00:00,988.625,990.795,985.685,985.725,1112,2280,0
2022-11-22 09:00:00,985.745,990.475,985.315,988.235,2450,360,0
2022-11-22 10:00:00,987.675,992.425,985.395,989.225,4826,470,0
2022-11-22 11:00:00,989.295,998.375,988.705,996.225,2049,350,0
2022-11-22 12:00:00,996.225,998.605,994.735,994.805,2156,350,0
2022-11-22 13:00:00,994.805,998.135,993.265,997.965,2038,580,0
2022-11-22 14:00:00,998.135,998.135,993.425,995.165,1514,1430,0
2022-11-22 15:00:00,995.075,998.765,993.535,997.795,4215,1300,0
2022-11-22 16:00:00,997.895,1000.315,993.545,997.875,6172,1200,0
2022-11-22 17:00:00,997.775,1001.315,995.625,997.315,2239,410,0
2022-11-22 18:00:00,997.315,997.315,991.085,995.105,1614,360,0
2022-11-22 19:00:00,995.315,995.505,989.645,990.595,2489,450,0
2022-11-22 20:00:00,990.645,994.215,989.045,993.705,2479,1460,0
2022-11-22 21:00:00,993.705,993.895,991.745,992.795,1441,1410,0
2022-11-22 22:00:00,992.795,994.985,992.625,994.585,1528,1200,0
2022-11-22 23:00:00,994.675,995.525,992.1,992.1,770,1590,0
2022-11-23 01:00:00,990.14,995.125,990.065,994.625,423,1940,0
2022-11-23 02:00:00,994.625,997.39,993.715,994.165,710,1780,0
2022-11-23 03:00:00,994.045,995.665,991.925,993.725,1214,2080,0
2022-11-23 04:00:00,993.605,995.845,992.925,995.825,974,1690,0
2022-11-23 05:00:00,995.835,995.895,990.475,990.665,1028,1970,0
2022-11-23 06:00:00,990.665,990.775,988.715,990.085,820,2580,0
2022-11-23 07:00:00,990.075,991.685,988.215,989.885,1462,1640,0
2022-11-23 08:00:00,990.005,994.385,989.685,993.605,1560,650,0
2022-11-23 09:00:00,992.745,1001.855,992.205,998.795,1397,350,0
2022-11-23 10:00:00,998.765,1000.985,997.125,997.225,1427,430,0
2022-11-23 11:00:00,997.225,998.715,994.755,997.025,1469,1340,0
2022-11-23 12:00:00,997.065,997.225,992.945,993.755,1110,1490,0
2022-11-23 13:00:00,993.795,995.175,990.445,992.305,1388,1680,0
2022-11-23 14:00:00,992.355,994.715,988.145,990.775,1553,1270,0
2022-11-23 15:00:00,990.895,990.985,978.545,984.425,4351,350,0
2022-11-23 16:00:00,984.315,989.115,978.805,983.405,3588,360,0
2022-11-23 17:00:00,983.705,991.255,981.245,990.375,3383,630,0
2022-11-23 18:00:00,990.415,992.245,983.805,986.905,3523,1350,0
2022-11-23 19:00:00,986.805,991.905,985.755,990.405,1356,990,0
2022-11-23 20:00:00,990.455,993.255,989.69,990.105,980,1090,0
2022-11-23 21:00:00,990.005,999.855,989.505,998.905,5625,1110,0
2022-11-23 22:00:00,998.905,999.765,998.025,998.975,2975,940,0
2022-11-23 23:00:00,999.065,999.605,997.56,997.68,538,1890,0
2022-11-24 01:00:00,991.84,1001.515,991.84,1001.315,598,600,0
2022-11-24 02:00:00,1001.315,1002.055,997.925,998.125,727,350,0
2022-11-24 03:00:00,998.125,1002.865,997.595,1002.155,1326,350,0
2022-11-24 04:00:00,1002.065,1002.305,997.725,999.195,1006,1280,0
2022-11-24 05:00:00,999.215,1001.205,996.525,1000.645,958,1360,0
2022-11-24 06:00:00,1000.695,1000.845,997.525,999.815,713,1360,0
2022-11-24 07:00:00,999.05,1000.165,995.96,997.015,694,1300,0
2022-11-24 08:00:00,996.915,997.615,994.33,996.865,757,1110,0
2022-11-24 09:00:00,997.135,998.605,992.245,992.245,859,650,0
2022-11-24 10:00:00,992.115,997.135,990.385,995.295,1316,350,0
2022-11-24 11:00:00,995.235,997.595,990.105,991.605,1707,420,0
2022-11-24 12:00:00,991.605,994.505,989.715,992.085,1362,350,0
2022-11-24 13:00:00,992.125,994.305,990.235,993.655,1118,440,0
2022-11-24 14:00:00,993.615,994.645,991.285,993.595,1080,760,0
2022-11-24 15:00:00,993.595,995.075,987.425,990.155,1697,720,0
2022-11-24 16:00:00,990.365,991.045,986.755,987.385,1367,550,0
2022-11-24 17:00:00,987.285,991.545,986.785,989.845,1193,1420,0
2022-11-24 18:00:00,989.735,990.465,988.055,990.355,889,1690,0
2022-11-24 19:00:00,990.285,991.475,988.72,991.445,646,1980,0
2022-11-24 20:00:00,991.585,991.885,989.275,989.365,469,2110,0
2022-11-24 21:00:00,989.375,990.005,987.13,987.17,204,2640,0
2022-11-25 01:00:00,990.455,991.785,981.835,990.655,645,1770,0
2022-11-25 02:00:00,990.605,990.845,987.245,987.835,1044,1590,0
2022-11-25 03:00:00,987.945,991.385,987.625,990.665,1195,1820,0
2022-11-25 04:00:00,990.625,995.095,990.505,993.845,1071,370,0
2022-11-25 05:00:00,993.885,994.055,992.655,993.575,798,1340,0
2022-11-25 06:00:00,993.535,995.605,993.155,994.025,762,1350,0
2022-11-25 07:00:00,994.025,994.035,989.875,991.395,951,1070,0
2022-11-25 08:00:00,991.375,991.935,985.075,986.935,1959,1110,0
2022-11-25 09:00:00,986.965,987.015,981.745,982.025,1939,1390,0
2022-11-25 10:00:00,982.025,987.665,981.165,986.915,2569,1390,0
2022-11-25 11:00:00,986.895,987.945,981.925,983.955,2791,720,0
2022-11-25 12:00:00,983.975,988.445,982.465,987.085,2720,1340,0
2022-11-25 13:00:00,987.085,987.565,984.615,984.785,2036,1480,0
2022-11-25 14:00:00,984.795,986.615,982.895,984.055,2172,1390,0
2022-11-25 15:00:00,984.055,984.695,977.125,984.225,3863,1540,0
2022-11-25 16:00:00,984.255,989.485,980.895,986.965,4100,600,0
2022-11-25 17:00:00,986.945,987.895,977.525,980.455,2958,810,0
2022-11-25 18:00:00,980.475,982.395,978.385,981.18,2673,740,0
2022-11-25 19:00:00,981.18,985.185,979.925,981.905,2979,860,0
2022-11-25 20:00:00,982.405,984.83,978.5,979.38,1207,660,0
2022-11-28 01:00:00,978.3,981.52,975.695,979.89,622,1650,0
2022-11-28 02:00:00,979.89,981.53,976.075,981.085,591,3050,0
2022-11-28 03:00:00,981.095,981.225,975.405,975.685,2154,720,0
2022-11-28 04:00:00,975.445,979.345,974.045,978.925,2704,1050,0
2022-11-28 05:00:00,978.945,979.025,976.145,976.885,1566,1670,0
2022-11-28 06:00:00,976.835,979.545,975.685,978.155,733,1940,0
2022-11-28 07:00:00,978.125,978.305,974.825,976.235,1136,2480,0
2022-11-28 08:00:00,976.255,985.555,975.205,985.425,1345,2150,0
2022-11-28 09:00:00,985.535,987.175,982.115,983.975,2109,1630,0
2022-11-28 10:00:00,983.845,990.805,980.915,989.825,2039,800,0
2022-11-28 11:00:00,989.705,990.775,985.805,986.375,1604,570,0
2022-11-28 12:00:00,986.305,990.345,985.625,987.925,923,350,0
2022-11-28 13:00:00,987.925,991.725,987.225,988.835,871,540,0
2022-11-28 14:00:00,988.745,992.445,988.645,989.865,1648,1470,0
2022-11-28 15:00:00,989.795,1005.115,988.145,1001.945,3158,1040,0
2022-11-28 16:00:00,1001.945,1002.295,987.785,990.985,3996,950,0
2022-11-28 17:00:00,990.835,995.055,985.025,988.765,4030,1970,0
2022-11-28 18:00:00,988.775,990.845,984.845,989.255,2694,1620,0
2022-11-28 19:00:00,989.255,996.095,986.435,991.325,2733,1940,0
2022-11-28 20:00:00,991.265,994.005,988.545,988.845,1545,1920,0
2022-11-28 21:00:00,988.825,991.665,987.785,989.915,938,1760,0
2022-11-28 22:00:00,989.915,991.435,987.745,990.225,991,2360,0
2022-11-28 23:00:00,990.245,991.465,989.61,989.91,554,2780,0
2022-11-29 01:00:00,987.36,991.905,987.36,990.005,719,2260,0
2022-11-29 02:00:00,989.985,990.025,987.115,987.645,846,2150,0
2022-11-29 03:00:00,987.505,994.975,987.505,994.805,1312,2500,0
2022-11-29 04:00:00,994.865,997.975,993.885,995.055,1217,2370,0
2022-11-29 05:00:00,995.015,1000.825,994.835,999.445,1195,2520,0
2022-11-29 06:00:00,999.495,1003.605,997.785,1002.965,1082,2630,0
2022-11-29 07:00:00,1002.935,1005.515,1001.995,1003.895,1987,2390,0
2022-11-29 08:00:00,1003.895,1004.265,999.125,999.695,2405,2300,0
2022-11-29 09:00:00,999.705,1006.925,999.445,1006.115,3219,1680,0
2022-11-29 10:00:00,1006.135,1007.525,1000.505,1004.425,2491,630,0
2022-11-29 11:00:00,1004.425,1005.715,999.725,1001.025,1575,580,0
2022-11-29 12:00:00,1001.025,1004.765,1000.925,1001.465,1021,1050,0
2022-11-29 13:00:00,1001.315,1003.015,999.405,1002.465,1080,1010,0
2022-11-29 14:00:00,1002.505,1003.015,996.595,998.425,1306,1540,0
2022-11-29 15:00:00,998.455,1002.525,990.525,993.475,2353,1140,0
2022-11-29 16:00:00,993.565,1001.495,989.115,999.415,3609,350,0
2022-11-29 17:00:00,999.415,1010.845,999.335,1004.425,2791,350,0
2022-11-29 18:00:00,1004.425,1005.865,996.545,1003.425,3094,870,0
2022-11-29 19:00:00,1003.335,1004.435,1000.915,1001.325,2011,1690,0
2022-11-29 20:00:00,1001.325,1005.945,1000.705,1005.535,1535,2060,0
2022-11-29 21:00:00,1005.555,1007.545,1004.275,1005.285,1288,1330,0
2022-11-29 22:00:00,1005.285,1006.735,1003.525,1004.855,1002,1510,0
2022-11-29 23:00:00,1004.835,1005.995,1003.59,1003.82,495,1580,0
2022-11-30 01:00:00,1003.525,1005.055,1000.17,1003.005,615,2480,0
2022-11-30 02:00:00,1002.985,1007.195,1002.06,1005.845,1073,2110,0
2022-11-30 03:00:00,1005.855,1007.425,1003.625,1006.135,1019,3410,0
2022-11-30 04:00:00,1006.135,1007.025,1004.675,1006.385,1633,3190,0
2022-11-30 05:00:00,1006.395,1007.475,1006.255,1007.035,1198,3430,0
2022-11-30 06:00:00,1006.965,1009.865,1006.965,1007.255,758,2170,0
2022-11-30 07:00:00,1007.255,1007.655,1004.255,1005.055,1031,2510,0
2022-11-30 08:00:00,1005.005,1006.655,1004.125,1004.845,1250,1770,0
2022-11-30 09:00:00,1004.845,1010.615,1004.485,1009.255,2133,1470,0
2022-11-30 10:00:00,1009.235,1015.695,1008.0,1015.335,2210,620,0
2022-11-30 11:00:00,1015.335,1017.675,1010.785,1013.165,2274,350,0
2022-11-30 12:00:00,1013.165,1016.925,1012.985,1015.725,1274,550,0
2022-11-30 13:00:00,1015.725,1022.055,1015.415,1021.555,1833,480,0
2022-11-30 14:00:00,1021.655,1023.615,1019.025,1019.925,1846,1210,0
2022-11-30 15:00:00,1020.035,1034.435,1019.115,1027.895,4855,700,0
2022-11-30 16:00:00,1027.885,1039.835,1025.755,1034.335,3819,660,0
2022-11-30 17:00:00,1034.605,1034.935,1023.965,1030.8,3621,940,0
2022-11-30 18:00:00,1030.8,1036.245,1028.035,1032.025,2490,1750,0
2022-11-30 19:00:00,1032.615,1034.215,1027.035,1029.055,2359,700,0
2022-11-30 20:00:00,1029.105,1036.305,1024.555,1035.515,3387,750,0
2022-11-30 21:00:00,1035.355,1041.585,1034.125,1041.185,2898,1580,0
2022-11-30 22:00:00,1041.205,1041.455,1034.465,1035.625,1609,710,0
2022-11-30 23:00:00,1035.665,1036.315,1033.82,1033.82,845,2010,0
2022-12-01 01:00:00,1031.67,1041.475,1031.67,1040.865,1367,1660,0
2022-12-01 02:00:00,1040.885,1042.405,1039.385,1041.405,1337,1460,0
2022-12-01 03:00:00,1041.405,1042.895,1039.255,1039.605,1902,1890,0
2022-12-01 04:00:00,1039.565,1040.545,1037.23,1039.095,1263,2220,0
2022-12-01 05:00:00,1039.135,1042.775,1038.66,1041.325,1171,2470,0
2022-12-01 06:00:00,1041.325,1044.025,1039.51,1043.925,301,2100,0
2022-12-01 07:00:00,1043.925,1044.685,1040.82,1041.425,624,2810,0
2022-12-01 08:00:00,1041.425,1042.125,1039.025,1040.725,341,2300,0
2022-12-01 09:00:00,1040.725,1041.925,1034.825,1035.725,874,2010,0
2022-12-01 10:00:00,1035.925,1040.525,1035.325,1039.825,771,710,0
2022-12-01 11:00:00,1039.925,1040.645,1033.145,1034.095,1070,1190,0
2022-12-01 12:00:00,1034.095,1035.895,1030.735,1030.795,1667,1840,0
2022-12-01 13:00:00,1030.775,1032.235,1027.475,1030.735,1981,810,0
2022-12-01 14:00:00,1030.855,1037.285,1029.595,1033.105,1968,760,0
2022-12-01 15:00:00,1033.145,1044.935,1030.835,1042.235,5224,420,0
2022-12-01 16:00:00,1042.345,1055.475,1041.225,1052.885,4522,400,0
2022-12-01 17:00:00,1053.075,1055.305,1039.705,1044.025,4406,1290,0
2022-12-01 18:00:00,1044.025,1045.515,1040.325,1042.605,2923,1830,0
2022-12-01 19:00:00,1042.705,1045.285,1036.635,1042.105,2122,370,0
2022-12-01 20:00:00,1042.055,1045.635,1040.025,1042.525,1837,1940,0
2022-12-01 21:00:00,1042.525,1045.505,1040.145,1045.505,1264,940,0
2022-12-01 22:00:00,1045.505,1046.105,1042.9,1044.765,1141,930,0
2022-12-01 23:00:00,1044.895,1044.995,1042.575,1043.1,582,1980,0
2022-12-02 01:00:00,1038.95,1047.765,1038.47,1045.045,772,1830,0
2022-12-02 02:00:00,1044.995,1044.995,1040.89,1041.785,943,2300,0
2022-12-02 03:00:00,1041.605,1042.935,1039.575,1039.805,1281,2240,0
2022-12-02 04:00:00,1039.885,1042.035,1039.125,1041.825,1213,1880,0
2022-12-02 05:00:00,1041.675,1042.925,1039.005,1041.495,822,1910,0
2022-12-02 06:00:00,1041.515,1042.485,1037.915,1039.415,859,1930,0
2022-12-02 07:00:00,1039.425,1041.645,1037.695,1040.535,1062,2380,0
2022-12-02 08:00:00,1040.515,1044.055,1039.95,1042.605,1284,2250,0
2022-12-02 09:00:00,1042.735,1047.045,1041.445,1043.975,1690,1480,0
2022-12-02 10:00:00,1043.975,1044.535,1037.525,1042.855,2053,1540,0
2022-12-02 11:00:00,1042.805,1044.185,1038.425,1040.425,1642,580,0
2022-12-02 12:00:00,1040.425,1040.425,1031.725,1033.875,1636,1040,0
2022-12-02 13:00:00,1033.935,1035.015,1028.825,1030.335,1873,530,0
2022-12-02 14:00:00,1030.405,1030.865,1024.715,1027.975,1921,460,0
2022-12-02 15:00:00,1027.975,1029.245,1006.575,1009.885,8783,350,0
2022-12-02 16:00:00,1009.805,1016.765,1002.755,1014.585,6555,350,0
2022-12-02 17:00:00,1014.575,1017.175,1010.335,1015.635,4416,1410,0
2022-12-02 18:00:00,1015.565,1021.885,1013.335,1020.235,3117,650,0
2022-12-02 19:00:00,1020.235,1022.87,1014.695,1017.305,2554,1030,0
2022-12-02 20:00:00,1017.385,1019.835,1015.325,1016.565,1611,1490,0
2022-12-02 21:00:00,1016.725,1019.235,1015.525,1019.105,1181,1100,0
2022-12-02 22:00:00,1018.965,1020.75,1015.725,1016.355,1138,1180,0
2022-12-02 23:00:00,1016.335,1019.52,1009.92,1017.26,541,890,0
2022-12-05 01:00:00,1011.44,1026.165,1011.26,1025.915,1213,2439,0
2022-12-05 02:00:00,1025.875,1028.755,1024.395,1028.355,1631,2149,0
2022-12-05 03:00:00,1028.515,1031.405,1028.195,1028.495,1391,2079,0
2022-12-05 04:00:00,1028.445,1028.905,1026.25,1027.525,1134,2289,0
2022-12-05 05:00:00,1027.295,1027.445,1023.565,1027.075,1048,2299,0
2022-12-05 06:00:00,1027.125,1027.395,1022.475,1023.265,904,2399,0
2022-12-05 07:00:00,1023.275,1023.475,1019.745,1020.355,1072,2109,0
2022-12-05 08:00:00,1020.225,1021.095,1017.415,1019.645,1283,2279,0
2022-12-05 09:00:00,1019.645,1021.315,1015.545,1019.905,1389,1779,0
2022-12-05 10:00:00,1019.955,1023.675,1016.555,1021.815,1645,1259,0
2022-12-05 11:00:00,1021.925,1022.695,1015.84,1020.445,1452,1349,0
2022-12-05 12:00:00,1020.445,1022.635,1017.175,1021.765,1140,1509,0
2022-12-05 13:00:00,1021.695,1025.545,1021.115,1024.915,1470,1059,0
2022-12-05 14:00:00,1025.015,1025.865,1020.545,1024.915,1344,1449,0
2022-12-05 15:00:00,1024.945,1025.445,1014.235,1015.145,2459,1789,0
2022-12-05 16:00:00,1015.145,1016.185,1006.775,1006.775,3457,1029,0
2022-12-05 17:00:00,1006.565,1008.615,1001.225,1006.14,4391,499,0
2022-12-05 18:00:00,1006.14,1009.395,1002.655,1003.465,2030,869,0
2022-12-05 19:00:00,1003.345,1004.695,1000.795,1002.625,1774,609,0
2022-12-05 20:00:00,1002.525,1002.895,999.545,1000.145,1146,1749,0
2022-12-05 21:00:00,1000.145,1000.435,998.08,999.645,460,1239,0
2022-12-05 22:00:00,999.645,1000.135,998.38,999.245,582,1679,0
2022-12-05 23:00:00,999.245,1001.9,993.29,1001.22,727,789,0
2022-12-06 01:00:00,1000.645,1002.805,995.24,1001.735,905,2259,0
2022-12-06 02:00:00,1001.755,1002.805,998.35,1002.665,880,2279,0
2022-12-06 03:00:00,1002.765,1007.085,1002.255,1005.885,1307,1999,0
2022-12-06 04:00:00,1005.855,1008.495,1004.225,1004.725,1180,2139,0
2022-12-06 05:00:00,1004.835,1007.015,1003.34,1004.475,1189,2109,0
2022-12-06 06:00:00,1004.515,1005.365,1002.005,1002.025,990,1989,0
2022-12-06 07:00:00,1001.905,1002.805,997.875,998.905,1247,2109,0
2022-12-06 08:00:00,998.885,998.985,991.395,993.465,1453,1769,0
2022-12-06 09:00:00,993.835,1000.825,990.705,995.035,1756,1409,0
2022-12-06 10:00:00,995.015,998.595,992.175,996.185,2101,1009,0
2022-12-06 11:00:00,996.145,997.535,990.755,995.705,1720,319,0
2022-12-06 12:00:00,995.705,995.705,989.67,995.035,1524,589,0
2022-12-06 13:00:00,995.055,998.985,994.03,998.785,1304,849,0
2022-12-06 14:00:00,998.765,1002.265,997.225,1001.565,1343,1069,0
2022-12-06 15:00:00,1001.625,1003.535,995.085,1002.865,2631,889,0
2022-12-06 16:00:00,1002.955,1004.215,997.725,997.915,2279,1289,0
2022-12-06 17:00:00,997.875,999.075,992.565,995.215,2674,1449,0
2022-12-06 18:00:00,995.195,999.245,993.345,993.735,1993,809,0
2022-12-06 19:00:00,993.725,995.385,989.415,991.345,1720,1139,0
2022-12-06 20:00:00,991.345,992.135,986.845,987.745,1346,1499,0
2022-12-06 21:00:00,987.765,990.725,987.595,989.375,1218,2049,0
2022-12-06 22:00:00,989.465,991.425,989.035,990.955,1027,2109,0
2022-12-06 23:00:00,991.025,991.315,989.6,989.87,563,2529,0
2022-12-07 01:00:00,984.62,992.175,984.62,991.375,685,2109,0
2022-12-07 02:00:00,991.415,992.255,989.04,991.305,913,2269,0
2022-12-07 03:00:00,991.355,992.485,988.645,992.065,1201,2289,0
2022-12-07 04:00:00,992.105,993.305,990.88,991.585,1138,2419,0
2022-12-07 05:00:00,991.455,995.535,988.675,995.535,1066,2129,0
2022-12-07 06:00:00,995.465,995.675,990.48,991.565,844,2159,0
2022-12-07 07:00:00,991.535,995.585,991.535,992.435,1214,2529,0
2022-12-07 08:00:00,992.515,992.805,988.675,989.805,1184,2079,0
2022-12-07 09:00:00,989.685,991.285,985.585,986.815,1333,859,0
2022-12-07 10:00:00,986.815,988.485,982.345,988.095,1724,659,0
2022-12-07 11:00:00,988.025,988.155,982.785,984.165,1418,459,0
2022-12-07 12:00:00,984.185,987.755,981.15,987.245,1394,1199,0
2022-12-07 13:00:00,987.345,992.425,986.135,991.065,1504,839,0
2022-12-07 14:00:00,991.065,995.745,989.49,994.605,1761,1509,0
2022-12-07 15:00:00,994.485,1007.535,993.135,1005.365,2996,309,0
2022-12-07 16:00:00,1005.365,1018.635,1002.105,1013.635,3392,309,0
2022-12-07 17:00:00,1013.635,1018.425,1004.875,1008.045,4245,419,0
2022-12-07 18:00:00,1008.055,1008.695,997.695,1004.555,2332,769,0
2022-12-07 19:00:00,1004.455,1006.455,1002.395,1004.225,1690,1249,0
2022-12-07 20:00:00,1004.195,1009.975,1003.965,1008.615,1494,1429,0
2022-12-07 21:00:00,1008.565,1011.025,1006.52,1008.915,1051,1729,0
2022-12-07 22:00:00,1007.64,1009.425,1005.03,1006.615,787,1499,0
2022-12-07 23:00:00,1006.515,1007.025,1003.98,1004.85,471,1609,0
2022-12-08 01:00:00,1000.46,1008.175,1000.46,1007.265,570,1819,0
2022-12-08 02:00:00,1007.265,1007.465,1002.66,1003.515,513,2029,0
2022-12-08 03:00:00,1003.515,1003.515,1000.015,1002.535,1512,1669,0
2022-12-08 04:00:00,1002.525,1007.145,998.48,1005.275,1676,309,0
2022-12-08 05:00:00,1005.275,1010.295,1004.05,1010.135,920,79,0
2022-12-08 06:00:00,1010.135,1010.135,1005.89,1009.515,772,669,0
2022-12-08 07:00:00,1009.505,1010.785,1006.47,1010.635,891,529,0
2022-12-08 08:00:00,1010.655,1013.895,1009.605,1013.045,1131,709,0
2022-12-08 09:00:00,1013.035,1015.745,1011.525,1015.065,1353,749,0
2022-12-08 10:00:00,1015.065,1015.065,1008.56,1012.055,1291,439,0
2022-12-08 11:00:00,1012.055,1013.355,1005.38,1008.505,942,659,0
2022-12-08 12:00:00,1008.585,1008.585,1002.91,1006.395,838,899,0
2022-12-08 13:00:00,1005.06,1006.665,1001.48,1004.585,906,879,0
2022-12-08 14:00:00,1004.585,1007.135,1001.69,1004.475,1124,1029,0
2022-12-08 15:00:00,1004.435,1009.725,1001.225,1005.575,2364,309,0
2022-12-08 16:00:00,1005.735,1011.645,1004.295,1010.845,2867,319,0
2022-12-08 17:00:00,1010.845,1013.335,1006.475,1007.685,2230,529,0
2022-12-08 18:00:00,1007.585,1010.875,1004.425,1009.765,1603,369,0
2022-12-08 19:00:00,1009.535,1010.525,1005.63,1007.785,1222,419,0
2022-12-08 20:00:00,1007.695,1011.485,1006.05,1006.845,1081,309,0
2022-12-08 21:00:00,1006.845,1008.685,1002.82,1004.2,700,309,0
2022-12-08 22:00:00,1004.2,1006.835,1002.98,1005.925,999,309,0
2022-12-08 23:00:00,1006.725,1007.325,1004.38,1006.16,560,319,0
2022-12-09 01:00:00,1005.755,1009.575,1001.02,1007.985,561,240,0
2022-12-09 02:00:00,1007.985,1008.745,1003.38,1008.165,691,280,0
2022-12-09 03:00:00,1008.115,1013.035,1007.965,1011.015,1402,519,0
2022-12-09 04:00:00,1010.975,1011.535,1007.64,1010.625,1040,639,0
2022-12-09 05:00:00,1010.725,1015.405,1010.625,1014.745,1092,659,0
2022-12-09 06:00:00,1014.745,1015.175,1013.425,1014.195,906,1289,0
2022-12-09 07:00:00,1014.195,1015.885,1013.545,1014.495,1100,979,0
2022-12-09 08:00:00,1014.485,1016.185,1010.93,1013.165,1140,649,0
2022-12-09 09:00:00,1013.195,1014.505,1011.135,1013.505,1288,1009,0
2022-12-09 10:00:00,1013.385,1013.425,1002.885,1004.265,1601,1849,0
2022-12-09 11:00:00,1004.235,1004.235,1000.615,1001.645,1654,1989,0
2022-12-09 12:00:00,1001.695,1005.205,1001.485,1005.095,1212,1559,0
2022-12-09 13:00:00,1005.075,1008.405,1004.415,1007.365,1214,1369,0
2022-12-09 14:00:00,1007.375,1007.395,1004.765,1006.525,1192,1789,0
2022-12-09 15:00:00,1006.425,1009.995,993.005,1002.875,5172,1389,0
2022-12-09 16:00:00,1002.285,1010.795,998.445,1007.025,2361,1409,0
2022-12-09 17:00:00,1006.925,1011.195,1003.265,1008.225,3389,1519,0
2022-12-09 18:00:00,1008.195,1024.025,1007.955,1023.745,2631,409,0
2022-12-09 19:00:00,1023.745,1029.575,1016.825,1028.835,2604,339,0
2022-12-09 20:00:00,1028.785,1029.525,1024.415,1028.965,1914,509,0
2022-12-09 21:00:00,1028.975,1031.465,1026.705,1029.485,1291,349,0
2022-12-09 22:00:00,1029.525,1029.535,1021.855,1022.555,1499,309,0
2022-12-09 23:00:00,1022.705,1026.97,1022.585,1026.59,533,1549,0
2022-12-12 01:00:00,1018.56,1023.855,1016.885,1018.685,1334,1829,0
2022-12-12 02:00:00,1018.715,1020.095,1014.805,1015.665,1203,1149,0
2022-12-12 03:00:00,1015.665,1017.785,1010.245,1013.955,1466,1169,0
2022-12-12 04:00:00,1013.925,1014.975,1012.46,1013.665,1104,1909,0
2022-12-12 05:00:00,1013.745,1015.445,1013.285,1015.445,701,1669,0
2022-12-12 06:00:00,1015.345,1016.345,1014.22,1014.765,661,1589,0
2022-12-12 07:00:00,1014.735,1015.425,1012.745,1014.125,893,1739,0
2022-12-12 08:00:00,1014.155,1017.925,1012.865,1017.915,1169,2109,0
2022-12-12 09:00:00,1017.805,1023.735,1015.905,1022.335,1229,1099,0
2022-12-12 10:00:00,1022.445,1025.275,1022.135,1023.285,1266,819,0
2022-12-12 11:00:00,1023.305,1025.415,1019.245,1021.885,945,1439,0
2022-12-12 12:00:00,1021.985,1022.375,1017.745,1020.525,1091,1519,0
2022-12-12 13:00:00,1020.575,1021.165,1014.91,1015.545,860,1289,0
2022-12-12 14:00:00,1015.665,1017.995,1010.045,1011.325,1245,539,0
2022-12-12 15:00:00,1011.335,1011.475,1004.755,1007.045,2798,809,0
2022-12-12 16:00:00,1007.045,1009.255,998.055,998.675,3612,309,0
2022-12-12 17:00:00,998.725,1005.025,996.755,1004.065,2656,1639,0
2022-12-12 18:00:00,1004.085,1004.425,999.58,1002.865,1766,1749,0
2022-12-12 19:00:00,1002.845,1004.125,999.645,1002.045,1340,1739,0
2022-12-12 20:00:00,1002.245,1002.745,999.465,1002.015,1748,1159,0
2022-12-12 21:00:00,1002.015,1002.17,997.97,1000.745,911,1139,0
2022-12-12 22:00:00,1000.745,1004.045,1000.645,1003.665,761,1509,0
2022-12-12 23:00:00,1003.645,1003.845,1001.73,1002.38,503,1639,0
2022-12-13 01:00:00,999.66,1004.795,993.525,1004.595,701,2109,0
2022-12-13 02:00:00,1004.615,1005.55,1002.73,1004.685,699,2069,0
2022-12-13 03:00:00,1004.635,1007.275,1003.82,1005.065,859,1879,0
2022-12-13 04:00:00,1004.955,1008.755,1004.67,1007.745,1081,2339,0
2022-12-13 05:00:00,1007.695,1007.945,1001.93,1002.835,938,2209,0
2022-12-13 06:00:00,1002.885,1003.075,1000.36,1002.405,746,1639,0
2022-12-13 07:00:00,1002.355,1006.155,1000.58,1005.995,1048,1989,0
2022-12-13 08:00:00,1006.015,1006.275,1004.0,1004.965,990,2359,0
2022-12-13 09:00:00,1004.955,1010.945,1004.325,1007.545,1314,1149,0
2022-12-13 10:00:00,1007.605,1009.165,1004.27,1006.655,1420,1669,0
2022-12-13 11:00:00,1006.565,1007.415,1001.07,1005.685,1248,529,0
2022-12-13 12:00:00,1005.785,1013.555,1002.69,1010.995,1111,429,0
2022-12-13 13:00:00,1011.105,1013.845,1009.895,1011.525,1210,1349,0
2022-12-13 14:00:00,1011.605,1016.245,1011.44,1015.835,1246,1189,0
2022-12-13 15:00:00,1015.835,1036.065,1013.555,1035.375,7838,339,0
2022-12-13 16:00:00,1035.475,1046.935,1034.675,1043.215,5836,309,0
2022-12-13 17:00:00,1043.195,1044.925,1030.825,1033.055,3816,309,0
2022-12-13 18:00:00,1033.055,1039.745,1029.745,1032.545,2619,309,0
2022-12-13 19:00:00,1032.545,1035.505,1028.545,1032.245,3795,509,0
2022-12-13 20:00:00,1032.245,1037.015,1029.735,1035.145,2508,689,0
2022-12-13 21:00:00,1034.945,1037.945,1033.345,1034.745,414,1389,0
2022-12-13 22:00:00,1034.745,1036.605,1033.46,1035.465,970,1769,0
2022-12-13 23:00:00,1035.555,1036.705,1033.275,1034.16,741,2379,0
2022-12-14 01:00:00,1032.735,1035.855,1028.32,1032.075,1036,2229,0
2022-12-14 02:00:00,1032.025,1033.355,1029.14,1031.885,1167,2029,0
2022-12-14 03:00:00,1031.865,1034.765,1031.655,1033.985,1289,2149,0
2022-12-14 04:00:00,1034.015,1035.025,1031.375,1032.59,1041,2299,0
2022-12-14 05:00:00,1032.59,1036.295,1032.31,1033.585,891,1979,0
2022-12-14 06:00:00,1033.585,1034.045,1031.6,1032.635,848,1839,0
2022-12-14 07:00:00,1032.525,1035.025,1031.78,1033.825,1113,2129,0
2022-12-14 08:00:00,1033.835,1038.015,1033.725,1036.595,1297,2259,0
2022-12-14 09:00:00,1036.465,1037.925,1031.55,1034.745,1440,1519,0
2022-12-14 10:00:00,1034.755,1038.505,1033.745,1036.845,1128,1189,0
2022-12-14 11:00:00,1036.745,1037.945,1033.93,1036.945,840,1009,0
2022-12-14 12:00:00,1036.945,1037.845,1032.03,1034.795,1282,1099,0
2022-12-14 13:00:00,1034.805,1034.805,1028.555,1030.655,1344,689,0
2022-12-14 14:00:00,1030.655,1031.945,1024.175,1025.985,1301,1049,0
2022-12-14 15:00:00,1026.005,1028.745,1022.745,1025.025,1568,409,0
2022-12-14 16:00:00,1025.015,1030.215,1021.075,1028.955,2721,1129,0
2022-12-14 17:00:00,1028.855,1032.035,1024.385,1031.025,1988,1599,0
2022-12-14 18:00:00,1031.065,1034.235,1029.265,1031.395,1754,1389,0
2022-12-14 19:00:00,1031.425,1033.275,1028.635,1030.165,1654,1779,0
2022-12-14 20:00:00,1030.175,1034.325,1024.495,1024.575,1209,1909,0
2022-12-14 21:00:00,1024.555,1029.825,1019.125,1028.015,7101,2479,0
2022-12-14 22:00:00,1027.985,1035.525,1026.055,1028.825,5035,2169,0
2022-12-14 23:00:00,1028.845,1031.27,1028.695,1030.5,1167,2189,0
2022-12-15 01:00:00,1025.9,1031.56,1025.47,1029.195,940,2390,0
2022-12-15 02:00:00,1028.95,1030.925,1026.65,1030.475,1079,2059,0
2022-12-15 03:00:00,1030.445,1030.445,1019.855,1020.505,1740,2039,0
2022-12-15 04:00:00,1020.405,1021.165,1018.995,1019.655,1721,2059,0
2022-12-15 05:00:00,1019.555,1021.975,1017.535,1018.185,1075,1859,0
2022-12-15 06:00:00,1018.185,1018.575,1012.915,1013.465,1110,309,0
2022-12-15 07:00:00,1013.435,1021.215,1013.055,1020.835,988,309,0
2022-12-15 08:00:00,1020.885,1022.795,1017.945,1021.385,1006,379,0
2022-12-15 09:00:00,1021.385,1021.385,1010.345,1013.575,1554,319,0
2022-12-15 10:00:00,1013.455,1014.265,1006.535,1009.025,1989,309,0
2022-12-15 11:00:00,1009.025,1011.545,1005.945,1009.345,1232,559,0
2022-12-15 12:00:00,1009.345,1012.845,1007.13,1012.245,411,329,0
2022-12-15 13:00:00,1012.245,1020.245,1011.58,1018.615,618,779,0
2022-12-15 14:00:00,1018.405,1021.025,1014.755,1018.855,1577,1639,0
2022-12-15 15:00:00,1018.745,1023.535,1013.375,1016.035,5107,2109,0
2022-12-15 16:00:00,1015.845,1019.935,1010.695,1013.105,2858,1609,0
2022-12-15 17:00:00,1013.185,1014.355,1008.145,1013.885,2070,1579,0
2022-12-15 18:00:00,1013.865,1014.745,1005.145,1007.345,1587,879,0
2022-12-15 19:00:00,1007.405,1008.345,1003.245,1007.345,1066,1309,0
2022-12-15 20:00:00,1007.345,1008.645,1003.59,1004.345,1634,1049,0
2022-12-15 21:00:00,1004.345,1007.005,1003.6,1006.715,2418,649,0
2022-12-15 22:00:00,1006.745,1008.885,1005.545,1008.365,2861,629,0
2022-12-15 23:00:00,1008.385,1010.21,1006.245,1007.52,1035,909,0
2022-12-16 01:00:00,1006.08,1009.8,1003.72,1005.795,1091,1260,0
2022-12-16 02:00:00,1004.75,1010.115,1004.75,1010.045,1112,1619,0
2022-12-16 03:00:00,1009.875,1011.675,1007.835,1011.565,2620,1569,0
2022-12-16 04:00:00,1011.585,1014.595,1011.165,1013.745,1873,1109,0
2022-12-16 05:00:00,1013.745,1014.115,1007.84,1009.445,1960,1429,0
2022-12-16 06:00:00,1009.495,1010.175,1005.88,1006.125,1125,1539,0
2022-12-16 07:00:00,1006.085,1006.855,1004.125,1006.555,1701,2069,0
2022-12-16 08:00:00,1006.555,1010.525,1003.93,1010.055,2647,1909,0
2022-12-16 09:00:00,1010.035,1010.265,1001.845,1002.245,2193,1959,0
2022-12-16 10:00:00,1002.275,1002.655,994.26,998.085,2007,419,0
2022-12-16 11:00:00,998.005,998.715,990.765,993.375,2067,309,0
2022-12-16 12:00:00,993.365,999.395,992.835,997.655,2132,629,0
2022-12-16 13:00:00,997.595,1000.205,995.115,1000.135,1477,599,0
2022-12-16 14:00:00,1000.125,1003.175,996.395,1003.075,1260,1479,0
2022-12-16 15:00:00,1003.075,1004.075,993.095,1001.165,2427,1239,0
2022-12-16 16:00:00,1001.165,1008.485,995.545,1004.845,3182,1139,0
2022-12-16 17:00:00,1004.845,1005.145,992.875,993.515,2518,309,0
2022-12-16 18:00:00,993.555,994.625,990.345,992.095,2053,309,0
2022-12-16 19:00:00,992.055,996.265,991.24,993.175,1656,1349,0
2022-12-16 20:00:00,993.165,996.065,993.165,995.235,1469,1789,0
2022-12-16 21:00:00,994.38,995.875,993.0,994.865,1083,1619,0
2022-12-16 22:00:00,994.865,996.175,993.585,993.685,1202,1729,0
2022-12-16 23:00:00,993.705,994.735,989.41,992.6,489,1689,0
2022-12-19 01:00:00,990.02,998.45,988.02,996.445,1097,940,0
2022-12-19 02:00:00,996.445,1001.715,995.095,999.655,1450,559,0
2022-12-19 03:00:00,999.605,1005.555,999.115,1003.305,1382,1799,0
2022-12-19 04:00:00,1003.315,1004.805,999.145,1000.225,1438,1649,0
2022-12-19 05:00:00,1000.195,1002.115,998.62,999.855,1234,2089,0
2022-12-19 06:00:00,999.915,1000.315,998.295,999.465,734,2169,0
2022-12-19 07:00:00,999.435,999.585,996.245,997.395,916,2169,0
2022-12-19 08:00:00,997.265,998.585,995.805,998.425,971,2319,0
2022-12-19 09:00:00,998.415,1000.625,996.135,998.965,1023,2119,0
2022-12-19 10:00:00,999.025,1007.975,998.295,1007.225,1204,1009,0
2022-12-19 11:00:00,1007.225,1008.835,1003.095,1003.845,1048,1199,0
2022-12-19 12:00:00,1003.835,1006.695,1002.58,1004.285,853,1309,0
2022-12-19 13:00:00,1004.285,1005.345,1002.145,1002.495,1064,1839,0
2022-12-19 14:00:00,1002.485,1003.355,998.31,999.555,1019,1919,0
2022-12-19 15:00:00,999.455,1000.075,994.095,995.545,1261,569,0
2022-12-19 16:00:00,995.515,997.845,989.575,989.755,1316,1149,0
2022-12-19 17:00:00,989.725,998.205,987.595,988.295,2624,679,0
2022-12-19 18:00:00,988.295,991.815,985.175,988.845,1735,399,0
2022-12-19 19:00:00,988.765,990.855,983.645,985.145,1743,319,0
2022-12-19 20:00:00,985.235,985.955,983.03,983.685,1465,1469,0
2022-12-19 21:00:00,983.675,983.715,980.025,981.835,1395,1029,0
2022-12-19 22:00:00,981.825,982.705,980.085,981.515,983,1829,0
2022-12-19 23:00:00,981.565,982.555,980.685,982.5,570,2109,0
2022-12-20 01:00:00,978.29,984.535,978.29,984.285,870,1199,0
2022-12-20 02:00:00,984.285,984.285,980.05,983.065,886,2639,0
2022-12-20 03:00:00,983.035,985.225,982.345,983.885,1487,2409,0
2022-12-20 04:00:00,983.915,985.285,981.795,983.885,1156,1259,0
2022-12-20 05:00:00,983.885,991.275,982.205,985.815,2279,1349,0
2022-12-20 06:00:00,985.815,986.605,977.935,982.025,2801,859,0
2022-12-20 07:00:00,982.045,986.185,978.705,980.025,1864,1359,0
2022-12-20 08:00:00,980.025,987.215,977.975,983.525,1565,1819,0
2022-12-20 09:00:00,983.525,989.925,983.125,987.095,1421,1249,0
2022-12-20 10:00:00,987.095,998.605,984.195,996.455,2195,999,0
2022-12-20 11:00:00,996.435,1000.045,993.945,997.445,1765,1199,0
2022-12-20 12:00:00,997.445,1001.17,995.645,1000.905,1150,1269,0
2022-12-20 13:00:00,1000.905,1004.465,999.645,999.745,1836,989,0
2022-12-20 14:00:00,999.745,999.955,992.305,993.285,1650,1309,0
2022-12-20 15:00:00,993.285,1000.845,989.655,994.145,3142,1639,0
2022-12-20 16:00:00,994.245,1011.715,990.415,1008.745,4144,909,0
2022-12-20 17:00:00,1008.795,1017.455,1008.795,1011.965,4931,309,0
2022-12-20 18:00:00,1011.955,1014.225,1006.345,1009.465,3138,1969,0
2022-12-20 19:00:00,1009.565,1012.355,1007.855,1010.735,1833,1759,0
2022-12-20 20:00:00,1010.735,1012.585,1009.155,1011.825,1662,1369,0
2022-12-20 21:00:00,1011.825,1013.735,1010.505,1012.795,1595,1299,0
2022-12-20 22:00:00,1012.795,1012.795,1010.06,1010.415,1192,1579,0
2022-12-20 23:00:00,1010.415,1011.135,1008.615,1009.45,700,2059,0
2022-12-21 01:00:00,1007.7,1013.195,1006.655,1010.475,799,2100,0
2022-12-21 02:00:00,1010.465,1012.365,1009.665,1011.755,935,1439,0
2022-12-21 03:00:00,1011.455,1015.385,1010.265,1010.485,1435,1069,0
2022-12-21 04:00:00,1010.485,1010.845,1007.95,1008.485,1207,1209,0
2022-12-21 05:00:00,1008.465,1008.595,1004.245,1006.445,951,1289,0
2022-12-21 06:00:00,1006.425,1006.455,1003.2,1004.215,884,899,0
2022-12-21 07:00:00,1004.185,1005.555,1002.625,1005.485,920,1119,0
2022-12-21 08:00:00,1005.355,1006.61,1002.695,1002.835,1015,1579,0
2022-12-21 09:00:00,1002.825,1004.905,998.985,1004.585,1356,1669,0
2022-12-21 10:00:00,1004.725,1004.725,999.285,1001.505,1630,1809,0
2022-12-21 11:00:00,1001.505,1003.025,996.175,998.785,1959,689,0
2022-12-21 12:00:00,998.875,999.025,994.86,995.885,1405,1389,0
2022-12-21 13:00:00,995.875,1001.385,994.73,999.625,1298,2019,0
2022-12-21 14:00:00,999.655,1002.315,996.035,1000.415,1278,1589,0
2022-12-21 15:00:00,1000.415,1006.025,998.875,1002.165,2095,1709,0
2022-12-21 16:00:00,1002.175,1002.975,996.3,996.655,1392,739,0
2022-12-21 17:00:00,996.655,1009.445,995.765,1004.245,2728,1629,0
2022-12-21 18:00:00,1004.175,1004.725,997.635,1000.405,1992,989,0
2022-12-21 19:00:00,1000.485,1003.755,999.255,1000.895,1351,929,0
2022-12-21 20:00:00,1000.855,1002.855,998.245,1002.475,1509,649,0
2022-12-21 21:00:00,1002.505,1004.065,998.495,1000.555,1133,1179,0
2022-12-21 22:00:00,1000.535,1002.145,999.15,1001.685,1012,949,0
2022-12-21 23:00:00,1001.705,1001.875,998.1,998.23,711,1439,0
2022-12-22 01:00:00,996.835,1003.235,994.6,1001.935,681,1799,0
2022-12-22 02:00:00,1001.945,1007.825,1001.615,1007.825,869,1529,0
2022-12-22 03:00:00,1007.655,1008.215,1003.87,1007.385,1049,1249,0
2022-12-22 04:00:00,1007.265,1008.045,1006.125,1006.265,949,1319,0
2022-12-22 05:00:00,1006.265,1007.495,1004.8,1006.955,824,1409,0
2022-12-22 06:00:00,1006.965,1007.515,1005.82,1007.275,739,2069,0
2022-12-22 07:00:00,1007.265,1007.635,1005.25,1005.615,837,2039,0
2022-12-22 08:00:00,1005.615,1006.585,1000.41,1001.545,923,2099,0
2022-12-22 09:00:00,1001.545,1003.045,998.055,1002.915,1043,1569,0
2022-12-22 10:00:00,1002.915,1006.705,1001.81,1004.065,1149,2329,0
2022-12-22 11:00:00,1004.155,1006.195,1000.93,1004.415,1133,749,0
2022-12-22 12:00:00,1004.515,1004.515,1000.905,1000.975,1045,1059,0
2022-12-22 13:00:00,1000.975,1000.975,995.575,998.515,1087,789,0
2022-12-22 14:00:00,998.385,999.565,993.75,998.555,1107,739,0
2022-12-22 15:00:00,998.245,999.495,980.285,985.275,2175,309,0
2022-12-22 16:00:00,985.405,988.885,981.255,988.885,2238,1699,0
2022-12-22 17:00:00,989.025,995.625,984.305,993.455,2286,1029,0
2022-12-22 18:00:00,993.455,993.805,987.045,989.595,1265,1819,0
2022-12-22 19:00:00,989.595,989.905,982.63,984.345,940,2179,0
2022-12-22 20:00:00,984.345,984.345,978.42,979.945,1021,2029,0
2022-12-22 21:00:00,979.945,980.645,969.385,977.345,1158,309,0
2022-12-22 22:00:00,977.145,980.245,974.745,979.245,313,759,0
2022-12-22 23:00:00,979.245,980.47,976.37,979.71,482,1439,0
2022-12-23 01:00:00,979.875,982.655,970.895,982.475,605,3139,0
2022-12-23 02:00:00,982.465,983.385,977.86,978.815,781,1799,0
2022-12-23 03:00:00,978.695,985.265,976.13,984.295,1179,2839,0
2022-12-23 04:00:00,984.335,986.315,982.545,984.655,1134,3039,0
2022-12-23 05:00:00,984.645,985.845,984.05,985.345,681,2729,0
2022-12-23 06:00:00,985.345,986.715,984.04,985.145,687,2729,0
2022-12-23 07:00:00,985.045,986.875,983.91,984.345,808,2669,0
2022-12-23 08:00:00,984.345,987.045,982.6,986.795,918,2489,0
2022-12-23 09:00:00,986.795,992.485,986.795,990.735,1030,1789,0
2022-12-23 10:00:00,990.535,999.865,989.285,997.555,1324,1179,0
2022-12-23 11:00:00,997.555,999.315,994.1,998.135,927,579,0
2022-12-23 12:00:00,998.155,1000.195,993.945,998.635,917,369,0
2022-12-23 13:00:00,998.635,1000.495,992.905,993.965,1025,1139,0
2022-12-23 14:00:00,993.985,997.615,992.045,996.225,958,2989,0
2022-12-23 15:00:00,996.265,1021.705,996.265,1016.925,3076,309,0
2022-12-23 16:00:00,1016.925,1021.205,1008.245,1009.395,5369,609,0
2022-12-23 17:00:00,1009.395,1025.755,1009.395,1021.485,3752,309,0
2022-12-23 18:00:00,1021.495,1026.305,1020.495,1023.465,5023,2169,0
2022-12-23 19:00:00,1023.525,1027.415,1023.195,1025.395,1564,1679,0
2022-12-23 20:00:00,1025.335,1026.055,1020.205,1021.005,1155,1259,0
2022-12-23 21:00:00,1021.005,1026.245,1019.925,1024.585,2086,1279,0
2022-12-23 22:00:00,1024.655,1025.205,1021.445,1024.225,2175,969,0
2022-12-23 23:00:00,1024.375,1025.48,1018.78,1024.34,1133,2329,0
2022-12-27 01:00:00,1025.21,1031.515,1014.73,1024.395,1054,1559,0
2022-12-27 02:00:00,1024.395,1028.545,1022.935,1025.555,1186,3809,0
2022-12-27 03:00:00,1025.555,1027.745,1024.945,1027.445,621,3199,0
2022-12-27 04:00:00,1027.445,1028.345,1025.53,1027.945,374,2769,0
2022-12-27 05:00:00,1027.945,1027.945,1022.65,1023.645,208,2489,0
2022-12-27 06:00:00,1023.645,1026.12,1022.48,1025.145,209,3029,0
2022-12-27 07:00:00,1025.145,1029.985,1024.41,1028.105,399,1679,0
2022-12-27 08:00:00,1028.105,1030.345,1026.53,1029.245,343,509,0
2022-12-27 09:00:00,1029.245,1031.845,1026.46,1026.875,667,309,0
2022-12-27 10:00:00,1027.015,1032.515,1027.015,1028.795,1369,369,0
2022-12-27 11:00:00,1028.795,1034.175,1027.225,1031.525,1256,359,0
2022-12-27 12:00:00,1031.525,1033.72,1028.975,1033.475,924,559,0
2022-12-27 13:00:00,1033.475,1034.395,1025.595,1027.785,1487,669,0
2022-12-27 14:00:00,1027.745,1029.635,1020.825,1024.595,2133,539,0
2022-12-27 15:00:00,1024.595,1024.595,1004.385,1004.415,2753,869,0
2022-12-27 16:00:00,1004.415,1012.555,1003.915,1008.565,4132,319,0
2022-12-27 17:00:00,1008.395,1019.645,1006.375,1016.795,3612,1179,0
2022-12-27 18:00:00,1016.795,1023.945,1014.225,1022.745,1991,859,0
2022-12-27 19:00:00,1022.745,1026.395,1019.94,1024.235,1861,819,0
2022-12-27 20:00:00,1024.165,1028.565,1021.325,1024.705,2028,1689,0
2022-12-27 21:00:00,1024.675,1025.745,1021.245,1023.515,1187,1949,0
2022-12-27 22:00:00,1023.605,1025.405,1022.615,1024.295,2023,919,0
2022-12-27 23:00:00,1024.375,1025.775,1019.98,1022.13,800,939,0
2022-12-28 01:00:00,1022.35,1023.745,1017.46,1019.645,949,3099,0
2022-12-28 02:00:00,1018.765,1020.75,1015.185,1020.345,844,2389,0
2022-12-28 03:00:00,1020.345,1021.545,1017.66,1021.15,992,2489,0
2022-12-28 04:00:00,1021.26,1021.26,1016.055,1018.78,512,2759,0
2022-12-28 05:00:00,1018.78,1019.645,1015.245,1017.645,438,869,0
2022-12-28 06:00:00,1017.12,1019.595,1016.5,1019.145,203,1069,0
2022-12-28 07:00:00,1019.145,1020.445,1017.67,1018.545,213,1669,0
2022-12-28 08:00:00,1018.545,1020.445,1017.39,1020.345,289,1929,0
2022-12-28 09:00:00,1020.345,1024.105,1019.545,1024.015,1145,589,0
2022-12-28 10:00:00,1024.015,1026.195,1018.08,1019.315,1352,1179,0
2022-12-28 11:00:00,1019.275,1021.555,1016.245,1017.715,1644,949,0
2022-12-28 12:00:00,1017.715,1024.075,1015.845,1023.885,1478,1549,0
2022-12-28 13:00:00,1024.085,1028.835,1023.14,1028.115,1413,1319,0
2022-12-28 14:00:00,1028.025,1030.875,1026.75,1030.185,1503,1969,0
2022-12-28 15:00:00,1030.215,1034.025,1021.145,1022.145,1550,359,0
2022-12-28 16:00:00,1022.145,1024.845,1015.355,1016.245,3294,1649,0
2022-12-28 17:00:00,1016.265,1020.065,1009.205,1009.985,2993,1849,0
2022-12-28 18:00:00,1009.985,1013.115,1006.035,1012.215,2684,1209,0
2022-12-28 19:00:00,1012.245,1015.025,1009.545,1014.315,2305,1809,0
2022-12-28 20:00:00,1014.205,1015.975,1010.005,1010.795,1781,1169,0
2022-12-28 21:00:00,1010.825,1011.725,1009.605,1010.345,1178,1529,0
2022-12-28 22:00:00,1010.305,1010.355,1007.715,1008.815,1393,1439,0
2022-12-28 23:00:00,1008.825,1010.135,1007.77,1009.87,600,1959,0
2022-12-29 01:00:00,1004.99,1010.35,1001.635,1008.235,731,2490,0
2022-12-29 02:00:00,1008.235,1010.565,1007.45,1010.465,789,999,0
2022-12-29 03:00:00,1010.495,1014.345,1010.465,1012.025,1592,1039,0
2022-12-29 04:00:00,1012.025,1013.625,1011.095,1012.915,1410,2229,0
2022-12-29 05:00:00,1012.915,1014.64,1012.675,1014.125,1125,2139,0
2022-12-29 06:00:00,1014.095,1015.965,1012.89,1015.825,646,2109,0
2022-12-29 07:00:00,1015.845,1017.455,1015.07,1016.415,1239,2239,0
2022-12-29 08:00:00,1016.465,1016.945,1012.78,1013.945,1111,2249,0
2022-12-29 09:00:00,1013.945,1014.245,1009.545,1012.715,1288,1349,0
2022-12-29 10:00:00,1012.655,1013.515,1010.105,1012.315,2475,1449,0
2022-12-29 11:00:00,1012.315,1015.995,1012.265,1014.475,2275,1619,0
2022-12-29 12:00:00,1014.485,1014.845,1009.695,1011.365,1396,1779,0
2022-12-29 13:00:00,1011.365,1016.575,1010.785,1015.535,1588,1729,0
2022-12-29 14:00:00,1015.565,1019.545,1013.845,1018.215,1002,1689,0
2022-12-29 15:00:00,1018.215,1033.835,1015.165,1033.145,2235,309,0
2022-12-29 16:00:00,1033.405,1044.385,1030.975,1042.115,2993,599,0
2022-12-29 17:00:00,1042.155,1048.505,1039.875,1043.895,3521,309,0
2022-12-29 18:00:00,1044.005,1050.185,1041.345,1048.985,2462,339,0
2022-12-29 19:00:00,1049.025,1055.325,1048.945,1054.665,2740,679,0
2022-12-29 20:00:00,1054.575,1058.275,1051.545,1057.775,2311,1119,0
2022-12-29 21:00:00,1057.815,1062.535,1057.405,1061.005,1931,819,0
2022-12-29 22:00:00,1061.105,1061.655,1059.295,1061.295,1488,789,0
2022-12-29 23:00:00,1061.035,1061.295,1055.32,1055.96,755,769,0
2022-12-30 01:00:00,1056.565,1057.235,1048.43,1054.405,857,539,0
2022-12-30 02:00:00,1054.405,1055.065,1048.62,1052.955,612,309,0
2022-12-30 03:00:00,1053.015,1054.605,1051.15,1054.335,848,619,0
2022-12-30 04:00:00,1054.375,1054.495,1050.38,1054.205,668,1719,0
2022-12-30 05:00:00,1054.205,1057.075,1052.3,1053.225,737,2249,0
2022-12-30 06:00:00,1053.255,1055.98,1052.24,1053.785,531,3329,0
2022-12-30 07:00:00,1053.885,1059.285,1053.68,1056.235,1518,1529,0
2022-12-30 08:00:00,1056.205,1061.815,1055.895,1060.935,1930,3239,0
2022-12-30 09:00:00,1060.785,1062.945,1050.145,1054.045,2010,3029,0
2022-12-30 10:00:00,1054.145,1058.745,1050.39,1052.945,860,1489,0
2022-12-30 11:00:00,1053.055,1059.205,1051.5,1057.065,846,2089,0
2022-12-30 12:00:00,1057.165,1061.135,1055.915,1059.075,843,2639,0
2022-12-30 13:00:00,1058.26,1066.245,1058.19,1061.545,1150,1029,0
2022-12-30 14:00:00,1061.545,1064.825,1057.745,1059.545,459,2819,0
2022-12-30 15:00:00,1059.545,1065.745,1058.445,1065.545,1315,2429,0
2022-12-30 16:00:00,1065.545,1071.985,1059.175,1062.195,6682,329,0
2022-12-30 17:00:00,1062.225,1064.145,1056.445,1062.115,6792,889,0
2022-12-30 18:00:00,1062.095,1064.805,1059.905,1062.335,3033,3630,0
2022-12-30 19:00:00,1062.585,1068.575,1060.355,1068.545,2926,2659,0
2022-12-30 20:00:00,1068.545,1070.465,1064.565,1067.365,2584,2779,0
2022-12-30 21:00:00,1067.365,1070.625,1067.185,1068.585,1329,2819,0
2022-12-30 22:00:00,1068.575,1071.275,1068.445,1071.205,1460,2329,0
2022-12-30 23:00:00,1071.185,1073.15,1068.115,1071.32,827,3110,0
2023-01-03 01:00:00,1059.58,1081.335,1059.58,1072.805,1456,2789,0
2023-01-03 02:00:00,1072.925,1073.555,1065.25,1072.015,821,949,0
2023-01-03 03:00:00,1071.875,1072.595,1067.235,1070.885,1434,1259,0
2023-01-03 04:00:00,1070.915,1082.055,1070.615,1081.135,1148,1419,0
2023-01-03 05:00:00,1081.015,1089.345,1080.36,1087.065,1621,669,0
2023-01-03 06:00:00,1087.035,1087.4,1083.205,1085.045,727,1629,0
2023-01-03 07:00:00,1085.045,1088.02,1081.745,1082.385,1050,1680,0
2023-01-03 08:00:00,1082.385,1086.655,1082.195,1085.075,1202,2099,0
2023-01-03 09:00:00,1085.205,1091.065,1081.225,1088.725,1915,1439,0
2023-01-03 10:00:00,1088.645,1089.805,1076.465,1078.375,3810,949,0
2023-01-03 11:00:00,1078.475,1089.095,1076.775,1086.375,2052,349,0
2023-01-03 12:00:00,1086.375,1086.395,1075.71,1076.945,976,2179,0
2023-01-03 13:00:00,1076.845,1076.945,1070.9,1073.245,918,1999,0
2023-01-03 14:00:00,1073.045,1076.945,1066.765,1075.175,877,2059,0
2023-01-03 15:00:00,1075.365,1085.215,1075.365,1081.845,1792,619,0
2023-01-03 16:00:00,1081.995,1090.975,1077.145,1082.845,2061,1739,0
2023-01-03 17:00:00,1082.845,1085.225,1075.945,1082.545,1967,909,0
2023-01-03 18:00:00,1082.595,1083.645,1074.935,1079.825,1882,2149,0
2023-01-03 19:00:00,1079.635,1082.355,1077.885,1079.765,1838,1449,0
2023-01-03 20:00:00,1079.765,1086.805,1078.845,1086.325,1796,1409,0
2023-01-03 21:00:00,1086.325,1086.585,1081.565,1085.975,1398,1159,0
2023-01-03 22:00:00,1085.955,1086.745,1083.835,1086.175,1248,1269,0
2023-01-03 23:00:00,1086.175,1087.325,1082.17,1084.66,733,1839,0
2023-01-04 01:00:00,1077.85,1083.805,1077.29,1077.675,793,1749,0
2023-01-04 02:00:00,1077.505,1082.725,1077.345,1082.075,993,2369,0
2023-01-04 03:00:00,1082.065,1086.955,1080.795,1086.865,1440,2109,0
2023-01-04 04:00:00,1086.805,1088.065,1085.26,1087.045,1073,2209,0
2023-01-04 05:00:00,1087.005,1089.44,1085.925,1086.565,1022,1809,0
2023-01-04 06:00:00,1086.565,1090.275,1086.215,1089.595,842,1219,0
2023-01-04 07:00:00,1089.595,1090.405,1082.78,1086.735,785,1209,0
2023-01-04 08:00:00,1086.715,1090.025,1085.825,1088.325,924,1209,0
2023-01-04 09:00:00,1088.705,1096.735,1088.705,1094.675,1458,319,0
2023-01-04 10:00:00,1094.685,1097.795,1092.055,1093.175,2095,469,0
2023-01-04 11:00:00,1093.385,1094.075,1081.145,1091.985,1985,1909,0
2023-01-04 12:00:00,1092.115,1092.275,1084.675,1085.585,1440,1459,0
2023-01-04 13:00:00,1085.575,1089.285,1081.115,1081.875,1110,1589,0
2023-01-04 14:00:00,1081.895,1083.185,1076.695,1080.265,1629,2079,0
2023-01-04 15:00:00,1080.285,1090.635,1076.815,1081.725,2597,1819,0
2023-01-04 16:00:00,1081.715,1088.065,1078.355,1082.055,2216,1579,0
2023-01-04 17:00:00,1082.055,1085.025,1074.225,1079.955,3806,489,0
2023-01-04 18:00:00,1080.075,1089.885,1079.135,1089.485,2263,1729,0
2023-01-04 19:00:00,1089.395,1091.105,1079.415,1079.685,2415,1729,0
2023-01-04 20:00:00,1079.705,1081.665,1073.335,1073.335,2669,1599,0
2023-01-04 21:00:00,1073.395,1083.445,1073.395,1081.665,4010,1559,0
2023-01-04 22:00:00,1081.665,1083.745,1079.965,1082.165,1062,759,0
2023-01-04 23:00:00,1082.115,1083.165,1078.58,1079.23,465,749,0
2023-01-05 01:00:00,1079.665,1082.165,1076.715,1078.705,540,869,0
2023-01-05 02:00:00,1078.705,1080.355,1076.1,1078.255,667,1109,0
2023-01-05 03:00:00,1078.355,1084.555,1078.345,1084.555,1154,1659,0
2023-01-05 04:00:00,1084.615,1084.655,1077.78,1081.855,917,1699,0
2023-01-05 05:00:00,1082.005,1082.865,1076.265,1077.005,980,1919,0
2023-01-05 06:00:00,1077.005,1080.225,1076.245,1079.575,703,2189,0
2023-01-05 07:00:00,1079.375,1079.995,1077.22,1078.465,748,2389,0
2023-01-05 08:00:00,1078.465,1081.265,1074.575,1075.125,988,2309,0
2023-01-05 09:00:00,1075.115,1080.785,1073.765,1076.485,1306,899,0
2023-01-05 10:00:00,1076.605,1078.645,1071.035,1074.755,1619,789,0
2023-01-05 11:00:00,1074.615,1085.475,1074.115,1085.015,1433,359,0
2023-01-05 12:00:00,1085.015,1086.685,1082.835,1083.735,1197,369,0
2023-01-05 13:00:00,1083.735,1086.225,1081.335,1085.025,1307,1699,0
2023-01-05 14:00:00,1085.125,1085.955,1076.265,1078.455,1478,849,0
2023-01-05 15:00:00,1078.435,1079.345,1060.645,1063.835,3524,1519,0
2023-01-05 16:00:00,1063.765,1068.855,1058.305,1062.325,3147,1319,0
2023-01-05 17:00:00,1062.325,1066.555,1057.755,1057.865,3091,1079,0
2023-01-05 18:00:00,1057.865,1064.495,1057.505,1059.585,1956,639,0
2023-01-05 19:00:00,1059.585,1062.525,1057.685,1060.725,1584,359,0
2023-01-05 20:00:00,1060.705,1066.645,1059.925,1064.555,1618,309,0
2023-01-05 21:00:00,1064.635,1064.895,1060.825,1062.515,1178,1069,0
2023-01-05 22:00:00,1062.455,1062.695,1059.52,1060.295,982,1449,0
2023-01-05 23:00:00,1060.295,1061.985,1058.52,1060.04,551,1639,0
2023-01-06 01:00:00,1056.42,1061.715,1056.42,1059.145,620,1339,0
2023-01-06 02:00:00,1059.105,1059.97,1055.04,1059.045,723,1129,0
2023-01-06 03:00:00,1059.045,1059.345,1056.035,1057.385,889,1229,0
2023-01-06 04:00:00,1057.365,1060.295,1057.225,1058.615,1121,1349,0
2023-01-06 05:00:00,1058.615,1063.205,1058.475,1060.895,1217,1739,0
2023-01-06 06:00:00,1060.875,1065.105,1060.23,1061.355,688,2099,0
2023-01-06 07:00:00,1061.245,1061.545,1057.25,1058.925,967,2139,0
2023-01-06 08:00:00,1058.895,1063.305,1058.585,1061.23,889,2059,0
2023-01-06 09:00:00,1061.245,1063.875,1056.825,1058.675,1159,1539,0
2023-01-06 10:00:00,1058.695,1061.795,1057.39,1058.295,1347,1619,0
2023-01-06 11:00:00,1058.285,1058.505,1047.715,1052.145,1009,1479,0
2023-01-06 12:00:00,1052.145,1056.075,1051.42,1053.995,1082,1709,0
2023-01-06 13:00:00,1053.975,1057.515,1051.97,1054.215,1101,1689,0
2023-01-06 14:00:00,1054.315,1056.545,1052.125,1054.505,1178,1589,0
2023-01-06 15:00:00,1054.465,1074.245,1051.415,1073.045,3972,909,0
2023-01-06 16:00:00,1073.045,1077.065,1066.865,1069.215,3422,1629,0
2023-01-06 17:00:00,1069.185,1085.445,1069.185,1083.275,4055,309,0
2023-01-06 18:00:00,1083.375,1087.645,1081.645,1087.445,2088,1319,0
2023-01-06 19:00:00,1087.425,1093.345,1087.425,1091.925,1916,959,0
2023-01-06 20:00:00,1092.015,1094.415,1090.01,1093.315,1507,449,0
2023-01-06 21:00:00,1093.315,1095.665,1091.79,1094.595,1002,329,0
2023-01-06 22:00:00,1094.595,1094.685,1091.18,1092.685,1063,1039,0
2023-01-06 23:00:00,1092.705,1093.415,1088.06,1092.0,603,1759,0
2023-01-09 01:00:00,1088.37,1102.345,1088.37,1099.955,1531,1879,0
2023-01-09 02:00:00,1099.955,1102.575,1097.045,1099.285,1397,309,0
2023-01-09 03:00:00,1099.295,1103.075,1096.875,1101.245,1557,319,0
2023-01-09 04:00:00,1101.245,1101.825,1096.535,1099.205,1170,709,0
2023-01-09 05:00:00,1099.185,1099.195,1090.095,1093.695,919,849,0
2023-01-09 06:00:00,1093.695,1096.305,1089.265,1089.265,550,1089,0
2023-01-09 07:00:00,1089.245,1093.215,1085.44,1092.615,835,1499,0
2023-01-09 08:00:00,1092.655,1095.405,1091.945,1092.645,1064,1409,0
2023-01-09 09:00:00,1092.655,1099.645,1091.445,1092.815,1353,739,0
2023-01-09 10:00:00,1093.005,1098.735,1092.715,1095.675,1700,679,0
2023-01-09 11:00:00,1095.595,1099.965,1093.085,1096.515,1825,319,0
2023-01-09 12:00:00,1096.605,1098.245,1091.875,1092.825,1670,1009,0
2023-01-09 13:00:00,1092.905,1094.615,1089.545,1090.595,1403,1189,0
2023-01-09 14:00:00,1090.695,1096.395,1090.095,1091.625,1477,1509,0
2023-01-09 15:00:00,1091.625,1095.065,1087.295,1088.585,2632,1079,0
2023-01-09 16:00:00,1088.645,1095.745,1088.245,1093.945,1442,329,0
2023-01-09 17:00:00,1093.745,1096.645,1089.345,1094.655,1450,309,0
2023-01-09 18:00:00,1094.645,1096.965,1091.975,1096.085,1877,1279,0
2023-01-09 19:00:00,1096.055,1096.175,1087.745,1090.645,771,699,0
2023-01-09 20:00:00,1090.545,1090.545,1083.645,1085.755,1305,909,0
2023-01-09 21:00:00,1085.755,1087.515,1083.4,1085.815,1443,309,0
2023-01-09 22:00:00,1085.815,1085.825,1078.225,1081.035,1218,309,0
2023-01-09 23:00:00,1081.035,1081.585,1078.96,1080.0,575,669,0
2023-01-10 01:00:00,1073.83,1082.85,1073.81,1081.795,826,2229,0
2023-01-10 02:00:00,1081.805,1083.005,1077.955,1082.945,1250,799,0
2023-01-10 03:00:00,1082.945,1087.445,1082.465,1086.545,1415,989,0
2023-01-10 04:00:00,1086.545,1088.135,1082.245,1083.245,1235,389,0
2023-01-10 05:00:00,1083.245,1086.145,1083.045,1083.345,249,489,0
2023-01-10 06:00:00,1083.345,1083.945,1079.56,1081.545,235,309,0
2023-01-10 07:00:00,1081.545,1085.585,1079.77,1084.245,527,309,0
2023-01-10 08:00:00,1084.245,1085.58,1081.445,1082.145,620,719,0
2023-01-10 09:00:00,1082.145,1083.725,1074.025,1075.475,1174,519,0
2023-01-10 10:00:00,1075.475,1079.375,1072.795,1079.275,1570,1389,0
2023-01-10 11:00:00,1079.235,1083.165,1075.855,1082.405,1831,1629,0
2023-01-10 12:00:00,1082.385,1082.815,1078.725,1079.315,1340,1739,0
2023-01-10 13:00:00,1079.335,1085.755,1079.335,1081.835,1563,1669,0
2023-01-10 14:00:00,1081.755,1083.745,1079.645,1082.345,1120,1639,0
2023-01-10 15:00:00,1082.245,1085.445,1075.935,1080.435,1913,939,0
2023-01-10 16:00:00,1080.435,1086.905,1077.085,1078.975,4261,1469,0
2023-01-10 17:00:00,1078.975,1083.325,1073.265,1079.245,3345,1079,0
2023-01-10 18:00:00,1079.245,1082.325,1076.615,1079.205,1746,309,0
2023-01-10 19:00:00,1079.285,1082.225,1076.155,1079.935,1609,1129,0
2023-01-10 20:00:00,1080.035,1081.495,1077.275,1081.205,1486,889,0
2023-01-10 21:00:00,1081.165,1083.255,1081.095,1082.295,1119,729,0
2023-01-10 22:00:00,1082.235,1083.905,1080.9,1083.485,925,589,0
2023-01-10 23:00:00,1083.495,1083.875,1080.88,1081.68,476,349,0
2023-01-11 01:00:00,1075.53,1082.335,1075.03,1081.545,604,1869,0
2023-01-11 02:00:00,1081.575,1082.705,1078.97,1080.525,815,1759,0
2023-01-11 03:00:00,1080.425,1081.575,1076.755,1078.185,1113,1729,0
2023-01-11 04:00:00,1078.225,1080.325,1076.575,1078.315,906,1499,0
2023-01-11 05:00:00,1078.255,1079.285,1075.45,1079.105,735,1499,0
2023-01-11 06:00:00,1079.195,1080.745,1076.51,1080.395,632,1399,0
2023-01-11 07:00:00,1080.395,1086.735,1079.695,1086.125,1070,1159,0
2023-01-11 08:00:00,1086.385,1088.865,1085.545,1086.895,1211,1259,0
2023-01-11 09:00:00,1086.835,1091.795,1086.495,1089.705,1422,1469,0
2023-01-11 10:00:00,1089.755,1094.715,1088.525,1091.355,1734,1209,0
2023-01-11 11:00:00,1091.355,1097.005,1090.015,1094.115,1718,1549,0
2023-01-11 12:00:00,1094.155,1096.835,1092.885,1095.935,1448,1529,0
2023-01-11 13:00:00,1096.055,1096.965,1093.705,1094.735,1326,1249,0
2023-01-11 14:00:00,1094.735,1095.445,1089.975,1092.715,1536,1139,0
2023-01-11 15:00:00,1092.765,1104.315,1091.805,1100.405,3371,1469,0
2023-01-11 16:00:00,1100.495,1102.315,1089.745,1089.895,3158,1519,0
2023-01-11 17:00:00,1089.795,1090.665,1081.805,1084.465,2634,1069,0
2023-01-11 18:00:00,1084.465,1085.715,1078.325,1080.915,2417,309,0
2023-01-11 19:00:00,1080.955,1082.375,1067.745,1071.145,2273,909,0
2023-01-11 20:00:00,1071.205,1075.835,1070.215,1071.625,1849,769,0
2023-01-11 21:00:00,1071.715,1072.695,1070.39,1072.085,1125,1539,0
2023-01-11 22:00:00,1071.875,1072.185,1069.59,1071.445,980,1669,0
2023-01-11 23:00:00,1071.415,1073.245,1069.84,1071.6,563,1509,0
2023-01-12 01:00:00,1068.395,1073.845,1065.205,1072.295,857,1889,0
2023-01-12 02:00:00,1072.335,1074.655,1070.29,1073.155,941,1799,0
2023-01-12 03:00:00,1073.195,1075.945,1072.125,1075.665,1210,1899,0
2023-01-12 04:00:00,1075.665,1076.965,1072.825,1074.895,1501,1759,0
2023-01-12 05:00:00,1074.915,1076.035,1072.305,1072.915,818,1679,0
2023-01-12 06:00:00,1072.915,1074.975,1072.35,1074.555,579,2509,0
2023-01-12 07:00:00,1074.585,1075.845,1072.39,1073.705,886,2239,0
2023-01-12 08:00:00,1073.665,1074.075,1071.975,1073.135,1032,1239,0
2023-01-12 09:00:00,1072.985,1073.005,1064.875,1070.405,1264,469,0
2023-01-12 10:00:00,1070.405,1071.865,1067.225,1070.135,1221,1239,0
2023-01-12 11:00:00,1070.135,1075.045,1070.115,1074.595,1233,409,0
2023-01-12 12:00:00,1074.585,1074.585,1068.565,1070.525,1351,439,0
2023-01-12 13:00:00,1070.635,1072.235,1067.345,1069.805,1281,309,0
2023-01-12 14:00:00,1069.805,1077.535,1067.835,1077.535,1454,309,0
2023-01-12 15:00:00,1077.595,1082.785,1056.495,1080.125,5852,629,0
2023-01-12 16:00:00,1080.215,1083.645,1059.265,1062.255,5134,369,0
2023-01-12 17:00:00,1062.495,1070.745,1061.405,1066.895,3860,629,0
2023-01-12 18:00:00,1067.195,1071.235,1066.545,1069.455,2067,669,0
2023-01-12 19:00:00,1069.485,1074.165,1067.285,1073.715,1245,859,0
2023-01-12 20:00:00,1073.715,1077.435,1071.735,1075.635,1514,1049,0
2023-01-12 21:00:00,1075.635,1075.925,1070.83,1072.165,884,859,0
2023-01-12 22:00:00,1072.255,1072.255,1068.6,1071.225,915,799,0
2023-01-12 23:00:00,1071.225,1071.685,1068.83,1069.67,571,1199,0
2023-01-13 01:00:00,1066.6,1072.315,1064.65,1071.815,803,1989,0
2023-01-13 02:00:00,1071.815,1076.505,1070.17,1076.415,905,1839,0
2023-01-13 03:00:00,1076.415,1076.555,1072.475,1074.125,1370,1679,0
2023-01-13 04:00:00,1074.125,1074.185,1068.85,1069.815,1477,2129,0
2023-01-13 05:00:00,1069.865,1070.335,1067.73,1070.065,936,1799,0
2023-01-13 06:00:00,1069.985,1069.995,1066.72,1067.265,740,1189,0
2023-01-13 07:00:00,1067.075,1067.645,1062.525,1063.615,1028,1049,0
2023-01-13 08:00:00,1063.615,1066.625,1061.785,1065.835,1177,1089,0
2023-01-13 09:00:00,1065.835,1072.325,1063.57,1071.755,1755,1239,0
2023-01-13 10:00:00,1071.685,1075.635,1068.915,1073.625,1915,1689,0
2023-01-13 11:00:00,1073.635,1077.545,1068.445,1070.145,1824,1639,0
2023-01-13 12:00:00,1070.145,1072.465,1068.52,1071.365,1207,1269,0
2023-01-13 13:00:00,1071.285,1071.475,1062.725,1063.795,1583,629,0
2023-01-13 14:00:00,1063.795,1065.825,1055.345,1057.315,2205,319,0
2023-01-13 15:00:00,1057.355,1057.895,1050.045,1054.675,3078,309,0
2023-01-13 16:00:00,1054.895,1067.435,1052.915,1063.425,3952,389,0
2023-01-13 17:00:00,1063.225,1067.475,1061.325,1065.335,3341,939,0
2023-01-13 18:00:00,1065.335,1066.555,1057.685,1061.405,2584,309,0
2023-01-13 19:00:00,1061.385,1066.915,1061.235,1066.635,1696,639,0
2023-01-13 20:00:00,1066.725,1069.825,1064.045,1067.515,1584,699,0
2023-01-13 21:00:00,1067.595,1071.335,1066.1,1069.685,1174,939,0
2023-01-13 22:00:00,1069.685,1069.785,1068.04,1069.255,836,969,0
2023-01-13 23:00:00,1069.135,1069.135,1065.37,1067.12,672,649,0
2023-01-16 01:00:00,1064.99,1071.515,1064.58,1068.135,1026,1859,0
2023-01-16 02:00:00,1068.145,1070.205,1067.345,1069.005,904,859,0
2023-01-16 03:00:00,1069.025,1074.605,1067.375,1073.095,1269,769,0
2023-01-16 04:00:00,1073.015,1076.375,1071.095,1075.365,1107,1599,0
2023-01-16 05:00:00,1075.515,1075.845,1070.505,1073.355,898,1839,0
2023-01-16 06:00:00,1073.395,1073.875,1070.765,1070.945,700,2309,0
2023-01-16 07:00:00,1070.965,1071.085,1067.475,1067.565,943,1939,0
2023-01-16 08:00:00,1067.595,1068.725,1061.255,1063.665,1341,1339,0
2023-01-16 09:00:00,1063.665,1066.275,1061.935,1063.245,2066,1079,0
2023-01-16 10:00:00,1063.205,1063.205,1055.535,1056.165,1430,1899,0
2023-01-16 11:00:00,1056.275,1061.495,1055.655,1061.495,1292,1509,0
2023-01-16 12:00:00,1061.585,1061.585,1058.75,1058.995,1141,1489,0
2023-01-16 13:00:00,1058.845,1062.215,1058.845,1060.935,1107,1219,0
2023-01-16 14:00:00,1061.025,1062.155,1058.575,1059.105,1180,1799,0
2023-01-16 15:00:00,1059.055,1062.395,1056.515,1058.255,1579,1139,0
2023-01-16 16:00:00,1058.285,1066.455,1056.915,1063.985,1442,1769,0
2023-01-16 17:00:00,1063.985,1067.245,1062.24,1066.995,1102,999,0
2023-01-16 18:00:00,1067.035,1068.545,1064.955,1066.495,1125,759,0
2023-01-16 19:00:00,1066.425,1066.735,1062.24,1064.445,934,1039,0
2023-01-16 20:00:00,1064.445,1067.475,1063.63,1065.345,438,979,0
2023-01-16 21:00:00,1065.345,1065.405,1061.83,1062.87,265,1619,0
2023-01-17 01:00:00,1064.945,1066.935,1063.12,1066.385,550,1159,0
2023-01-17 02:00:00,1066.385,1068.455,1064.56,1066.375,561,1279,0
2023-01-17 03:00:00,1066.365,1067.825,1062.82,1063.585,1098,1709,0
2023-01-17 04:00:00,1063.585,1065.975,1060.37,1061.595,954,1709,0
2023-01-17 05:00:00,1061.575,1062.985,1060.05,1060.715,842,1669,0
2023-01-17 06:00:00,1060.775,1061.955,1058.2,1061.935,753,2129,0
2023-01-17 07:00:00,1061.995,1063.575,1059.7,1060.675,703,2509,0
2023-01-17 08:00:00,1060.615,1062.415,1054.08,1056.155,1026,1569,0
2023-01-17 09:00:00,1056.135,1057.705,1052.99,1056.255,1130,929,0
2023-01-17 10:00:00,1056.115,1063.085,1054.865,1062.785,1513,1469,0
2023-01-17 11:00:00,1062.845,1065.395,1055.78,1057.935,1426,1259,0
2023-01-17 12:00:00,1057.945,1058.835,1054.27,1057.5,1312,1009,0
2023-01-17 13:00:00,1058.345,1062.655,1055.02,1062.445,1314,1379,0
2023-01-17 14:00:00,1062.495,1063.965,1056.12,1058.205,1769,1319,0
2023-01-17 15:00:00,1058.135,1058.615,1049.745,1052.845,2322,409,0
2023-01-17 16:00:00,1052.845,1057.725,1048.035,1051.885,2857,309,0
2023-01-17 17:00:00,1051.935,1055.035,1041.255,1044.865,3894,709,0
2023-01-17 18:00:00,1044.845,1046.055,1040.745,1044.845,2324,989,0
2023-01-17 19:00:00,1044.775,1046.375,1040.015,1042.185,1518,969,0
2023-01-17 20:00:00,1042.165,1043.465,1041.65,1042.885,1201,1559,0
2023-01-17 21:00:00,1042.875,1043.685,1040.675,1042.445,1253,1509,0
2023-01-17 22:00:00,1042.425,1044.025,1041.835,1042.755,905,1069,0
2023-01-17 23:00:00,1042.855,1043.125,1040.91,1041.32,517,1509,0
2023-01-18 01:00:00,1038.23,1044.315,1038.23,1044.175,678,1359,0
2023-01-18 02:00:00,1044.015,1044.515,1040.61,1040.935,743,1439,0
2023-01-18 03:00:00,1040.975,1042.755,1036.925,1039.345,1013,1369,0
2023-01-18 04:00:00,1039.285,1041.015,1033.275,1039.055,1512,1339,0
2023-01-18 05:00:00,1039.055,1043.375,1035.51,1036.995,1423,579,0
2023-01-18 06:00:00,1036.935,1038.085,1035.2,1037.445,835,1389,0
2023-01-18 07:00:00,1037.365,1037.525,1032.32,1035.245,631,329,0
2023-01-18 08:00:00,1035.245,1039.445,1034.885,1039.445,872,949,0
2023-01-18 09:00:00,1039.445,1046.735,1039.24,1044.165,1513,889,0
2023-01-18 10:00:00,1044.165,1049.555,1043.975,1048.045,1445,789,0
2023-01-18 11:00:00,1048.035,1048.565,1043.405,1045.795,1327,1029,0
2023-01-18 12:00:00,1045.745,1048.345,1042.765,1048.165,1233,1649,0
2023-01-18 13:00:00,1048.265,1054.765,1047.24,1051.945,1535,819,0
2023-01-18 14:00:00,1051.945,1058.915,1051.935,1058.155,1382,1529,0
2023-01-18 15:00:00,1058.155,1071.995,1057.455,1070.645,3514,529,0
2023-01-18 16:00:00,1070.835,1078.615,1068.805,1073.065,3762,509,0
2023-01-18 17:00:00,1073.115,1074.335,1061.155,1062.605,2871,1069,0
2023-01-18 18:00:00,1062.555,1063.005,1043.855,1045.515,2265,309,0
2023-01-18 19:00:00,1045.515,1046.085,1034.425,1038.085,2984,669,0
2023-01-18 20:00:00,1038.175,1043.225,1036.935,1041.965,1561,919,0
2023-01-18 21:00:00,1041.975,1043.315,1040.1,1041.355,1047,759,0
2023-01-18 22:00:00,1041.385,1041.445,1039.0,1040.645,880,1419,0
2023-01-18 23:00:00,1040.615,1041.255,1039.25,1040.3,498,1439,0
2023-01-19 01:00:00,1036.895,1043.595,1036.56,1042.425,862,2059,0
2023-01-19 02:00:00,1042.215,1045.065,1040.355,1040.565,1240,439,0
2023-01-19 03:00:00,1040.685,1043.085,1037.545,1038.415,1541,1289,0
2023-01-19 04:00:00,1038.435,1043.175,1036.66,1042.385,970,2009,0
2023-01-19 05:00:00,1042.375,1044.735,1041.245,1043.985,1043,1999,0
2023-01-19 06:00:00,1043.945,1045.645,1043.125,1044.435,717,2309,0
2023-01-19 07:00:00,1044.605,1044.975,1042.085,1044.775,1030,2199,0
2023-01-19 08:00:00,1044.735,1046.235,1042.695,1042.985,1045,1279,0
2023-01-19 09:00:00,1042.875,1044.945,1039.235,1043.995,1523,309,0
2023-01-19 10:00:00,1043.995,1047.925,1038.585,1038.825,1535,1379,0
2023-01-19 11:00:00,1038.825,1039.365,1028.135,1028.935,2016,329,0
2023-01-19 12:00:00,1028.775,1030.445,1024.645,1028.915,1694,309,0
2023-01-19 13:00:00,1028.965,1029.865,1023.455,1027.385,2110,719,0
2023-01-19 14:00:00,1027.645,1027.645,1019.695,1020.745,2004,629,0
2023-01-19 15:00:00,1020.775,1024.925,1011.425,1023.515,4295,309,0
2023-01-19 16:00:00,1023.515,1026.125,1012.705,1018.145,2642,309,0
2023-01-19 17:00:00,1018.145,1028.365,1016.695,1023.625,3633,1039,0
2023-01-19 18:00:00,1023.655,1026.915,1021.255,1023.255,2502,1229,0
2023-01-19 19:00:00,1023.185,1037.525,1023.115,1037.445,2266,499,0
2023-01-19 20:00:00,1037.695,1037.695,1032.65,1034.275,1623,869,0
2023-01-19 21:00:00,1034.265,1038.995,1032.74,1038.135,1662,799,0
2023-01-19 22:00:00,1038.135,1041.045,1035.31,1036.885,803,739,0
2023-01-19 23:00:00,1036.885,1037.285,1033.93,1034.5,583,889,0
2023-01-20 01:00:00,1033.675,1036.955,1032.445,1034.78,726,1759,0
2023-01-20 02:00:00,1035.525,1037.745,1034.75,1035.925,653,1609,0
2023-01-20 03:00:00,1035.815,1040.075,1033.435,1036.645,1165,1449,0
2023-01-20 04:00:00,1036.595,1038.505,1035.17,1036.225,891,1339,0
2023-01-20 05:00:00,1036.225,1036.235,1031.41,1032.305,764,1739,0
2023-01-20 06:00:00,1032.315,1033.415,1028.42,1029.055,797,2169,0
2023-01-20 07:00:00,1029.115,1032.535,1027.7,1032.305,923,2319,0
2023-01-20 08:00:00,1032.325,1033.785,1027.975,1028.465,950,2289,0
2023-01-20 09:00:00,1028.585,1037.305,1026.705,1037.115,1289,1389,0
2023-01-20 10:00:00,1037.085,1042.425,1034.8,1036.745,1305,829,0
2023-01-20 11:00:00,1036.745,1037.645,1032.09,1033.645,1011,819,0
2023-01-20 12:00:00,1032.68,1039.355,1030.2,1039.125,1361,989,0
2023-01-20 13:00:00,1039.105,1040.695,1031.21,1033.705,919,909,0
2023-01-20 14:00:00,1033.545,1033.585,1027.17,1028.395,1333,1319,0
2023-01-20 15:00:00,1028.405,1029.945,1022.14,1026.855,2235,789,0
2023-01-20 16:00:00,1026.785,1036.185,1022.135,1034.415,2632,499,0
2023-01-20 17:00:00,1034.225,1051.395,1033.195,1050.545,2354,359,0
2023-01-20 18:00:00,1050.545,1054.445,1046.525,1047.795,1733,519,0
2023-01-20 19:00:00,1047.895,1048.325,1039.955,1040.535,1701,409,0
2023-01-20 20:00:00,1040.665,1044.245,1040.205,1043.745,1433,309,0
2023-01-20 21:00:00,1043.845,1046.235,1040.85,1044.135,1624,309,0
2023-01-20 22:00:00,1044.115,1045.075,1038.3,1041.535,1649,300,0
2023-01-20 23:00:00,1043.265,1046.345,1039.2,1039.51,667,309,0
2023-01-23 01:00:00,1043.18,1046.915,1040.88,1045.415,700,1049,0
2023-01-23 02:00:00,1045.365,1049.01,1040.38,1048.985,676,309,0
2023-01-23 03:00:00,1048.725,1049.395,1042.72,1046.435,1134,309,0
2023-01-23 04:00:00,1046.435,1048.495,1041.51,1046.065,1023,309,0
2023-01-23 05:00:00,1046.185,1049.715,1042.28,1047.145,801,309,0
2023-01-23 06:00:00,1047.015,1047.845,1041.59,1046.775,575,309,0
2023-01-23 07:00:00,1046.895,1047.785,1041.96,1044.825,689,309,0
2023-01-23 08:00:00,1044.825,1044.905,1038.55,1040.485,958,379,0
2023-01-23 09:00:00,1040.645,1049.425,1040.06,1044.645,1407,309,0
2023-01-23 10:00:00,1044.645,1049.005,1038.91,1046.385,1449,309,0
2023-01-23 11:00:00,1046.475,1047.005,1044.22,1046.175,1015,829,0
2023-01-23 12:00:00,1046.235,1048.855,1041.99,1046.355,1149,399,0
2023-01-23 13:00:00,1046.255,1046.395,1036.73,1039.235,1091,1139,0
2023-01-23 14:00:00,1039.305,1042.125,1031.63,1040.685,1390,649,0
2023-01-23 15:00:00,1040.735,1045.565,1035.105,1037.485,1887,619,0
2023-01-23 16:00:00,1037.475,1038.955,1029.105,1036.335,2907,1269,0
2023-01-23 17:00:00,1036.335,1043.135,1032.915,1042.145,2146,719,0
2023-01-23 18:00:00,1042.145,1044.835,1039.93,1043.235,1724,769,0
2023-01-23 19:00:00,1043.275,1048.375,1041.62,1047.695,1524,1159,0
2023-01-23 20:00:00,1047.865,1052.555,1047.365,1049.935,912,309,0
2023-01-23 21:00:00,1049.885,1050.135,1045.225,1046.845,1050,1489,0
2023-01-23 22:00:00,1046.845,1050.045,1046.515,1049.065,1857,1219,0
2023-01-23 23:00:00,1048.975,1050.275,1047.68,1049.0,608,1509,0
2023-01-24 01:00:00,1049.88,1054.565,1047.245,1050.725,473,1119,0
2023-01-24 02:00:00,1050.725,1051.325,1047.63,1049.555,482,769,0
2023-01-24 03:00:00,1049.555,1053.165,1048.83,1053.075,510,1099,0
2023-01-24 04:00:00,1053.095,1055.955,1052.71,1054.595,639,629,0
2023-01-24 05:00:00,1054.595,1055.045,1050.66,1052.875,551,609,0
2023-01-24 06:00:00,1052.875,1052.935,1049.44,1051.885,546,1599,0
2023-01-24 07:00:00,1051.835,1054.635,1051.28,1053.495,558,1519,0
2023-01-24 08:00:00,1053.385,1056.355,1052.43,1053.995,746,889,0
2023-01-24 09:00:00,1054.005,1057.305,1051.78,1054.465,1010,979,0
2023-01-24 10:00:00,1054.465,1056.025,1050.64,1052.695,1229,639,0
2023-01-24 11:00:00,1052.715,1055.085,1048.145,1050.685,925,309,0
2023-01-24 12:00:00,1050.755,1052.015,1047.41,1049.75,821,879,0
2023-01-24 13:00:00,1050.47,1057.655,1048.8,1056.395,656,339,0
2023-01-24 14:00:00,1056.395,1059.355,1052.51,1054.215,965,369,0
2023-01-24 15:00:00,1054.255,1058.335,1043.445,1048.015,1886,1329,0
2023-01-24 16:00:00,1047.945,1051.395,1044.075,1044.075,2407,359,0
2023-01-24 17:00:00,1044.145,1060.185,1043.015,1058.145,3128,369,0
2023-01-24 18:00:00,1058.145,1061.945,1054.48,1058.025,1297,329,0
2023-01-24 19:00:00,1057.615,1058.945,1054.57,1057.145,646,709,0
2023-01-24 20:00:00,1057.145,1059.245,1055.5,1057.895,672,1059,0
2023-01-24 21:00:00,1057.845,1060.525,1056.63,1060.145,666,1229,0
2023-01-24 22:00:00,1060.145,1060.475,1056.82,1058.345,597,1279,0
2023-01-24 23:00:00,1058.345,1059.675,1057.09,1058.8,487,1129,0
2023-01-25 01:00:00,1059.445,1059.445,1053.46,1057.195,668,1499,0
2023-01-25 02:00:00,1057.175,1057.795,1052.5,1056.015,716,1129,0
2023-01-25 03:00:00,1056.005,1059.225,1055.13,1057.735,763,309,0
2023-01-25 04:00:00,1055.48,1061.155,1054.405,1054.495,821,309,0
2023-01-25 05:00:00,1054.445,1057.095,1052.635,1054.535,1069,200,0
2023-01-25 06:00:00,1054.495,1057.935,1054.28,1056.065,753,240,0
2023-01-25 07:00:00,1056.145,1056.275,1052.595,1055.605,751,379,0
2023-01-25 08:00:00,1055.635,1058.365,1052.135,1054.565,932,309,0
2023-01-25 09:00:00,1054.565,1059.985,1052.345,1053.215,1113,309,0
2023-01-25 10:00:00,1053.115,1057.375,1049.215,1050.265,1176,309,0
2023-01-25 11:00:00,1050.255,1050.385,1042.465,1044.345,1344,439,0
2023-01-25 12:00:00,1044.265,1045.285,1039.655,1044.445,1286,329,0
2023-01-25 13:00:00,1044.375,1046.015,1041.32,1042.905,1264,1199,0
2023-01-25 14:00:00,1042.925,1044.845,1038.245,1043.975,1531,1499,0
2023-01-25 15:00:00,1044.015,1044.265,1033.065,1034.705,2211,349,0
2023-01-25 16:00:00,1034.745,1046.515,1033.895,1040.165,2613,859,0
2023-01-25 17:00:00,1040.145,1044.395,1033.095,1040.025,3157,1069,0
2023-01-25 18:00:00,1039.985,1044.915,1036.645,1043.345,1712,659,0
2023-01-25 19:00:00,1043.445,1044.075,1039.61,1042.075,1450,1009,0
2023-01-25 20:00:00,1042.085,1043.995,1040.08,1041.245,1344,1109,0
2023-01-25 21:00:00,1041.275,1042.135,1037.86,1041.135,899,1169,0
2023-01-25 22:00:00,1041.215,1043.425,1040.45,1041.955,931,889,0
2023-01-25 23:00:00,1042.055,1042.495,1039.7,1040.1,671,1479,0
2023-01-26 01:00:00,1037.14,1045.305,1037.14,1044.745,643,1509,0
2023-01-26 02:00:00,1044.585,1045.345,1038.97,1040.255,554,309,0
2023-01-26 03:00:00,1040.5,1041.155,1035.77,1039.305,600,309,0
2023-01-26 04:00:00,1039.655,1041.155,1037.03,1039.455,448,309,0
2023-01-26 05:00:00,1039.455,1040.155,1036.91,1038.655,368,319,0
2023-01-26 06:00:00,1038.31,1040.305,1037.4,1038.555,626,659,0
2023-01-26 07:00:00,1038.555,1040.535,1035.175,1039.585,768,309,0
2023-01-26 08:00:00,1039.585,1042.185,1039.125,1039.455,680,1379,0
2023-01-26 09:00:00,1039.415,1039.705,1034.39,1038.325,960,1369,0
2023-01-26 10:00:00,1038.325,1038.535,1035.075,1035.265,1287,1549,0
2023-01-26 11:00:00,1035.325,1036.275,1030.495,1032.865,1436,929,0
2023-01-26 12:00:00,1032.875,1035.845,1030.82,1033.645,891,909,0
2023-01-26 13:00:00,1033.655,1033.815,1029.56,1032.765,928,1049,0
2023-01-26 14:00:00,1032.785,1037.295,1029.98,1033.16,1196,729,0
2023-01-26 15:00:00,1034.785,1038.705,1025.855,1035.095,2534,1229,0
2023-01-26 16:00:00,1035.335,1040.135,1023.145,1023.745,2924,309,0
2023-01-26 17:00:00,1023.905,1029.735,1022.845,1024.595,2760,679,0
2023-01-26 18:00:00,1024.605,1028.255,1020.295,1022.185,2189,319,0
2023-01-26 19:00:00,1022.255,1022.835,1018.225,1020.235,1823,479,0
2023-01-26 20:00:00,1020.215,1022.585,1017.055,1021.195,1522,519,0
2023-01-26 21:00:00,1021.175,1022.455,1018.91,1021.715,940,1439,0
2023-01-26 22:00:00,1021.735,1023.025,1020.26,1021.605,808,1199,0
2023-01-26 23:00:00,1021.615,1022.725,1019.52,1020.1,631,1239,0
2023-01-27 01:00:00,1016.79,1023.775,1016.79,1023.165,672,1319,0
2023-01-27 02:00:00,1023.135,1025.065,1020.25,1024.645,722,1219,0
2023-01-27 03:00:00,1024.695,1024.695,1018.12,1020.095,900,1589,0
2023-01-27 04:00:00,1020.025,1020.325,1014.07,1015.325,852,1159,0
2023-01-27 05:00:00,1015.465,1016.355,1011.04,1012.505,853,569,0
2023-01-27 06:00:00,1012.195,1014.545,1010.94,1013.935,756,1059,0
2023-01-27 07:00:00,1013.935,1016.975,1011.055,1016.885,678,1269,0
2023-01-27 08:00:00,1016.855,1017.375,1010.495,1013.255,915,1719,0
2023-01-27 09:00:00,1013.195,1013.605,1006.25,1006.605,1237,729,0
2023-01-27 10:00:00,1006.645,1013.255,1006.23,1013.255,1124,989,0
2023-01-27 11:00:00,1013.235,1016.435,1010.485,1013.125,1106,469,0
2023-01-27 12:00:00,1013.045,1015.115,1011.1,1014.605,894,1379,0
2023-01-27 13:00:00,1013.22,1019.855,1013.22,1018.715,1120,1539,0
2023-01-27 14:00:00,1018.915,1021.045,1011.69,1013.285,1020,1039,0
2023-01-27 15:00:00,1013.345,1017.185,1007.875,1009.935,1792,949,0
2023-01-27 16:00:00,1009.995,1015.435,1007.225,1010.735,2242,789,0
2023-01-27 17:00:00,1010.925,1014.035,1000.375,1006.745,2671,619,0
2023-01-27 18:00:00,1006.745,1013.995,1003.975,1011.905,2223,679,0
2023-01-27 19:00:00,1012.075,1013.295,1006.07,1012.975,1490,639,0
2023-01-27 20:00:00,1012.955,1015.795,1012.215,1014.815,1309,1129,0
2023-01-27 21:00:00,1014.925,1017.205,1013.86,1016.515,752,1449,0
2023-01-27 22:00:00,1016.515,1017.055,1013.525,1015.245,724,1249,0
2023-01-27 23:00:00,1015.245,1016.125,1011.58,1014.01,582,1419,0
2023-01-30 01:00:00,1010.77,1018.345,1010.77,1018.265,650,1639,0
2023-01-30 02:00:00,1018.255,1018.825,1016.17,1017.615,616,1589,0
2023-01-30 03:00:00,1017.635,1019.385,1013.595,1017.845,1168,1409,0
2023-01-30 04:00:00,1017.845,1019.665,1015.725,1018.285,792,1259,0
2023-01-30 05:00:00,1018.165,1019.885,1016.56,1018.975,649,1959,0
2023-01-30 06:00:00,1018.975,1021.925,1018.975,1021.105,866,1779,0
2023-01-30 07:00:00,1021.135,1021.805,1018.44,1019.115,893,1469,0
2023-01-30 08:00:00,1019.035,1021.085,1016.16,1017.385,882,1559,0
2023-01-30 09:00:00,1017.405,1018.355,1012.795,1014.995,1138,1179,0
2023-01-30 10:00:00,1014.805,1015.565,1007.975,1012.715,1452,699,0
2023-01-30 11:00:00,1012.635,1013.095,1007.03,1008.745,1347,1289,0
2023-01-30 12:00:00,1008.755,1015.085,1007.025,1014.965,1074,1029,0
2023-01-30 13:00:00,1015.065,1016.195,1008.73,1010.755,1315,1279,0
2023-01-30 14:00:00,1010.965,1017.865,1010.745,1017.555,1154,1359,0
2023-01-30 15:00:00,1017.625,1018.045,1010.775,1011.135,1683,949,0
2023-01-30 16:00:00,1011.215,1017.175,1009.535,1011.035,2058,1439,0
2023-01-30 17:00:00,1010.965,1017.145,1010.175,1016.755,1957,1369,0
2023-01-30 18:00:00,1016.555,1016.845,1011.335,1014.055,1544,1509,0
2023-01-30 19:00:00,1014.015,1018.445,1013.305,1017.635,1320,1279,0
2023-01-30 20:00:00,1017.635,1019.095,1013.285,1014.585,1283,1289,0
2023-01-30 21:00:00,1014.585,1014.695,1011.355,1012.015,695,1139,0
2023-01-30 22:00:00,1011.995,1013.095,1010.43,1012.115,798,1099,0
2023-01-30 23:00:00,1012.155,1013.465,1009.6,1011.51,602,1299,0
2023-01-31 01:00:00,1010.96,1013.59,1005.345,1011.47,630,1499,0
2023-01-31 02:00:00,1011.825,1013.315,1008.17,1011.635,1002,759,0
2023-01-31 03:00:00,1012.065,1015.745,1008.95,1014.765,1265,899,0
2023-01-31 04:00:00,1014.785,1014.975,1010.88,1013.075,1048,1199,0
2023-01-31 05:00:00,1012.965,1013.205,1007.94,1008.765,891,1049,0
2023-01-31 06:00:00,1008.655,1010.205,1006.44,1009.245,695,1769,0
2023-01-31 07:00:00,1009.195,1009.905,1004.56,1005.405,903,1609,0
2023-01-31 08:00:00,1005.465,1005.715,1001.55,1003.945,961,1269,0
2023-01-31 09:00:00,1003.935,1003.935,997.885,1001.195,1273,529,0
2023-01-31 10:00:00,1001.285,1001.845,996.285,1001.785,1566,949,0
2023-01-31 11:00:00,1001.725,1001.765,995.455,999.745,1325,719,0
2023-01-31 12:00:00,999.905,999.945,996.2,998.615,902,309,0
2023-01-31 13:00:00,998.505,998.945,993.655,996.315,1055,369,0
2023-01-31 14:00:00,996.365,1001.205,993.215,997.325,1539,809,0
2023-01-31 15:00:00,997.525,1002.935,992.755,1001.935,2903,669,0
2023-01-31 16:00:00,1001.955,1007.915,997.765,1007.425,2735,519,0
2023-01-31 17:00:00,1007.415,1017.735,1003.835,1016.295,2989,689,0
2023-01-31 18:00:00,1016.245,1021.335,1013.755,1014.745,1829,569,0
2023-01-31 19:00:00,1014.725,1016.245,1011.435,1011.645,1788,1359,0
2023-01-31 20:00:00,1011.545,1018.515,1011.395,1015.635,1325,1009,0
2023-01-31 21:00:00,1015.645,1016.585,1012.69,1013.945,765,1269,0
2023-01-31 22:00:00,1014.055,1015.545,1010.61,1015.465,808,439,0
2023-01-31 23:00:00,1015.535,1015.555,1010.45,1012.32,544,300,0
2023-02-01 01:00:00,1010.245,1013.135,1007.1,1012.575,530,1020,0
2023-02-01 02:00:00,1012.635,1013.795,1009.17,1012.775,656,549,0
2023-02-01 03:00:00,1012.705,1014.755,1008.84,1013.025,926,649,0
2023-02-01 04:00:00,1012.945,1012.955,1009.44,1010.275,766,1539,0
2023-02-01 05:00:00,1010.255,1014.565,1009.98,1013.945,666,1569,0
2023-02-01 06:00:00,1013.875,1015.445,1012.9,1013.775,560,1619,0
2023-02-01 07:00:00,1013.705,1015.825,1012.32,1015.315,749,1229,0
2023-02-01 08:00:00,1015.295,1017.525,1012.69,1014.605,869,429,0
2023-02-01 09:00:00,1014.665,1017.335,1011.47,1014.805,980,459,0
2023-02-01 10:00:00,1014.805,1014.995,1008.93,1010.025,1142,1039,0
2023-02-01 11:00:00,1010.025,1010.155,1004.385,1004.575,1158,759,0
2023-02-01 12:00:00,1004.735,1009.575,1003.06,1008.785,960,479,0
2023-02-01 13:00:00,1008.715,1010.945,1006.015,1009.855,1075,959,0
2023-02-01 14:00:00,1009.795,1011.745,1004.645,1009.445,1120,1399,0
2023-02-01 15:00:00,1009.505,1012.485,1006.355,1008.865,2038,1359,0
2023-02-01 16:00:00,1008.975,1013.925,1005.945,1009.945,2116,759,0
2023-02-01 17:00:00,1009.945,1010.835,1000.62,1004.155,2982,729,0
2023-02-01 18:00:00,1004.065,1005.825,996.935,998.805,1825,569,0
2023-02-01 19:00:00,998.825,1000.375,993.165,997.645,2319,319,0
2023-02-01 20:00:00,997.565,999.645,994.255,994.555,1532,1359,0
2023-02-01 21:00:00,994.135,1009.595,991.345,1009.245,4696,1879,0
2023-02-01 22:00:00,1009.335,1013.095,1004.825,1008.655,2958,859,0
2023-02-01 23:00:00,1008.665,1009.435,1004.96,1005.56,977,1679,0
2023-02-02 01:00:00,1004.25,1011.335,1004.25,1011.335,664,569,0
2023-02-02 02:00:00,1011.335,1014.425,1010.75,1013.235,1086,1579,0
2023-02-02 03:00:00,1013.145,1015.715,1011.43,1013.285,1221,1339,0
2023-02-02 04:00:00,1013.345,1014.245,1010.82,1011.965,906,1579,0
2023-02-02 05:00:00,1012.035,1013.115,1009.91,1012.485,750,1249,0
2023-02-02 06:00:00,1012.475,1016.225,1011.05,1015.715,641,1039,0
2023-02-02 07:00:00,1015.765,1016.585,1013.38,1015.545,833,1109,0
2023-02-02 08:00:00,1015.515,1016.495,1009.48,1011.815,972,1619,0
2023-02-02 09:00:00,1010.285,1018.135,1010.285,1012.735,1242,679,0
2023-02-02 10:00:00,1012.765,1021.365,1011.575,1018.885,1575,879,0
2023-02-02 11:00:00,1018.915,1019.355,1011.91,1016.945,1167,1099,0
2023-02-02 12:00:00,1016.945,1017.885,1011.21,1011.985,1045,959,0
2023-02-02 13:00:00,1011.985,1026.975,1011.985,1024.985,1289,809,0
2023-02-02 14:00:00,1025.145,1031.525,1020.745,1031.045,1472,369,0
2023-02-02 15:00:00,1031.045,1038.105,1028.515,1033.005,2615,309,0
2023-02-02 16:00:00,1033.145,1038.725,1016.705,1016.705,3746,359,0
2023-02-02 17:00:00,1016.705,1027.035,1012.885,1025.985,3780,309,0
2023-02-02 18:00:00,1025.845,1026.745,1017.545,1022.365,2446,309,0
2023-02-02 19:00:00,1022.345,1030.025,1021.855,1025.475,2284,309,0
2023-02-02 20:00:00,1025.435,1027.515,1020.8,1027.515,1630,309,0
2023-02-02 21:00:00,1027.475,1027.475,1022.84,1025.055,1436,429,0
2023-02-02 22:00:00,1025.005,1026.255,1023.93,1025.755,1345,909,0
2023-02-02 23:00:00,1025.675,1026.715,1021.29,1021.36,1113,1139,0
2023-02-03 01:00:00,1019.72,1024.255,1019.68,1022.065,657,1229,0
2023-02-03 02:00:00,1022.015,1024.275,1019.35,1024.275,783,1089,0
2023-02-03 03:00:00,1024.255,1025.505,1021.7,1022.665,1059,1899,0
2023-02-03 04:00:00,1022.715,1023.905,1021.4,1023.615,808,1739,0
2023-02-03 05:00:00,1023.615,1025.745,1022.8,1025.555,596,1699,0
2023-02-03 06:00:00,1025.555,1025.755,1022.7,1024.145,589,1649,0
2023-02-03 07:00:00,1024.105,1027.635,1022.42,1026.395,741,929,0
2023-02-03 08:00:00,1026.405,1033.875,1025.69,1028.165,1060,979,0
2023-02-03 09:00:00,1028.135,1032.545,1025.205,1027.375,1214,1949,0
2023-02-03 10:00:00,1027.395,1029.045,1023.345,1025.505,1109,529,0
2023-02-03 11:00:00,1025.245,1029.145,1022.185,1025.645,1184,1099,0
2023-02-03 12:00:00,1025.645,1026.515,1020.64,1023.065,827,1169,0
2023-02-03 13:00:00,1022.945,1022.945,1014.96,1017.335,930,329,0
2023-02-03 14:00:00,1017.395,1022.145,1015.67,1021.995,1215,749,0
2023-02-03 15:00:00,1022.025,1022.995,998.935,1004.245,4232,309,0
2023-02-03 16:00:00,1004.245,1005.795,995.665,996.585,4358,309,0
2023-02-03 17:00:00,996.205,998.285,986.515,987.385,3729,309,0
2023-02-03 18:00:00,987.385,989.085,976.615,979.525,3986,1569,0
2023-02-03 19:00:00,979.525,979.525,973.77,976.115,2815,1389,0
2023-02-03 20:00:00,976.115,978.15,973.595,977.035,1869,0,0
2023-02-03 21:00:00,977.015,978.76,974.755,976.035,1037,0,0
2023-02-03 22:00:00,976.025,978.86,975.345,977.335,819,0,0
2023-02-03 23:00:00,977.415,979.54,974.9,977.8,652,0,0
2023-02-06 01:00:00,968.94,979.405,968.1,978.305,1170,1589,0
2023-02-06 02:00:00,978.305,980.015,974.785,979.285,1123,1089,0
2023-02-06 03:00:00,979.345,981.875,976.225,980.035,1776,1209,0
2023-02-06 04:00:00,979.985,981.775,977.395,977.685,1077,429,0
2023-02-06 05:00:00,977.685,980.285,976.16,979.195,997,829,0
2023-02-06 06:00:00,979.25,980.705,977.86,979.625,1062,439,0
2023-02-06 07:00:00,979.845,980.255,976.565,978.935,966,449,0
2023-02-06 08:00:00,978.935,979.165,975.585,978.085,867,1139,0
2023-02-06 09:00:00,978.085,979.315,975.02,976.335,1362,309,0
2023-02-06 10:00:00,976.335,982.535,975.545,981.075,1567,879,0
2023-02-06 11:00:00,980.965,980.965,973.98,975.335,1285,309,0
2023-02-06 12:00:00,975.255,980.445,972.17,978.825,1095,399,0
2023-02-06 13:00:00,978.825,982.265,975.11,982.025,1546,309,0
2023-02-06 14:00:00,982.025,986.685,981.605,983.285,1254,309,0
2023-02-06 15:00:00,983.255,986.435,974.845,976.045,2166,309,0
2023-02-06 16:00:00,976.045,983.275,975.445,978.465,2282,529,0
2023-02-06 17:00:00,978.455,980.145,968.325,972.395,2732,339,0
2023-02-06 18:00:00,972.215,979.915,971.155,976.745,2296,679,0
2023-02-06 19:00:00,976.765,977.875,971.965,973.355,1995,969,0
2023-02-06 20:00:00,973.325,973.775,969.835,973.355,1576,1079,0
2023-02-06 21:00:00,973.315,977.245,973.05,974.135,1013,239,0
2023-02-06 22:00:00,974.115,974.725,971.84,974.355,915,659,0
2023-02-06 23:00:00,974.405,974.795,972.48,973.35,469,1059,0
2023-02-07 01:00:00,970.14,974.525,967.735,974.275,490,1419,0
2023-02-07 02:00:00,974.255,976.365,972.62,973.005,603,969,0
2023-02-07 03:00:00,973.055,976.405,972.24,975.995,952,1589,0
2023-02-07 04:00:00,976.105,977.595,973.27,976.815,814,1659,0
2023-02-07 05:00:00,976.835,976.855,972.28,973.825,837,1319,0
2023-02-07 06:00:00,972.66,974.695,970.12,972.565,763,1339,0
2023-02-07 07:00:00,972.575,974.855,969.96,974.575,757,309,0
2023-02-07 08:00:00,974.655,976.795,971.305,972.615,974,309,0
2023-02-07 09:00:00,972.725,976.565,970.875,975.735,1085,889,0
2023-02-07 10:00:00,975.735,978.935,970.33,975.125,1600,250,0
2023-02-07 11:00:00,975.125,977.115,970.94,972.515,1189,319,0
2023-02-07 12:00:00,972.485,977.235,972.26,975.395,988,619,0
2023-02-07 13:00:00,975.345,975.585,967.5,970.025,1368,439,0
2023-02-07 14:00:00,969.935,972.945,968.175,969.975,1321,1349,0
2023-02-07 15:00:00,970.025,971.095,965.145,966.145,2549,649,0
2023-02-07 16:00:00,966.085,972.905,964.685,971.185,2804,639,0
2023-02-07 17:00:00,971.125,980.695,967.355,978.085,2534,309,0
2023-02-07 18:00:00,978.085,979.66,975.385,979.095,2616,639,0
2023-02-07 19:00:00,979.015,983.885,973.135,981.465,3539,309,0
2023-02-07 20:00:00,981.645,982.795,970.005,973.425,4303,309,0
2023-02-07 21:00:00,973.485,978.655,973.155,976.905,1855,1299,0
2023-02-07 22:00:00,976.925,977.585,973.94,976.175,1088,939,0
2023-02-07 23:00:00,976.135,977.715,973.45,975.76,654,1309,0
2023-02-08 01:00:00,974.785,979.595,972.46,979.305,499,309,0
2023-02-08 02:00:00,979.345,980.705,975.47,979.025,516,459,0
2023-02-08 03:00:00,978.875,980.485,976.75,977.645,727,570,0
2023-02-08 04:00:00,977.645,979.605,976.09,979.595,804,879,0
2023-02-08 05:00:00,979.595,980.675,977.79,980.235,655,819,0
2023-02-08 06:00:00,980.235,981.705,979.06,981.015,605,599,0
2023-02-08 07:00:00,981.075,981.655,978.35,981.415,567,1149,0
2023-02-08 08:00:00,981.415,983.455,980.84,981.375,776,1119,0
2023-02-08 09:00:00,981.295,990.035,979.75,989.705,1384,309,0
2023-02-08 10:00:00,989.735,990.525,986.05,989.715,1544,319,0
2023-02-08 11:00:00,989.615,991.615,987.635,991.155,1371,649,0
2023-02-08 12:00:00,991.345,991.895,986.27,988.975,1087,339,0
2023-02-08 13:00:00,988.975,989.535,984.52,986.395,1022,449,0
2023-02-08 14:00:00,986.175,990.135,984.825,985.845,1066,1289,0
2023-02-08 15:00:00,985.765,986.335,981.115,982.635,1763,1139,0
2023-02-08 16:00:00,982.565,985.985,979.965,981.165,2074,809,0
2023-02-08 17:00:00,981.015,981.845,976.04,978.135,1986,309,0
2023-02-08 18:00:00,977.915,978.895,972.305,976.195,1703,759,0
2023-02-08 19:00:00,976.105,982.305,975.75,982.205,1562,1359,0
2023-02-08 20:00:00,982.165,984.985,978.61,980.105,1457,309,0
2023-02-08 21:00:00,979.945,979.955,974.65,975.975,922,599,0
2023-02-08 22:00:00,975.975,976.065,973.89,974.095,1193,309,0
2023-02-08 23:00:00,974.005,974.395,968.86,972.47,613,309,0
2023-02-09 01:00:00,969.915,972.655,964.3,969.885,630,1509,0
2023-02-09 02:00:00,969.585,971.775,967.0,970.465,708,1039,0
2023-02-09 03:00:00,970.525,975.655,969.18,975.625,896,609,0
2023-02-09 04:00:00,975.705,977.535,975.0,976.905,610,699,0
2023-02-09 05:00:00,976.905,978.055,975.48,977.36,579,819,0
2023-02-09 06:00:00,977.36,978.475,976.42,978.165,457,839,0
2023-02-09 07:00:00,978.185,980.995,977.4,979.555,828,679,0
2023-02-09 08:00:00,979.555,982.995,978.97,982.645,717,949,0
2023-02-09 09:00:00,982.645,985.635,980.925,984.865,1098,309,0
2023-02-09 10:00:00,984.865,988.365,983.045,985.075,1396,309,0
2023-02-09 11:00:00,984.975,986.225,978.05,980.975,924,509,0
2023-02-09 12:00:00,980.965,981.665,975.235,978.875,1143,539,0
2023-02-09 13:00:00,978.965,979.205,973.435,974.295,1116,979,0
2023-02-09 14:00:00,974.305,976.255,970.625,974.225,1324,309,0
2023-02-09 15:00:00,974.235,974.335,967.265,972.005,2081,319,0
2023-02-09 16:00:00,972.075,976.385,969.825,973.085,2589,729,0
2023-02-09 17:00:00,973.225,974.905,962.775,963.845,2255,309,0
2023-02-09 18:00:00,963.695,964.495,958.545,961.215,2575,309,0
2023-02-09 19:00:00,961.195,965.395,958.415,962.355,1850,439,0
2023-02-09 20:00:00,962.415,964.745,959.905,960.875,2055,849,0
2023-02-09 21:00:00,960.835,962.005,954.405,956.275,1737,959,0
2023-02-09 22:00:00,956.295,957.855,954.47,955.925,1164,1259,0
2023-02-09 23:00:00,955.945,957.795,954.73,957.05,630,1539,0
2023-02-10 01:00:00,954.54,959.555,947.025,958.035,638,1699,0
2023-02-10 02:00:00,956.815,958.155,954.77,957.105,767,1369,0
2023-02-10 03:00:00,957.185,959.725,954.13,955.545,1139,1239,0
2023-02-10 04:00:00,955.505,955.825,952.64,953.935,785,1389,0
2023-02-10 05:00:00,953.935,954.305,949.78,951.635,842,439,0
2023-02-10 06:00:00,951.635,952.425,949.445,950.445,648,529,0
2023-02-10 07:00:00,950.535,954.165,948.92,954.105,1029,1369,0
2023-02-10 08:00:00,954.165,954.655,951.215,953.995,979,1269,0
2023-02-10 09:00:00,953.805,957.295,953.045,955.785,1746,1049,0
2023-02-10 10:00:00,955.705,961.355,955.165,959.565,1791,419,0
2023-02-10 11:00:00,959.625,962.565,954.2,957.545,1490,479,0
2023-02-10 12:00:00,957.545,959.245,954.66,958.445,805,1109,0
2023-02-10 13:00:00,958.445,960.945,955.78,959.245,780,809,0
2023-02-10 14:00:00,959.345,966.645,958.23,964.845,916,309,0
2023-02-10 15:00:00,964.845,969.045,961.07,966.945,1555,509,0
2023-02-10 16:00:00,967.045,967.145,959.345,959.345,1624,909,0
2023-02-10 17:00:00,959.245,964.845,951.63,952.845,1992,509,0
2023-02-10 18:00:00,952.845,952.845,946.81,948.745,1117,509,0
2023-02-10 19:00:00,948.645,951.845,946.23,948.345,867,809,0
2023-02-10 20:00:00,948.345,950.745,946.02,947.145,623,1309,0
2023-02-10 21:00:00,947.345,948.845,945.35,947.445,655,809,0
2023-02-10 22:00:00,947.745,949.745,945.93,948.61,657,509,0
2023-02-10 23:00:00,948.61,949.145,945.48,947.02,458,1409,0
2023-02-13 01:00:00,944.05,949.265,943.87,948.205,768,1299,0
2023-02-13 02:00:00,948.255,948.565,944.86,947.025,713,1009,0
2023-02-13 03:00:00,947.025,947.275,942.75,944.845,1146,829,0
2023-02-13 04:00:00,944.835,945.865,943.53,944.775,861,1749,0
2023-02-13 05:00:00,944.845,945.185,942.99,943.135,731,1769,0
2023-02-13 06:00:00,943.125,944.155,941.47,942.195,569,1699,0
2023-02-13 07:00:00,942.225,944.845,941.31,944.115,713,1789,0
2023-02-13 08:00:00,944.105,947.725,943.885,945.835,929,2399,0
2023-02-13 09:00:00,945.815,946.375,943.375,945.015,982,2689,0
2023-02-13 10:00:00,944.855,945.015,940.86,941.855,1261,849,0
2023-02-13 11:00:00,941.995,942.685,937.2,942.335,1322,379,0
2023-02-13 12:00:00,942.305,944.645,941.44,944.295,990,1559,0
2023-02-13 13:00:00,944.375,950.105,943.035,949.305,1082,739,0
2023-02-13 14:00:00,949.305,951.975,946.675,947.615,1311,699,0
2023-02-13 15:00:00,947.675,948.695,939.15,941.655,1881,639,0
2023-02-13 16:00:00,941.675,947.035,937.395,946.935,2281,669,0
2023-02-13 17:00:00,946.985,955.655,945.745,954.965,2369,309,0
2023-02-13 18:00:00,954.695,955.325,947.635,949.885,1801,949,0
2023-02-13 19:00:00,949.905,959.065,949.905,956.475,1451,339,0
2023-02-13 20:00:00,956.505,958.49,954.005,957.185,1227,1199,0
2023-02-13 21:00:00,957.315,958.505,954.76,955.865,794,839,0
2023-02-13 22:00:00,955.865,956.795,954.67,956.435,842,1439,0
2023-02-13 23:00:00,956.565,957.955,952.75,956.25,508,529,0
2023-02-14 01:00:00,952.92,958.595,951.54,958.325,612,349,0
2023-02-14 02:00:00,958.345,959.125,955.885,958.225,598,280,0
2023-02-14 03:00:00,958.225,958.285,953.625,956.285,910,309,0
2023-02-14 04:00:00,956.325,958.365,954.29,955.605,706,379,0
2023-02-14 05:00:00,955.655,958.02,955.28,957.175,487,420,0
2023-02-14 06:00:00,957.245,959.305,955.975,958.465,538,270,0
2023-02-14 07:00:00,958.435,959.185,955.55,958.275,540,1409,0
2023-02-14 08:00:00,958.265,960.745,955.5,958.935,822,1539,0
2023-02-14 09:00:00,959.075,961.385,956.31,957.735,1014,769,0
2023-02-14 10:00:00,957.765,958.545,952.82,955.305,1182,879,0
2023-02-14 11:00:00,955.245,956.875,953.215,954.115,1004,369,0
2023-02-14 12:00:00,954.245,960.895,954.12,958.555,1060,789,0
2023-02-14 13:00:00,958.575,959.495,949.405,949.875,1019,319,0
2023-02-14 14:00:00,950.015,954.215,949.065,952.425,1158,1249,0
2023-02-14 15:00:00,952.535,959.075,939.04,950.845,4949,549,0
2023-02-14 16:00:00,950.845,958.515,939.995,957.755,4343,779,0
2023-02-14 17:00:00,957.855,960.465,939.905,940.165,2725,469,0
2023-02-14 18:00:00,940.115,942.185,930.645,934.215,2985,329,0
2023-02-14 19:00:00,934.215,937.075,932.545,936.245,1817,499,0
2023-02-14 20:00:00,936.165,939.195,935.095,935.695,1869,1209,0
2023-02-14 21:00:00,935.625,936.755,933.835,936.625,1189,1339,0
2023-02-14 22:00:00,936.555,936.795,934.2,935.125,944,1329,0
2023-02-14 23:00:00,935.065,935.325,931.835,932.76,633,1199,0
2023-02-15 01:00:00,931.645,933.975,929.425,933.795,626,2069,0
2023-02-15 02:00:00,932.48,935.845,932.22,935.475,703,1499,0
2023-02-15 03:00:00,935.505,937.145,933.27,935.525,1012,1419,0
2023-02-15 04:00:00,933.96,935.515,930.57,931.835,1044,1399,0
2023-02-15 05:00:00,931.835,932.535,928.65,930.985,759,1469,0
2023-02-15 06:00:00,930.995,932.025,929.68,930.105,619,1889,0
2023-02-15 07:00:00,930.125,930.935,928.76,930.005,705,1579,0
2023-02-15 08:00:00,930.005,930.955,926.22,928.395,857,709,0
2023-02-15 09:00:00,928.395,931.055,923.565,923.945,1655,689,0
2023-02-15 10:00:00,924.085,928.065,921.835,925.835,1601,689,0
2023-02-15 11:00:00,925.745,929.055,922.53,926.425,1287,439,0
2023-02-15 12:00:00,926.335,928.375,923.83,927.115,1058,1089,0
2023-02-15 13:00:00,927.085,929.795,926.08,928.295,931,579,0
2023-02-15 14:00:00,928.295,930.295,923.97,926.225,878,389,0
2023-02-15 15:00:00,926.225,929.595,915.405,924.395,2728,309,0
2023-02-15 16:00:00,924.395,929.495,920.585,923.005,2034,309,0
2023-02-15 17:00:00,923.005,925.295,916.585,916.685,1947,309,0
2023-02-15 18:00:00,916.685,922.755,916.405,921.045,1381,399,0
2023-02-15 19:00:00,921.045,921.045,914.2,918.445,798,309,0
2023-02-15 20:00:00,918.445,919.745,917.17,918.785,388,319,0
2023-02-15 21:00:00,918.865,919.995,915.29,916.575,549,589,0
2023-02-15 22:00:00,916.695,917.395,914.95,917.185,516,1059,0
2023-02-15 23:00:00,917.185,918.045,915.31,915.34,465,969,0
2023-02-16 01:00:00,915.1,920.18,914.325,918.195,548,349,0
2023-02-16 02:00:00,919.02,921.0,916.475,918.805,708,319,0
2023-02-16 03:00:00,918.915,923.015,916.87,921.955,1004,309,0
2023-02-16 04:00:00,921.895,924.135,919.845,923.825,994,309,0
2023-02-16 05:00:00,923.885,924.065,921.07,923.565,709,1089,0
2023-02-16 06:00:00,923.565,924.845,922.19,924.095,673,1239,0
2023-02-16 07:00:00,924.075,924.455,918.3,920.745,927,1319,0
2023-02-16 08:00:00,920.755,921.125,917.73,920.555,949,309,0
2023-02-16 09:00:00,920.435,921.585,917.465,921.175,1106,309,0
2023-02-16 10:00:00,921.105,923.315,916.98,919.265,1397,389,0
2023-02-16 11:00:00,919.185,920.865,913.97,915.705,1259,489,0
2023-02-16 12:00:00,915.685,918.605,913.41,917.775,943,769,0
2023-02-16 13:00:00,917.785,919.255,915.35,918.755,986,1009,0
2023-02-16 14:00:00,918.765,919.525,915.26,918.535,1141,889,0
2023-02-16 15:00:00,918.515,919.135,910.155,912.595,2716,349,0
2023-02-16 16:00:00,912.545,916.885,909.655,916.005,2957,419,0
2023-02-16 17:00:00,916.155,928.915,915.905,925.345,3131,449,0
2023-02-16 18:00:00,925.385,932.845,923.545,930.125,2123,309,0
2023-02-16 19:00:00,929.615,930.645,926.45,927.045,813,309,0
2023-02-16 20:00:00,927.045,931.885,925.76,927.485,1561,309,0
2023-02-16 21:00:00,927.485,927.955,925.02,926.035,1063,1349,0
2023-02-16 22:00:00,926.035,926.695,921.05,922.725,1425,869,0
2023-02-16 23:00:00,922.735,923.365,920.22,920.48,653,1289,0
2023-02-17 01:00:00,918.28,921.565,917.17,920.645,711,1699,0
2023-02-17 02:00:00,920.615,920.76,918.67,920.05,653,1530,0
2023-02-17 03:00:00,919.66,921.36,917.45,919.74,926,820,0
2023-02-17 04:00:00,919.75,921.505,918.035,919.505,815,409,0
2023-02-17 05:00:00,919.505,922.28,918.74,921.535,607,589,0
2023-02-17 06:00:00,921.535,921.79,917.8,919.965,513,589,0
2023-02-17 07:00:00,919.955,920.355,918.6,920.185,757,1199,0
2023-02-17 08:00:00,920.205,920.405,917.155,920.335,858,309,0
2023-02-17 09:00:00,920.375,921.665,916.55,920.565,1033,409,0
2023-02-17 10:00:00,920.565,920.805,916.06,919.235,1175,639,0
2023-02-17 11:00:00,919.245,923.305,915.45,921.955,1314,989,0
2023-02-17 12:00:00,922.045,922.255,916.56,918.045,1166,1399,0
2023-02-17 13:00:00,917.985,918.325,911.345,911.345,1278,609,0
2023-02-17 14:00:00,911.775,917.375,908.595,915.185,1464,969,0
2023-02-17 15:00:00,915.215,915.755,911.275,913.675,1873,309,0
2023-02-17 16:00:00,913.585,916.845,911.145,914.695,2108,349,0
2023-02-17 17:00:00,914.765,924.765,914.725,920.045,2735,339,0
2023-02-17 18:00:00,920.045,924.535,918.345,921.555,2057,949,0
2023-02-17 19:00:00,921.505,923.935,918.96,920.245,1020,1079,0
2023-02-17 20:00:00,920.245,922.955,919.75,921.725,1247,1169,0
2023-02-17 21:00:00,921.715,923.405,920.33,922.815,970,1299,0
2023-02-17 22:00:00,922.865,923.785,919.32,920.535,1086,1159,0
2023-02-17 23:00:00,920.615,921.175,915.27,919.31,567,1209,0
2023-02-20 01:00:00,916.44,921.005,916.09,919.025,745,1319,0
2023-02-20 02:00:00,919.155,919.515,916.32,919.015,614,1259,0
2023-02-20 03:00:00,919.125,920.345,918.195,919.825,873,769,0
2023-02-20 04:00:00,919.855,922.515,919.515,921.145,755,1319,0
2023-02-20 05:00:00,921.135,922.505,919.8,922.365,544,2059,0
2023-02-20 06:00:00,922.235,925.705,921.24,923.765,591,1459,0
2023-02-20 07:00:00,923.775,924.485,921.29,923.955,771,1439,0
2023-02-20 08:00:00,923.935,924.935,922.5,923.465,407,959,0
2023-02-20 09:00:00,923.465,928.485,922.22,927.895,968,649,0
2023-02-20 10:00:00,927.865,929.395,923.265,927.335,957,339,0
2023-02-20 11:00:00,927.375,930.205,923.26,924.545,925,559,0
2023-02-20 12:00:00,924.575,925.655,922.36,923.995,778,1289,0
2023-02-20 13:00:00,924.115,926.005,922.44,925.155,824,1249,0
2023-02-20 14:00:00,925.205,927.535,923.24,927.005,789,1079,0
2023-02-20 15:00:00,926.915,942.795,926.845,937.475,1302,739,0
2023-02-20 16:00:00,937.445,938.845,930.89,933.705,1201,509,0
2023-02-20 17:00:00,933.705,933.855,925.95,930.595,1316,339,0
2023-02-20 18:00:00,930.655,930.955,927.25,928.705,791,789,0
2023-02-20 19:00:00,928.725,929.785,926.11,927.145,752,1719,0
2023-02-20 20:00:00,927.305,928.965,926.0,928.655,336,1739,0
2023-02-20 21:00:00,928.705,929.155,926.15,926.83,165,1819,0
2023-02-21 01:00:00,925.385,930.535,921.76,929.365,502,1739,0
2023-02-21 02:00:00,929.385,931.785,926.57,929.375,776,1379,0
2023-02-21 03:00:00,929.315,930.725,926.32,929.915,987,1439,0
2023-02-21 04:00:00,929.925,931.945,927.69,928.495,847,1339,0
2023-02-21 05:00:00,928.435,929.235,925.37,927.745,825,1429,0
2023-02-21 06:00:00,927.765,927.855,925.24,927.755,575,1319,0
2023-02-21 07:00:00,927.52,928.295,924.98,927.525,692,789,0
2023-02-21 08:00:00,927.525,927.945,923.58,927.565,773,1289,0
2023-02-21 09:00:00,927.525,928.095,923.81,926.025,1161,1389,0
2023-02-21 10:00:00,925.935,928.105,923.65,926.765,1416,1419,0
2023-02-21 11:00:00,926.715,931.095,922.565,930.735,1542,1379,0
2023-02-21 12:00:00,930.765,934.325,929.445,934.015,1171,309,0
2023-02-21 13:00:00,933.925,938.615,932.63,934.765,1179,539,0
2023-02-21 14:00:00,934.765,935.495,928.29,930.145,954,359,0
2023-02-21 15:00:00,930.145,932.705,925.105,931.405,1127,309,0
2023-02-21 16:00:00,931.405,941.625,930.855,935.075,2728,9,0
2023-02-21 17:00:00,935.125,948.225,933.835,942.865,2547,319,0
2023-02-21 18:00:00,942.865,944.645,939.735,943.595,1924,1209,0
2023-02-21 19:00:00,943.615,948.485,942.345,948.255,1495,1049,0
2023-02-21 20:00:00,948.215,949.745,943.54,945.505,1473,399,0
2023-02-21 21:00:00,945.585,948.495,943.61,948.255,932,1599,0
2023-02-21 22:00:00,948.255,949.405,946.33,947.695,853,1529,0
2023-02-21 23:00:00,947.645,947.855,942.94,944.25,593,1549,0
2023-02-22 01:00:00,939.495,948.505,938.685,944.725,733,539,0
2023-02-22 02:00:00,944.705,950.705,944.595,948.655,1195,309,0
2023-02-22 03:00:00,948.725,950.51,943.785,945.525,1192,309,0
2023-02-22 04:00:00,945.525,947.4,943.315,945.755,908,1149,0
2023-02-22 05:00:00,945.715,948.205,942.02,944.435,653,349,0
2023-02-22 06:00:00,944.525,945.245,942.4,945.145,621,1319,0
2023-02-22 07:00:00,945.165,946.035,943.08,945.985,737,1209,0
2023-02-22 08:00:00,945.04,947.785,943.56,944.915,705,1209,0
2023-02-22 09:00:00,944.845,945.655,939.455,944.285,1190,309,0
2023-02-22 10:00:00,944.285,944.345,936.69,943.265,1339,609,0
2023-02-22 11:00:00,943.365,949.085,941.11,945.145,1139,529,0
2023-02-22 12:00:00,945.145,946.495,941.045,946.045,811,819,0
2023-02-22 13:00:00,946.045,954.105,946.045,953.925,1101,789,0
2023-02-22 14:00:00,953.945,961.205,951.845,961.045,1490,1039,0
2023-02-22 15:00:00,961.105,963.355,953.24,956.545,1059,429,0
2023-02-22 16:00:00,956.545,964.205,955.575,957.245,2060,369,0
2023-02-22 17:00:00,957.245,959.725,949.585,958.605,1124,309,0
2023-02-22 18:00:00,958.605,959.125,950.375,950.975,1743,309,0
2023-02-22 19:00:00,950.995,955.195,949.805,954.515,1523,1419,0
2023-02-22 20:00:00,954.605,955.295,950.68,953.595,1205,1669,0
2023-02-22 21:00:00,953.485,956.115,947.165,947.365,2032,2029,0
2023-02-22 22:00:00,947.475,950.955,945.94,950.895,1054,1969,0
2023-02-22 23:00:00,950.915,952.125,949.22,951.5,498,1979,0
2023-02-23 01:00:00,947.9,952.905,947.58,950.87,580,1960,0
2023-02-23 02:00:00,951.49,952.865,947.23,950.62,536,1149,0
2023-02-23 03:00:00,950.58,958.445,950.27,957.185,591,1299,0
2023-02-23 04:00:00,957.195,959.585,953.8,959.455,811,1330,0
2023-02-23 05:00:00,959.485,960.445,955.06,956.265,849,1239,0
2023-02-23 06:00:00,956.275,958.745,954.3,958.645,614,949,0
2023-02-23 07:00:00,958.645,959.045,953.64,955.165,623,939,0
2023-02-23 08:00:00,955.165,959.725,954.13,956.845,714,789,0
2023-02-23 09:00:00,956.905,956.905,950.62,952.305,693,419,0
2023-02-23 10:00:00,952.305,956.425,949.84,953.835,1029,419,0
2023-02-23 11:00:00,953.805,955.005,951.51,953.445,959,309,0
2023-02-23 12:00:00,952.515,954.485,950.12,953.785,942,309,0
2023-02-23 13:00:00,953.825,957.905,952.78,957.415,1111,1369,0
2023-02-23 14:00:00,957.385,959.555,955.26,958.375,1016,1139,0
2023-02-23 15:00:00,958.675,964.405,952.915,956.675,2044,309,0
2023-02-23 16:00:00,956.735,962.655,951.115,957.775,2343,539,0
2023-02-23 17:00:00,957.855,958.545,945.045,945.665,2328,469,0
2023-02-23 18:00:00,945.695,951.945,942.445,942.445,2068,1299,0
2023-02-23 19:00:00,942.205,952.145,941.095,946.145,1336,1529,0
2023-02-23 20:00:00,946.145,949.485,942.97,948.765,1110,579,0
2023-02-23 21:00:00,948.775,949.975,946.63,949.115,994,609,0
2023-02-23 22:00:00,947.45,951.795,947.45,950.935,791,639,0
2023-02-23 23:00:00,950.875,951.095,948.95,949.0,431,649,0
2023-02-24 01:00:00,944.7,951.015,944.65,948.865,596,619,0
2023-02-24 02:00:00,948.865,949.835,946.3,949.545,723,1689,0
2023-02-24 03:00:00,949.585,952.415,947.82,950.245,1200,1389,0
2023-02-24 04:00:00,950.245,951.175,946.77,947.785,840,2079,0
2023-02-24 05:00:00,947.785,951.365,947.19,949.685,622,2589,0
2023-02-24 06:00:00,949.04,950.525,947.4,948.345,569,2529,0
2023-02-24 07:00:00,948.165,949.955,947.88,948.745,581,2279,0
2023-02-24 08:00:00,948.745,952.535,948.18,951.395,562,1339,0
2023-02-24 09:00:00,951.395,951.395,944.4,945.505,865,309,0
2023-02-24 10:00:00,945.505,945.505,939.215,941.985,1218,309,0
2023-02-24 11:00:00,941.945,943.365,938.06,939.375,1028,1449,0
2023-02-24 12:00:00,939.365,944.605,938.64,943.875,890,1529,0
2023-02-24 13:00:00,943.875,943.915,934.35,937.715,1089,309,0
2023-02-24 14:00:00,937.625,937.625,925.265,925.665,1388,319,0
2023-02-24 15:00:00,925.645,930.945,921.635,925.075,2487,329,0
2023-02-24 16:00:00,925.075,927.805,914.995,917.775,2601,309,0
2023-02-24 17:00:00,917.605,920.995,910.11,911.695,2807,359,0
2023-02-24 18:00:00,911.735,919.545,910.915,917.415,1821,489,0
2023-02-24 19:00:00,917.505,917.955,909.905,910.005,1831,439,0
2023-02-24 20:00:00,909.975,913.175,909.53,911.815,1189,949,0
2023-02-24 21:00:00,911.875,912.925,909.7,912.065,988,1829,0
2023-02-24 22:00:00,912.105,913.615,909.87,912.315,901,1749,0
2023-02-24 23:00:00,912.275,912.925,908.73,910.11,527,1829,0
2023-02-27 01:00:00,904.93,915.805,904.93,915.105,757,1989,0
2023-02-27 02:00:00,915.125,917.02,912.12,917.02,923,1319,0
2023-02-27 03:00:00,916.735,917.46,914.565,916.725,721,810,0
2023-02-27 04:00:00,916.725,916.725,913.97,914.47,593,919,0
2023-02-27 05:00:00,914.47,914.895,907.805,908.45,804,1039,0
2023-02-27 06:00:00,908.975,911.395,908.585,910.885,568,1939,0
2023-02-27 07:00:00,910.855,911.17,909.415,909.545,732,1359,0
2023-02-27 08:00:00,909.545,912.425,909.05,910.295,767,559,0
2023-02-27 09:00:00,910.295,916.215,908.855,913.985,944,659,0
2023-02-27 10:00:00,913.985,917.625,913.825,915.235,1181,719,0
2023-02-27 11:00:00,915.155,920.625,913.875,920.215,1042,889,0
2023-02-27 12:00:00,920.175,925.645,918.99,924.005,1211,1029,0
2023-02-27 13:00:00,924.015,927.795,922.905,925.315,1161,1359,0
2023-02-27 14:00:00,925.235,927.965,923.925,925.415,1153,1279,0
2023-02-27 15:00:00,925.475,949.965,925.325,949.125,3302,309,0
2023-02-27 16:00:00,949.105,954.375,938.005,943.945,2477,309,0
2023-02-27 17:00:00,944.005,946.855,935.725,937.175,2059,399,0
2023-02-27 18:00:00,937.275,944.055,936.005,943.855,1335,919,0
2023-02-27 19:00:00,943.855,945.105,940.29,943.645,998,1129,0
2023-02-27 20:00:00,943.595,944.545,940.45,943.605,786,559,0
2023-02-27 21:00:00,943.555,944.505,941.01,942.175,695,509,0
2023-02-27 22:00:00,942.165,942.575,940.35,941.275,513,859,0
2023-02-27 23:00:00,941.375,942.175,939.88,941.06,360,1019,0
2023-02-28 01:00:00,939.25,942.975,937.29,939.125,461,699,0
2023-02-28 02:00:00,939.125,940.775,937.34,939.985,471,949,0
2023-02-28 03:00:00,939.985,943.585,938.59,942.365,614,1839,0
2023-02-28 04:00:00,942.365,945.395,940.87,943.995,976,319,0
2023-02-28 05:00:00,943.995,944.225,941.46,942.955,752,1089,0
2023-02-28 06:00:00,943.025,943.995,941.92,942.985,527,979,0
2023-02-28 07:00:00,943.075,943.105,938.895,941.355,748,399,0
2023-02-28 08:00:00,941.375,946.085,939.445,944.755,825,619,0
2023-02-28 09:00:00,944.755,944.925,937.515,938.415,1140,739,0
2023-02-28 10:00:00,938.315,938.985,932.44,937.355,1355,739,0
2023-02-28 11:00:00,937.365,941.895,937.23,939.325,1292,639,0
2023-02-28 12:00:00,939.255,942.335,938.35,941.785,1086,349,0
2023-02-28 13:00:00,941.985,945.415,941.4,943.255,1014,309,0
2023-02-28 14:00:00,943.215,945.495,941.37,944.895,1190,1299,0
2023-02-28 15:00:00,944.825,953.745,943.955,946.665,1919,719,0
2023-02-28 16:00:00,946.765,951.715,942.77,947.965,2009,499,0
2023-02-28 17:00:00,948.145,952.825,945.975,947.815,2576,1539,0
2023-02-28 18:00:00,947.845,959.835,947.695,957.945,1824,1039,0
2023-02-28 19:00:00,957.955,962.315,957.185,960.895,1235,349,0
2023-02-28 20:00:00,960.795,960.995,952.275,956.635,1193,309,0
2023-02-28 21:00:00,956.645,958.385,955.32,956.345,920,909,0
2023-02-28 22:00:00,956.345,956.345,953.53,954.545,260,609,0
2023-02-28 23:00:00,954.545,957.445,952.83,952.86,420,779,0
2023-03-01 01:00:00,952.85,955.245,951.39,952.735,397,1179,0
2023-03-01 02:00:00,952.745,952.745,949.56,950.905,901,1409,0
2023-03-01 03:00:00,950.875,960.245,949.8,959.825,1159,1449,0
2023-03-01 04:00:00,959.845,960.595,956.71,957.695,1161,1179,0
2023-03-01 05:00:00,957.795,960.445,955.69,959.35,813,309,0
2023-03-01 06:00:00,959.615,959.975,957.18,959.795,745,1329,0
2023-03-01 07:00:00,959.875,961.665,958.43,959.265,769,1249,0
2023-03-01 08:00:00,959.085,968.575,958.51,966.575,1020,309,0
2023-03-01 09:00:00,966.595,967.605,961.99,966.965,1210,849,0
2023-03-01 10:00:00,966.895,967.245,960.555,964.905,1334,319,0
2023-03-01 11:00:00,965.045,966.745,960.31,961.935,1198,629,0
2023-03-01 12:00:00,961.905,963.195,955.53,959.225,1320,339,0
2023-03-01 13:00:00,959.245,960.825,957.2,959.535,1235,1269,0
2023-03-01 14:00:00,959.475,966.815,958.01,966.815,1190,309,0
2023-03-01 15:00:00,966.705,971.055,957.035,960.105,2580,309,0
2023-03-01 16:00:00,960.055,968.125,959.815,964.995,2507,309,0
2023-03-01 17:00:00,965.185,971.695,956.775,966.345,3560,309,0
2023-03-01 18:00:00,966.315,966.505,955.255,960.955,2628,429,0
2023-03-01 19:00:00,960.875,961.825,953.915,959.505,1627,309,0
2023-03-01 20:00:00,959.515,962.505,956.95,958.115,1273,309,0
2023-03-01 21:00:00,958.145,959.375,956.43,958.775,923,1300,0
2023-03-01 22:00:00,958.845,960.585,957.58,959.295,887,309,0
2023-03-01 23:00:00,959.295,959.635,957.48,957.65,521,349,0
2023-03-02 01:00:00,956.555,959.975,952.735,958.015,599,309,0
2023-03-02 02:00:00,958.025,958.605,953.39,954.605,718,689,0
2023-03-02 03:00:00,954.605,954.885,948.865,951.545,1142,709,0
2023-03-02 04:00:00,951.555,955.485,951.09,954.335,931,879,0
2023-03-02 05:00:00,954.345,956.095,951.69,955.965,834,729,0
2023-03-02 06:00:00,955.935,958.255,954.37,958.125,639,859,0
2023-03-02 07:00:00,958.155,958.345,953.38,956.025,799,749,0
2023-03-02 08:00:00,956.045,956.505,953.3,954.635,782,909,0
2023-03-02 09:00:00,954.485,955.265,949.18,950.285,1117,589,0
2023-03-02 10:00:00,950.235,958.065,948.19,957.075,1712,309,0
2023-03-02 11:00:00,956.3,960.025,954.66,958.175,1187,989,0
2023-03-02 12:00:00,958.105,960.005,954.3,959.235,1325,309,0
2023-03-02 13:00:00,959.235,962.605,959.235,961.775,1231,589,0
2023-03-02 14:00:00,961.695,962.925,955.45,958.325,1207,1359,0
2023-03-02 15:00:00,958.405,960.275,952.345,953.045,1043,309,0
2023-03-02 16:00:00,953.045,962.145,950.445,960.095,1921,319,0
2023-03-02 17:00:00,960.115,965.535,959.745,964.805,1284,439,0
2023-03-02 18:00:00,964.815,966.245,961.89,963.135,658,309,0
2023-03-02 19:00:00,963.155,964.115,959.64,962.805,1089,1429,0
2023-03-02 20:00:00,962.795,966.345,959.48,965.845,842,589,0
2023-03-02 21:00:00,965.845,967.245,963.1,966.145,280,509,0
2023-03-02 22:00:00,966.145,967.735,963.82,966.025,321,309,0
2023-03-02 23:00:00,965.845,965.845,962.69,962.8,515,1119,0
2023-03-03 01:00:00,961.01,966.345,960.09,965.195,612,659,0
2023-03-03 02:00:00,963.99,967.8,962.95,966.465,673,369,0
2023-03-03 03:00:00,966.465,968.285,963.52,964.555,957,1079,0
2023-03-03 04:00:00,964.565,965.925,962.405,963.105,824,1529,0
2023-03-03 05:00:00,963.135,966.415,962.785,965.515,800,1219,0
2023-03-03 06:00:00,965.545,965.955,963.84,964.245,708,1389,0
2023-03-03 07:00:00,964.235,968.175,963.78,967.505,813,479,0
2023-03-03 08:00:00,967.485,970.855,966.6,968.815,886,309,0
2023-03-03 09:00:00,968.815,969.16,965.73,966.905,964,910,0
2023-03-03 10:00:00,966.875,970.355,965.64,968.915,1395,539,0
2023-03-03 11:00:00,968.835,972.265,967.39,968.045,1197,1339,0
2023-03-03 12:00:00,968.045,972.255,965.96,972.155,1087,1029,0
2023-03-03 13:00:00,972.085,977.205,971.45,976.375,1229,309,0
2023-03-03 14:00:00,976.385,976.385,968.985,972.585,1354,329,0
2023-03-03 15:00:00,972.585,978.305,969.375,978.215,2039,329,0
2023-03-03 16:00:00,978.225,978.985,964.745,967.555,1858,309,0
2023-03-03 17:00:00,967.385,972.555,964.025,970.945,2668,309,0
2023-03-03 18:00:00,970.945,976.535,970.845,975.325,1587,439,0
2023-03-03 19:00:00,975.395,977.665,972.98,977.615,1429,719,0
2023-03-03 20:00:00,977.555,978.835,975.72,978.775,1117,309,0
2023-03-03 21:00:00,978.815,981.185,977.245,980.915,915,359,0
2023-03-03 22:00:00,980.915,983.805,978.71,980.815,1183,1179,0
2023-03-03 23:00:00,980.515,981.005,977.04,979.42,633,1529,0
2023-03-06 01:00:00,976.27,977.465,973.86,975.815,769,1209,0
2023-03-06 02:00:00,974.55,976.665,972.42,974.785,760,1249,0
2023-03-06 03:00:00,974.785,977.565,972.0,976.615,1129,939,0
2023-03-06 04:00:00,976.615,980.075,973.27,978.855,951,759,0
2023-03-06 05:00:00,978.855,979.575,976.62,979.055,768,489,0
2023-03-06 06:00:00,979.065,980.105,976.02,976.705,686,1269,0
2023-03-06 07:00:00,976.695,978.905,975.84,977.445,816,1039,0
2023-03-06 08:00:00,977.455,979.545,976.2,978.525,931,1069,0
2023-03-06 09:00:00,978.595,979.695,974.56,975.685,1315,1089,0
2023-03-06 10:00:00,975.615,976.695,969.22,970.395,1560,829,0
2023-03-06 11:00:00,970.275,974.285,967.315,968.245,1597,1189,0
2023-03-06 12:00:00,968.315,969.425,965.69,969.225,1313,1239,0
2023-03-06 13:00:00,969.185,971.605,962.34,965.825,1293,309,0
2023-03-06 14:00:00,965.745,974.145,965.0,974.145,1206,1189,0
2023-03-06 15:00:00,974.205,979.565,965.165,966.945,2147,309,0
2023-03-06 16:00:00,966.945,974.045,962.855,970.075,1406,1239,0
2023-03-06 17:00:00,971.745,978.545,969.345,973.545,724,759,0
2023-03-06 18:00:00,973.545,979.255,973.445,977.715,1543,969,0
2023-03-06 19:00:00,977.745,981.415,972.805,977.055,1461,309,0
2023-03-06 20:00:00,977.115,977.825,973.935,977.335,1183,589,0
2023-03-06 21:00:00,977.565,978.435,974.86,977.825,829,739,0
2023-03-06 22:00:00,977.825,979.345,976.24,979.345,746,709,0
2023-03-06 23:00:00,979.405,979.415,973.7,976.35,534,870,0
2023-03-07 01:00:00,972.52,979.215,972.52,977.395,593,589,0
2023-03-07 02:00:00,977.395,978.425,971.53,976.665,584,309,0
2023-03-07 03:00:00,976.665,977.355,973.18,977.065,816,319,0
2023-03-07 04:00:00,977.065,981.505,976.25,977.975,761,309,0
2023-03-07 05:00:00,976.07,978.625,974.89,978.265,571,639,0
2023-03-07 06:00:00,978.265,979.175,975.56,976.255,450,869,0
2023-03-07 07:00:00,976.295,977.025,973.815,974.175,614,1599,0
2023-03-07 08:00:00,974.175,974.915,970.74,971.315,716,859,0
2023-03-07 09:00:00,971.315,976.125,969.915,975.185,702,719,0
2023-03-07 10:00:00,975.185,976.095,971.08,975.245,1209,899,0
2023-03-07 11:00:00,975.195,976.075,970.485,971.445,1139,559,0
2023-03-07 12:00:00,971.445,972.255,967.2,969.695,632,329,0
2023-03-07 13:00:00,969.645,970.595,963.44,967.015,643,349,0
2023-03-07 14:00:00,967.115,967.115,960.53,963.115,706,309,0
2023-03-07 15:00:00,963.115,963.305,947.605,957.265,2290,399,0
2023-03-07 16:00:00,957.135,959.075,949.985,953.515,2504,919,0
2023-03-07 17:00:00,953.425,953.435,931.385,932.715,5071,309,0
2023-03-07 18:00:00,932.685,938.705,932.645,936.815,2491,1469,0
2023-03-07 19:00:00,936.825,941.755,935.875,936.435,2326,1379,0
2023-03-07 20:00:00,936.375,937.405,931.825,933.125,1853,1329,0
2023-03-07 21:00:00,933.055,934.675,931.795,933.765,1223,1339,0
2023-03-07 22:00:00,933.775,934.945,932.99,933.805,905,1359,0
2023-03-07 23:00:00,933.855,934.735,931.1,931.1,612,1509,0
2023-03-08 01:00:00,931.335,935.605,931.18,934.625,601,2129,0
2023-03-08 02:00:00,933.76,935.395,932.91,935.165,730,2029,0
2023-03-08 03:00:00,935.175,937.735,933.525,935.775,1350,1679,0
2023-03-08 04:00:00,935.775,937.955,933.755,934.245,933,1549,0
2023-03-08 05:00:00,934.245,935.345,932.39,933.605,527,1359,0
2023-03-08 06:00:00,933.655,937.705,932.79,937.005,480,319,0
2023-03-08 07:00:00,936.905,938.105,934.55,937.905,459,309,0
2023-03-08 08:00:00,937.905,940.305,935.87,939.715,611,349,0
2023-03-08 09:00:00,939.715,939.915,935.64,938.215,873,1109,0
2023-03-08 10:00:00,938.095,944.105,936.69,939.945,923,329,0
2023-03-08 11:00:00,939.975,943.555,937.62,941.615,1132,1239,0
2023-03-08 12:00:00,941.605,947.705,940.0,946.565,1052,459,0
2023-03-08 13:00:00,946.555,948.605,943.36,944.065,903,809,0
2023-03-08 14:00:00,944.085,946.565,937.96,941.825,1087,339,0
2023-03-08 15:00:00,942.125,945.605,936.235,938.195,2030,309,0
2023-03-08 16:00:00,938.255,944.965,938.255,944.105,1880,309,0
2023-03-08 17:00:00,943.995,950.595,938.215,946.375,3062,339,0
2023-03-08 18:00:00,946.435,949.785,944.575,944.985,1461,629,0
2023-03-08 19:00:00,944.985,947.635,941.97,942.935,1043,429,0
2023-03-08 20:00:00,942.935,944.285,939.79,941.675,1236,449,0
2023-03-08 21:00:00,941.675,943.235,939.82,942.865,601,579,0
2023-03-08 22:00:00,942.775,942.975,938.71,940.775,518,729,0
2023-03-08 23:00:00,940.775,941.125,937.05,937.15,355,549,0
2023-03-09 01:00:00,935.99,941.705,934.81,941.505,368,1399,0
2023-03-09 02:00:00,941.505,942.555,939.15,942.485,654,1319,0
2023-03-09 03:00:00,941.73,942.935,937.86,939.105,997,1319,0
2023-03-09 04:00:00,939.115,940.405,938.04,939.435,769,1079,0
2023-03-09 05:00:00,939.445,940.815,937.67,940.54,597,1239,0
2023-03-09 06:00:00,940.54,941.935,939.67,941.465,440,1329,0
2023-03-09 07:00:00,941.475,943.615,940.46,942.665,724,1289,0
2023-03-09 08:00:00,942.715,942.945,938.89,939.885,654,1289,0
2023-03-09 09:00:00,939.815,942.525,938.53,941.675,901,309,0
2023-03-09 10:00:00,941.675,941.985,934.925,940.385,1322,329,0
2023-03-09 11:00:00,940.375,943.475,939.015,940.465,1047,1059,0
2023-03-09 12:00:00,939.79,944.185,939.32,944.035,949,799,0
2023-03-09 13:00:00,944.025,950.065,943.1,948.865,1222,1039,0
2023-03-09 14:00:00,948.775,953.435,946.945,949.545,1477,1169,0
2023-03-09 15:00:00,949.655,962.725,948.045,957.885,3046,949,0
2023-03-09 16:00:00,958.005,960.725,952.935,959.425,2595,309,0
2023-03-09 17:00:00,959.425,960.215,948.675,948.885,2242,309,0
2023-03-09 18:00:00,948.885,948.995,944.225,945.315,2030,689,0
2023-03-09 19:00:00,945.305,954.685,945.245,952.185,1987,639,0
2023-03-09 20:00:00,952.135,952.775,946.15,950.755,2367,589,0
2023-03-09 21:00:00,950.725,951.145,945.65,947.065,1486,639,0
2023-03-09 22:00:00,947.085,949.405,942.16,947.795,1438,769,0
2023-03-09 23:00:00,947.735,948.035,944.12,945.25,561,949,0
2023-03-10 01:00:00,943.14,948.055,943.14,946.995,558,1049,0
2023-03-10 02:00:00,946.995,949.735,944.84,949.265,781,819,0
2023-03-10 03:00:00,949.225,949.705,943.12,944.055,1021,939,0
2023-03-10 04:00:00,944.005,945.325,938.73,940.255,1212,1289,0
2023-03-10 05:00:00,940.155,940.155,936.585,939.365,835,1009,0
2023-03-10 06:00:00,939.385,939.56,935.94,936.425,676,919,0
2023-03-10 07:00:00,936.375,937.595,934.855,937.505,787,959,0
2023-03-10 08:00:00,937.455,938.625,933.345,934.465,767,1369,0
2023-03-10 09:00:00,934.525,939.245,934.525,938.755,1158,989,0
2023-03-10 10:00:00,938.785,941.375,935.895,940.185,1738,1169,0
2023-03-10 11:00:00,940.195,943.985,937.025,937.495,1295,1279,0
2023-03-10 12:00:00,937.455,940.015,937.125,938.325,1024,1249,0
2023-03-10 13:00:00,938.265,945.105,937.45,940.485,1192,769,0
2023-03-10 14:00:00,940.425,942.955,938.28,941.045,1212,1059,0
2023-03-10 15:00:00,940.875,958.245,934.375,949.815,3897,529,0
2023-03-10 16:00:00,949.955,956.775,947.755,954.935,3930,959,0
2023-03-10 17:00:00,955.015,975.035,955.015,969.535,3773,309,0
2023-03-10 18:00:00,969.535,972.925,958.305,958.365,2533,309,0
2023-03-10 19:00:00,958.465,964.715,955.45,961.305,1434,309,0
2023-03-10 20:00:00,961.305,964.315,957.685,957.965,1230,339,0
2023-03-10 21:00:00,957.965,960.975,955.815,960.045,1420,329,0
2023-03-10 22:00:00,960.045,963.295,959.23,963.145,1201,819,0
2023-03-10 23:00:00,963.225,963.475,958.37,958.58,532,1279,0
2023-03-13 00:00:00,960.36,974.065,959.05,971.805,1877,839,0
2023-03-13 01:00:00,971.825,975.675,966.555,967.385,1900,549,0
2023-03-13 02:00:00,967.405,970.605,965.11,965.415,1235,309,0
2023-03-13 03:00:00,965.415,967.835,959.91,962.565,1342,309,0
2023-03-13 04:00:00,962.565,971.935,960.89,970.815,1276,319,0
2023-03-13 05:00:00,970.815,972.325,967.89,969.615,838,309,0
2023-03-13 06:00:00,969.715,971.315,967.12,969.515,513,309,0
2023-03-13 07:00:00,969.515,970.615,965.35,967.145,696,309,0
2023-03-13 08:00:00,967.185,972.525,965.14,965.815,929,309,0
2023-03-13 09:00:00,965.915,967.125,963.235,965.125,1482,409,0
2023-03-13 10:00:00,964.995,971.565,963.685,971.135,1690,659,0
2023-03-13 11:00:00,971.115,971.585,963.655,964.795,2459,619,0
2023-03-13 12:00:00,964.715,967.625,963.655,966.025,1968,1279,0
2023-03-13 13:00:00,965.995,975.455,965.565,973.215,2136,1229,0
2023-03-13 14:00:00,973.275,992.155,970.025,987.395,4509,309,0
2023-03-13 15:00:00,987.365,1000.165,983.865,992.645,4166,309,0
2023-03-13 16:00:00,992.565,1000.075,984.315,996.955,5070,379,0
2023-03-13 17:00:00,996.935,1004.075,994.585,996.875,3862,319,0
2023-03-13 18:00:00,996.945,1002.495,992.355,1001.735,2804,1229,0
2023-03-13 19:00:00,1001.735,1004.285,997.275,1001.405,2403,539,0
2023-03-13 20:00:00,1001.425,1005.985,999.3,1004.605,2155,569,0
2023-03-13 21:00:00,1004.475,1004.905,1000.82,1002.335,1515,779,0
2023-03-13 22:00:00,1002.335,1003.335,998.0,998.5,862,1869,0
2023-03-14 00:00:00,1000.165,1000.425,992.07,998.355,442,2399,0
2023-03-14 01:00:00,998.915,1000.325,994.23,998.795,773,1729,0
2023-03-14 02:00:00,998.715,1001.335,994.5,996.265,1059,979,0
2023-03-14 03:00:00,996.265,997.735,991.26,993.715,1269,659,0
2023-03-14 04:00:00,993.715,995.235,989.72,991.365,964,1369,0
2023-03-14 05:00:00,991.435,993.385,989.01,991.405,972,1999,0
2023-03-14 06:00:00,991.445,992.425,987.48,991.775,793,1929,0
2023-03-14 07:00:00,991.775,993.925,989.92,992.695,936,1589,0
2023-03-14 08:00:00,992.695,1000.485,992.18,997.105,1542,309,0
2023-03-14 09:00:00,997.075,1000.055,992.545,995.445,1667,509,0
2023-03-14 10:00:00,995.445,996.055,989.195,992.095,1806,939,0
2023-03-14 11:00:00,992.135,993.125,986.4,988.155,1596,589,0
2023-03-14 12:00:00,989.065,992.235,982.9,992.235,1360,359,0
2023-03-14 13:00:00,992.235,994.425,987.005,989.685,1368,309,0
2023-03-14 14:00:00,989.625,991.325,973.775,989.155,4637,309,0
2023-03-14 15:00:00,989.175,989.775,977.215,983.155,3646,349,0
2023-03-14 16:00:00,983.175,989.785,981.465,986.655,2759,379,0
2023-03-14 17:00:00,986.755,992.675,986.275,988.785,1580,769,0
2023-03-14 18:00:00,988.855,992.175,983.475,991.475,1773,329,0
2023-03-14 19:00:00,991.515,994.105,986.735,987.775,1819,1169,0
2023-03-14 20:00:00,987.865,990.585,984.75,987.115,1464,1369,0
2023-03-14 21:00:00,987.575,987.975,982.35,985.405,1430,1349,0
2023-03-14 22:00:00,985.485,986.535,982.15,983.45,614,1519,0
2023-03-15 00:00:00,984.915,987.535,980.825,985.525,415,1939,0
2023-03-15 01:00:00,985.595,987.405,983.65,985.715,463,619,0
2023-03-15 02:00:00,985.705,986.035,981.5,983.94,727,669,0
2023-03-15 03:00:00,985.565,990.775,985.365,989.555,843,689,0
2023-03-15 04:00:00,989.455,993.025,988.7,991.025,873,649,0
2023-03-15 05:00:00,990.955,991.625,986.5,988.595,686,919,0
2023-03-15 06:00:00,988.595,989.175,983.19,985.735,603,1069,0
2023-03-15 07:00:00,985.735,986.275,982.6,985.025,562,2139,0
2023-03-15 08:00:00,985.025,986.915,980.99,985.225,643,879,0
2023-03-15 09:00:00,985.265,987.145,979.51,982.115,1177,979,0
2023-03-15 10:00:00,982.115,982.235,973.25,978.255,1354,859,0
2023-03-15 11:00:00,978.255,978.575,971.415,972.165,1839,429,0
2023-03-15 12:00:00,972.185,978.325,971.165,971.925,2468,829,0
2023-03-15 13:00:00,971.995,974.235,960.36,970.285,3715,679,0
2023-03-15 14:00:00,970.285,970.285,949.275,958.675,6532,309,0
2023-03-15 15:00:00,959.075,962.985,953.805,958.875,6828,1409,0
2023-03-15 16:00:00,958.765,966.655,956.815,964.625,6143,2099,0
2023-03-15 17:00:00,964.695,969.475,961.245,964.645,3045,2279,0
2023-03-15 18:00:00,964.645,968.385,959.845,960.385,1697,1139,0
2023-03-15 19:00:00,960.395,969.555,958.3,961.175,1844,719,0
2023-03-15 20:00:00,960.905,964.055,957.405,961.075,1816,1019,0
2023-03-15 21:00:00,961.175,964.425,959.3,961.855,1453,1259,0
2023-03-15 22:00:00,961.705,963.535,959.0,960.6,437,1399,0
2023-03-16 00:00:00,960.845,964.385,957.09,963.165,451,1329,0
2023-03-16 01:00:00,960.6,966.465,960.6,964.915,489,1179,0
2023-03-16 02:00:00,964.915,969.215,963.375,963.975,1016,1199,0
2023-03-16 03:00:00,963.975,965.565,961.5,963.075,1027,1819,0
2023-03-16 04:00:00,962.975,963.615,959.5,962.315,616,2109,0
2023-03-16 05:00:00,962.215,963.615,959.9,963.015,489,1779,0
2023-03-16 06:00:00,963.015,965.415,961.1,965.215,394,1779,0
2023-03-16 07:00:00,965.215,968.535,962.4,968.085,686,1839,0
2023-03-16 08:00:00,966.0,968.085,960.9,963.915,760,1839,0
2023-03-16 09:00:00,964.015,972.385,962.8,971.885,1096,909,0
2023-03-16 10:00:00,971.685,975.115,969.2,971.385,1416,369,0
2023-03-16 11:00:00,971.345,974.895,968.9,971.185,907,899,0
2023-03-16 12:00:00,971.185,972.705,967.82,971.125,721,819,0
2023-03-16 13:00:00,971.105,971.425,965.9,969.415,789,629,0
2023-03-16 14:00:00,969.415,976.485,967.885,970.715,1863,379,0
2023-03-16 15:00:00,970.665,972.715,962.745,964.235,3127,1989,0
2023-03-16 16:00:00,964.155,969.915,962.345,969.415,2501,2479,0
2023-03-16 17:00:00,969.415,979.125,965.565,975.715,2318,2139,0
2023-03-16 18:00:00,975.715,977.825,971.565,973.815,1365,2429,0
2023-03-16 19:00:00,973.815,976.345,971.6,973.625,1276,1929,0
2023-03-16 20:00:00,973.625,977.095,973.01,977.095,741,2189,0
2023-03-16 21:00:00,977.095,977.395,974.4,975.695,521,2159,0
2023-03-16 22:00:00,975.695,975.895,973.125,973.5,442,2609,0
2023-03-17 00:00:00,972.235,976.485,971.11,976.395,287,2789,0
2023-03-17 01:00:00,976.445,978.625,974.6,977.675,301,2499,0
2023-03-17 02:00:00,977.675,978.825,975.4,977.825,467,2009,0
2023-03-17 03:00:00,977.825,981.825,975.88,980.485,574,1559,0
2023-03-17 04:00:00,980.485,982.765,979.8,981.375,562,1669,0
2023-03-17 05:00:00,981.375,984.425,980.6,983.425,491,1829,0
2023-03-17 06:00:00,983.425,987.055,982.7,986.805,377,959,0
2023-03-17 07:00:00,987.415,988.035,984.12,984.945,588,1169,0
2023-03-17 08:00:00,984.995,986.535,982.4,986.285,567,1219,0
2023-03-17 09:00:00,986.285,986.895,981.125,982.795,1269,1949,0
2023-03-17 10:00:00,982.825,985.505,980.825,982.285,1137,2599,0
2023-03-17 11:00:00,982.285,987.625,979.875,982.105,1008,2219,0
2023-03-17 12:00:00,982.075,987.615,981.315,987.215,1575,2669,0
2023-03-17 13:00:00,986.505,993.135,985.615,991.815,1588,1429,0
2023-03-17 14:00:00,991.845,998.845,987.6,989.545,1240,1059,0
2023-03-17 15:00:00,989.545,993.645,978.335,979.825,845,1079,0
2023-03-17 16:00:00,980.425,983.675,967.965,968.045,3428,1299,0
2023-03-17 17:00:00,968.145,970.365,961.65,969.905,3078,2449,0
2023-03-17 18:00:00,969.845,976.445,967.78,974.845,1412,2529,0
2023-03-17 19:00:00,974.845,977.045,970.9,976.145,662,3119,0
2023-03-17 20:00:00,975.945,978.015,974.74,976.345,1273,3109,0
2023-03-17 21:00:00,976.245,976.615,972.5,972.945,1068,3269,0
2023-03-17 22:00:00,972.845,976.73,972.5,976.73,775,3409,0
2023-03-20 00:00:00,975.905,979.735,973.0,974.595,1456,2949,0
2023-03-20 01:00:00,974.775,975.865,973.1,975.415,707,2849,0
2023-03-20 02:00:00,975.435,977.385,973.595,974.015,1128,3219,0
2023-03-20 03:00:00,973.995,977.375,971.585,972.095,1563,3549,0
2023-03-20 04:00:00,972.225,975.835,972.2,974.4,1270,3669,0
2023-03-20 05:00:00,974.4,975.045,971.6,973.005,1012,3319,0
2023-03-20 06:00:00,972.985,974.275,970.4,972.745,727,3069,0
2023-03-20 07:00:00,972.695,976.465,970.3,976.295,1036,3019,0
2023-03-20 08:00:00,976.205,977.355,965.845,966.065,1688,3099,0
2023-03-20 09:00:00,966.085,972.755,964.695,969.025,2712,3199,0
2023-03-20 10:00:00,969.045,970.755,965.065,969.815,2382,3089,0
2023-03-20 11:00:00,969.845,974.675,969.19,972.795,1882,2669,0
2023-03-20 12:00:00,972.745,982.555,972.1,981.625,2436,2589,0
2023-03-20 13:00:00,980.715,990.015,978.85,988.015,2168,2959,0
2023-03-20 14:00:00,988.035,1003.485,987.595,989.525,4615,2429,0
2023-03-20 15:00:00,989.715,993.785,983.84,985.745,2644,1709,0
2023-03-20 16:00:00,985.535,986.415,975.635,982.645,1357,1889,0
2023-03-20 17:00:00,982.745,989.765,982.125,988.175,1621,1869,0
2023-03-20 18:00:00,988.235,992.825,987.575,992.465,1706,1809,0
2023-03-20 19:00:00,992.465,993.575,985.15,986.875,1406,2209,0
2023-03-20 20:00:00,986.905,991.045,986.05,990.82,1264,3610,0
2023-03-20 21:00:00,989.55,991.305,988.205,988.505,1163,3650,0
2023-03-20 22:00:00,988.315,991.05,987.75,989.55,648,3630,0
2023-03-21 00:00:00,988.345,991.835,988.115,989.95,380,3990,0
2023-03-21 01:00:00,989.95,991.905,987.45,989.26,533,3520,0
2023-03-21 02:00:00,989.035,992.325,987.28,991.165,1164,2619,0
2023-03-21 03:00:00,990.965,991.805,986.65,988.705,1274,2639,0
2023-03-21 04:00:00,988.695,990.415,986.85,989.575,902,2599,0
2023-03-21 05:00:00,989.575,990.205,987.05,987.855,803,2639,0
2023-03-21 06:00:00,987.845,987.855,984.85,986.385,747,2599,0
2023-03-21 07:00:00,985.55,988.415,985.25,988.065,796,2639,0
2023-03-21 08:00:00,988.025,989.745,983.65,985.055,1136,2589,0
2023-03-21 09:00:00,985.005,991.685,984.85,987.015,1332,309,0
2023-03-21 10:00:00,987.055,989.215,981.145,986.355,1483,309,0
2023-03-21 11:00:00,986.505,993.605,985.2,990.945,1005,309,0
2023-03-21 12:00:00,990.975,993.565,980.95,984.775,884,309,0
2023-03-21 13:00:00,984.755,988.035,977.4,980.625,1027,309,0
2023-03-21 14:00:00,980.645,991.785,978.185,990.675,1875,309,0
2023-03-21 15:00:00,990.795,996.745,981.245,981.965,2579,309,0
2023-03-21 16:00:00,981.825,984.815,970.905,978.095,3814,1829,0
2023-03-21 17:00:00,978.065,981.205,970.805,972.715,2976,1429,0
2023-03-21 18:00:00,972.665,973.275,962.675,969.335,2512,1449,0
2023-03-21 19:00:00,969.565,974.905,967.65,970.835,2150,1979,0
2023-03-21 20:00:00,970.835,974.035,968.05,973.525,1219,1699,0
2023-03-21 21:00:00,973.555,975.395,971.15,974.335,1044,1779,0
2023-03-21 22:00:00,974.275,977.265,970.35,970.45,675,1839,0
2023-03-22 00:00:00,969.455,974.585,969.145,971.55,420,2719,0
2023-03-22 01:00:00,973.665,976.675,971.95,974.19,544,1979,0
2023-03-22 02:00:00,974.21,976.255,971.95,975.665,757,1759,0
2023-03-22 03:00:00,975.735,978.515,972.75,976.945,1191,1659,0
2023-03-22 04:00:00,976.945,977.125,971.55,973.995,997,2039,0
2023-03-22 05:00:00,973.995,976.985,971.55,975.615,738,1789,0
2023-03-22 06:00:00,975.605,976.67,972.45,973.95,432,2239,0
2023-03-22 07:00:00,973.95,977.25,972.55,974.75,379,3960,0
2023-03-22 08:00:00,974.75,981.39,974.05,979.45,496,3880,0
2023-03-22 09:00:00,979.65,981.6,972.15,972.15,639,3970,0
2023-03-22 10:00:00,972.05,981.15,972.05,978.05,544,4190,0
2023-03-22 11:00:00,978.15,983.83,977.95,979.55,520,3810,0
2023-03-22 12:00:00,979.55,984.9,978.9,979.3,483,4840,0
2023-03-22 13:00:00,979.3,982.25,973.8,975.6,538,4230,0
2023-03-22 14:00:00,975.4,998.5,974.7,997.5,1222,4110,0
2023-03-22 15:00:00,997.5,998.6,980.1,984.95,1040,4800,0
2023-03-22 16:00:00,984.85,986.2,978.04,986.0,1001,5170,0
2023-03-22 17:00:00,985.5,987.5,975.46,977.2,850,5700,0
2023-03-22 18:00:00,977.2,987.3,973.9,983.7,984,4190,0
2023-03-22 19:00:00,983.8,983.8,978.5,981.02,740,3700,0
2023-03-22 20:00:00,982.16,994.375,980.16,988.325,4349,1219,0
2023-03-22 21:00:00,988.325,989.625,982.725,984.605,4264,1789,0
2023-03-22 22:00:00,984.625,985.975,981.2,983.5,1347,2729,0
2023-03-23 00:00:00,983.725,984.515,975.41,983.025,285,2479,0
2023-03-23 01:00:00,983.015,987.325,977.73,983.46,617,2249,0
2023-03-23 02:00:00,983.55,989.965,982.28,989.855,786,2159,0
2023-03-23 03:00:00,989.865,990.895,983.5,987.925,1636,1609,0
2023-03-23 04:00:00,987.915,992.915,984.8,992.345,1382,1779,0
2023-03-23 05:00:00,992.365,992.365,986.8,991.735,1086,1789,0
2023-03-23 06:00:00,991.735,993.135,988.0,992.725,802,1029,0
2023-03-23 07:00:00,992.725,993.505,988.62,991.285,761,1249,0
2023-03-23 08:00:00,991.295,991.595,986.1,988.245,754,2029,0
2023-03-23 09:00:00,988.395,992.925,984.8,987.875,1291,2239,0
2023-03-23 10:00:00,987.575,992.945,986.5,989.265,1083,1539,0
2023-03-23 11:00:00,989.265,992.505,983.8,987.865,785,2379,0
2023-03-23 12:00:00,987.865,992.675,979.7,991.375,1008,779,0
2023-03-23 13:00:00,991.425,992.025,985.0,988.305,690,829,0
2023-03-23 14:00:00,988.305,989.665,973.65,980.115,2961,1129,0
2023-03-23 15:00:00,980.165,991.395,976.045,987.655,3411,2209,0
2023-03-23 16:00:00,987.665,993.605,981.4,984.045,2315,1749,0
2023-03-23 17:00:00,983.845,990.385,979.57,984.155,1331,2019,0
2023-03-23 18:00:00,984.125,990.605,981.3,988.645,2722,1349,0
2023-03-23 19:00:00,987.995,989.655,982.1,986.435,2379,1319,0
2023-03-23 20:00:00,986.385,988.905,982.265,984.095,2385,1459,0
2023-03-23 21:00:00,984.045,988.045,982.945,987.535,4405,1499,0
2023-03-23 22:00:00,987.655,989.26,984.5,986.1,1148,1389,0
2023-03-24 00:00:00,987.975,988.145,984.395,986.545,457,2159,0
2023-03-24 01:00:00,986.515,987.17,983.9,986.245,611,2239,0
2023-03-24 02:00:00,986.245,988.04,983.3,987.365,1566,2239,0
2023-03-24 03:00:00,987.345,987.485,983.3,985.425,2533,2990,0
2023-03-24 04:00:00,985.425,987.025,984.5,985.225,701,3010,0
2023-03-24 05:00:00,985.225,986.635,982.9,986.115,589,3020,0
2023-03-24 06:00:00,986.115,986.435,984.0,986.025,441,2909,0
2023-03-24 07:00:00,986.025,988.075,984.6,986.865,781,3119,0
2023-03-24 08:00:00,986.865,987.075,982.8,984.725,571,3049,0
2023-03-24 09:00:00,984.525,990.295,984.0,987.415,743,2419,0
2023-03-24 10:00:00,987.415,987.415,981.4,983.545,1295,909,0
2023-03-24 11:00:00,983.595,984.085,976.675,978.335,1775,999,0
2023-03-24 12:00:00,978.325,978.865,972.7,975.585,2898,889,0
2023-03-24 13:00:00,975.715,975.735,966.335,968.415,3151,1109,0
2023-03-24 14:00:00,968.415,976.995,959.705,976.775,4557,309,0
2023-03-24 15:00:00,976.765,980.755,969.475,974.105,6227,3469,0
2023-03-24 16:00:00,974.735,978.065,971.095,975.415,5082,1929,0
2023-03-24 17:00:00,974.955,983.555,971.225,980.405,3339,529,0
2023-03-24 18:00:00,980.405,984.565,977.585,982.385,2693,589,0
2023-03-24 19:00:00,981.835,983.315,977.115,977.635,2290,319,0
2023-03-24 20:00:00,977.815,981.155,977.35,979.965,1343,329,0
2023-03-24 21:00:00,979.965,981.825,978.55,980.525,1145,419,0
2023-03-24 22:00:00,980.425,982.84,979.25,982.74,747,539,0
2023-03-27 01:00:00,978.335,981.525,978.24,979.575,1116,1559,0
2023-03-27 02:00:00,979.575,981.465,978.35,979.465,890,1399,0
2023-03-27 03:00:00,979.435,980.035,976.425,976.425,1338,1459,0
2023-03-27 04:00:00,977.445,978.965,973.225,975.245,1933,1309,0
2023-03-27 05:00:00,975.275,977.905,974.25,977.065,1473,709,0
2023-03-27 06:00:00,977.145,978.555,974.85,977.475,968,1129,0
2023-03-27 07:00:00,977.475,977.545,973.35,975.345,751,1059,0
2023-03-27 08:00:00,975.375,976.695,973.05,974.825,1255,1059,0
2023-03-27 09:00:00,974.795,976.195,970.165,975.685,2109,319,0
2023-03-27 10:00:00,975.705,976.215,967.35,970.695,1374,1029,0
2023-03-27 11:00:00,970.635,973.555,965.05,968.485,1179,2539,0
2023-03-27 12:00:00,968.555,970.445,961.4,965.085,1168,409,0
2023-03-27 13:00:00,965.085,965.235,960.0,963.015,1413,1379,0
2023-03-27 14:00:00,962.985,969.745,960.0,969.735,1399,3220,0
2023-03-27 15:00:00,969.715,980.855,968.165,976.485,2749,899,0
2023-03-27 16:00:00,976.565,978.965,970.205,975.885,4153,2459,0
2023-03-27 17:00:00,975.905,980.495,972.845,977.175,2105,309,0
2023-03-27 18:00:00,977.175,980.245,973.55,978.215,1385,1889,0
2023-03-27 19:00:00,978.215,979.105,973.885,973.885,1700,2909,0
2023-03-27 20:00:00,973.865,974.845,968.65,972.185,2066,3399,0
2023-03-27 21:00:00,972.435,977.495,970.45,976.655,1001,3879,0
2023-03-27 22:00:00,976.705,977.535,972.75,975.925,1125,3929,0
2023-03-27 23:00:00,975.935,976.285,973.9,974.56,594,3990,0
2023-03-28 01:00:00,972.325,977.655,970.71,977.655,665,4289,0
2023-03-28 02:00:00,977.655,978.205,975.64,977.525,579,4199,0
2023-03-28 03:00:00,977.525,978.985,976.3,977.385,986,2169,0
2023-03-28 04:00:00,977.365,979.915,976.665,978.655,1418,2159,0
2023-03-28 05:00:00,978.655,979.845,977.055,977.635,1134,3619,0
2023-03-28 06:00:00,977.565,978.345,975.9,976.385,736,3629,0
2023-03-28 07:00:00,976.455,976.915,973.265,973.295,615,2669,0
2023-03-28 08:00:00,973.295,975.955,971.8,974.705,1462,1649,0
2023-03-28 09:00:00,974.685,974.685,967.9,969.245,1738,1439,0
2023-03-28 10:00:00,969.245,971.595,965.475,968.225,1312,1719,0
2023-03-28 11:00:00,968.225,972.025,963.695,963.695,1259,1949,0
2023-03-28 12:00:00,963.695,967.785,963.15,965.425,843,2919,0
2023-03-28 13:00:00,965.395,967.125,962.85,966.795,692,2889,0
2023-03-28 14:00:00,966.815,971.165,964.35,968.95,701,3370,0
2023-03-28 15:00:00,970.595,972.335,965.235,965.775,2312,309,0
2023-03-28 16:00:00,965.775,972.245,959.465,965.785,2804,309,0
2023-03-28 17:00:00,964.18,972.615,961.35,971.785,2281,309,0
2023-03-28 18:00:00,971.795,971.885,965.7,969.595,1449,309,0
2023-03-28 19:00:00,969.525,972.215,963.0,972.045,1305,309,0
2023-03-28 20:00:00,971.905,972.135,962.4,966.645,1215,329,0
2023-03-28 21:00:00,966.645,968.745,962.5,968.055,714,749,0
2023-03-28 22:00:00,968.055,969.425,961.2,967.245,1050,309,0
2023-03-28 23:00:00,967.245,968.285,960.7,961.52,571,319,0
2023-03-29 01:00:00,965.255,969.405,959.65,960.04,527,1479,0
2023-03-29 02:00:00,960.04,968.635,960.03,967.525,391,1329,0
2023-03-29 03:00:00,967.525,969.215,959.43,966.145,810,1219,0
2023-03-29 04:00:00,966.145,967.325,961.75,966.045,777,1389,0
2023-03-29 05:00:00,966.145,966.855,959.57,962.955,721,1719,0
2023-03-29 06:00:00,962.985,963.86,955.66,960.725,1031,2729,0
2023-03-29 07:00:00,961.055,963.215,956.13,962.005,754,2689,0
2023-03-29 08:00:00,958.11,962.365,954.6,960.825,1212,309,0
2023-03-29 09:00:00,960.755,963.415,953.09,960.165,1199,309,0
2023-03-29 10:00:00,960.185,966.455,954.9,962.705,1639,359,0
2023-03-29 11:00:00,962.655,964.135,959.1,962.465,1826,2609,0
2023-03-29 12:00:00,962.415,967.015,960.9,965.915,1343,2399,0
2023-03-29 13:00:00,965.825,965.875,959.175,960.655,960,2499,0
2023-03-29 14:00:00,960.665,960.925,953.735,955.245,1664,2299,0
2023-03-29 15:00:00,955.155,960.265,952.945,958.955,2976,999,0
2023-03-29 16:00:00,958.955,965.515,955.655,961.855,3372,1989,0
2023-03-29 17:00:00,961.585,971.605,961.115,969.995,2449,1949,0
2023-03-29 18:00:00,969.975,973.305,966.975,970.115,2799,2079,0
2023-03-29 19:00:00,970.165,973.735,966.9,971.515,1370,1529,0
2023-03-29 20:00:00,971.515,971.775,965.07,971.775,1000,1879,0
2023-03-29 21:00:00,971.675,972.145,969.28,970.045,797,2419,0
2023-03-29 22:00:00,970.045,970.735,967.17,968.605,712,3279,0
2023-03-29 23:00:00,968.635,969.895,965.6,968.5,551,3059,0
2023-03-30 01:00:00,968.205,969.225,963.85,967.17,374,3249,0
2023-03-30 02:00:00,967.045,968.945,963.42,966.735,460,3329,0
2023-03-30 03:00:00,962.66,967.815,962.66,966.915,921,1879,0
2023-03-30 04:00:00,966.875,967.525,964.725,966.045,1036,1889,0
2023-03-30 05:00:00,966.045,967.545,963.8,965.645,472,1839,0
2023-03-30 06:00:00,965.645,969.645,964.1,969.545,424,1739,0
2023-03-30 07:00:00,969.545,971.495,968.1,970.825,614,1479,0
2023-03-30 08:00:00,971.025,976.275,969.3,974.885,1134,1029,0
2023-03-30 09:00:00,974.885,976.325,966.875,973.725,1230,1239,0
2023-03-30 10:00:00,973.725,975.895,969.13,971.235,1296,1399,0
2023-03-30 11:00:00,971.185,975.525,967.96,975.525,1027,2279,0
2023-03-30 12:00:00,975.525,980.025,973.99,977.375,1036,2209,0
2023-03-30 13:00:00,977.375,983.025,973.9,978.805,930,2199,0
2023-03-30 14:00:00,978.815,982.105,976.39,981.205,891,1869,0
2023-03-30 15:00:00,981.205,989.535,977.61,978.365,2806,1609,0
2023-03-30 16:00:00,978.705,983.845,974.705,981.065,3587,2299,0
2023-03-30 17:00:00,980.945,986.595,979.145,986.595,2934,2069,0
2023-03-30 18:00:00,986.595,987.325,981.5,984.775,1247,1819,0
2023-03-30 19:00:00,984.875,990.625,984.54,985.545,1482,1439,0
2023-03-30 20:00:00,985.725,989.145,985.355,987.775,1920,3729,0
2023-03-30 21:00:00,987.695,989.415,986.475,987.545,1096,3829,0
2023-03-30 22:00:00,988.515,989.205,986.745,987.485,1382,3209,0
2023-03-30 23:00:00,987.455,989.945,987.0,987.7,818,2709,0
2023-03-31 01:00:00,983.695,989.235,980.945,987.5,293,3639,0
2023-03-31 02:00:00,987.5,989.415,981.2,987.675,542,2059,0
2023-03-31 03:00:00,987.685,990.265,980.92,989.825,1151,1359,0
2023-03-31 04:00:00,989.725,993.495,987.16,991.825,1546,1259,0
2023-03-31 05:00:00,991.825,991.825,987.57,989.375,365,1329,0
2023-03-31 06:00:00,989.375,989.375,986.0,988.375,479,1389,0
2023-03-31 07:00:00,988.375,988.925,985.91,986.425,342,2099,0
2023-03-31 08:00:00,986.375,986.875,982.85,984.625,548,2279,0
2023-03-31 09:00:00,984.615,992.845,983.69,989.645,719,2099,0
2023-03-31 10:00:00,989.645,991.645,981.245,982.1,737,2459,0
2023-03-31 11:00:00,982.845,987.895,980.77,987.145,837,1219,0
2023-03-31 12:00:00,985.68,990.735,984.5,985.715,836,1339,0
2023-03-31 13:00:00,985.715,989.385,981.93,985.625,746,1109,0
2023-03-31 14:00:00,985.575,987.805,980.48,983.015,1296,1559,0
2023-03-31 15:00:00,983.105,991.155,976.535,981.995,2387,309,0
2023-03-31 16:00:00,981.965,989.815,976.175,987.275,2200,779,0
2023-03-31 17:00:00,987.775,995.155,985.415,992.735,2981,1799,0
2023-03-31 18:00:00,992.615,998.645,991.66,994.805,2472,2139,0
2023-03-31 19:00:00,994.835,998.265,992.645,994.595,1516,2649,0
2023-03-31 20:00:00,994.625,996.935,990.0,991.915,1700,2649,0
2023-03-31 21:00:00,991.915,994.885,990.7,994.405,1084,2859,0
2023-03-31 22:00:00,993.545,994.875,991.145,992.005,1364,2929,0
2023-03-31 23:00:00,992.225,993.215,986.54,989.86,615,3399,0
2023-04-03 01:00:00,989.365,989.675,983.945,987.585,1234,4179,0
2023-04-03 02:00:00,987.565,988.865,984.225,984.365,1098,4169,0
2023-04-03 03:00:00,984.555,990.875,984.075,988.905,1696,3089,0
2023-04-03 04:00:00,988.785,989.945,986.1,988.785,1967,3269,0
2023-04-03 05:00:00,988.765,989.245,985.145,985.295,1567,2069,0
2023-04-03 06:00:00,985.305,986.825,984.2,985.765,1262,2029,0
2023-04-03 07:00:00,986.115,986.115,981.5,984.595,779,2129,0
2023-04-03 08:00:00,984.595,984.955,981.6,984.235,1000,2909,0
2023-04-03 09:00:00,984.425,987.615,983.2,987.325,1493,1699,0
2023-04-03 10:00:00,987.305,988.915,984.8,988.025,869,1209,0
2023-04-03 11:00:00,988.025,989.575,983.34,988.055,709,1429,0
2023-04-03 12:00:00,986.4,989.145,985.3,988.035,823,2019,0
2023-04-03 13:00:00,988.045,992.495,986.195,992.495,897,2559,0
2023-04-03 14:00:00,992.495,992.805,986.3,989.405,816,1759,0
2023-04-03 15:00:00,989.415,991.455,983.0,986.985,1846,2459,0
2023-04-03 16:00:00,986.995,989.735,978.305,985.245,2223,319,0
2023-04-03 17:00:00,984.945,1001.045,983.44,993.125,2606,309,0
2023-04-03 18:00:00,993.045,996.255,989.0,990.975,1715,1799,0
2023-04-03 19:00:00,990.975,993.385,982.2,985.765,1912,799,0
2023-04-03 20:00:00,985.765,991.065,985.075,990.275,1605,329,0
2023-04-03 21:00:00,990.335,990.485,986.2,989.645,1021,569,0
2023-04-03 22:00:00,989.675,992.585,987.75,991.595,1092,929,0
2023-04-03 23:00:00,992.385,992.615,987.01,987.87,640,629,0
2023-04-04 01:00:00,987.875,993.005,984.055,988.78,384,509,0
2023-04-04 02:00:00,988.78,992.455,986.1,990.905,407,669,0
2023-04-04 03:00:00,990.905,992.355,986.6,990.905,900,2049,0
2023-04-04 04:00:00,990.925,991.245,983.8,986.715,1163,2589,0
2023-04-04 05:00:00,983.6,988.565,983.5,987.755,789,2719,0
2023-04-04 06:00:00,987.805,988.165,983.2,986.495,571,2489,0
2023-04-04 07:00:00,983.1,988.905,982.9,987.485,831,2279,0
2023-04-04 08:00:00,987.465,987.825,982.0,986.495,950,1709,0
2023-04-04 09:00:00,986.495,990.385,981.1,989.445,1181,1009,0
2023-04-04 10:00:00,989.435,991.035,983.0,989.575,1098,3149,0
2023-04-04 11:00:00,989.575,991.545,985.4,989.555,875,3450,0
2023-04-04 12:00:00,989.735,997.265,986.8,997.075,1334,1159,0
2023-04-04 13:00:00,997.065,1003.035,996.06,998.765,1495,699,0
2023-04-04 14:00:00,998.755,1002.685,993.5,1001.085,1263,639,0
2023-04-04 15:00:00,1001.085,1015.345,1001.085,1011.135,2168,1049,0
2023-04-04 16:00:00,1011.235,1013.235,997.615,999.365,2166,469,0
2023-04-04 17:00:00,999.325,1017.245,999.135,1014.695,4940,1469,0
2023-04-04 18:00:00,1014.695,1021.945,1013.165,1018.215,2779,2069,0
2023-04-04 19:00:00,1018.025,1024.045,1017.245,1022.245,2521,789,0
2023-04-04 20:00:00,1022.235,1024.045,1016.39,1021.345,878,759,0
2023-04-04 21:00:00,1021.295,1022.515,1017.02,1021.905,632,1189,0
2023-04-04 22:00:00,1021.855,1024.125,1016.82,1023.255,520,919,0
2023-04-04 23:00:00,1023.205,1023.505,1014.41,1017.6,388,979,0
2023-04-05 01:00:00,1017.345,1020.905,1015.6,1019.605,524,2139,0
2023-04-05 02:00:00,1019.635,1021.755,1016.73,1021.035,639,1909,0
2023-04-05 03:00:00,1021.035,1023.555,1018.6,1021.285,1026,1189,0
2023-04-05 04:00:00,1021.305,1022.905,1019.4,1022.425,980,1829,0
2023-04-05 05:00:00,1022.375,1024.545,1020.1,1023.46,520,1609,0
2023-04-05 06:00:00,1021.6,1025.545,1021.5,1025.345,598,2059,0
2023-04-05 07:00:00,1025.345,1027.945,1023.0,1026.885,864,1319,0
2023-04-05 08:00:00,1026.585,1027.485,1023.3,1024.835,1041,1929,0
2023-04-05 09:00:00,1024.835,1027.375,1021.5,1022.755,1721,1999,0
2023-04-05 10:00:00,1022.785,1026.605,1021.1,1021.575,1474,1879,0
2023-04-05 11:00:00,1021.625,1027.385,1019.365,1019.645,1166,389,0
2023-04-05 12:00:00,1019.705,1025.905,1018.4,1025.905,1133,2789,0
2023-04-05 13:00:00,1025.985,1028.615,1023.0,1028.145,724,1949,0
2023-04-05 14:00:00,1028.015,1028.765,1022.2,1024.405,663,1459,0
2023-04-05 15:00:00,1024.405,1025.505,1011.79,1016.415,2601,719,0
2023-04-05 16:00:00,1016.465,1017.655,1010.785,1014.485,2563,1879,0
2023-04-05 17:00:00,1014.485,1022.445,992.725,996.165,4616,1229,0
2023-04-05 18:00:00,996.065,1001.575,992.9,1000.955,3045,2229,0
2023-04-05 19:00:00,1001.705,1003.015,993.32,997.285,1801,3599,0
2023-04-05 20:00:00,997.255,1001.045,994.87,1001.015,1591,3559,0
2023-04-05 21:00:00,1001.065,1002.415,999.39,1001.105,918,3989,0
2023-04-05 22:00:00,1001.645,1001.775,996.84,1000.555,1023,3389,0
2023-04-05 23:00:00,1000.015,1001.695,997.55,999.7,552,3929,0
2023-04-06 01:00:00,997.295,1001.855,996.165,1001.725,495,3769,0
2023-04-06 02:00:00,999.16,1003.915,998.94,1003.395,480,3669,0
2023-04-06 03:00:00,1003.395,1003.955,999.56,1001.205,1054,3179,0
2023-04-06 04:00:00,1001.165,1002.605,998.6,1002.015,1719,2579,0
2023-04-06 05:00:00,1002.015,1002.905,998.3,1002.895,921,2429,0
2023-04-06 06:00:00,1002.895,1004.215,1000.4,1003.075,663,2539,0
2023-04-06 07:00:00,1003.075,1004.175,1000.4,1003.665,710,2369,0
2023-04-06 08:00:00,1003.655,1005.515,1000.6,1004.815,1238,3199,0
2023-04-06 09:00:00,1004.815,1008.535,1002.375,1007.885,1421,2429,0
2023-04-06 10:00:00,1007.885,1010.385,1004.4,1007.865,744,2219,0
2023-04-06 11:00:00,1007.875,1008.365,1003.4,1005.7,987,1759,0
2023-04-06 12:00:00,1005.7,1009.155,1003.7,1006.775,626,3429,0
2023-04-06 13:00:00,1006.6,1009.985,1003.8,1007.425,475,2429,0
2023-04-06 14:00:00,1007.485,1010.035,1002.0,1003.345,660,2159,0
2023-04-06 15:00:00,1003.395,1009.285,997.825,1000.035,1748,2439,0
2023-04-06 16:00:00,1000.035,1006.535,996.745,999.225,2153,1969,0
2023-04-06 17:00:00,999.195,1005.235,997.245,1002.985,1788,1799,0
2023-04-06 18:00:00,1003.035,1007.335,999.77,1006.635,1056,2429,0
2023-04-06 19:00:00,1006.635,1012.515,1004.7,1010.445,1332,2459,0
2023-04-06 20:00:00,1010.715,1012.005,1007.7,1010.145,867,3059,0
2023-04-06 21:00:00,1010.155,1011.505,1006.9,1008.445,580,3129,0
2023-04-06 22:00:00,1008.445,1008.905,1005.5,1008.745,427,3139,0
2023-04-06 23:00:00,1008.745,1009.295,1005.63,1007.01,434,3189,0
2023-04-10 01:00:00,1000.655,1013.375,1000.655,1011.265,984,3449,0
2023-04-10 02:00:00,1011.365,1011.465,1007.1,1007.895,829,3629,0
2023-04-10 03:00:00,1007.895,1008.435,1003.8,1006.655,1307,3559,0
2023-04-10 04:00:00,1007.425,1009.525,1004.865,1006.795,1945,3409,0
2023-04-10 05:00:00,1007.475,1007.755,1002.9,1005.595,654,2909,0
2023-04-10 06:00:00,1005.645,1005.715,1003.1,1005.245,398,3059,0
2023-04-10 07:00:00,1005.405,1005.915,1002.6,1004.545,446,2909,0
2023-04-10 08:00:00,1002.7,1006.245,1002.2,1004.845,344,859,0
2023-04-10 09:00:00,1004.945,1006.895,1001.1,1005.635,466,459,0
2023-04-10 10:00:00,1005.635,1006.665,1002.4,1005.165,715,599,0
2023-04-10 11:00:00,1005.165,1010.135,1004.05,1009.785,861,1889,0
2023-04-10 12:00:00,1009.475,1011.985,1007.15,1008.715,509,1109,0
2023-04-10 13:00:00,1008.715,1014.885,1006.65,1011.45,579,1249,0
2023-04-10 14:00:00,1011.45,1017.535,1009.75,1016.245,1379,2139,0
2023-04-10 15:00:00,1016.245,1016.245,997.745,998.245,1706,1809,0
2023-04-10 16:00:00,998.245,999.945,993.945,996.175,2470,2239,0
2023-04-10 17:00:00,996.705,997.805,987.505,988.745,2433,2859,0
2023-04-10 18:00:00,988.775,992.535,986.9,990.625,2006,3639,0
2023-04-10 19:00:00,990.595,997.315,987.4,996.475,1515,3669,0
2023-04-10 20:00:00,995.945,997.145,991.555,995.165,1476,2899,0
2023-04-10 21:00:00,995.185,996.715,990.6,995.695,1256,2099,0
2023-04-10 22:00:00,995.505,998.345,992.1,997.975,1261,1709,0
2023-04-10 23:00:00,997.275,998.245,991.485,992.4,1968,2019,0
2023-04-11 01:00:00,989.425,998.045,989.425,993.625,1595,4209,0
2023-04-11 02:00:00,993.645,998.445,992.9,997.095,1832,3639,0
2023-04-11 03:00:00,995.875,999.585,994.1,998.625,1068,1809,0
2023-04-11 04:00:00,998.635,998.915,991.4,995.825,1315,1659,0
2023-04-11 05:00:00,995.795,999.905,994.3,999.335,1735,1899,0
2023-04-11 06:00:00,999.235,1000.215,994.6,998.385,958,3269,0
2023-04-11 07:00:00,994.6,1000.025,994.6,1000.005,726,3109,0
2023-04-11 08:00:00,999.985,1002.035,996.3,1001.285,1201,2369,0
2023-04-11 09:00:00,1001.235,1006.555,997.1,1003.595,1367,1109,0
2023-04-11 10:00:00,1003.575,1007.115,999.4,1006.175,1173,1119,0
2023-04-11 11:00:00,1006.165,1010.585,1003.25,1005.835,855,1459,0
2023-04-11 12:00:00,1005.695,1007.195,1000.0,1003.555,625,2019,0
2023-04-11 13:00:00,1003.555,1005.185,997.7,1001.995,517,1519,0
2023-04-11 14:00:00,1001.995,1001.995,993.1,999.235,961,629,0
2023-04-11 15:00:00,999.235,1006.975,997.75,1000.985,1318,1529,0
2023-04-11 16:00:00,1001.155,1003.945,992.65,1003.355,1944,1559,0
2023-04-11 17:00:00,1003.575,1007.345,994.2,997.215,1712,1529,0
2023-04-11 18:00:00,997.175,1004.625,994.6,1002.235,1229,1559,0
2023-04-11 19:00:00,1000.1,1002.485,996.5,998.845,1120,1459,0
2023-04-11 20:00:00,998.795,1001.135,994.6,999.275,1690,959,0
2023-04-11 21:00:00,999.265,1001.085,995.7,1000.365,1139,1209,0
2023-04-11 22:00:00,999.825,1000.655,994.2,997.045,1187,1049,0
2023-04-11 23:00:00,997.045,999.145,994.2,994.3,540,1499,0
2023-04-12 01:00:00,993.145,999.385,992.305,998.345,540,2439,0
2023-04-12 02:00:00,996.245,1000.545,995.1,1000.145,501,2429,0
2023-04-12 03:00:00,999.645,1001.205,995.6,1000.545,976,1949,0
2023-04-12 04:00:00,1000.125,1005.145,997.0,1004.235,2059,1959,0
2023-04-12 05:00:00,1004.245,1005.215,999.8,1004.065,1333,1279,0
2023-04-12 06:00:00,1004.015,1005.525,1000.3,1004.685,801,1019,0
2023-04-12 07:00:00,1004.675,1006.465,1001.1,1005.385,659,1769,0
2023-04-12 08:00:00,1005.385,1005.735,1000.6,1002.6,580,1929,0
2023-04-12 09:00:00,1005.425,1007.815,998.4,1003.395,994,439,0
2023-04-12 10:00:00,1003.395,1006.515,999.4,1004.735,866,1079,0
2023-04-12 11:00:00,1004.715,1005.195,997.1,1001.015,1278,1159,0
2023-04-12 12:00:00,1001.025,1004.975,997.2,1004.425,1192,2159,0
2023-04-12 13:00:00,1004.405,1006.855,1001.2,1005.635,1062,2059,0
2023-04-12 14:00:00,1005.765,1008.865,1003.0,1008.515,839,1659,0
2023-04-12 15:00:00,1008.515,1023.545,1002.315,1021.505,3251,1089,0
2023-04-12 16:00:00,1021.615,1026.205,1008.9,1017.075,3412,309,0
2023-04-12 17:00:00,1017.075,1018.545,1011.775,1013.125,2527,1019,0
2023-04-12 18:00:00,1013.015,1017.475,1012.015,1015.855,1573,1139,0
2023-04-12 19:00:00,1016.115,1021.505,1014.755,1020.965,1010,1189,0
2023-04-12 20:00:00,1017.85,1023.445,1012.375,1012.375,1011,309,0
2023-04-12 21:00:00,1012.375,1023.725,1012.305,1021.805,1131,349,0
2023-04-12 22:00:00,1022.005,1022.865,1018.55,1020.065,819,1919,0
2023-04-12 23:00:00,1020.045,1020.755,1017.225,1017.95,529,2149,0
2023-04-13 01:00:00,1015.265,1020.795,1014.405,1019.475,343,3529,0
2023-04-13 02:00:00,1019.35,1020.855,1018.935,1020.365,519,4069,0
2023-04-13 03:00:00,1020.395,1020.965,1017.85,1019.295,1253,2809,0
2023-04-13 04:00:00,1019.325,1020.555,1017.95,1019.865,1587,2789,0
2023-04-13 05:00:00,1019.835,1021.195,1017.655,1017.905,1339,2939,0
2023-04-13 06:00:00,1017.845,1018.425,1016.65,1017.945,1033,2829,0
2023-04-13 07:00:00,1017.925,1018.835,1016.685,1017.575,752,3049,0
2023-04-13 08:00:00,1017.705,1017.845,1013.625,1016.295,1065,2409,0
2023-04-13 09:00:00,1016.295,1020.695,1016.145,1018.705,939,1739,0
2023-04-13 10:00:00,1018.705,1023.315,1017.95,1020.375,735,1669,0
2023-04-13 11:00:00,1020.295,1022.735,1018.95,1021.265,919,1869,0
2023-04-13 12:00:00,1019.35,1025.885,1019.05,1025.685,786,1809,0
2023-04-13 13:00:00,1025.715,1031.225,1023.8,1030.935,905,1149,0
2023-04-13 14:00:00,1030.935,1032.555,1027.7,1029.835,756,1009,0
2023-04-13 15:00:00,1029.695,1036.645,1028.3,1035.905,2485,909,0
2023-04-13 16:00:00,1035.905,1045.835,1034.4,1043.745,2436,419,0
2023-04-13 17:00:00,1043.745,1049.185,1042.545,1044.145,1859,1049,0
2023-04-13 18:00:00,1044.145,1048.925,1044.145,1047.295,2667,2249,0
2023-04-13 19:00:00,1047.325,1051.715,1046.0,1051.285,2118,1239,0
2023-04-13 20:00:00,1051.315,1057.745,1050.005,1055.145,761,359,0
2023-04-13 21:00:00,1055.145,1055.245,1048.815,1052.545,270,309,0
2023-04-13 22:00:00,1052.545,1053.245,1049.2,1052.845,285,309,0
2023-04-13 23:00:00,1052.845,1052.945,1048.5,1048.9,367,1049,0
2023-04-14 01:00:00,1047.785,1053.345,1047.165,1052.145,222,309,0
2023-04-14 02:00:00,1048.7,1053.945,1047.09,1053.045,246,309,0
2023-04-14 03:00:00,1053.045,1054.745,1049.9,1052.275,414,1279,0
2023-04-14 04:00:00,1052.275,1056.135,1051.6,1055.105,1674,2529,0
2023-04-14 05:00:00,1055.085,1058.235,1054.225,1055.385,1222,1759,0
2023-04-14 06:00:00,1055.385,1057.555,1054.685,1055.8,713,1939,0
2023-04-14 07:00:00,1055.8,1058.215,1053.9,1054.945,464,1389,0
2023-04-14 08:00:00,1054.945,1055.975,1053.145,1055.325,1104,1749,0
2023-04-14 09:00:00,1055.325,1055.645,1051.275,1051.855,1361,2069,0
2023-04-14 10:00:00,1051.825,1053.415,1047.25,1047.765,998,359,0
2023-04-14 11:00:00,1047.765,1051.215,1044.4,1047.305,1081,509,0
2023-04-14 12:00:00,1047.305,1049.585,1044.8,1048.795,848,1439,0
2023-04-14 13:00:00,1048.765,1050.485,1046.1,1049.485,1002,2409,0
2023-04-14 14:00:00,1049.495,1049.505,1042.9,1048.955,669,1799,0
2023-04-14 15:00:00,1048.955,1053.235,1041.755,1046.315,4262,1519,0
2023-04-14 16:00:00,1046.215,1053.535,1039.455,1049.235,1922,359,0
2023-04-14 17:00:00,1049.235,1052.985,1039.125,1040.455,3638,579,0
2023-04-14 18:00:00,1040.555,1042.355,1034.625,1041.285,2484,949,0
2023-04-14 19:00:00,1041.245,1043.675,1036.455,1043.675,1428,1579,0
2023-04-14 20:00:00,1043.525,1045.225,1039.5,1044.715,1088,1339,0
2023-04-14 21:00:00,1044.715,1047.005,1040.9,1047.005,664,1119,0
2023-04-14 22:00:00,1047.005,1047.655,1042.6,1047.355,593,519,0
2023-04-14 23:00:00,1047.355,1048.655,1043.4,1044.71,346,659,0
2023-04-17 01:00:00,1044.565,1049.355,1041.4,1045.155,389,729,0
2023-04-17 02:00:00,1045.105,1046.905,1040.1,1040.845,326,759,0
2023-04-17 03:00:00,1040.845,1041.945,1038.2,1038.245,539,2339,0
2023-04-17 04:00:00,1038.195,1041.545,1037.195,1038.565,930,2769,0
2023-04-17 05:00:00,1038.545,1040.435,1037.955,1039.455,1130,3429,0
2023-04-17 06:00:00,1039.455,1040.535,1037.66,1039.165,860,3329,0
2023-04-17 07:00:00,1039.185,1040.575,1037.5,1039.595,771,3409,0
2023-04-17 08:00:00,1039.585,1044.735,1038.13,1044.045,1362,2709,0
2023-04-17 09:00:00,1044.015,1044.345,1040.31,1043.045,2149,3089,0
2023-04-17 10:00:00,1042.955,1046.445,1041.34,1044.645,357,2479,0
2023-04-17 11:00:00,1044.645,1050.785,1042.85,1049.195,1264,919,0
2023-04-17 12:00:00,1049.145,1055.195,1045.75,1053.855,1302,519,0
2023-04-17 13:00:00,1053.845,1055.175,1045.8,1048.845,1197,319,0
2023-04-17 14:00:00,1048.815,1051.085,1045.8,1049.155,898,619,0
2023-04-17 15:00:00,1049.175,1057.965,1047.645,1053.315,1847,479,0
2023-04-17 16:00:00,1053.365,1058.495,1049.225,1051.505,4119,699,0
2023-04-17 17:00:00,1051.585,1055.455,1043.605,1047.805,4336,349,0
2023-04-17 18:00:00,1047.835,1054.585,1047.835,1050.215,2757,609,0
2023-04-17 19:00:00,1050.215,1053.515,1047.605,1048.015,2513,429,0
2023-04-17 20:00:00,1047.995,1051.405,1047.455,1049.565,1922,569,0
2023-04-17 21:00:00,1049.565,1052.345,1048.155,1050.415,1583,1649,0
2023-04-17 22:00:00,1049.915,1052.075,1049.125,1050.045,1256,1999,0
2023-04-17 23:00:00,1050.025,1051.665,1048.785,1049.55,613,2439,0
2023-04-18 01:00:00,1048.905,1051.165,1042.035,1049.635,375,2649,0
2023-04-18 02:00:00,1050.25,1052.305,1048.755,1049.425,429,2419,0
2023-04-18 03:00:00,1050.15,1050.805,1046.905,1047.395,978,2419,0
2023-04-18 04:00:00,1047.385,1051.455,1047.345,1050.215,1364,2319,0
2023-04-18 05:00:00,1050.215,1052.885,1048.735,1052.09,943,1849,0
2023-04-18 06:00:00,1052.09,1053.035,1048.96,1050.935,487,1169,0
2023-04-18 07:00:00,1050.945,1051.095,1047.53,1049.135,549,1759,0
2023-04-18 08:00:00,1048.925,1053.095,1048.235,1052.085,838,1629,0
2023-04-18 09:00:00,1051.805,1052.855,1047.31,1052.515,980,1809,0
2023-04-18 10:00:00,1052.485,1057.835,1048.98,1057.835,997,1309,0
2023-04-18 11:00:00,1057.835,1065.045,1052.7,1062.315,2132,499,0
2023-04-18 12:00:00,1062.105,1067.305,1056.65,1066.985,1618,309,0
2023-04-18 13:00:00,1066.985,1076.135,1065.045,1075.155,1771,309,0
2023-04-18 14:00:00,1075.195,1076.835,1069.345,1071.815,1581,309,0
2023-04-18 15:00:00,1071.805,1083.245,1070.715,1072.885,3226,619,0
2023-04-18 16:00:00,1074.125,1078.785,1067.445,1076.045,4590,309,0
2023-04-18 17:00:00,1076.045,1086.255,1076.045,1084.865,6280,1489,0
2023-04-18 18:00:00,1084.835,1087.365,1079.565,1082.565,3193,2259,0
2023-04-18 19:00:00,1082.515,1087.295,1080.165,1082.055,1944,4139,0
2023-04-18 20:00:00,1082.495,1084.345,1079.505,1080.475,2057,2589,0
2023-04-18 21:00:00,1080.455,1082.435,1078.4,1082.345,1414,1889,0
2023-04-18 22:00:00,1082.245,1082.375,1079.4,1080.435,1324,1879,0
2023-04-18 23:00:00,1080.405,1081.095,1078.7,1079.2,696,2589,0
2023-04-19 01:00:00,1077.565,1082.705,1077.565,1082.595,439,1159,0
2023-04-19 02:00:00,1082.615,1083.735,1081.365,1082.965,700,1069,0
2023-04-19 03:00:00,1082.935,1084.175,1080.005,1082.195,1328,679,0
2023-04-19 04:00:00,1082.195,1082.565,1075.905,1076.855,1484,1769,0
2023-04-19 05:00:00,1076.855,1081.1,1075.585,1075.655,652,2819,0
2023-04-19 06:00:00,1075.655,1078.29,1073.7,1075.955,552,3369,0
2023-04-19 07:00:00,1075.955,1078.115,1072.58,1077.335,764,2809,0
2023-04-19 08:00:00,1077.345,1078.955,1069.69,1072.935,1560,1579,0
2023-04-19 09:00:00,1072.935,1074.895,1064.005,1065.935,3444,1029,0
2023-04-19 10:00:00,1065.935,1072.455,1064.2,1065.675,1722,2089,0
2023-04-19 11:00:00,1065.735,1067.665,1059.5,1060.675,1222,889,0
2023-04-19 12:00:00,1060.675,1063.175,1058.9,1061.445,1438,2119,0
2023-04-19 13:00:00,1061.555,1069.765,1061.295,1066.4,1222,2289,0
2023-04-19 14:00:00,1068.025,1068.655,1062.0,1068.005,976,2059,0
2023-04-19 15:00:00,1068.025,1078.235,1066.6,1073.555,2549,1939,0
2023-04-19 16:00:00,1073.685,1084.795,1073.195,1082.165,2322,1749,0
2023-04-19 17:00:00,1082.165,1095.835,1081.985,1093.135,2561,999,0
2023-04-19 18:00:00,1093.135,1095.035,1084.665,1085.005,2084,2909,0
2023-04-19 19:00:00,1085.645,1093.765,1083.935,1091.7,2430,2619,0
2023-04-19 20:00:00,1091.7,1094.345,1089.815,1090.855,1678,2349,0
2023-04-19 21:00:00,1090.795,1094.135,1089.15,1090.825,1210,2259,0
2023-04-19 22:00:00,1090.615,1092.775,1088.95,1089.985,1188,5069,0
2023-04-19 23:00:00,1090.665,1090.795,1084.695,1088.25,782,5079,0
2023-04-20 01:00:00,1084.595,1091.335,1084.455,1089.665,613,4329,0
2023-04-20 02:00:00,1089.695,1090.135,1085.3,1088.885,668,3469,0
2023-04-20 03:00:00,1088.985,1091.255,1086.0,1088.835,1635,2169,0
2023-04-20 04:00:00,1088.875,1091.265,1085.5,1090.115,2270,2669,0
2023-04-20 05:00:00,1090.155,1091.105,1085.2,1086.695,1938,3039,0
2023-04-20 06:00:00,1086.715,1088.825,1084.285,1087.755,1952,3699,0
2023-04-20 07:00:00,1087.795,1088.295,1083.315,1085.875,1211,2819,0
2023-04-20 08:00:00,1085.915,1086.655,1081.195,1086.145,1718,2629,0
2023-04-20 09:00:00,1086.095,1088.975,1081.685,1084.155,2358,2669,0
2023-04-20 10:00:00,1084.185,1084.185,1079.845,1082.145,2383,2079,0
2023-04-20 11:00:00,1082.165,1087.285,1081.335,1083.8,1510,1999,0
2023-04-20 12:00:00,1083.8,1088.215,1080.105,1087.995,470,1789,0
2023-04-20 13:00:00,1088.005,1093.285,1086.125,1092.025,680,2009,0
2023-04-20 14:00:00,1091.975,1092.515,1088.445,1089.015,438,2479,0
2023-04-20 15:00:00,1088.965,1094.945,1088.065,1093.745,2890,2919,0
2023-04-20 16:00:00,1094.0,1097.785,1088.485,1092.145,3319,619,0
2023-04-20 17:00:00,1091.845,1099.605,1090.745,1095.225,4177,309,0
2023-04-20 18:00:00,1095.225,1098.195,1088.395,1093.895,3476,319,0
2023-04-20 19:00:00,1093.835,1096.845,1090.515,1094.325,2087,309,0
2023-04-20 20:00:00,1094.325,1097.805,1092.755,1094.945,1508,569,0
2023-04-20 21:00:00,1094.945,1095.775,1093.05,1093.945,547,1929,0
2023-04-20 22:00:00,1093.945,1095.515,1092.845,1093.405,869,1419,0
2023-04-20 23:00:00,1093.545,1095.605,1093.215,1094.45,827,1989,0
2023-04-21 01:00:00,1092.065,1096.265,1090.21,1093.7,600,1289,0
2023-04-21 02:00:00,1093.7,1096.385,1092.8,1095.245,560,1479,0
2023-04-21 03:00:00,1095.245,1097.145,1092.7,1097.145,967,1319,0
2023-04-21 04:00:00,1097.185,1097.185,1093.6,1096.245,821,2129,0
2023-04-21 05:00:00,1094.6,1097.445,1094.34,1095.545,173,2919,0
2023-04-21 06:00:00,1095.545,1096.145,1093.42,1096.145,250,2609,0
2023-04-21 07:00:00,1096.145,1096.245,1093.5,1095.545,310,2009,0
2023-04-21 08:00:00,1095.545,1096.545,1092.4,1093.765,332,1979,0
2023-04-21 09:00:00,1093.765,1094.495,1086.7,1088.875,1498,1799,0
2023-04-21 10:00:00,1088.875,1093.225,1086.8,1093.085,1129,2209,0
2023-04-21 11:00:00,1093.085,1097.275,1089.5,1094.965,1942,1859,0
2023-04-21 12:00:00,1095.085,1096.395,1090.8,1095.545,639,1829,0
2023-04-21 13:00:00,1095.545,1106.445,1095.0,1106.075,853,2129,0
2023-04-21 14:00:00,1106.205,1106.295,1098.645,1102.145,727,2579,0
2023-04-21 15:00:00,1102.145,1127.945,1101.8,1126.145,2179,839,0
2023-04-21 16:00:00,1126.145,1133.125,1116.785,1119.945,1802,1069,0
2023-04-21 17:00:00,1119.745,1127.345,1117.145,1122.125,2343,819,0
2023-04-21 18:00:00,1122.125,1124.015,1118.45,1121.675,3555,449,0
2023-04-21 19:00:00,1121.685,1126.225,1117.6,1121.945,1934,439,0
2023-04-21 20:00:00,1121.945,1126.975,1119.7,1125.825,1925,309,0
2023-04-21 21:00:00,1125.695,1128.635,1121.3,1125.325,1291,319,0
2023-04-21 22:00:00,1125.335,1127.295,1122.1,1126.145,1086,309,0
2023-04-21 23:00:00,1125.945,1127.955,1121.45,1121.45,563,959,0
2023-04-24 01:00:00,1123.075,1125.025,1117.92,1121.275,815,379,0
2023-04-24 02:00:00,1120.695,1123.355,1117.845,1120.045,412,419,0
2023-04-24 03:00:00,1120.045,1122.035,1107.295,1108.675,890,329,0
2023-04-24 04:00:00,1108.685,1109.045,1106.085,1106.605,1536,2019,0
2023-04-24 05:00:00,1106.605,1107.025,1099.095,1100.105,2044,3099,0
2023-04-24 06:00:00,1100.105,1101.945,1098.485,1100.225,1047,2639,0
2023-04-24 07:00:00,1100.225,1102.045,1098.0,1101.545,372,2189,0
2023-04-24 08:00:00,1101.545,1101.745,1096.18,1099.245,271,2019,0
2023-04-24 09:00:00,1099.245,1103.735,1099.0,1102.205,1037,2049,0
2023-04-24 10:00:00,1102.195,1104.125,1095.3,1100.205,1538,1219,0
2023-04-24 11:00:00,1100.205,1104.925,1098.545,1104.225,1613,959,0
2023-04-24 12:00:00,1104.335,1105.015,1101.6,1103.185,923,2909,0
2023-04-24 13:00:00,1103.145,1107.665,1101.4,1105.645,451,3359,0
2023-04-24 14:00:00,1105.655,1107.965,1104.7,1106.875,964,2699,0
2023-04-24 15:00:00,1106.865,1106.865,1088.405,1091.575,2676,1129,0
2023-04-24 16:00:00,1091.575,1095.275,1082.325,1089.795,4101,979,0
2023-04-24 17:00:00,1089.795,1095.465,1089.505,1093.705,3053,1899,0
2023-04-24 18:00:00,1093.705,1093.705,1083.275,1085.965,3166,909,0
2023-04-24 19:00:00,1085.875,1090.035,1084.45,1088.035,2001,1089,0
2023-04-24 20:00:00,1088.035,1089.705,1084.935,1088.845,1755,1499,0
2023-04-24 21:00:00,1086.15,1089.685,1085.05,1088.605,1134,1249,0
2023-04-24 22:00:00,1088.675,1088.915,1084.75,1088.015,992,1539,0
2023-04-24 23:00:00,1087.995,1089.365,1085.35,1085.55,667,1779,0
2023-04-25 01:00:00,1084.475,1091.465,1081.89,1090.615,578,729,0
2023-04-25 02:00:00,1086.82,1092.195,1086.33,1090.505,676,769,0
2023-04-25 03:00:00,1090.515,1094.665,1087.55,1093.505,1454,1559,0
2023-04-25 04:00:00,1093.505,1094.435,1087.215,1087.505,2138,1529,0
2023-04-25 05:00:00,1087.195,1088.405,1084.75,1087.785,876,2519,0
2023-04-25 06:00:00,1085.75,1089.125,1085.75,1086.845,815,2219,0
2023-04-25 07:00:00,1086.845,1088.335,1085.75,1086.45,634,1649,0
2023-04-25 08:00:00,1086.45,1090.205,1086.45,1089.005,928,1739,0
2023-04-25 09:00:00,1088.985,1090.405,1086.19,1089.575,1257,2029,0
2023-04-25 10:00:00,1089.555,1090.485,1085.405,1086.485,2239,2549,0
2023-04-25 11:00:00,1086.485,1087.595,1075.725,1079.895,2202,989,0
2023-04-25 12:00:00,1079.895,1081.215,1075.145,1076.345,1314,949,0
2023-04-25 13:00:00,1076.345,1076.805,1069.9,1075.175,1387,1239,0
2023-04-25 14:00:00,1075.115,1076.235,1066.6,1069.265,1185,1989,0
2023-04-25 15:00:00,1069.215,1085.615,1064.6,1079.645,2813,1719,0
2023-04-25 16:00:00,1079.645,1085.895,1074.505,1076.045,2625,1769,0
2023-04-25 17:00:00,1076.045,1089.835,1075.585,1080.845,2769,1209,0
2023-04-25 18:00:00,1080.845,1086.845,1080.5,1083.445,611,1129,0
2023-04-25 19:00:00,1083.445,1086.285,1081.4,1083.345,1033,1949,0
2023-04-25 20:00:00,1083.345,1091.845,1082.0,1091.345,1171,1829,0
2023-04-25 21:00:00,1091.345,1093.345,1089.295,1089.895,1816,1979,0
2023-04-25 22:00:00,1089.865,1091.335,1088.5,1090.295,1444,2759,0
2023-04-25 23:00:00,1090.275,1090.8,1079.825,1089.4,1383,4229,0
2023-04-26 01:00:00,1088.845,1092.005,1081.885,1090.235,532,4509,0
2023-04-26 02:00:00,1090.6,1095.075,1089.695,1094.375,710,1699,0
2023-04-26 03:00:00,1094.475,1097.235,1094.275,1095.645,2078,1089,0
2023-04-26 04:00:00,1095.785,1098.485,1092.855,1098.465,2129,1229,0
2023-04-26 05:00:00,1098.535,1099.065,1096.5,1097.035,1549,1529,0
2023-04-26 06:00:00,1096.995,1097.405,1093.17,1094.395,897,2139,0
2023-04-26 07:00:00,1094.445,1096.625,1092.92,1095.695,771,2109,0
2023-04-26 08:00:00,1095.655,1098.865,1094.1,1097.1,1218,1779,0
2023-04-26 09:00:00,1097.1,1102.885,1096.9,1100.735,928,899,0
2023-04-26 10:00:00,1100.915,1102.635,1094.72,1101.125,867,2039,0
2023-04-26 11:00:00,1101.125,1103.555,1098.105,1102.655,1525,2269,0
2023-04-26 12:00:00,1102.645,1105.885,1100.535,1104.045,1482,549,0
2023-04-26 13:00:00,1104.095,1108.505,1103.8,1106.105,1593,1559,0
2023-04-26 14:00:00,1106.105,1106.845,1100.965,1102.375,967,1279,0
2023-04-26 15:00:00,1102.375,1102.375,1091.245,1092.985,3190,1129,0
2023-04-26 16:00:00,1092.965,1102.215,1090.085,1095.005,5267,1319,0
2023-04-26 17:00:00,1094.875,1100.235,1092.355,1098.265,4493,1999,0
2023-04-26 18:00:00,1098.315,1099.695,1091.795,1093.195,3559,2159,0
2023-04-26 19:00:00,1092.965,1094.155,1088.985,1092.335,3293,319,0
2023-04-26 20:00:00,1092.325,1095.145,1088.715,1090.075,2128,519,0
2023-04-26 21:00:00,1090.025,1090.885,1084.8,1089.435,2080,2059,0
2023-04-26 22:00:00,1089.235,1089.735,1086.3,1088.755,2005,1849,0
2023-04-26 23:00:00,1088.995,1090.155,1086.1,1086.7,980,2539,0
2023-04-27 01:00:00,1079.595,1089.825,1078.535,1089.435,472,4039,0
2023-04-27 02:00:00,1089.465,1091.805,1086.0,1091.595,626,2319,0
2023-04-27 03:00:00,1088.5,1091.945,1086.7,1091.435,1042,1369,0
2023-04-27 04:00:00,1088.0,1093.695,1087.0,1093.255,1637,2979,0
2023-04-27 05:00:00,1093.225,1095.965,1091.4,1095.015,1393,2569,0
2023-04-27 06:00:00,1095.015,1097.385,1092.2,1096.035,962,579,0
2023-04-27 07:00:00,1096.035,1097.065,1092.73,1096.775,791,1239,0
2023-04-27 08:00:00,1096.775,1098.745,1092.6,1097.235,1436,1519,0
2023-04-27 09:00:00,1097.265,1097.785,1094.58,1095.925,1469,1879,0
2023-04-27 10:00:00,1095.925,1097.165,1091.715,1095.285,1412,1569,0
2023-04-27 11:00:00,1095.255,1099.475,1094.395,1098.735,1228,1209,0
2023-04-27 12:00:00,1098.715,1100.495,1094.525,1095.285,697,2849,0
2023-04-27 13:00:00,1095.255,1097.075,1092.7,1096.525,705,3149,0
2023-04-27 14:00:00,1096.525,1098.945,1092.8,1094.335,854,3029,0
2023-04-27 15:00:00,1093.2,1095.255,1081.135,1087.325,5082,329,0
2023-04-27 16:00:00,1087.425,1088.935,1072.545,1080.815,4984,1669,0
2023-04-27 17:00:00,1080.835,1086.615,1076.235,1078.385,3564,2029,0
2023-04-27 18:00:00,1078.335,1079.755,1074.035,1075.335,2410,2049,0
2023-04-27 19:00:00,1075.335,1082.475,1074.465,1081.275,1536,2539,0
2023-04-27 20:00:00,1081.305,1084.125,1079.815,1082.255,1911,1899,0
2023-04-27 21:00:00,1081.4,1083.115,1080.1,1083.005,1520,2419,0
2023-04-27 22:00:00,1083.025,1083.465,1079.7,1081.145,1064,2479,0
2023-04-27 23:00:00,1081.165,1081.925,1080.5,1081.4,1134,2779,0
2023-04-28 01:00:00,1078.355,1080.955,1076.04,1080.055,424,3179,0
2023-04-28 02:00:00,1079.46,1082.005,1078.9,1081.315,630,2319,0
2023-04-28 03:00:00,1081.315,1084.535,1079.9,1082.695,1558,319,0
2023-04-28 04:00:00,1082.475,1085.315,1080.2,1082.785,1702,329,0
2023-04-28 05:00:00,1082.805,1083.825,1080.3,1081.355,632,329,0
2023-04-28 06:00:00,1081.355,1084.505,1080.365,1082.525,1108,1509,0
2023-04-28 07:00:00,1082.525,1083.735,1080.075,1082.785,1790,789,0
2023-04-28 08:00:00,1082.765,1084.695,1078.235,1079.195,1230,1289,0
2023-04-28 09:00:00,1079.305,1079.315,1073.365,1074.485,1772,1099,0
2023-04-28 10:00:00,1074.535,1075.215,1067.585,1071.065,967,1369,0
2023-04-28 11:00:00,1071.065,1071.665,1063.455,1068.235,1107,1089,0
2023-04-28 12:00:00,1068.255,1070.945,1066.2,1069.325,907,2319,0
2023-04-28 13:00:00,1069.295,1071.525,1066.4,1067.265,1291,3799,0
2023-04-28 14:00:00,1067.355,1072.505,1065.1,1072.115,926,3249,0
2023-04-28 15:00:00,1072.195,1076.775,1067.865,1075.325,2884,1859,0
2023-04-28 16:00:00,1075.325,1075.805,1067.555,1068.785,2505,2149,0
2023-04-28 17:00:00,1068.485,1074.565,1066.845,1073.735,2734,1789,0
2023-04-28 18:00:00,1073.755,1076.955,1070.625,1075.375,2619,739,0
2023-04-28 19:00:00,1075.375,1079.865,1072.605,1078.925,1037,1049,0
2023-04-28 20:00:00,1078.725,1079.375,1076.865,1078.275,992,1599,0
2023-04-28 21:00:00,1078.225,1078.675,1075.2,1076.475,561,2019,0
2023-04-28 22:00:00,1076.575,1076.575,1074.4,1076.235,482,2369,0
2023-04-28 23:00:00,1076.335,1076.885,1073.595,1074.4,386,3009,0
2023-05-01 01:00:00,1073.745,1074.555,1070.945,1072.225,961,3069,0
2023-05-01 02:00:00,1072.275,1072.425,1068.6,1068.6,332,3019,0
2023-05-01 03:00:00,1069.225,1070.585,1066.4,1068.065,662,2439,0
2023-05-01 04:00:00,1068.095,1069.425,1066.4,1069.205,803,1759,0
2023-05-01 05:00:00,1069.175,1070.995,1066.9,1069.985,726,1769,0
2023-05-01 06:00:00,1069.985,1071.075,1066.78,1070.945,723,1679,0
2023-05-01 07:00:00,1070.975,1073.915,1068.4,1072.615,595,1339,0
2023-05-01 08:00:00,1072.615,1074.495,1067.9,1074.375,875,1289,0
2023-05-01 09:00:00,1074.365,1074.365,1068.195,1069.715,1429,1739,0
2023-05-01 10:00:00,1069.715,1070.895,1068.425,1069.135,1194,3269,0
2023-05-01 11:00:00,1069.105,1069.505,1063.915,1065.935,1076,3449,0
2023-05-01 12:00:00,1065.915,1071.905,1065.585,1071.845,863,3109,0
2023-05-01 13:00:00,1071.845,1082.235,1070.6,1082.205,1405,2329,0
2023-05-01 14:00:00,1082.185,1083.175,1077.335,1082.725,1042,2379,0
2023-05-01 15:00:00,1082.665,1091.405,1080.825,1086.545,1557,1579,0
2023-05-01 16:00:00,1086.545,1089.915,1076.375,1078.315,1903,2009,0
2023-05-01 17:00:00,1078.315,1079.065,1067.0,1069.285,1982,2429,0
2023-05-01 18:00:00,1069.075,1069.235,1056.9,1061.705,3155,1949,0
2023-05-01 19:00:00,1061.705,1061.945,1053.8,1056.065,2284,309,0
2023-05-01 20:00:00,1056.055,1056.455,1048.9,1054.675,1630,579,0
2023-05-01 21:00:00,1054.675,1055.335,1049.6,1053.515,1275,499,0
2023-05-01 22:00:00,1053.595,1056.095,1048.9,1054.445,1749,309,0
2023-05-01 23:00:00,1054.435,1054.465,1050.1,1050.9,975,1409,0
2023-05-02 01:00:00,1050.015,1055.055,1047.39,1053.525,570,2179,0
2023-05-02 02:00:00,1052.885,1054.365,1049.7,1052.595,609,2039,0
2023-05-02 03:00:00,1052.545,1057.095,1048.98,1054.325,1236,309,0
2023-05-02 04:00:00,1054.575,1056.615,1048.35,1051.495,1520,309,0
2023-05-02 05:00:00,1051.585,1052.715,1046.65,1052.575,864,319,0
2023-05-02 06:00:00,1052.575,1053.815,1048.2,1051.505,469,539,0
2023-05-02 07:00:00,1051.505,1053.315,1048.1,1052.425,1172,709,0
2023-05-02 08:00:00,1049.7,1052.765,1048.7,1050.515,856,1279,0
2023-05-02 09:00:00,1050.565,1054.255,1049.9,1052.305,969,2069,0
2023-05-02 10:00:00,1052.265,1054.155,1049.8,1050.545,804,1729,0
2023-05-02 11:00:00,1050.545,1053.345,1046.2,1052.345,510,359,0
2023-05-02 12:00:00,1052.345,1054.245,1049.945,1052.545,396,999,0
2023-05-02 13:00:00,1052.545,1053.355,1048.3,1052.715,459,729,0
2023-05-02 14:00:00,1052.715,1055.435,1048.5,1051.325,1187,1349,0
2023-05-02 15:00:00,1051.305,1051.645,1043.1,1046.275,733,1699,0
2023-05-02 16:00:00,1046.275,1050.345,1042.545,1042.545,2426,1479,0
2023-05-02 17:00:00,1042.545,1061.065,1041.735,1060.445,5861,1759,0
2023-05-02 18:00:00,1060.295,1065.425,1057.625,1063.175,2582,2189,0
2023-05-02 19:00:00,1063.175,1065.445,1059.0,1064.715,2240,2219,0
2023-05-02 20:00:00,1064.715,1069.965,1061.8,1064.385,2438,679,0
2023-05-02 21:00:00,1065.225,1065.665,1061.2,1063.645,2187,929,0
2023-05-02 22:00:00,1063.555,1065.935,1061.9,1065.475,1448,2569,0
2023-05-02 23:00:00,1065.445,1065.485,1062.515,1063.4,326,2399,0
2023-05-03 01:00:00,1062.715,1064.985,1060.84,1064.365,381,2689,0
2023-05-03 02:00:00,1061.44,1065.735,1061.44,1065.235,253,2209,0
2023-05-03 03:00:00,1065.235,1066.085,1061.3,1065.125,833,1529,0
2023-05-03 04:00:00,1065.095,1065.995,1061.7,1064.905,841,1839,0
2023-05-03 05:00:00,1064.905,1065.635,1061.0,1064.415,702,2139,0
2023-05-03 06:00:00,1064.395,1065.235,1060.5,1065.235,520,1199,0
2023-05-03 07:00:00,1065.135,1065.455,1061.7,1064.505,602,1189,0
2023-05-03 08:00:00,1064.505,1065.245,1059.8,1063.545,236,1469,0
2023-05-03 09:00:00,1063.545,1068.105,1059.4,1067.045,552,1409,0
2023-05-03 10:00:00,1067.045,1072.705,1061.0,1064.375,984,1929,0
2023-05-03 11:00:00,1064.375,1073.725,1061.8,1072.225,1225,1909,0
2023-05-03 12:00:00,1072.335,1075.855,1070.2,1074.825,921,1879,0
2023-05-03 13:00:00,1074.825,1075.325,1069.3,1070.825,871,2349,0
2023-05-03 14:00:00,1070.825,1071.065,1066.5,1068.335,1164,3049,0
2023-05-03 15:00:00,1068.395,1068.395,1052.55,1056.535,2646,1809,0
2023-05-03 16:00:00,1056.535,1061.865,1055.345,1055.565,2310,1759,0
2023-05-03 17:00:00,1055.815,1066.545,1055.815,1060.845,2571,1459,0
2023-05-03 18:00:00,1060.875,1061.775,1049.425,1049.765,1527,1359,0
2023-05-03 19:00:00,1049.735,1052.705,1047.8,1049.975,1422,1849,0
2023-05-03 20:00:00,1049.975,1058.975,1048.645,1048.665,1415,1029,0
2023-05-03 21:00:00,1048.695,1059.375,1048.605,1054.895,5480,879,0
2023-05-03 22:00:00,1054.895,1056.165,1049.845,1055.015,3344,1059,0
2023-05-03 23:00:00,1055.015,1056.5,1050.915,1055.43,1070,1129,0
2023-05-04 01:00:00,1054.065,1060.575,1050.81,1056.605,1192,2269,0
2023-05-04 02:00:00,1056.605,1061.855,1053.5,1061.065,535,1539,0
2023-05-04 03:00:00,1061.065,1062.915,1055.8,1058.815,728,639,0
2023-05-04 04:00:00,1058.815,1064.165,1057.865,1061.105,1128,1489,0
2023-05-04 05:00:00,1061.105,1064.915,1060.65,1064.115,611,1299,0
2023-05-04 06:00:00,1064.215,1064.315,1059.11,1062.515,441,1569,0
2023-05-04 07:00:00,1062.515,1063.865,1060.45,1062.165,459,1259,0
2023-05-04 08:00:00,1060.95,1062.315,1055.98,1059.955,727,1789,0
2023-05-04 09:00:00,1059.965,1061.285,1056.25,1058.095,1152,2659,0
2023-05-04 10:00:00,1058.095,1058.115,1046.625,1047.065,1014,2239,0
2023-05-04 11:00:00,1047.045,1049.005,1042.9,1048.445,1220,2339,0
2023-05-04 12:00:00,1048.445,1053.025,1047.15,1050.995,1097,3259,0
2023-05-04 13:00:00,1050.975,1055.395,1050.55,1052.115,1713,3709,0
2023-05-04 14:00:00,1052.095,1053.735,1050.25,1051.295,1791,3809,0
2023-05-04 15:00:00,1051.295,1053.475,1045.725,1048.465,4036,1699,0
2023-05-04 16:00:00,1048.575,1054.675,1047.735,1053.055,4486,1999,0
2023-05-04 17:00:00,1053.025,1053.055,1041.525,1042.755,6559,869,0
2023-05-04 18:00:00,1042.755,1043.625,1035.735,1043.085,4835,709,0
2023-05-04 19:00:00,1043.065,1044.245,1039.545,1041.475,3376,1049,0
2023-05-04 20:00:00,1041.445,1045.135,1039.545,1044.315,3288,2499,0
2023-05-04 21:00:00,1043.905,1045.355,1042.275,1044.165,2568,2389,0
2023-05-04 22:00:00,1044.055,1046.365,1043.795,1045.885,1983,2119,0
2023-05-04 23:00:00,1045.965,1047.255,1044.545,1045.8,1291,2329,0
2023-05-05 01:00:00,1044.665,1048.055,1042.27,1046.805,433,2289,0
2023-05-05 02:00:00,1046.855,1047.255,1045.3,1046.755,251,1779,0
2023-05-05 03:00:00,1046.755,1046.755,1042.6,1045.205,639,1659,0
2023-05-05 04:00:00,1045.055,1046.655,1043.4,1045.875,838,1319,0
2023-05-05 05:00:00,1045.855,1052.255,1045.6,1048.155,567,1419,0
2023-05-05 06:00:00,1048.155,1050.255,1046.3,1049.805,393,1989,0
2023-05-05 07:00:00,1049.755,1051.005,1047.6,1048.905,360,1699,0
2023-05-05 08:00:00,1048.915,1049.765,1046.0,1048.785,776,1899,0
2023-05-05 09:00:00,1048.805,1050.875,1043.195,1050.565,1000,989,0
2023-05-05 10:00:00,1050.565,1050.565,1039.1,1041.655,831,309,0
2023-05-05 11:00:00,1041.645,1044.995,1037.3,1044.085,743,599,0
2023-05-05 12:00:00,1044.085,1044.995,1037.8,1039.745,353,1459,0
2023-05-05 13:00:00,1039.745,1043.745,1036.1,1043.745,341,1869,0
2023-05-05 14:00:00,1041.8,1049.345,1041.0,1045.945,393,1299,0
2023-05-05 15:00:00,1045.945,1049.905,1034.315,1042.745,2603,1129,0
2023-05-05 16:00:00,1042.745,1050.945,1039.995,1050.715,2272,1149,0
2023-05-05 17:00:00,1050.715,1052.255,1046.2,1049.075,1924,2359,0
2023-05-05 18:00:00,1049.025,1061.765,1048.7,1061.715,1500,309,0
2023-05-05 19:00:00,1061.865,1062.865,1056.725,1058.715,1059,309,0
2023-05-05 20:00:00,1058.715,1061.765,1058.015,1058.695,1681,2039,0
2023-05-05 21:00:00,1058.675,1061.115,1057.345,1059.955,1322,1439,0
2023-05-05 22:00:00,1059.955,1063.615,1058.755,1063.615,611,339,0
2023-05-05 23:00:00,1063.615,1063.665,1057.135,1060.1,464,309,0
2023-05-08 01:00:00,1059.495,1062.465,1057.04,1060.755,507,339,0
2023-05-08 02:00:00,1060.755,1063.365,1058.49,1059.865,306,439,0
2023-05-08 03:00:00,1059.865,1062.555,1059.4,1061.275,478,999,0
2023-05-08 04:00:00,1061.275,1063.625,1059.375,1062.165,730,1279,0
2023-05-08 05:00:00,1062.165,1064.865,1060.7,1064.325,588,589,0
2023-05-08 06:00:00,1064.325,1065.135,1062.97,1064.185,506,819,0
2023-05-08 07:00:00,1064.185,1067.915,1063.9,1067.895,666,1199,0
2023-05-08 08:00:00,1067.895,1069.785,1064.23,1066.025,807,979,0
2023-05-08 09:00:00,1066.025,1069.505,1065.26,1067.235,798,1229,0
2023-05-08 10:00:00,1067.145,1071.305,1065.38,1068.335,701,1389,0
2023-05-08 11:00:00,1068.335,1070.485,1066.785,1069.825,672,2829,0
2023-05-08 12:00:00,1069.825,1074.505,1069.305,1072.685,883,2579,0
2023-05-08 13:00:00,1072.685,1076.065,1071.855,1073.775,681,1429,0
2023-05-08 14:00:00,1073.575,1074.665,1066.955,1067.625,659,2859,0
2023-05-08 15:00:00,1067.625,1072.485,1066.385,1072.205,1379,1939,0
2023-05-08 16:00:00,1072.255,1087.825,1071.885,1085.155,3625,1069,0
2023-05-08 17:00:00,1085.145,1088.975,1082.27,1086.535,1825,309,0
2023-05-08 18:00:00,1086.445,1086.835,1076.675,1080.755,1737,1669,0
2023-05-08 19:00:00,1080.855,1082.145,1077.0,1079.025,2053,2229,0
2023-05-08 20:00:00,1078.905,1080.645,1074.7,1077.745,385,2399,0
2023-05-08 21:00:00,1077.745,1077.745,1073.4,1076.055,271,3239,0
2023-05-08 22:00:00,1076.045,1076.145,1072.4,1074.745,236,2359,0
2023-05-08 23:00:00,1074.745,1075.445,1072.6,1072.9,230,3409,0
2023-05-09 01:00:00,1071.4,1075.745,1070.475,1075.545,408,2929,0
2023-05-09 02:00:00,1073.4,1077.745,1072.48,1077.045,169,2139,0
2023-05-09 03:00:00,1077.045,1077.045,1072.9,1074.855,378,1449,0
2023-05-09 04:00:00,1074.855,1076.305,1070.0,1072.845,1207,1429,0
2023-05-09 05:00:00,1072.825,1075.135,1070.2,1074.065,732,2209,0
2023-05-09 06:00:00,1074.065,1076.335,1071.4,1076.315,749,2229,0
2023-05-09 07:00:00,1073.8,1077.515,1073.3,1075.535,743,2289,0
2023-05-09 08:00:00,1075.515,1077.325,1072.9,1075.035,696,2399,0
2023-05-09 09:00:00,1075.035,1079.025,1068.6,1072.055,831,2139,0
2023-05-09 10:00:00,1072.075,1074.545,1066.4,1069.845,799,969,0
2023-05-09 11:00:00,1070.045,1073.615,1068.25,1070.645,621,659,0
2023-05-09 12:00:00,1070.645,1079.275,1069.9,1078.235,939,639,0
2023-05-09 13:00:00,1078.435,1080.875,1075.8,1078.785,1030,319,0
2023-05-09 14:00:00,1078.775,1080.935,1075.7,1077.615,1474,389,0
2023-05-09 15:00:00,1077.615,1094.075,1071.055,1088.045,2114,309,0
2023-05-09 16:00:00,1088.045,1090.295,1082.285,1087.755,3274,769,0
2023-05-09 17:00:00,1087.785,1092.715,1085.525,1090.985,2491,309,0
2023-05-09 18:00:00,1090.985,1102.045,1087.415,1100.645,1961,309,0
2023-05-09 19:00:00,1100.645,1109.775,1099.65,1107.045,957,849,0
2023-05-09 20:00:00,1107.045,1109.325,1103.55,1107.475,1939,1119,0
2023-05-09 21:00:00,1107.625,1108.105,1103.6,1105.735,1052,1359,0
2023-05-09 22:00:00,1105.735,1107.695,1103.25,1107.405,518,1469,0
2023-05-09 23:00:00,1107.515,1107.825,1104.285,1105.45,476,1939,0
2023-05-10 01:00:00,1104.425,1108.295,1099.86,1106.145,428,2179,0
2023-05-10 02:00:00,1104.26,1108.215,1104.05,1107.395,432,2149,0
2023-05-10 03:00:00,1107.395,1111.955,1107.385,1111.755,820,1169,0
2023-05-10 04:00:00,1111.845,1113.075,1107.665,1108.595,1267,2339,0
2023-05-10 05:00:00,1108.495,1110.295,1107.415,1107.745,998,2609,0
2023-05-10 06:00:00,1107.735,1109.555,1105.38,1109.465,672,1829,0
2023-05-10 07:00:00,1109.465,1111.705,1107.0,1110.825,867,2069,0
2023-05-10 08:00:00,1110.605,1111.105,1106.19,1108.365,1051,3489,0
2023-05-10 09:00:00,1108.365,1109.465,1104.5,1106.535,1150,3099,0
2023-05-10 10:00:00,1106.495,1110.245,1100.9,1104.885,1216,3629,0
2023-05-10 11:00:00,1104.885,1104.885,1098.9,1104.175,1287,1439,0
2023-05-10 12:00:00,1101.0,1107.615,1099.3,1107.215,877,1859,0
2023-05-10 13:00:00,1107.245,1110.725,1101.65,1109.915,1129,1849,0
2023-05-10 14:00:00,1110.165,1113.705,1106.8,1112.045,1169,999,0
2023-05-10 15:00:00,1112.045,1126.945,1105.705,1123.945,2496,1089,0
2023-05-10 16:00:00,1123.945,1125.445,1108.845,1110.845,1189,1369,0
2023-05-10 17:00:00,1110.845,1113.775,1101.265,1106.775,4195,309,0
2023-05-10 18:00:00,1106.785,1112.615,1101.95,1111.025,3209,309,0
2023-05-10 19:00:00,1111.025,1113.465,1108.685,1111.845,2447,2229,0
2023-05-10 20:00:00,1111.845,1113.425,1110.25,1111.445,1733,1929,0
2023-05-10 21:00:00,1111.355,1117.845,1110.95,1116.545,804,1959,0
2023-05-10 22:00:00,1116.545,1117.185,1115.05,1116.735,402,2359,0
2023-05-10 23:00:00,1116.785,1117.355,1114.205,1114.585,343,2559,0
2023-05-11 01:00:00,1112.715,1115.845,1111.405,1115.845,210,2719,0
2023-05-11 02:00:00,1115.45,1119.245,1114.27,1117.545,201,1989,0
2023-05-11 03:00:00,1117.545,1119.545,1114.95,1119.045,379,1879,0
2023-05-11 04:00:00,1119.065,1119.745,1116.245,1116.285,348,2099,0
2023-05-11 05:00:00,1116.285,1117.845,1116.05,1117.645,231,2169,0
2023-05-11 06:00:00,1117.645,1118.405,1114.0,1116.355,388,2339,0
2023-05-11 07:00:00,1116.355,1117.005,1113.91,1116.555,356,2299,0
2023-05-11 08:00:00,1116.555,1117.935,1114.67,1116.805,495,2269,0
2023-05-11 09:00:00,1116.695,1116.695,1103.575,1104.085,1180,2059,0
2023-05-11 10:00:00,1104.035,1107.955,1102.47,1105.985,1000,2349,0
2023-05-11 11:00:00,1105.925,1106.585,1100.05,1103.145,963,2229,0
2023-05-11 12:00:00,1103.145,1104.485,1095.3,1100.545,584,699,0
2023-05-11 13:00:00,1100.545,1103.745,1097.35,1100.105,846,1829,0
2023-05-11 14:00:00,1100.105,1107.805,1098.35,1102.245,1400,1059,0
2023-05-11 15:00:00,1102.245,1119.795,1102.095,1118.445,2763,679,0
2023-05-11 16:00:00,1118.645,1121.355,1091.75,1093.845,3657,1009,0
2023-05-11 17:00:00,1093.845,1103.625,1090.045,1100.335,3709,1379,0
2023-05-11 18:00:00,1100.315,1103.255,1090.965,1091.915,1515,659,0
2023-05-11 19:00:00,1091.915,1094.225,1084.79,1094.075,1261,709,0
2023-05-11 20:00:00,1094.075,1099.675,1092.0,1096.425,1255,879,0
2023-05-11 21:00:00,1096.425,1099.075,1091.4,1095.815,660,579,0
2023-05-11 22:00:00,1095.725,1096.915,1091.8,1096.265,536,479,0
2023-05-11 23:00:00,1096.265,1097.975,1092.6,1093.0,347,479,0
2023-05-12 01:00:00,1095.305,1097.675,1090.27,1096.225,278,2069,0
2023-05-12 02:00:00,1096.225,1096.975,1091.85,1093.595,339,1769,0
2023-05-12 03:00:00,1094.245,1096.285,1091.8,1094.965,904,679,0
2023-05-12 04:00:00,1094.965,1095.015,1085.4,1087.575,1964,389,0
2023-05-12 05:00:00,1087.575,1087.745,1082.6,1087.315,1181,2039,0
2023-05-12 06:00:00,1087.295,1087.605,1082.8,1086.895,971,1709,0
2023-05-12 07:00:00,1086.905,1089.775,1084.4,1088.295,817,1639,0
2023-05-12 08:00:00,1088.295,1090.285,1084.5,1088.115,1040,619,0
2023-05-12 09:00:00,1087.895,1089.855,1083.525,1088.765,1685,469,0
2023-05-12 10:00:00,1088.765,1098.395,1086.3,1094.645,1850,989,0
2023-05-12 11:00:00,1094.645,1102.685,1093.6,1094.725,879,1529,0
2023-05-12 12:00:00,1094.725,1096.125,1075.95,1080.195,1089,2269,0
2023-05-12 13:00:00,1080.225,1086.455,1079.545,1082.495,1179,2479,0
2023-05-12 14:00:00,1082.445,1083.065,1078.5,1082.685,1171,3739,0
2023-05-12 15:00:00,1082.655,1089.475,1078.955,1082.745,2077,2129,0
2023-05-12 16:00:00,1082.745,1085.645,1077.385,1079.655,2503,1059,0
2023-05-12 17:00:00,1079.605,1081.085,1066.045,1069.215,5210,309,0
2023-05-12 18:00:00,1069.215,1070.995,1064.965,1066.005,3229,309,0
2023-05-12 19:00:00,1065.585,1065.945,1059.25,1060.535,1987,309,0
2023-05-12 20:00:00,1060.585,1062.045,1056.65,1058.655,2408,399,0
2023-05-12 21:00:00,1058.215,1060.285,1054.745,1056.885,2094,309,0
2023-05-12 22:00:00,1056.825,1058.705,1053.15,1054.945,1758,309,0
2023-05-12 23:00:00,1054.945,1057.965,1047.54,1047.61,905,309,0
2023-05-15 01:00:00,1048.45,1056.485,1048.45,1054.855,255,959,0
2023-05-15 02:00:00,1051.15,1058.715,1050.55,1058.715,229,1449,0
2023-05-15 03:00:00,1054.95,1063.345,1053.65,1062.555,375,779,0
2023-05-15 04:00:00,1057.55,1064.475,1056.05,1062.015,538,1499,0
2023-05-15 05:00:00,1057.25,1061.975,1052.15,1053.15,382,369,0
2023-05-15 06:00:00,1053.15,1059.785,1052.65,1054.05,362,329,0
2023-05-15 07:00:00,1054.05,1061.755,1053.75,1055.6,342,309,0
2023-05-15 08:00:00,1055.6,1064.425,1054.9,1063.405,468,419,0
2023-05-15 09:00:00,1063.205,1063.585,1055.7,1061.645,480,1659,0
2023-05-15 10:00:00,1059.5,1068.195,1058.6,1068.195,451,1279,0
2023-05-15 11:00:00,1064.65,1068.445,1059.15,1060.45,467,389,0
2023-05-15 12:00:00,1060.55,1062.405,1055.85,1058.85,373,609,0
2023-05-15 13:00:00,1058.75,1063.975,1057.95,1058.5,362,1549,0
2023-05-15 14:00:00,1058.5,1067.255,1056.2,1063.8,409,1449,0
2023-05-15 15:00:00,1063.8,1069.555,1057.75,1061.05,732,1339,0
2023-05-15 16:00:00,1060.85,1068.355,1056.05,1062.4,660,1799,0
2023-05-15 17:00:00,1062.3,1065.865,1059.9,1064.755,612,1889,0
2023-05-15 18:00:00,1061.8,1069.645,1061.7,1068.5,466,1889,0
2023-05-15 19:00:00,1068.5,1074.065,1067.5,1070.065,486,1149,0
2023-05-15 20:00:00,1067.9,1070.955,1065.2,1066.49,413,439,0
2023-05-15 21:00:00,1069.415,1069.965,1064.6,1067.015,314,849,0
2023-05-15 22:00:00,1064.5,1068.065,1063.1,1063.1,253,459,0
2023-05-15 23:00:00,1063.1,1066.415,1062.9,1062.9,197,1559,0
2023-05-16 01:00:00,1058.66,1066.465,1058.66,1065.715,196,2469,0
2023-05-16 02:00:00,1063.3,1067.155,1062.9,1063.6,172,2469,0
2023-05-16 03:00:00,1063.6,1067.955,1063.0,1064.1,215,2099,0
2023-05-16 04:00:00,1064.2,1067.855,1063.2,1066.855,299,2499,0
2023-05-16 05:00:00,1067.185,1067.535,1060.9,1064.5,321,2399,0
2023-05-16 06:00:00,1064.4,1069.645,1064.3,1064.8,226,2899,0
2023-05-16 07:00:00,1064.8,1068.025,1063.9,1067.175,224,2549,0
2023-05-16 08:00:00,1064.0,1067.065,1058.8,1059.2,410,3069,0
2023-05-16 09:00:00,1059.4,1063.525,1054.5,1057.5,610,1759,0
2023-05-16 10:00:00,1057.3,1065.435,1057.0,1065.325,561,359,0
2023-05-16 11:00:00,1064.0,1072.965,1063.6,1071.165,492,599,0
2023-05-16 12:00:00,1067.9,1071.845,1064.0,1067.75,575,919,0
2023-05-16 13:00:00,1067.55,1073.425,1066.61,1068.35,396,1319,0
2023-05-16 14:00:00,1068.35,1072.425,1059.85,1064.175,396,899,0
2023-05-16 15:00:00,1061.15,1073.945,1056.75,1069.35,714,1109,0
2023-05-16 16:00:00,1069.15,1073.685,1065.05,1071.035,732,1619,0
2023-05-16 17:00:00,1071.465,1071.465,1058.85,1063.145,668,2509,0
2023-05-16 18:00:00,1060.25,1064.845,1057.15,1063.945,609,3009,0
2023-05-16 19:00:00,1061.35,1066.745,1057.95,1058.05,529,2809,0
2023-05-16 20:00:00,1058.05,1063.345,1057.95,1059.55,478,2809,0
2023-05-16 21:00:00,1059.65,1065.745,1059.25,1061.75,321,2809,0
2023-05-16 22:00:00,1061.75,1065.845,1060.45,1060.75,274,2809,0
2023-05-16 23:00:00,1060.55,1064.045,1059.365,1059.85,228,2709,0
2023-05-17 01:00:00,1059.83,1063.315,1058.805,1063.315,170,4179,0
2023-05-17 02:00:00,1060.25,1063.885,1060.15,1063.345,220,4389,0
2023-05-17 03:00:00,1060.55,1065.125,1060.45,1061.65,271,4199,0
2023-05-17 04:00:00,1064.565,1066.065,1059.85,1062.45,395,4289,0
2023-05-17 05:00:00,1062.45,1068.965,1062.15,1063.95,291,2469,0
2023-05-17 06:00:00,1068.165,1068.165,1062.95,1067.665,234,2519,0
2023-05-17 07:00:00,1067.665,1068.915,1062.75,1067.735,214,2469,0
2023-05-17 08:00:00,1064.05,1068.085,1059.95,1063.845,317,2619,0
2023-05-17 09:00:00,1059.85,1068.765,1059.85,1064.55,435,2519,0
2023-05-17 10:00:00,1064.55,1070.715,1063.35,1063.75,456,1839,0
2023-05-17 11:00:00,1063.95,1070.565,1063.85,1065.15,468,2429,0
2023-05-17 12:00:00,1065.25,1076.355,1064.75,1075.165,428,1449,0
2023-05-17 13:00:00,1072.2,1079.205,1069.63,1071.85,381,1549,0
2023-05-17 14:00:00,1071.85,1077.315,1069.95,1071.95,362,1499,0
2023-05-17 15:00:00,1071.65,1081.385,1069.95,1073.015,602,799,0
2023-05-17 16:00:00,1071.95,1079.075,1070.5,1072.345,828,2329,0
2023-05-17 17:00:00,1070.5,1075.845,1065.2,1072.4,736,2479,0
2023-05-17 18:00:00,1072.3,1078.245,1070.4,1072.9,510,2809,0
2023-05-17 19:00:00,1072.8,1078.845,1071.5,1075.445,418,2809,0
2023-05-17 20:00:00,1071.4,1077.445,1069.4,1069.7,417,2709,0
2023-05-17 21:00:00,1069.7,1074.245,1068.9,1069.9,298,2809,0
2023-05-17 22:00:00,1069.9,1074.645,1068.7,1069.6,312,2909,0
2023-05-17 23:00:00,1069.4,1073.545,1068.4,1068.4,209,3309,0
2023-05-18 01:00:00,1063.89,1073.505,1063.56,1073.505,188,2999,0
2023-05-18 02:00:00,1068.7,1074.115,1068.5,1073.275,160,3079,0
2023-05-18 03:00:00,1069.2,1074.435,1068.4,1069.2,255,2469,0
2023-05-18 04:00:00,1069.2,1073.045,1066.1,1070.225,368,2239,0
2023-05-18 05:00:00,1067.3,1071.145,1065.8,1070.235,308,3019,0
2023-05-18 06:00:00,1067.2,1071.215,1066.0,1066.3,269,3129,0
2023-05-18 07:00:00,1066.3,1069.545,1064.5,1065.5,251,3059,0
2023-05-18 08:00:00,1068.845,1069.345,1064.0,1068.205,346,3679,0
2023-05-18 09:00:00,1065.3,1073.545,1065.2,1067.1,475,3659,0
2023-05-18 10:00:00,1067.1,1071.345,1058.9,1062.9,483,1229,0
2023-05-18 11:00:00,1062.8,1068.465,1059.6,1060.4,464,1679,0
2023-05-18 12:00:00,1063.405,1068.355,1060.1,1067.045,356,1909,0
2023-05-18 13:00:00,1064.5,1075.155,1064.4,1070.5,392,1319,0
2023-05-18 14:00:00,1070.5,1074.765,1067.7,1070.0,371,1369,0
2023-05-18 15:00:00,1070.0,1073.275,1064.8,1064.8,674,2039,0
2023-05-18 16:00:00,1064.8,1070.045,1056.16,1064.185,737,2089,0
2023-05-18 17:00:00,1065.295,1068.905,1061.1,1062.4,633,1419,0
2023-05-18 18:00:00,1062.4,1065.095,1055.8,1061.195,612,1539,0
2023-05-18 19:00:00,1059.1,1061.665,1046.9,1052.005,616,769,0
2023-05-18 20:00:00,1049.3,1054.205,1047.0,1049.1,543,879,0
2023-05-18 21:00:00,1049.1,1054.505,1047.8,1050.5,350,749,0
2023-05-18 22:00:00,1050.6,1057.015,1050.5,1055.055,339,319,0
2023-05-18 23:00:00,1052.6,1057.195,1052.4,1052.7,238,319,0
2023-05-19 01:00:00,1050.97,1057.835,1050.875,1055.745,264,469,0
2023-05-19 02:00:00,1053.7,1057.675,1051.0,1051.4,231,1169,0
2023-05-19 03:00:00,1051.5,1055.915,1049.6,1053.215,339,339,0
2023-05-19 04:00:00,1049.6,1054.075,1047.9,1053.695,471,409,0
2023-05-19 05:00:00,1049.2,1058.175,1048.5,1054.3,391,429,0
2023-05-19 06:00:00,1054.3,1058.535,1051.0,1052.6,371,649,0
2023-05-19 07:00:00,1052.5,1058.315,1051.3,1054.2,286,559,0
2023-05-19 08:00:00,1054.2,1059.365,1052.3,1058.335,362,959,0
2023-05-19 09:00:00,1053.6,1062.545,1050.6,1061.395,494,1999,0
2023-05-19 10:00:00,1057.6,1064.145,1056.3,1061.225,481,1209,0
2023-05-19 11:00:00,1058.2,1060.805,1054.2,1055.7,437,849,0
2023-05-19 12:00:00,1055.7,1068.925,1055.4,1065.8,443,1249,0
2023-05-19 13:00:00,1066.3,1071.515,1064.4,1068.3,500,1429,0
2023-05-19 14:00:00,1068.3,1070.185,1063.2,1069.715,403,939,0
2023-05-19 15:00:00,1066.5,1078.365,1065.1,1073.415,662,999,0
2023-05-19 16:00:00,1070.5,1074.365,1060.8,1062.4,737,1889,0
2023-05-19 17:00:00,1062.5,1065.165,1053.4,1057.8,595,2289,0
2023-05-19 18:00:00,1057.8,1071.465,1057.0,1066.7,1084,2419,0
2023-05-19 19:00:00,1066.64,1070.815,1060.24,1067.6,719,2009,0
2023-05-19 20:00:00,1067.6,1071.035,1064.4,1064.99,420,2009,0
2023-05-19 21:00:00,1064.98,1069.035,1062.4,1062.5,364,2009,0
2023-05-19 22:00:00,1062.6,1066.245,1061.1,1062.0,310,2219,0
2023-05-19 23:00:00,1062.0,1066.045,1061.32,1061.4,213,2219,0
2023-05-22 01:00:00,1063.655,1067.875,1061.53,1066.545,213,3819,0
2023-05-22 02:00:00,1063.4,1067.305,1062.7,1064.2,195,3599,0
2023-05-22 03:00:00,1064.2,1068.795,1062.0,1068.755,315,2519,0
2023-05-22 04:00:00,1064.4,1069.715,1061.0,1062.3,478,2429,0
2023-05-22 05:00:00,1062.3,1066.555,1059.2,1059.4,376,2589,0
2023-05-22 06:00:00,1059.4,1065.385,1058.1,1060.7,330,2909,0
2023-05-22 07:00:00,1060.7,1066.225,1059.6,1064.215,271,2929,0
2023-05-22 08:00:00,1060.5,1064.605,1056.9,1058.0,377,3069,0
2023-05-22 09:00:00,1058.2,1066.195,1056.0,1064.625,538,2319,0
2023-05-22 10:00:00,1059.6,1069.215,1058.6,1067.755,497,1139,0
2023-05-22 11:00:00,1063.2,1076.665,1061.5,1076.515,449,889,0
2023-05-22 12:00:00,1072.6,1077.475,1071.1,1076.935,380,1489,0
2023-05-22 13:00:00,1073.2,1082.855,1072.3,1073.9,465,1289,0
2023-05-22 14:00:00,1073.9,1078.915,1069.1,1071.6,406,2139,0
2023-05-22 15:00:00,1071.6,1080.445,1071.2,1073.1,562,1469,0
2023-05-22 16:00:00,1076.095,1079.715,1070.0,1074.4,590,2009,0
2023-05-22 17:00:00,1074.6,1079.285,1069.8,1072.845,671,2249,0
2023-05-22 18:00:00,1069.9,1073.635,1066.4,1072.615,477,419,0
2023-05-22 19:00:00,1069.2,1074.225,1066.2,1066.3,390,749,0
2023-05-22 20:00:00,1066.1,1073.405,1065.7,1072.965,466,819,0
2023-05-22 21:00:00,1069.0,1073.265,1067.4,1072.845,283,749,0
2023-05-22 22:00:00,1068.7,1073.085,1067.2,1067.5,282,759,0
2023-05-22 23:00:00,1067.6,1072.025,1066.59,1067.0,230,729,0
2023-05-23 01:00:00,1062.08,1071.445,1062.08,1066.6,201,1929,0
2023-05-23 02:00:00,1066.4,1070.995,1063.8,1069.885,231,1879,0
2023-05-23 03:00:00,1066.0,1070.675,1063.0,1069.275,335,1179,0
2023-05-23 04:00:00,1065.3,1071.935,1063.9,1063.9,434,1479,0
2023-05-23 05:00:00,1063.9,1072.075,1063.2,1071.705,300,1289,0
2023-05-23 06:00:00,1067.5,1071.775,1065.9,1070.935,272,1209,0
2023-05-23 07:00:00,1066.8,1071.725,1065.9,1067.0,259,849,0
2023-05-23 08:00:00,1067.0,1071.305,1063.6,1068.275,359,989,0
2023-05-23 09:00:00,1066.0,1072.565,1065.0,1066.0,475,1489,0
2023-05-23 10:00:00,1066.0,1067.615,1058.6,1059.4,570,2109,0
2023-05-23 11:00:00,1059.3,1062.865,1056.4,1059.2,520,3459,0
2023-05-23 12:00:00,1059.2,1060.685,1054.9,1056.8,366,3129,0
2023-05-23 13:00:00,1057.765,1059.365,1052.1,1056.1,438,2669,0
2023-05-23 14:00:00,1056.1,1062.425,1054.9,1058.6,451,1369,0
2023-05-23 15:00:00,1058.6,1059.905,1051.8,1055.6,635,1579,0
2023-05-23 16:00:00,1055.5,1067.045,1054.65,1060.875,795,1489,0
2023-05-23 17:00:00,1061.945,1064.445,1056.15,1058.55,701,1589,0
2023-05-23 18:00:00,1058.45,1061.745,1053.05,1055.645,484,1699,0
2023-05-23 19:00:00,1054.4,1054.945,1050.6,1052.225,515,2939,0
2023-05-23 20:00:00,1051.3,1055.125,1050.5,1052.8,459,3249,0
2023-05-23 21:00:00,1052.8,1054.255,1052.585,1053.3,372,3129,0
2023-05-23 22:00:00,1053.3,1054.025,1051.885,1053.0,339,2379,0
2023-05-23 23:00:00,1053.1,1054.255,1052.235,1053.6,261,2849,0
2023-05-24 01:00:00,1050.04,1055.035,1050.02,1054.685,262,3639,0
2023-05-24 02:00:00,1054.5,1055.365,1052.875,1054.7,225,3989,0
2023-05-24 03:00:00,1054.8,1056.635,1051.5,1052.3,325,2069,0
2023-05-24 04:00:00,1052.3,1053.675,1049.9,1053.475,472,2379,0
2023-05-24 05:00:00,1051.5,1054.905,1050.7,1051.4,425,2139,0
2023-05-24 06:00:00,1051.4,1054.925,1051.1,1053.935,342,2369,0
2023-05-24 07:00:00,1052.7,1056.135,1052.4,1053.7,294,3179,0
2023-05-24 08:00:00,1053.8,1058.015,1053.3,1055.8,377,3059,0
2023-05-24 09:00:00,1055.9,1057.575,1050.2,1050.9,535,1869,0
2023-05-24 10:00:00,1051.705,1051.705,1041.5,1047.215,554,2409,0
2023-05-24 11:00:00,1046.4,1049.705,1043.6,1045.65,489,2559,0
2023-05-24 12:00:00,1045.55,1047.3,1043.985,1045.365,391,3559,0
2023-05-24 13:00:00,1045.4,1045.6,1033.98,1036.15,511,579,0
2023-05-24 14:00:00,1036.15,1047.815,1035.35,1043.505,467,809,0
2023-05-24 15:00:00,1041.75,1047.495,1037.25,1042.495,700,1529,0
2023-05-24 16:00:00,1041.35,1044.355,1035.35,1038.005,789,1259,0
2023-05-24 17:00:00,1036.15,1038.085,1025.1,1027.65,807,849,0
2023-05-24 18:00:00,1027.65,1030.55,1025.85,1027.65,590,2459,0
2023-05-24 19:00:00,1027.75,1028.05,1021.345,1024.215,659,2569,0
2023-05-24 20:00:00,1024.55,1028.625,1023.45,1027.185,508,2019,0
2023-05-24 21:00:00,1027.045,1028.145,1023.83,1024.15,474,839,0
2023-05-24 22:00:00,1024.25,1028.325,1023.55,1024.25,389,609,0
2023-05-24 23:00:00,1024.25,1027.475,1024.15,1025.35,294,1359,0
2023-05-25 01:00:00,1020.51,1027.335,1020.51,1027.165,297,1959,0
2023-05-25 02:00:00,1026.05,1028.115,1024.65,1027.365,247,1569,0
2023-05-25 03:00:00,1025.85,1028.155,1023.15,1023.95,358,1649,0
2023-05-25 04:00:00,1026.575,1027.265,1021.05,1024.465,512,1509,0
2023-05-25 05:00:00,1021.85,1027.845,1021.45,1025.825,430,1119,0
2023-05-25 06:00:00,1022.95,1026.175,1021.45,1022.25,377,2059,0
2023-05-25 07:00:00,1022.25,1025.915,1021.35,1021.65,272,739,0
2023-05-25 08:00:00,1024.735,1026.585,1020.75,1020.75,411,599,0
2023-05-25 09:00:00,1020.75,1028.545,1015.95,1024.95,564,2439,0
2023-05-25 10:00:00,1024.95,1027.855,1020.75,1025.515,515,2199,0
2023-05-25 11:00:00,1024.0,1028.335,1023.6,1028.335,459,1919,0
2023-05-25 12:00:00,1026.5,1033.575,1023.7,1031.045,436,2009,0
2023-05-25 13:00:00,1029.9,1031.145,1024.6,1025.545,345,3259,0
2023-05-25 14:00:00,1025.0,1027.765,1022.9,1027.765,377,3399,0
2023-05-25 15:00:00,1027.5,1029.115,1017.75,1021.25,889,2509,0
2023-05-25 16:00:00,1021.45,1029.545,1018.85,1019.35,813,2409,0
2023-05-25 17:00:00,1019.45,1030.495,1019.45,1026.25,724,2399,0
2023-05-25 18:00:00,1026.15,1028.465,1022.85,1026.35,580,2409,0
2023-05-25 19:00:00,1026.35,1028.545,1023.15,1023.45,509,2359,0
2023-05-25 20:00:00,1024.995,1026.645,1021.15,1024.45,441,2409,0
2023-05-25 21:00:00,1024.45,1027.545,1022.25,1024.045,385,2509,0
2023-05-25 22:00:00,1022.25,1024.695,1021.15,1023.345,281,2509,0
2023-05-25 23:00:00,1021.75,1023.845,1021.55,1022.05,205,2459,0
2023-05-26 01:00:00,1018.28,1025.145,1018.14,1024.945,231,2459,0
2023-05-26 02:00:00,1023.25,1024.945,1021.55,1023.845,168,2509,0
2023-05-26 03:00:00,1022.15,1024.445,1020.25,1022.05,302,2199,0
2023-05-26 04:00:00,1022.25,1028.395,1021.95,1028.395,380,2109,0
2023-05-26 05:00:00,1027.15,1030.845,1025.95,1028.165,330,3029,0
2023-05-26 06:00:00,1026.35,1032.345,1026.35,1031.945,305,2659,0
2023-05-26 07:00:00,1030.5,1033.405,1030.1,1030.7,260,2409,0
2023-05-26 08:00:00,1030.7,1035.995,1029.6,1030.8,394,1899,0
2023-05-26 09:00:00,1030.8,1033.615,1027.67,1033.055,504,2209,0
2023-05-26 10:00:00,1031.5,1034.065,1028.7,1032.175,406,2189,0
2023-05-26 11:00:00,1031.1,1033.975,1026.7,1027.5,394,2739,0
2023-05-26 12:00:00,1027.5,1029.065,1025.0,1025.9,299,2859,0
2023-05-26 13:00:00,1025.9,1027.855,1022.6,1025.3,318,2589,0
2023-05-26 14:00:00,1025.5,1034.315,1025.4,1031.795,390,2719,0
2023-05-26 15:00:00,1029.6,1033.515,1022.9,1029.505,734,2339,0
2023-05-26 16:00:00,1027.3,1031.875,1023.3,1027.395,693,2339,0
2023-05-26 17:00:00,1027.0,1035.915,1021.1,1024.2,832,2109,0
2023-05-26 18:00:00,1024.2,1029.045,1022.5,1029.045,577,2309,0
2023-05-26 19:00:00,1026.7,1032.045,1023.0,1023.0,510,2409,0
2023-05-26 20:00:00,1023.2,1026.195,1022.3,1025.945,380,2209,0
2023-05-26 21:00:00,1023.6,1026.845,1023.2,1026.595,316,2309,0
2023-05-26 22:00:00,1024.1,1026.945,1022.7,1025.145,262,2259,0
2023-05-26 23:00:00,1022.7,1025.095,1021.4,1022.86,219,2259,0
2023-05-29 01:00:00,1022.195,1025.655,1020.49,1022.955,263,3089,0
2023-05-29 02:00:00,1021.0,1024.915,1020.1,1022.5,236,2979,0
2023-05-29 03:00:00,1022.5,1024.405,1020.4,1023.175,278,1689,0
2023-05-29 04:00:00,1023.335,1027.425,1020.7,1022.6,421,2449,0
2023-05-29 05:00:00,1022.6,1029.645,1022.5,1025.3,307,2389,0
2023-05-29 06:00:00,1025.3,1028.445,1024.8,1025.9,221,2329,0
2023-05-29 07:00:00,1025.9,1028.345,1024.4,1026.1,238,2209,0
2023-05-29 08:00:00,1026.1,1030.995,1024.8,1028.5,302,2559,0
2023-05-29 09:00:00,1028.5,1033.745,1028.3,1030.9,380,2419,0
2023-05-29 10:00:00,1030.8,1036.355,1029.1,1030.2,361,1029,0
2023-05-29 11:00:00,1030.3,1033.545,1027.4,1031.0,315,1669,0
2023-05-29 12:00:00,1031.0,1033.505,1028.9,1030.0,317,2209,0
2023-05-29 13:00:00,1030.0,1032.745,1026.9,1027.6,269,2159,0
2023-05-29 14:00:00,1027.6,1031.695,1027.35,1027.35,293,2009,0
2023-05-29 15:00:00,1027.35,1031.695,1023.65,1031.645,438,1809,0
2023-05-29 16:00:00,1028.85,1033.365,1027.2,1027.7,431,2009,0
2023-05-29 17:00:00,1027.7,1030.345,1026.35,1027.05,306,4299,0
2023-05-29 18:00:00,1027.05,1030.045,1025.65,1025.95,261,3609,0
2023-05-29 19:00:00,1025.95,1028.845,1024.85,1028.845,220,3509,0
2023-05-29 20:00:00,1026.85,1028.845,1025.25,1027.145,136,4409,0
2023-05-29 21:00:00,1025.45,1027.445,1024.71,1024.74,92,4909,0
2023-05-30 01:00:00,1023.615,1031.445,1020.51,1029.35,320,4139,0
2023-05-30 02:00:00,1029.35,1030.945,1026.87,1028.945,201,4239,0
2023-05-30 03:00:00,1026.75,1035.195,1026.21,1030.75,378,1219,0
2023-05-30 04:00:00,1030.85,1040.005,1030.85,1039.005,371,849,0
2023-05-30 05:00:00,1035.85,1039.505,1033.55,1037.115,279,879,0
2023-05-30 06:00:00,1034.15,1037.375,1026.05,1029.255,361,1409,0
2023-05-30 07:00:00,1026.05,1032.115,1025.25,1029.05,283,1689,0
2023-05-30 08:00:00,1029.05,1031.915,1024.65,1027.515,447,949,0
2023-05-30 09:00:00,1025.55,1031.715,1025.55,1030.575,684,2039,0
2023-05-30 10:00:00,1028.85,1032.245,1024.65,1030.6,524,2059,0
2023-05-30 11:00:00,1030.7,1036.155,1029.4,1033.615,473,999,0
2023-05-30 12:00:00,1030.05,1036.275,1026.25,1035.465,445,1519,0
2023-05-30 13:00:00,1032.95,1039.505,1030.55,1032.65,457,1349,0
2023-05-30 14:00:00,1032.65,1041.595,1030.65,1037.445,478,1439,0
2023-05-30 15:00:00,1035.9,1040.545,1026.6,1026.9,643,1559,0
2023-05-30 16:00:00,1026.8,1030.995,1020.0,1024.9,817,1069,0
2023-05-30 17:00:00,1024.9,1028.445,1016.9,1017.7,811,1009,0
2023-05-30 18:00:00,1017.7,1024.835,1016.6,1019.6,551,1639,0
2023-05-30 19:00:00,1019.6,1022.915,1017.0,1020.425,507,2049,0
2023-05-30 20:00:00,1018.9,1021.145,1015.6,1017.4,423,1899,0
2023-05-30 21:00:00,1017.4,1023.745,1017.3,1019.4,353,1909,0
2023-05-30 22:00:00,1019.4,1023.695,1019.0,1023.335,425,1909,0
2023-05-30 23:00:00,1023.335,1024.045,1020.3,1020.8,236,2109,0
2023-05-31 01:00:00,1020.355,1023.995,1020.2,1023.695,297,2409,0
2023-05-31 02:00:00,1023.645,1024.895,1020.5,1023.945,261,2319,0
2023-05-31 03:00:00,1023.945,1025.495,1021.0,1024.845,448,2409,0
2023-05-31 04:00:00,1024.845,1025.145,1017.1,1018.635,665,2409,0
2023-05-31 05:00:00,1018.645,1019.145,1009.4,1013.455,972,2429,0
2023-05-31 06:00:00,1013.545,1015.495,1010.9,1014.675,927,2759,0
2023-05-31 07:00:00,1014.675,1016.065,1011.8,1015.655,890,3629,0
2023-05-31 08:00:00,1015.635,1021.445,1010.5,1021.295,1518,2389,0
2023-05-31 09:00:00,1021.295,1023.805,1017.25,1021.235,1082,2509,0
2023-05-31 10:00:00,1021.235,1021.285,1016.55,1019.045,809,2909,0
2023-05-31 11:00:00,1019.045,1023.615,1014.8,1015.895,779,2429,0
2023-05-31 12:00:00,1015.835,1019.545,1014.6,1016.745,515,2019,0
2023-05-31 13:00:00,1016.745,1016.945,1009.15,1011.445,343,1589,0
2023-05-31 14:00:00,1010.15,1014.845,1009.45,1012.445,342,1869,0
2023-05-31 15:00:00,1012.445,1013.245,1001.245,1001.755,1789,1679,0
2023-05-31 16:00:00,1001.795,1010.435,998.945,1003.335,3225,769,0
2023-05-31 17:00:00,1003.345,1008.105,995.865,1003.655,5077,629,0
2023-05-31 18:00:00,1002.935,1004.295,998.45,1001.145,2605,939,0
2023-05-31 19:00:00,1000.545,1001.345,995.7,996.955,2110,1029,0
2023-05-31 20:00:00,996.745,1001.595,996.2,999.745,1882,949,0
2023-05-31 21:00:00,998.4,1000.675,998.2,999.725,1289,1479,0
2023-05-31 22:00:00,999.705,999.725,997.3,998.115,1849,1469,0
2023-05-31 23:00:00,997.935,998.375,994.7,994.9,668,1939,0
2023-06-01 01:00:00,990.82,997.255,990.76,996.815,753,1419,0
2023-06-01 02:00:00,996.795,1000.955,995.4,999.485,514,1419,0
2023-06-01 03:00:00,999.385,1001.925,997.0,999.805,564,2269,0
2023-06-01 04:00:00,999.855,1003.585,997.1,1002.595,1148,2999,0
2023-06-01 05:00:00,1002.595,1003.365,1000.5,1002.685,1236,3739,0
2023-06-01 06:00:00,1002.585,1003.885,1000.4,1002.795,928,3799,0
2023-06-01 07:00:00,1002.795,1003.025,998.9,1000.625,754,3489,0
2023-06-01 08:00:00,1000.635,1002.205,998.1,999.945,1184,3569,0
2023-06-01 09:00:00,999.995,1003.685,995.5,1003.425,1014,3249,0
2023-06-01 10:00:00,1003.425,1003.695,999.7,1001.205,1145,3549,0
2023-06-01 11:00:00,1001.205,1006.545,998.65,1005.145,639,2149,0
2023-06-01 12:00:00,1005.145,1007.745,1002.135,1007.545,231,3059,0
2023-06-01 13:00:00,1007.545,1009.325,1003.8,1008.025,289,2249,0
2023-06-01 14:00:00,1008.025,1009.175,1002.5,1008.515,710,2799,0
2023-06-01 15:00:00,1008.415,1008.575,993.545,1000.765,2552,2689,0
2023-06-01 16:00:00,1000.765,1008.165,1000.205,1000.985,2278,2779,0
2023-06-01 17:00:00,1001.285,1009.555,1001.105,1008.865,1979,3519,0
2023-06-01 18:00:00,1008.865,1013.285,1005.775,1011.245,1804,2979,0
2023-06-01 19:00:00,1011.245,1012.175,1008.285,1010.645,1229,3329,0
2023-06-01 20:00:00,1010.545,1011.005,1006.6,1007.985,944,3129,0
2023-06-01 21:00:00,1007.985,1007.995,1004.775,1005.745,528,3209,0
2023-06-01 22:00:00,1005.775,1008.115,1005.775,1007.505,411,3189,0
2023-06-01 23:00:00,1007.555,1007.915,1006.545,1006.9,294,3449,0
2023-06-02 01:00:00,1005.8,1008.095,1004.7,1005.765,390,4069,0
2023-06-02 02:00:00,1005.865,1009.195,1005.0,1008.115,269,2929,0
2023-06-02 03:00:00,1008.115,1008.475,1003.9,1006.135,474,2319,0
2023-06-02 04:00:00,1006.135,1008.435,1003.0,1006.535,624,1729,0
2023-06-02 05:00:00,1006.635,1009.185,1003.8,1008.985,443,1629,0
2023-06-02 06:00:00,1008.985,1012.685,1006.4,1012.445,652,1359,0
2023-06-02 07:00:00,1012.445,1012.445,1007.6,1010.935,371,1369,0
2023-06-02 08:00:00,1010.935,1014.645,1007.6,1013.235,756,1159,0
2023-06-02 09:00:00,1013.245,1018.635,1012.0,1018.395,887,869,0
2023-06-02 10:00:00,1018.435,1020.495,1012.0,1014.505,893,1089,0
2023-06-02 11:00:00,1014.505,1018.555,1011.5,1018.315,690,1309,0
2023-06-02 12:00:00,1018.495,1019.245,1013.4,1014.365,1101,1589,0
2023-06-02 13:00:00,1013.2,1014.875,1004.15,1006.085,823,1809,0
2023-06-02 14:00:00,1006.185,1006.845,1001.95,1003.745,482,1729,0
2023-06-02 15:00:00,1003.845,1010.905,999.465,1008.035,2335,1219,0
2023-06-02 16:00:00,1008.035,1016.115,1006.645,1007.745,1910,1769,0
2023-06-02 17:00:00,1007.755,1010.335,1002.835,1008.535,1888,1689,0
2023-06-02 18:00:00,1008.485,1009.275,1004.2,1007.935,928,1509,0
2023-06-02 19:00:00,1007.935,1009.185,999.15,1001.585,936,889,0
2023-06-02 20:00:00,1001.625,1003.515,999.75,1002.905,697,1019,0
2023-06-02 21:00:00,1002.895,1005.705,999.85,1004.695,671,1169,0
2023-06-02 22:00:00,1004.685,1006.625,1002.45,1005.005,424,1089,0
2023-06-02 23:00:00,1005.005,1005.405,1002.015,1004.65,324,1919,0
2023-06-05 01:00:00,1004.915,1010.015,1004.495,1009.355,449,3209,0
2023-06-05 02:00:00,1009.355,1010.005,1005.3,1007.335,426,3099,0
2023-06-05 03:00:00,1007.435,1008.265,1004.3,1007.305,497,2669,0
2023-06-05 04:00:00,1007.305,1008.745,1003.7,1007.175,1011,2579,0
2023-06-05 05:00:00,1007.125,1008.315,1004.8,1007.975,573,2559,0
2023-06-05 06:00:00,1007.985,1009.905,1006.2,1009.125,618,2829,0
2023-06-05 07:00:00,1009.125,1009.325,1006.0,1007.1,437,2749,0
2023-06-05 08:00:00,1008.725,1010.945,1005.7,1009.735,720,2769,0
2023-06-05 09:00:00,1009.735,1009.735,1004.4,1006.195,706,2399,0
2023-06-05 10:00:00,1006.195,1010.485,1005.1,1006.095,886,2329,0
2023-06-05 11:00:00,1006.145,1011.075,1003.6,1008.435,729,1229,0
2023-06-05 12:00:00,1008.435,1012.635,1005.8,1010.495,518,1199,0
2023-06-05 13:00:00,1010.705,1012.605,1006.3,1010.835,509,1369,0
2023-06-05 14:00:00,1010.835,1011.275,1005.2,1008.605,429,1319,0
2023-06-05 15:00:00,1008.705,1019.125,1006.5,1017.405,1190,999,0
2023-06-05 16:00:00,1017.405,1028.355,1016.455,1023.305,1735,1349,0
2023-06-05 17:00:00,1022.995,1032.845,1022.205,1032.045,3206,319,0
2023-06-05 18:00:00,1030.145,1040.245,1029.545,1038.195,1941,309,0
2023-06-05 19:00:00,1038.315,1039.095,1031.625,1034.375,1821,849,0
2023-06-05 20:00:00,1034.425,1034.975,1031.25,1033.715,1799,2279,0
2023-06-05 21:00:00,1033.715,1033.725,1030.75,1031.915,1711,2139,0
2023-06-05 22:00:00,1031.925,1033.185,1029.75,1031.395,1866,1999,0
2023-06-05 23:00:00,1031.405,1032.675,1029.65,1030.65,636,1759,0
2023-06-06 01:00:00,1027.7,1032.375,1027.7,1031.245,292,3769,0
2023-06-06 02:00:00,1030.75,1032.585,1029.65,1030.245,333,3689,0
2023-06-06 03:00:00,1030.245,1032.345,1028.95,1029.25,380,1489,0
2023-06-06 04:00:00,1029.25,1032.865,1029.05,1031.485,844,2089,0
2023-06-06 05:00:00,1031.515,1037.815,1031.415,1036.245,1529,2019,0
2023-06-06 06:00:00,1036.055,1038.055,1033.75,1037.625,886,2209,0
2023-06-06 07:00:00,1037.635,1038.435,1035.05,1038.055,1088,1859,0
2023-06-06 08:00:00,1038.085,1040.565,1031.85,1033.695,793,1909,0
2023-06-06 09:00:00,1033.495,1036.855,1029.65,1032.395,945,1999,0
2023-06-06 10:00:00,1032.395,1032.595,1026.45,1028.695,1189,2429,0
2023-06-06 11:00:00,1028.695,1030.505,1023.505,1027.045,1868,2559,0
2023-06-06 12:00:00,1027.055,1035.845,1026.935,1035.205,1752,2109,0
2023-06-06 13:00:00,1035.205,1040.255,1032.2,1038.295,927,2399,0
2023-06-06 14:00:00,1038.295,1039.865,1034.2,1037.625,1147,1739,0
2023-06-06 15:00:00,1037.605,1040.715,1028.005,1030.595,2226,1689,0
2023-06-06 16:00:00,1030.495,1032.345,1025.75,1030.595,1653,1749,0
2023-06-06 17:00:00,1030.645,1036.265,1030.495,1034.315,2268,1679,0
2023-06-06 18:00:00,1034.385,1038.065,1032.055,1033.945,1976,1639,0
2023-06-06 19:00:00,1034.045,1036.065,1031.085,1033.215,1131,2129,0
2023-06-06 20:00:00,1033.215,1036.285,1032.285,1035.105,915,1979,0
2023-06-06 21:00:00,1035.105,1036.965,1033.3,1035.745,478,2079,0
2023-06-06 22:00:00,1035.745,1036.325,1033.2,1035.315,516,1999,0
2023-06-06 23:00:00,1035.315,1036.005,1033.135,1033.6,400,2159,0
2023-06-07 01:00:00,1033.69,1036.755,1033.135,1036.725,226,3669,0
2023-06-07 02:00:00,1036.725,1036.925,1033.9,1035.805,253,3289,0
2023-06-07 03:00:00,1034.2,1040.025,1034.2,1039.315,632,2349,0
2023-06-07 04:00:00,1039.365,1039.855,1036.5,1038.465,1669,2569,0
2023-06-07 05:00:00,1038.455,1040.965,1035.9,1040.675,1175,2549,0
2023-06-07 06:00:00,1040.685,1041.055,1036.8,1040.355,663,2389,0
2023-06-07 07:00:00,1040.255,1041.705,1037.6,1041.265,354,2099,0
2023-06-07 08:00:00,1038.6,1041.145,1036.0,1039.165,730,2489,0
2023-06-07 09:00:00,1039.215,1040.825,1031.9,1035.905,955,1689,0
2023-06-07 10:00:00,1035.905,1037.905,1030.4,1034.855,606,1909,0
2023-06-07 11:00:00,1034.855,1042.655,1032.7,1042.305,842,2229,0
2023-06-07 12:00:00,1042.305,1046.055,1038.9,1042.855,645,2299,0
2023-06-07 13:00:00,1042.855,1045.455,1040.05,1043.245,502,3349,0
2023-06-07 14:00:00,1043.245,1044.745,1035.85,1038.655,828,3379,0
2023-06-07 15:00:00,1038.665,1045.245,1034.8,1037.845,689,2309,0
2023-06-07 16:00:00,1037.645,1048.755,1033.895,1048.355,1639,989,0
2023-06-07 17:00:00,1048.355,1048.355,1031.845,1032.545,2208,899,0
2023-06-07 18:00:00,1032.645,1034.445,1021.3,1022.545,1108,1649,0
2023-06-07 19:00:00,1022.545,1024.345,1017.7,1021.445,1174,2339,0
2023-06-07 20:00:00,1021.445,1023.145,1018.9,1022.145,593,2429,0
2023-06-07 21:00:00,1022.145,1022.695,1019.4,1021.685,527,2339,0
2023-06-07 22:00:00,1021.675,1022.075,1019.4,1021.285,558,2579,0
2023-06-07 23:00:00,1021.285,1021.775,1019.3,1019.6,390,2839,0
2023-06-08 01:00:00,1015.63,1022.785,1015.44,1021.775,374,2989,0
2023-06-08 02:00:00,1021.785,1022.945,1020.0,1022.645,198,2759,0
2023-06-08 03:00:00,1022.645,1025.045,1021.0,1023.845,245,1759,0
2023-06-08 04:00:00,1023.845,1024.145,1020.2,1022.945,255,2069,0
2023-06-08 05:00:00,1022.945,1023.445,1020.1,1022.145,336,2229,0
2023-06-08 06:00:00,1022.145,1023.205,1020.6,1022.705,470,2499,0
2023-06-08 07:00:00,1022.705,1022.765,1019.2,1022.445,502,2469,0
2023-06-08 08:00:00,1022.465,1026.975,1020.6,1024.795,1133,2189,0
2023-06-08 09:00:00,1024.795,1027.305,1020.7,1025.605,1536,2059,0
2023-06-08 10:00:00,1025.575,1029.265,1025.475,1028.375,1480,2199,0
2023-06-08 11:00:00,1028.345,1028.345,1019.5,1022.145,907,2709,0
2023-06-08 12:00:00,1022.145,1022.945,1018.85,1019.65,800,3259,0
2023-06-08 13:00:00,1019.65,1022.465,1013.95,1015.745,677,2159,0
2023-06-08 14:00:00,1015.745,1017.145,1013.4,1015.845,302,2239,0
2023-06-08 15:00:00,1015.845,1021.845,1015.2,1019.345,727,1779,0
2023-06-08 16:00:00,1019.245,1019.545,1013.35,1016.745,3018,1329,0
2023-06-08 17:00:00,1016.745,1020.605,1015.385,1017.605,3500,1809,0
2023-06-08 18:00:00,1017.605,1017.795,1010.135,1011.155,2205,459,0
2023-06-08 19:00:00,1011.235,1013.675,1009.045,1013.675,2435,1489,0
2023-06-08 20:00:00,1013.235,1014.665,1010.3,1014.155,1786,1969,0
2023-06-08 21:00:00,1014.135,1014.555,1010.4,1013.035,1007,1399,0
2023-06-08 22:00:00,1013.065,1013.285,1009.4,1012.565,1201,1969,0
2023-06-08 23:00:00,1012.715,1012.745,1009.8,1010.7,849,2529,0
2023-06-09 01:00:00,1007.91,1013.185,1004.155,1011.205,1054,3159,0
2023-06-09 02:00:00,1011.215,1014.845,1009.5,1013.125,741,3399,0
2023-06-09 03:00:00,1013.125,1015.265,1010.3,1013.025,1134,1999,0
2023-06-09 04:00:00,1013.015,1017.035,1011.1,1014.845,1593,2539,0
2023-06-09 05:00:00,1014.865,1019.415,1010.8,1018.625,1197,1619,0
2023-06-09 06:00:00,1018.665,1020.155,1013.8,1017.015,820,1299,0
2023-06-09 07:00:00,1017.035,1017.475,1012.9,1016.805,547,1419,0
2023-06-09 08:00:00,1016.805,1020.135,1013.2,1020.115,932,1279,0
2023-06-09 09:00:00,1020.115,1022.825,1014.0,1020.705,1396,1319,0
2023-06-09 10:00:00,1020.835,1021.845,1015.2,1019.295,1108,1359,0
2023-06-09 11:00:00,1019.305,1019.405,1010.155,1012.645,699,1129,0
2023-06-09 12:00:00,1012.645,1014.555,1007.65,1010.005,758,1149,0
2023-06-09 13:00:00,1010.005,1011.995,1007.15,1011.075,564,429,0
2023-06-09 14:00:00,1010.925,1015.055,1008.55,1011.055,771,469,0
2023-06-09 15:00:00,1011.095,1011.705,1003.45,1005.695,1667,389,0
2023-06-09 16:00:00,1005.695,1008.035,999.935,1006.155,2020,769,0
2023-06-09 17:00:00,1006.155,1015.205,1005.6,1010.805,1776,799,0
2023-06-09 18:00:00,1010.765,1013.325,1007.75,1011.505,1344,1179,0
2023-06-09 19:00:00,1011.495,1014.105,1008.55,1010.175,1207,2129,0
2023-06-09 20:00:00,1010.055,1014.255,1009.945,1013.535,870,2229,0
2023-06-09 21:00:00,1013.535,1013.535,1009.75,1010.975,459,2189,0
2023-06-09 22:00:00,1010.975,1012.025,1009.15,1010.985,610,2399,0
2023-06-09 23:00:00,1010.975,1011.625,1005.39,1005.39,265,2539,0
2023-06-12 01:00:00,1008.13,1009.685,1006.675,1007.915,603,4029,0
2023-06-12 02:00:00,1007.915,1009.045,1007.0,1008.445,426,3849,0
2023-06-12 03:00:00,1008.445,1009.655,1006.8,1008.215,818,2859,0
2023-06-12 04:00:00,1008.095,1008.185,1003.7,1004.605,1333,2299,0
2023-06-12 05:00:00,1004.605,1005.135,1002.2,1003.965,675,2589,0
2023-06-12 06:00:00,1004.195,1005.175,1001.9,1004.255,636,3049,0
2023-06-12 07:00:00,1004.245,1004.695,1002.4,1004.395,657,3469,0
2023-06-12 08:00:00,1004.385,1008.745,1002.5,1005.875,675,1649,0
2023-06-12 09:00:00,1005.935,1010.115,1002.8,1008.005,580,1649,0
2023-06-12 10:00:00,1008.005,1008.045,1000.3,1003.355,791,1159,0
2023-06-12 11:00:00,1003.405,1009.085,1002.0,1008.165,877,339,0
2023-06-12 12:00:00,1008.165,1011.495,1005.8,1009.945,759,309,0
2023-06-12 13:00:00,1009.795,1009.795,1002.45,1004.655,615,339,0
2023-06-12 14:00:00,1004.655,1004.785,998.15,1000.315,1012,579,0
2023-06-12 15:00:00,1000.145,1002.735,991.625,993.705,2249,319,0
2023-06-12 16:00:00,993.695,999.335,992.295,998.185,2106,1799,0
2023-06-12 17:00:00,998.185,1000.635,990.55,995.505,1599,519,0
2023-06-12 18:00:00,995.505,998.205,990.45,993.315,1154,1079,0
2023-06-12 19:00:00,993.275,995.065,989.45,994.005,838,589,0
2023-06-12 20:00:00,994.005,996.315,990.75,993.545,786,319,0
2023-06-12 21:00:00,993.545,995.165,990.45,994.205,495,709,0
2023-06-12 22:00:00,994.205,995.385,991.25,994.865,548,1039,0
2023-06-12 23:00:00,994.865,995.075,991.35,991.85,294,1689,0
2023-06-13 01:00:00,987.34,996.985,987.34,996.695,277,1829,0
2023-06-13 02:00:00,996.735,997.225,993.35,996.375,259,1889,0
2023-06-13 03:00:00,996.385,997.265,991.55,994.215,319,1669,0
2023-06-13 04:00:00,994.215,996.705,991.65,996.015,678,2349,0
2023-06-13 05:00:00,996.015,998.335,992.25,997.585,538,2629,0
2023-06-13 06:00:00,997.585,1001.305,994.45,1000.005,506,939,0
2023-06-13 07:00:00,1000.005,1000.205,995.65,998.805,284,1079,0
2023-06-13 08:00:00,998.795,999.605,993.85,997.505,444,949,0
2023-06-13 09:00:00,997.495,1000.245,993.55,995.395,971,749,0
2023-06-13 10:00:00,995.395,1000.545,993.15,996.145,756,649,0
2023-06-13 11:00:00,995.995,997.175,991.125,992.255,865,319,0
2023-06-13 12:00:00,992.255,992.905,986.945,988.445,684,609,0
2023-06-13 13:00:00,988.145,989.855,985.65,989.015,561,1369,0
2023-06-13 14:00:00,988.915,992.285,986.65,988.595,626,1479,0
2023-06-13 15:00:00,988.595,996.345,983.685,990.945,2457,1009,0
2023-06-13 16:00:00,990.945,994.645,987.445,989.645,1226,1079,0
2023-06-13 17:00:00,989.645,989.645,979.395,983.545,2254,579,0
2023-06-13 18:00:00,983.345,983.845,978.245,979.645,518,2209,0
2023-06-13 19:00:00,979.645,982.045,977.65,980.245,372,2129,0
2023-06-13 20:00:00,980.245,980.445,977.35,978.445,330,2549,0
2023-06-13 21:00:00,978.345,978.945,976.05,976.395,440,1909,0
2023-06-13 22:00:00,976.405,980.025,975.95,979.935,475,2099,0
2023-06-13 23:00:00,979.845,979.845,976.535,978.55,730,2219,0
2023-06-14 01:00:00,976.34,980.85,974.235,979.315,327,3549,0
2023-06-14 02:00:00,979.315,981.25,978.855,980.545,302,3239,0
2023-06-14 03:00:00,980.545,982.265,980.295,981.055,640,2679,0
2023-06-14 04:00:00,980.955,981.745,979.55,981.445,419,2409,0
2023-06-14 05:00:00,980.35,981.845,977.545,981.245,544,2389,0
2023-06-14 06:00:00,981.245,983.775,980.35,982.975,410,2499,0
2023-06-14 07:00:00,982.975,983.675,980.95,981.25,331,2449,0
2023-06-14 08:00:00,982.375,982.425,978.35,979.195,447,2469,0
2023-06-14 09:00:00,979.145,979.295,976.05,977.225,654,2759,0
2023-06-14 10:00:00,977.275,982.635,974.85,982.285,596,2179,0
2023-06-14 11:00:00,982.235,984.705,978.65,979.075,528,2229,0
2023-06-14 12:00:00,979.175,979.525,970.5,972.565,617,1809,0
2023-06-14 13:00:00,972.565,975.445,969.55,974.345,468,1459,0
2023-06-14 14:00:00,974.345,975.265,971.25,973.245,668,2399,0
2023-06-14 15:00:00,973.345,982.025,970.705,976.675,2192,2229,0
2023-06-14 16:00:00,976.715,981.225,974.035,976.325,2046,1739,0
2023-06-14 17:00:00,976.225,981.325,974.1,977.115,1220,2029,0
2023-06-14 18:00:00,977.095,979.845,974.4,976.445,661,2489,0
2023-06-14 19:00:00,976.245,981.345,973.3,980.545,730,2349,0
2023-06-14 20:00:00,980.545,981.745,973.005,973.035,830,2609,0
2023-06-14 21:00:00,973.025,979.825,969.165,977.815,3533,2019,0
2023-06-14 22:00:00,977.715,978.615,972.4,976.375,1239,2129,0
2023-06-14 23:00:00,976.375,981.325,976.325,978.2,585,2229,0
2023-06-15 01:00:00,972.42,980.325,972.42,979.825,342,2449,0
2023-06-15 02:00:00,979.775,980.225,975.9,979.925,225,2549,0
2023-06-15 03:00:00,979.875,980.125,973.2,976.665,433,2449,0
2023-06-15 04:00:00,976.665,976.825,968.0,970.235,1786,2449,0
2023-06-15 05:00:00,970.165,972.115,968.4,972.055,1416,3109,0
2023-06-15 06:00:00,971.985,974.215,969.8,970.5,673,2909,0
2023-06-15 07:00:00,970.5,972.945,969.0,972.545,365,2709,0
2023-06-15 08:00:00,972.545,973.925,967.3,972.265,680,2669,0
2023-06-15 09:00:00,972.415,974.345,968.2,970.155,1090,2909,0
2023-06-15 10:00:00,970.165,972.125,963.5,971.865,1061,2439,0
2023-06-15 11:00:00,971.865,971.915,964.785,965.115,647,2519,0
2023-06-15 12:00:00,965.115,977.225,963.595,976.125,825,2059,0
2023-06-15 13:00:00,976.075,977.225,974.065,974.245,645,1559,0
2023-06-15 14:00:00,974.195,975.845,970.645,972.045,661,1100,0
2023-06-15 15:00:00,972.045,979.745,969.92,979.245,955,1300,0
2023-06-15 16:00:00,979.345,986.825,976.815,986.145,1330,1400,0
2023-06-15 17:00:00,986.145,990.375,982.305,983.885,1180,1000,0
2023-06-15 18:00:00,983.885,990.325,983.075,989.575,1157,1500,0
2023-06-15 19:00:00,989.475,992.515,988.845,989.445,1011,1700,0
2023-06-15 20:00:00,989.445,991.735,987.545,991.045,668,1020,0
2023-06-15 21:00:00,990.935,993.1,990.175,991.845,633,980,0
2023-06-15 22:00:00,991.845,992.645,990.645,991.645,223,970,0
2023-06-15 23:00:00,991.645,991.645,988.265,990.9,138,1400,0
2023-06-16 01:00:00,987.65,991.2,986.5,990.6,359,1570,0
2023-06-16 02:00:00,990.6,991.6,988.315,989.845,276,810,0
2023-06-16 03:00:00,989.845,991.2,988.565,990.345,278,1120,0
2023-06-16 04:00:00,990.345,992.545,989.645,991.045,458,300,0
2023-06-16 05:00:00,991.145,991.245,987.845,987.945,600,860,0
2023-06-16 06:00:00,988.045,991.2,987.955,990.105,478,900,0
2023-06-16 07:00:00,990.5,990.865,988.745,989.4,298,1000,0
2023-06-16 08:00:00,989.175,992.9,988.745,991.855,1093,770,0
2023-06-16 09:00:00,991.865,997.0,991.275,995.635,1028,640,0
2023-06-16 10:00:00,995.635,996.705,991.245,993.395,991,350,0
2023-06-16 11:00:00,993.295,993.785,990.455,993.435,720,1300,0
2023-06-16 12:00:00,993.335,995.705,992.895,994.175,715,1400,0
2023-06-16 13:00:00,994.175,994.175,989.585,991.545,709,1400,0
2023-06-16 14:00:00,991.545,993.3,989.625,992.115,1010,1200,0
2023-06-16 15:00:00,992.215,1000.735,986.025,987.075,1598,719,0
2023-06-16 16:00:00,987.215,988.325,982.675,983.505,2891,309,0
2023-06-16 17:00:00,984.105,988.895,977.365,982.945,3566,309,0
2023-06-16 18:00:00,982.945,984.9,977.12,979.945,1154,309,0
2023-06-16 19:00:00,980.6,986.4,976.415,985.545,1559,309,0
2023-06-16 20:00:00,985.545,987.6,983.11,985.545,641,309,0
2023-06-16 21:00:00,985.545,986.945,983.85,985.245,240,369,0
2023-06-16 22:00:00,985.245,986.1,980.285,984.245,492,329,0
2023-06-16 23:00:00,984.245,986.5,977.815,985.12,414,309,0
2023-06-19 01:00:00,985.38,986.2,982.24,983.945,318,1279,0
2023-06-19 02:00:00,985.3,985.5,982.255,983.745,214,309,0
2023-06-19 03:00:00,983.745,984.9,979.495,979.625,526,790,0
2023-06-19 04:00:00,979.655,982.015,979.145,981.035,1265,1200,0
2023-06-19 05:00:00,981.015,982.0,979.845,979.845,524,1100,0
2023-06-19 06:00:00,979.845,981.4,978.495,980.045,741,990,0
2023-06-19 07:00:00,980.045,982.2,978.995,981.175,639,1480,0
2023-06-19 08:00:00,981.215,983.7,980.365,981.675,1037,1200,0
2023-06-19 09:00:00,981.445,982.415,979.185,980.915,1399,1500,0
2023-06-19 10:00:00,981.405,984.685,979.45,983.445,1678,1690,0
2023-06-19 11:00:00,983.425,984.725,981.675,981.775,670,1599,0
2023-06-19 12:00:00,981.775,984.225,980.945,982.255,572,1200,0
2023-06-19 13:00:00,982.145,985.3,980.645,981.245,282,1200,0
2023-06-19 14:00:00,981.245,981.445,975.355,977.415,300,1730,0
2023-06-19 15:00:00,977.515,984.53,975.15,982.345,889,1000,0
2023-06-19 16:00:00,982.315,983.335,976.945,978.645,753,1450,0
2023-06-19 17:00:00,978.645,982.0,976.645,979.245,354,1000,0
2023-06-19 18:00:00,979.245,981.6,978.345,978.545,267,1600,0
2023-06-19 19:00:00,978.545,980.3,976.5,977.9,364,1600,0
2023-06-19 20:00:00,977.9,978.5,976.1,976.545,278,1200,0
2023-06-19 21:00:00,977.6,977.8,975.9,977.8,77,1100,0
2023-06-20 01:00:00,976.72,978.5,973.5,977.095,724,1100,0
2023-06-20 02:00:00,977.9,978.4,975.965,977.9,374,1100,0
2023-06-20 03:00:00,977.965,979.515,975.6,977.8,292,1100,0
2023-06-20 04:00:00,977.8,977.8,970.315,972.065,516,1000,0
2023-06-20 05:00:00,972.025,975.3,971.815,974.6,510,1100,0
2023-06-20 06:00:00,973.625,974.8,972.865,973.425,345,1540,0
2023-06-20 07:00:00,973.425,974.6,972.21,972.365,348,1580,0
2023-06-20 08:00:00,972.265,972.4,969.165,970.015,573,1670,0
2023-06-20 09:00:00,970.065,973.39,967.865,969.525,1119,1110,0
2023-06-20 10:00:00,969.475,975.395,969.245,974.045,1354,1400,0
2023-06-20 11:00:00,974.045,975.23,969.125,969.855,1151,1440,0
2023-06-20 12:00:00,969.855,972.36,967.185,967.565,963,1610,0
2023-06-20 13:00:00,968.73,970.41,965.875,966.715,1028,1690,0
2023-06-20 14:00:00,966.745,969.35,966.415,968.965,1294,1740,0
2023-06-20 15:00:00,968.805,972.895,961.485,962.925,2384,1139,0
2023-06-20 16:00:00,962.895,968.105,959.415,962.645,4988,1939,0
2023-06-20 17:00:00,962.615,963.145,954.925,961.255,4765,1119,0
2023-06-20 18:00:00,961.375,964.9,959.35,962.245,1885,990,0
2023-06-20 19:00:00,962.245,967.3,960.145,966.565,1100,620,0
2023-06-20 20:00:00,966.665,967.715,964.705,966.0,920,570,0
2023-06-20 21:00:00,966.0,966.04,963.85,965.365,554,330,0
2023-06-20 22:00:00,965.315,965.97,963.6,964.065,539,400,0
2023-06-20 23:00:00,964.065,964.96,961.055,962.85,371,220,0
2023-06-21 01:00:00,962.0,964.11,960.355,963.265,360,450,0
2023-06-21 02:00:00,963.265,965.165,962.71,964.565,355,470,0
2023-06-21 03:00:00,964.565,964.715,961.32,963.115,475,200,0
2023-06-21 04:00:00,963.115,963.315,959.29,961.915,636,670,0
2023-06-21 05:00:00,961.915,962.765,959.7,961.265,512,860,0
2023-06-21 06:00:00,961.265,961.965,959.9,960.615,460,1040,0
2023-06-21 07:00:00,960.615,961.465,959.25,960.965,347,1150,0
2023-06-21 08:00:00,961.115,961.215,958.65,959.955,415,1170,0
2023-06-21 09:00:00,959.965,960.415,956.75,957.855,926,1500,0
2023-06-21 10:00:00,957.855,960.515,956.305,957.065,784,1580,0
2023-06-21 11:00:00,957.105,960.2,953.5,954.465,1135,1100,0
2023-06-21 12:00:00,954.415,955.3,951.305,953.815,777,1000,0
2023-06-21 13:00:00,955.1,956.455,950.27,954.895,1328,900,0
2023-06-21 14:00:00,954.885,957.7,952.9,956.545,1141,390,0
2023-06-21 15:00:00,956.545,960.2,953.1,954.125,1991,1000,0
2023-06-21 16:00:00,954.125,955.255,946.665,949.905,3711,790,0
2023-06-21 17:00:00,949.905,956.915,946.905,953.075,2300,1300,0
2023-06-21 18:00:00,953.135,953.335,945.995,947.685,2250,1400,0
2023-06-21 19:00:00,947.695,949.285,945.635,947.005,2498,1600,0
2023-06-21 20:00:00,947.005,949.825,946.735,948.445,1678,1450,0
2023-06-21 21:00:00,948.445,950.485,948.095,948.725,1177,1550,0
2023-06-21 22:00:00,948.735,948.895,946.155,947.035,1094,1040,0
2023-06-21 23:00:00,947.015,947.205,941.155,944.33,815,1930,0
2023-06-22 01:00:00,943.32,945.465,943.32,945.24,514,3260,0
2023-06-22 02:00:00,945.26,947.65,944.735,947.08,521,1750,0
2023-06-22 03:00:00,947.07,949.175,945.785,947.045,895,2250,0
2023-06-22 04:00:00,947.725,949.285,946.175,947.575,725,1900,0
2023-06-22 05:00:00,947.605,948.63,946.965,947.395,730,1800,0
2023-06-22 06:00:00,947.7,948.1,945.545,946.125,700,1220,0
2023-06-22 07:00:00,946.125,947.2,941.725,941.775,719,1020,0
2023-06-22 08:00:00,941.775,942.14,939.935,940.655,1173,1980,0
2023-06-22 09:00:00,940.615,943.4,937.765,941.035,1337,1100,0
2023-06-22 10:00:00,941.045,947.355,939.115,947.345,1766,409,0
2023-06-22 11:00:00,947.355,949.885,943.415,945.4,1121,319,0
2023-06-22 12:00:00,945.4,946.275,942.905,945.495,604,629,0
2023-06-22 13:00:00,945.295,950.785,945.145,947.215,889,319,0
2023-06-22 14:00:00,947.145,949.855,944.315,946.865,1223,309,0
2023-06-22 15:00:00,946.865,947.085,940.24,941.135,2265,309,0
2023-06-22 16:00:00,941.115,941.165,935.435,935.745,2302,319,0
2023-06-22 17:00:00,935.815,938.035,931.15,932.195,3208,309,0
2023-06-22 18:00:00,932.195,933.955,927.29,929.175,2184,319,0
2023-06-22 19:00:00,929.135,932.395,927.3,928.485,1399,909,0
2023-06-22 20:00:00,928.585,929.695,923.2,926.685,1017,619,0
2023-06-22 21:00:00,926.685,927.985,923.53,926.985,672,559,0
2023-06-22 22:00:00,927.185,927.765,922.85,925.145,681,250,0
2023-06-22 23:00:00,925.145,925.665,922.375,923.42,597,980,0
2023-06-23 01:00:00,921.05,924.685,921.03,923.915,365,1400,0
2023-06-23 02:00:00,923.965,924.89,922.75,924.255,278,1370,0
2023-06-23 03:00:00,924.255,926.47,923.055,925.6,864,1130,0
2023-06-23 04:00:00,925.59,925.59,921.425,922.525,1150,309,0
2023-06-23 05:00:00,922.525,923.4,921.145,921.555,812,309,0
2023-06-23 06:00:00,921.525,922.165,920.11,921.485,860,1119,0
2023-06-23 07:00:00,921.555,923.785,920.05,923.165,833,1219,0
2023-06-23 08:00:00,923.165,924.985,921.05,922.095,1040,1000,0
2023-06-23 09:00:00,922.095,925.915,921.05,925.155,1181,1000,0
2023-06-23 10:00:00,925.155,929.44,922.645,929.005,2232,690,0
2023-06-23 11:00:00,928.985,929.085,924.745,925.685,1433,1260,0
2023-06-23 12:00:00,925.695,926.835,924.11,925.545,923,550,0
2023-06-23 13:00:00,926.4,926.4,923.745,925.395,839,900,0
2023-06-23 14:00:00,925.395,929.225,925.295,928.995,1081,1000,0
2023-06-23 15:00:00,928.995,930.6,923.015,924.735,2275,519,0
2023-06-23 16:00:00,924.725,926.215,921.645,922.425,3353,309,0
2023-06-23 17:00:00,922.445,927.925,918.045,927.925,2432,309,0
2023-06-23 18:00:00,927.995,927.995,922.015,922.175,1994,939,0
2023-06-23 19:00:00,922.175,924.98,920.575,922.335,1695,1229,0
2023-06-23 20:00:00,922.315,923.395,918.965,919.815,1164,1109,0
2023-06-23 21:00:00,919.825,920.5,918.105,919.225,803,849,0
2023-06-23 22:00:00,919.225,919.975,917.87,919.105,1140,1019,0
2023-06-23 23:00:00,919.045,920.235,916.96,918.21,714,1239,0
2023-06-26 01:00:00,918.22,922.5,917.6,921.405,780,1900,0
2023-06-26 02:00:00,921.685,924.97,920.8,923.145,533,1130,0
2023-06-26 03:00:00,923.035,928.245,921.845,927.875,1204,860,0
2023-06-26 04:00:00,927.825,932.215,926.895,930.545,1771,1060,0
2023-06-26 05:00:00,930.525,932.025,928.0,932.025,1212,980,0
2023-06-26 06:00:00,932.065,933.1,930.645,931.375,833,1000,0
2023-06-26 07:00:00,931.455,932.2,930.45,932.045,658,900,0
2023-06-26 08:00:00,931.905,932.405,929.8,931.495,904,1500,0
2023-06-26 09:00:00,931.445,933.295,927.46,932.995,957,979,0
2023-06-26 10:00:00,933.015,934.535,930.3,931.345,1191,1199,0
2023-06-26 11:00:00,931.345,934.85,930.75,932.445,919,720,0
2023-06-26 12:00:00,932.445,935.1,931.1,931.945,271,1100,0
2023-06-26 13:00:00,931.945,938.385,931.945,935.175,642,200,0
2023-06-26 14:00:00,935.155,936.6,932.575,934.345,1119,880,0
2023-06-26 15:00:00,934.615,935.555,924.4,925.955,1516,550,0
2023-06-26 16:00:00,925.915,929.745,923.885,928.39,2128,330,0
2023-06-26 17:00:00,928.19,929.75,924.95,928.035,1369,200,0
2023-06-26 18:00:00,928.045,935.56,927.965,932.035,1381,320,0
2023-06-26 19:00:00,932.065,933.095,925.685,926.915,1300,900,0
2023-06-26 20:00:00,926.965,930.855,926.4,930.045,865,879,0
2023-06-26 21:00:00,930.045,930.045,927.2,927.995,461,759,0
2023-06-26 22:00:00,928.005,928.455,926.655,927.265,566,710,0
2023-06-26 23:00:00,927.265,927.905,926.395,926.75,418,900,0
2023-06-27 01:00:00,925.31,929.3,924.155,927.935,385,1800,0
2023-06-27 02:00:00,927.955,928.8,926.225,926.275,430,1400,0
2023-06-27 03:00:00,926.285,928.505,926.005,926.805,1078,1200,0
2023-06-27 04:00:00,926.805,934.75,926.385,933.455,1841,1450,0
2023-06-27 05:00:00,933.395,934.28,930.925,933.265,1132,1989,0
2023-06-27 06:00:00,933.265,936.6,933.225,935.3,499,1580,0
2023-06-27 07:00:00,935.3,936.7,933.285,934.495,388,1130,0
2023-06-27 08:00:00,934.495,936.5,932.005,933.9,441,1340,0
2023-06-27 09:00:00,932.675,935.7,931.905,932.795,1488,1789,0
2023-06-27 10:00:00,932.795,935.7,930.905,931.065,1537,1400,0
2023-06-27 11:00:00,931.065,931.095,924.905,927.105,1885,1390,0
2023-06-27 12:00:00,927.115,933.07,926.135,931.805,1293,690,0
2023-06-27 13:00:00,931.765,934.0,930.805,933.785,961,470,0
2023-06-27 14:00:00,933.805,933.9,929.525,931.375,1305,319,0
2023-06-27 15:00:00,931.345,932.7,927.445,927.745,1691,1100,0
2023-06-27 16:00:00,927.745,929.1,920.945,922.205,2641,730,0
2023-06-27 17:00:00,922.975,923.085,917.045,922.295,3800,1450,0
2023-06-27 18:00:00,922.305,925.02,918.605,922.915,2381,1810,0
2023-06-27 19:00:00,922.955,928.0,921.475,927.135,1735,1660,0
2023-06-27 20:00:00,927.295,929.495,925.565,925.715,1474,1479,0
2023-06-27 21:00:00,925.775,929.5,924.765,927.455,1005,510,0
2023-06-27 22:00:00,927.455,928.9,926.665,927.035,551,490,0
2023-06-27 23:00:00,927.035,928.1,924.355,926.42,654,1150,0
2023-06-28 01:00:00,922.8,926.5,922.345,925.8,418,2100,0
2023-06-28 02:00:00,925.8,926.1,924.315,924.855,347,2420,0
2023-06-28 03:00:00,924.845,927.3,922.975,924.855,1518,370,0
2023-06-28 04:00:00,924.895,926.9,920.975,921.355,2636,230,0
2023-06-28 05:00:00,921.385,922.5,919.695,920.325,2014,610,0
2023-06-28 06:00:00,920.315,923.4,920.005,921.105,1406,220,0
2023-06-28 07:00:00,921.105,922.6,919.585,921.405,1289,260,0
2023-06-28 08:00:00,921.405,922.2,919.135,920.885,1184,280,0
2023-06-28 09:00:00,921.165,923.825,919.255,921.965,1668,700,0
2023-06-28 10:00:00,921.965,922.87,918.41,920.2,721,569,0
2023-06-28 11:00:00,920.2,920.5,912.925,915.145,1781,569,0
2023-06-28 12:00:00,915.145,921.595,914.905,920.755,1072,609,0
2023-06-28 13:00:00,920.645,922.625,916.525,917.655,1208,1069,0
2023-06-28 14:00:00,917.565,924.605,916.1,919.985,1354,309,0
2023-06-28 15:00:00,920.215,921.395,914.665,914.935,1647,309,0
2023-06-28 16:00:00,914.745,917.735,903.255,909.505,3265,309,0
2023-06-28 17:00:00,909.505,912.2,905.345,905.835,1117,580,0
2023-06-28 18:00:00,905.835,918.155,905.445,916.075,2093,619,0
2023-06-28 19:00:00,916.105,918.295,914.335,916.995,2041,570,0
2023-06-28 20:00:00,916.975,919.155,914.705,914.855,1885,200,0
2023-06-28 21:00:00,914.885,917.305,914.525,915.535,1062,1260,0
2023-06-28 22:00:00,915.585,915.865,914.045,915.015,1269,1059,0
2023-06-28 23:00:00,915.015,915.8,912.8,912.98,772,1300,0
2023-06-29 01:00:00,914.06,915.555,913.54,914.295,803,1010,0
2023-06-29 02:00:00,914.295,915.25,913.875,914.065,634,980,0
2023-06-29 03:00:00,914.185,916.055,913.225,915.615,718,460,0
2023-06-29 04:00:00,915.615,921.555,915.045,919.095,1766,780,0
2023-06-29 05:00:00,919.075,919.295,916.105,916.305,1443,460,0
2023-06-29 06:00:00,916.255,918.09,913.445,918.09,907,549,0
2023-06-29 07:00:00,918.09,919.545,917.145,918.285,785,539,0
2023-06-29 08:00:00,918.245,919.975,917.405,918.095,1194,409,0
2023-06-29 09:00:00,918.095,920.815,915.815,917.755,1398,309,0
2023-06-29 10:00:00,917.595,922.935,915.245,922.245,1286,389,0
2023-06-29 11:00:00,922.435,923.195,917.115,917.285,1450,1250,0
2023-06-29 12:00:00,917.295,917.765,912.235,913.395,918,589,0
2023-06-29 13:00:00,913.395,917.165,912.345,916.885,1132,539,0
2023-06-29 14:00:00,916.905,918.075,911.525,911.585,1376,739,0
2023-06-29 15:00:00,911.565,911.565,898.995,900.905,4518,319,0
2023-06-29 16:00:00,900.745,901.815,891.445,896.405,5137,319,0
2023-06-29 17:00:00,896.085,900.155,891.925,895.165,4082,369,0
2023-06-29 18:00:00,895.165,900.605,893.645,899.945,2705,1100,0
2023-06-29 19:00:00,899.945,902.9,897.745,902.245,861,870,0
2023-06-29 20:00:00,902.245,902.245,899.145,899.345,319,1000,0
2023-06-29 21:00:00,899.345,900.9,898.345,898.645,258,900,0
2023-06-29 22:00:00,898.645,900.6,897.245,898.745,239,580,0
2023-06-29 23:00:00,898.745,900.3,897.035,897.93,397,950,0
2023-06-30 01:00:00,895.49,900.4,895.49,900.3,440,650,0
2023-06-30 02:00:00,900.3,904.3,898.255,902.1,321,740,0
2023-06-30 03:00:00,902.1,904.6,900.555,902.665,878,550,0
2023-06-30 04:00:00,902.755,904.825,902.365,903.735,1692,1110,0
2023-06-30 05:00:00,903.705,907.7,903.455,903.805,1371,1090,0
2023-06-30 06:00:00,903.805,906.9,903.115,905.675,811,1230,0
2023-06-30 07:00:00,905.685,909.24,905.225,906.665,797,1229,0
2023-06-30 08:00:00,906.665,907.445,904.625,904.625,878,1709,0
2023-06-30 09:00:00,904.625,904.655,899.875,902.685,941,1100,0
2023-06-30 10:00:00,902.675,902.675,895.875,896.215,951,900,0
2023-06-30 11:00:00,896.215,896.725,892.515,895.795,961,830,0
2023-06-30 12:00:00,895.795,897.1,892.725,892.725,692,900,0
2023-06-30 13:00:00,892.725,893.075,889.205,891.785,1303,900,0
2023-06-30 14:00:00,891.755,893.7,890.105,893.7,1120,1440,0
2023-06-30 15:00:00,893.085,900.895,889.605,899.825,2832,960,0
2023-06-30 16:00:00,899.695,902.775,893.195,893.585,1656,779,0
2023-06-30 17:00:00,893.265,905.875,893.265,902.705,2285,880,0
2023-06-30 18:00:00,902.705,911.935,902.605,908.245,1228,1070,0
2023-06-30 19:00:00,908.245,910.7,906.145,907.745,637,1300,0
2023-06-30 20:00:00,907.745,908.685,903.055,904.675,853,900,0
2023-06-30 21:00:00,904.675,906.3,904.675,905.825,380,900,0
2023-06-30 22:00:00,905.955,906.8,905.005,906.085,368,900,0
2023-06-30 23:00:00,905.985,906.5,903.055,903.92,484,1300,0
2023-07-03 01:00:00,902.48,905.7,900.85,904.895,453,1830,0
2023-07-03 02:00:00,906.0,906.1,902.715,904.185,423,1200,0
2023-07-03 03:00:00,904.195,906.5,902.685,903.565,1052,730,0
2023-07-03 04:00:00,903.585,907.915,902.525,905.425,1605,680,0
2023-07-03 05:00:00,905.415,906.9,904.485,905.675,1096,750,0
2023-07-03 06:00:00,905.675,909.7,904.535,908.085,663,770,0
2023-07-03 07:00:00,908.075,910.1,906.155,907.615,533,840,0
2023-07-03 08:00:00,907.605,908.1,903.015,903.975,1012,900,0
2023-07-03 09:00:00,903.795,904.465,899.345,901.495,1064,900,0
2023-07-03 10:00:00,901.495,902.225,896.525,896.915,986,900,0
2023-07-03 11:00:00,896.865,900.67,896.095,897.225,1328,1040,0
2023-07-03 12:00:00,897.155,900.1,896.485,897.785,932,309,0
2023-07-03 13:00:00,897.775,907.535,897.265,907.025,741,329,0
2023-07-03 14:00:00,907.115,909.775,905.365,908.565,911,479,0
2023-07-03 15:00:00,908.565,911.535,900.875,911.125,1847,719,0
2023-07-03 16:00:00,911.125,914.445,910.445,912.625,1116,440,0
2023-07-03 17:00:00,913.005,918.045,909.125,913.045,1721,530,0
2023-07-03 18:00:00,912.935,913.3,909.995,912.105,1815,409,0
2023-07-03 19:00:00,911.955,913.845,909.705,910.685,1694,359,0
2023-07-03 20:00:00,910.785,912.6,909.755,911.645,805,769,0
2023-07-03 21:00:00,911.655,914.395,911.335,913.395,529,879,0
2023-07-03 22:00:00,913.395,914.7,913.335,914.305,268,899,0
2023-07-03 23:00:00,914.325,914.325,912.695,913.49,325,1019,0
2023-07-04 01:00:00,908.225,913.4,906.38,913.3,192,2979,0
2023-07-04 02:00:00,913.3,915.25,912.525,915.11,227,1050,0
2023-07-04 03:00:00,915.08,916.9,912.545,914.745,290,1200,0
2023-07-04 04:00:00,914.925,918.1,913.145,916.575,865,999,0
2023-07-04 05:00:00,916.605,917.2,914.965,915.545,586,809,0
2023-07-04 06:00:00,916.0,917.3,915.285,916.415,464,1350,0
2023-07-04 07:00:00,916.415,917.2,915.715,917.105,427,1400,0
2023-07-04 08:00:00,917.105,917.9,916.135,917.8,496,1200,0
2023-07-04 09:00:00,917.275,923.925,917.085,923.085,714,1100,0
2023-07-04 10:00:00,922.985,925.085,921.085,921.735,820,1000,0
2023-07-04 11:00:00,921.895,924.025,920.715,922.025,793,900,0
2023-07-04 12:00:00,921.945,924.075,921.245,921.345,899,309,0
2023-07-04 13:00:00,921.605,924.9,920.845,921.545,1207,309,0
2023-07-04 14:00:00,922.3,928.055,920.345,927.925,998,220,0
2023-07-04 15:00:00,927.915,930.8,921.745,922.945,680,300,0
2023-07-04 16:00:00,922.945,923.9,917.775,918.435,1225,600,0
2023-07-04 17:00:00,918.465,923.61,918.415,920.92,725,900,0
2023-07-04 18:00:00,920.85,924.5,919.545,924.46,478,770,0
2023-07-04 19:00:00,924.46,924.58,917.845,918.825,501,1000,0
2023-07-04 20:00:00,918.875,920.4,917.025,918.2,357,1300,0
2023-07-04 21:00:00,918.2,919.1,916.15,916.15,133,1600,0
2023-07-05 01:00:00,917.37,920.5,916.94,919.7,335,1900,0
2023-07-05 02:00:00,919.7,922.91,919.165,921.885,303,240,0
2023-07-05 03:00:00,922.125,924.1,920.935,921.725,794,410,0
2023-07-05 04:00:00,921.725,921.955,918.345,919.155,1391,600,0
2023-07-05 05:00:00,919.135,920.0,917.595,919.195,798,420,0
2023-07-05 06:00:00,919.5,920.5,918.505,919.925,570,579,0
2023-07-05 07:00:00,919.915,920.2,918.615,919.795,617,479,0
2023-07-05 08:00:00,920.0,921.9,918.645,920.345,855,270,0
2023-07-05 09:00:00,920.345,921.0,916.485,916.685,1079,230,0
2023-07-05 10:00:00,916.785,921.2,916.705,917.635,1465,270,0
2023-07-05 11:00:00,917.605,917.605,913.105,916.985,1388,489,0
2023-07-05 12:00:00,916.985,921.64,915.925,921.095,1274,979,0
2023-07-05 13:00:00,921.095,923.455,919.545,919.765,1323,949,0
2023-07-05 14:00:00,919.785,920.19,916.345,917.845,455,1000,0
2023-07-05 15:00:00,917.845,917.845,910.235,914.015,2042,960,0
2023-07-05 16:00:00,913.965,923.795,913.005,917.235,3053,779,0
2023-07-05 17:00:00,917.285,922.15,910.705,914.125,1892,610,0
2023-07-05 18:00:00,913.875,918.885,912.665,918.665,2005,1079,0
2023-07-05 19:00:00,918.615,921.285,917.795,921.195,1805,999,0
2023-07-05 20:00:00,921.145,921.775,915.745,915.745,1381,800,0
2023-07-05 21:00:00,915.745,922.165,915.735,918.6,1382,680,0
2023-07-05 22:00:00,918.6,921.095,918.505,920.055,1137,550,0
2023-07-05 23:00:00,920.045,920.125,918.065,919.17,593,390,0
2023-07-06 01:00:00,917.3,919.875,915.355,919.155,381,300,0
2023-07-06 02:00:00,918.82,920.445,918.82,919.31,364,220,0
2023-07-06 03:00:00,919.365,920.9,919.305,920.245,777,309,0
2023-07-06 04:00:00,920.275,921.6,918.945,921.6,1452,309,0
2023-07-06 05:00:00,921.6,922.5,918.925,920.4,1062,510,0
2023-07-06 06:00:00,920.4,920.4,916.835,916.995,866,449,0
2023-07-06 07:00:00,916.985,917.7,914.345,916.815,868,480,0
2023-07-06 08:00:00,916.805,920.2,916.795,918.865,941,730,0
2023-07-06 09:00:00,918.865,922.5,918.495,920.285,1098,659,0
2023-07-06 10:00:00,920.245,921.4,918.845,919.795,888,900,0
2023-07-06 11:00:00,919.795,921.265,917.345,918.245,620,1100,0
2023-07-06 12:00:00,918.245,921.3,916.495,917.315,547,1300,0
2023-07-06 13:00:00,917.315,924.085,916.835,923.285,984,1300,0
2023-07-06 14:00:00,923.285,925.645,922.645,923.575,1192,1190,0
2023-07-06 15:00:00,923.575,924.495,902.245,903.105,4145,329,0
2023-07-06 16:00:00,903.075,905.825,897.975,898.125,4195,1329,0
2023-07-06 17:00:00,897.665,903.545,894.835,900.475,4366,1060,0
2023-07-06 18:00:00,900.475,904.735,899.445,904.075,2341,950,0
2023-07-06 19:00:00,904.185,907.495,902.545,906.245,1914,769,0
2023-07-06 20:00:00,906.345,907.795,903.825,905.675,1665,1420,0
2023-07-06 21:00:00,905.675,907.095,903.945,905.945,1127,1450,0
2023-07-06 22:00:00,906.495,906.825,903.645,904.145,1323,930,0
2023-07-06 23:00:00,905.615,907.115,902.285,904.41,1298,550,0
2023-07-07 01:00:00,902.32,905.54,898.945,904.665,504,1300,0
2023-07-07 02:00:00,904.665,906.23,903.345,904.505,468,1500,0
2023-07-07 03:00:00,904.575,907.475,903.945,907.33,923,900,0
2023-07-07 04:00:00,907.305,907.375,904.645,905.395,1392,1280,0
2023-07-07 05:00:00,905.375,905.715,902.875,903.685,971,900,0
2023-07-07 06:00:00,903.685,906.225,903.575,904.325,783,1160,0
2023-07-07 07:00:00,904.045,906.865,903.875,906.225,817,960,0
2023-07-07 08:00:00,906.225,910.115,905.885,908.685,1301,1000,0
2023-07-07 09:00:00,908.685,909.425,906.795,907.465,1209,379,0
2023-07-07 10:00:00,907.435,909.375,904.695,907.705,2007,310,0
2023-07-07 11:00:00,907.86,910.805,905.815,910.495,1470,740,0
2023-07-07 12:00:00,910.495,911.195,907.475,908.145,1091,440,0
2023-07-07 13:00:00,908.135,909.69,906.545,907.035,669,810,0
2023-07-07 14:00:00,907.035,910.0,905.765,906.945,879,900,0
2023-07-07 15:00:00,907.205,919.035,903.745,908.655,4268,1500,0
2023-07-07 16:00:00,908.535,916.895,902.605,913.785,3048,1179,0
2023-07-07 17:00:00,913.785,920.485,910.575,918.695,2786,1000,0
2023-07-07 18:00:00,918.745,919.145,911.835,913.335,1075,959,0
2023-07-07 19:00:00,913.285,915.585,912.585,914.945,833,769,0
2023-07-07 20:00:00,914.885,915.685,913.3,914.465,611,1200,0
2023-07-07 21:00:00,914.565,915.625,913.755,915.165,395,1200,0
2023-07-07 22:00:00,915.165,915.265,913.715,913.715,521,1010,0
2023-07-07 23:00:00,914.035,914.265,910.755,911.49,415,1500,0
2023-07-10 01:00:00,909.85,915.87,909.85,915.165,826,2090,0
2023-07-10 02:00:00,915.65,916.145,913.735,916.065,856,1140,0
2023-07-10 03:00:00,915.995,916.395,913.255,914.315,2005,1280,0
2023-07-10 04:00:00,914.345,917.77,913.555,914.295,1860,1410,0
2023-07-10 05:00:00,914.325,914.585,912.085,913.045,1454,1230,0
2023-07-10 06:00:00,913.045,913.435,910.085,910.645,1414,1219,0
2023-07-10 07:00:00,910.725,910.725,908.305,909.175,1075,1140,0
2023-07-10 08:00:00,909.175,909.915,907.715,908.275,1561,369,0
2023-07-10 09:00:00,908.255,909.675,906.565,908.545,1550,309,0
2023-07-10 10:00:00,908.525,912.97,907.255,912.425,1660,1019,0
2023-07-10 11:00:00,912.455,913.905,909.235,913.125,1554,1260,0
2023-07-10 12:00:00,913.135,916.985,912.635,915.455,931,549,0
2023-07-10 13:00:00,915.455,921.455,915.455,919.745,1002,629,0
2023-07-10 14:00:00,919.745,923.415,918.715,922.145,1206,1049,0
2023-07-10 15:00:00,922.075,923.615,909.675,909.925,2110,879,0
2023-07-10 16:00:00,909.835,923.955,908.945,921.505,2374,549,0
2023-07-10 17:00:00,921.595,927.995,919.595,924.435,2224,309,0
2023-07-10 18:00:00,924.435,928.575,923.775,928.575,1876,319,0
2023-07-10 19:00:00,927.655,932.005,925.075,929.865,1472,309,0
2023-07-10 20:00:00,929.745,930.875,928.465,930.795,1469,1079,0
2023-07-10 21:00:00,930.795,932.015,930.685,930.995,1047,1280,0
2023-07-10 22:00:00,930.975,931.355,930.345,930.675,980,1270,0
2023-07-10 23:00:00,930.665,930.915,928.97,928.97,572,1400,0
2023-07-11 01:00:00,928.18,932.15,928.18,929.175,497,1200,0
2023-07-11 02:00:00,929.175,931.75,928.715,930.475,512,1200,0
2023-07-11 03:00:00,930.525,934.175,930.255,934.045,1215,309,0
2023-07-11 04:00:00,934.045,934.985,932.135,933.065,725,309,0
2023-07-11 05:00:00,933.065,934.615,932.295,934.295,1067,489,0
2023-07-11 06:00:00,934.295,936.435,933.295,935.805,744,309,0
2023-07-11 07:00:00,935.715,937.415,935.555,936.175,987,319,0
2023-07-11 08:00:00,936.175,936.735,934.305,935.415,385,519,0
2023-07-11 09:00:00,935.435,938.245,934.105,937.445,1324,399,0
2023-07-11 10:00:00,937.165,937.345,931.245,931.445,444,809,0
2023-07-11 11:00:00,931.445,935.405,931.145,934.605,1789,779,0
2023-07-11 12:00:00,934.605,935.585,932.645,934.545,1257,459,0
2023-07-11 13:00:00,934.545,936.585,933.565,934.445,1322,839,0
2023-07-11 14:00:00,934.445,936.165,933.615,935.225,1472,879,0
2023-07-11 15:00:00,935.225,938.675,925.295,927.225,2232,309,0
2023-07-11 16:00:00,927.145,931.145,924.235,928.615,2004,479,0
2023-07-11 17:00:00,928.725,931.465,925.695,927.675,1611,469,0
2023-07-11 18:00:00,927.675,931.525,927.305,927.355,1359,529,0
2023-07-11 19:00:00,927.375,929.865,925.755,928.495,1100,879,0
2023-07-11 20:00:00,928.335,929.2,927.205,928.075,1009,1270,0
2023-07-11 21:00:00,927.71,929.1,927.135,928.465,732,1270,0
2023-07-11 22:00:00,928.375,929.13,927.695,928.085,640,1259,0
2023-07-11 23:00:00,928.095,928.83,926.815,927.65,531,1069,0
2023-07-12 01:00:00,925.4,929.29,925.37,927.475,458,1290,0
2023-07-12 02:00:00,927.475,928.85,926.725,927.395,423,1290,0
2023-07-12 03:00:00,927.365,931.245,926.685,930.565,685,819,0
2023-07-12 04:00:00,930.455,931.5,928.965,930.725,1906,1019,0
2023-07-12 05:00:00,930.735,933.45,929.825,931.775,1833,1029,0
2023-07-12 06:00:00,932.1,933.2,931.105,932.385,1095,1119,0
2023-07-12 07:00:00,932.385,934.045,932.135,933.795,844,1129,0
2023-07-12 08:00:00,933.795,934.6,931.795,934.015,1346,1009,0
2023-07-12 09:00:00,934.065,935.905,930.795,931.245,1377,899,0
2023-07-12 10:00:00,931.245,934.045,928.955,931.955,1766,1149,0
2023-07-12 11:00:00,931.955,938.145,930.905,936.515,1441,589,0
2023-07-12 12:00:00,936.515,939.525,935.485,937.645,810,839,0
2023-07-12 13:00:00,937.645,938.355,935.925,936.485,663,1500,0
2023-07-12 14:00:00,936.505,944.165,936.135,940.975,1582,1129,0
2023-07-12 15:00:00,940.975,953.78,939.495,944.405,3864,389,0
2023-07-12 16:00:00,944.405,956.545,943.795,954.785,3757,309,0
2023-07-12 17:00:00,954.695,957.725,951.075,954.805,3185,309,0
2023-07-12 18:00:00,954.895,955.765,947.895,951.245,1978,1609,0
2023-07-12 19:00:00,951.195,953.735,948.575,949.925,1705,1009,0
2023-07-12 20:00:00,949.925,954.265,949.475,954.105,916,799,0
2023-07-12 21:00:00,954.015,955.085,952.905,953.785,796,659,0
2023-07-12 22:00:00,953.685,953.905,952.585,953.025,392,1379,0
2023-07-12 23:00:00,953.025,953.8,951.76,952.26,552,1460,0
2023-07-13 01:00:00,950.28,955.38,950.28,954.875,870,1149,0
2023-07-13 02:00:00,954.875,956.83,954.065,954.225,528,1089,0
2023-07-13 03:00:00,954.205,955.715,952.905,953.545,1224,1200,0
2023-07-13 04:00:00,953.575,956.9,952.015,956.795,1200,1300,0
2023-07-13 05:00:00,956.825,958.275,955.335,956.885,1730,1179,0
2023-07-13 06:00:00,957.3,960.1,956.855,959.765,1441,1099,0
2023-07-13 07:00:00,959.765,962.3,957.305,957.915,1745,1069,0
2023-07-13 08:00:00,957.915,960.085,956.735,956.995,2023,1019,0
2023-07-13 09:00:00,956.995,964.065,956.975,963.835,1683,999,0
2023-07-13 10:00:00,963.835,966.815,962.295,964.715,1770,789,0
2023-07-13 11:00:00,964.755,965.035,960.305,960.635,1734,969,0
2023-07-13 12:00:00,960.625,963.685,959.355,963.685,1045,1140,0
2023-07-13 13:00:00,963.605,965.325,961.045,963.645,1111,779,0
2023-07-13 14:00:00,963.685,966.455,961.815,965.595,1115,679,0
2023-07-13 15:00:00,965.625,972.815,963.745,968.545,2975,309,0
2023-07-13 16:00:00,968.545,973.615,963.445,973.015,2086,709,0
2023-07-13 17:00:00,973.015,976.385,968.555,976.385,2228,539,0
2023-07-13 18:00:00,976.215,977.15,971.655,972.245,1116,909,0
2023-07-13 19:00:00,972.245,977.65,971.145,974.515,477,579,0
2023-07-13 20:00:00,974.515,978.095,973.625,978.025,1639,1219,0
2023-07-13 21:00:00,977.955,979.095,975.57,976.435,660,1299,0
2023-07-13 22:00:00,976.445,976.845,974.985,975.235,857,1510,0
2023-07-13 23:00:00,975.175,976.195,974.42,974.58,642,1400,0
2023-07-14 01:00:00,973.5,975.48,973.07,973.375,418,1140,0
2023-07-14 02:00:00,973.225,974.605,972.215,972.725,610,1140,0
2023-07-14 03:00:00,972.705,972.765,969.815,971.495,1446,1079,0
2023-07-14 04:00:00,971.465,973.805,969.205,973.585,2343,1140,0
2023-07-14 05:00:00,973.585,974.53,972.105,974.005,1705,1069,0
2023-07-14 06:00:00,974.035,974.05,972.665,973.155,1320,1079,0
2023-07-14 07:00:00,973.155,974.43,970.875,971.455,1223,929,0
2023-07-14 08:00:00,971.435,973.27,969.805,972.115,1972,769,0
2023-07-14 09:00:00,972.135,973.245,965.735,965.925,2483,769,0
2023-07-14 10:00:00,965.955,969.675,964.305,967.535,2447,729,0
2023-07-14 11:00:00,967.555,969.845,965.655,967.695,1710,999,0
2023-07-14 12:00:00,967.715,973.975,967.715,973.565,1735,839,0
2023-07-14 13:00:00,973.565,975.435,971.155,973.955,1508,309,0
2023-07-14 14:00:00,973.975,974.875,971.565,973.035,1127,919,0
2023-07-14 15:00:00,973.065,978.575,973.065,977.325,1907,839,0
2023-07-14 16:00:00,977.225,978.135,972.545,977.145,2015,1019,0
2023-07-14 17:00:00,976.785,976.785,968.975,974.935,3340,1439,0
2023-07-14 18:00:00,974.955,979.025,973.255,973.945,1948,309,0
2023-07-14 19:00:00,973.945,979.035,972.745,977.575,2242,309,0
2023-07-14 20:00:00,977.525,978.305,976.365,976.925,1319,1149,0
2023-07-14 21:00:00,976.925,977.86,976.105,976.855,876,979,0
2023-07-14 22:00:00,976.925,977.9,974.195,974.195,918,1280,0
2023-07-14 23:00:00,974.195,976.4,973.6,974.56,447,1280,0
2023-07-17 01:00:00,967.29,975.255,967.09,970.965,706,1320,0
2023-07-17 02:00:00,970.945,971.375,967.125,970.395,620,1120,0
2023-07-17 03:00:00,970.385,972.435,968.995,971.575,820,1300,0
2023-07-17 04:00:00,971.605,971.825,968.395,968.475,1125,1469,0
2023-07-17 05:00:00,968.405,971.215,967.945,968.435,1019,1509,0
2023-07-17 06:00:00,968.415,968.735,965.245,965.745,847,309,0
2023-07-17 07:00:00,967.21,970.62,965.345,969.045,643,309,0
2023-07-17 08:00:00,969.045,971.875,968.445,968.445,978,309,0
2023-07-17 09:00:00,970.215,971.335,966.695,968.975,1584,309,0
2023-07-17 10:00:00,968.975,970.495,967.005,969.315,1493,1290,0
2023-07-17 11:00:00,969.275,973.135,966.775,968.215,1235,899,0
2023-07-17 12:00:00,968.345,971.865,967.055,971.825,1157,1120,0
2023-07-17 13:00:00,971.905,973.49,969.045,969.445,1695,1120,0
2023-07-17 14:00:00,969.445,976.295,968.155,975.635,1418,419,0
2023-07-17 15:00:00,975.735,977.035,967.055,970.295,2506,669,0
2023-07-17 16:00:00,970.295,973.485,965.395,972.425,2284,1069,0
2023-07-17 17:00:00,972.335,978.545,971.555,977.235,2605,829,0
2023-07-17 18:00:00,977.305,983.555,975.485,981.575,1967,919,0
2023-07-17 19:00:00,981.495,983.015,978.595,978.975,1159,819,0
2023-07-17 20:00:00,978.975,980.915,977.895,980.525,1022,1319,0
2023-07-17 21:00:00,980.465,981.275,979.86,981.195,700,1269,0
2023-07-17 22:00:00,981.175,981.175,979.685,980.355,745,1259,0
2023-07-17 23:00:00,980.295,980.295,978.38,978.8,478,1299,0
2023-07-18 01:00:00,977.36,980.1,973.455,979.175,343,1200,0
2023-07-18 02:00:00,979.175,980.195,977.975,978.345,463,1200,0
2023-07-18 03:00:00,978.235,979.015,976.065,978.445,793,1230,0
2023-07-18 04:00:00,978.445,984.675,977.785,984.115,2289,949,0
2023-07-18 05:00:00,984.015,985.7,983.005,985.215,1622,549,0
2023-07-18 06:00:00,985.195,986.085,984.315,984.595,950,649,0
2023-07-18 07:00:00,984.565,986.355,984.545,985.175,680,1089,0
2023-07-18 08:00:00,985.195,986.76,984.535,985.065,923,1009,0
2023-07-18 09:00:00,985.065,986.105,982.865,985.425,1413,1039,0
2023-07-18 10:00:00,985.475,988.365,984.435,985.085,1447,649,0
2023-07-18 11:00:00,984.895,987.515,983.535,985.045,1259,1109,0
2023-07-18 12:00:00,985.045,987.285,984.045,985.315,1038,1150,0
2023-07-18 13:00:00,985.275,985.9,981.175,981.235,1021,1120,0
2023-07-18 14:00:00,981.235,982.365,976.295,979.245,1242,1120,0
2023-07-18 15:00:00,979.245,987.285,977.525,984.135,3142,1129,0
2023-07-18 16:00:00,984.255,988.685,981.605,987.955,3054,419,0
2023-07-18 17:00:00,987.955,995.155,986.355,993.545,3944,769,0
2023-07-18 18:00:00,993.545,994.305,987.195,987.995,2309,729,0
2023-07-18 19:00:00,988.075,990.635,982.625,985.575,1701,819,0
2023-07-18 20:00:00,985.625,986.975,984.485,985.945,1084,1159,0
2023-07-18 21:00:00,985.965,986.735,985.075,986.465,938,1069,0
2023-07-18 22:00:00,986.465,986.465,985.485,985.875,1260,1069,0
2023-07-18 23:00:00,985.965,985.99,984.87,985.43,1227,1039,0
2023-07-19 01:00:00,983.67,989.255,983.67,987.865,480,1269,0
2023-07-19 02:00:00,987.825,988.7,987.05,987.545,497,389,0
2023-07-19 03:00:00,987.545,988.585,986.36,988.295,736,569,0
2023-07-19 04:00:00,988.1,989.405,986.185,986.965,1132,619,0
2023-07-19 05:00:00,986.885,987.035,984.425,984.505,989,629,0
2023-07-19 06:00:00,984.505,985.805,984.035,984.405,896,849,0
2023-07-19 07:00:00,984.405,985.295,983.39,983.655,802,729,0
2023-07-19 08:00:00,983.595,986.605,983.355,985.785,891,739,0
2023-07-19 09:00:00,985.785,986.625,982.555,984.775,1265,899,0
2023-07-19 10:00:00,984.775,985.755,983.165,984.045,1181,1389,0
2023-07-19 11:00:00,984.035,988.035,983.495,987.085,787,1100,0
2023-07-19 12:00:00,987.085,989.905,985.525,988.695,763,1069,0
2023-07-19 13:00:00,988.705,989.605,979.955,981.775,736,429,0
2023-07-19 14:00:00,981.875,983.025,978.525,979.365,986,329,0
2023-07-19 15:00:00,979.365,986.975,979.365,984.625,1394,729,0
2023-07-19 16:00:00,984.555,985.785,980.395,983.035,1891,1099,0
2023-07-19 17:00:00,983.035,987.385,975.315,975.775,2336,439,0
2023-07-19 18:00:00,975.775,978.115,974.625,975.405,2151,1089,0
2023-07-19 19:00:00,975.405,976.695,972.365,976.615,1442,559,0
2023-07-19 20:00:00,976.615,976.795,974.525,974.575,1324,909,0
2023-07-19 21:00:00,974.575,976.015,973.785,974.935,1236,1209,0
2023-07-19 22:00:00,975.035,975.435,974.005,974.555,1159,1099,0
2023-07-19 23:00:00,974.505,974.9,973.44,973.81,541,1380,0
2023-07-20 01:00:00,972.54,975.3,972.025,972.535,591,1300,0
2023-07-20 02:00:00,972.535,974.71,971.685,972.705,655,979,0
2023-07-20 03:00:00,972.755,976.26,972.755,975.675,1446,1180,0
2023-07-20 04:00:00,975.635,978.945,975.065,977.075,3321,1159,0
2023-07-20 05:00:00,977.105,978.055,975.415,977.465,2237,859,0
2023-07-20 06:00:00,977.465,977.69,975.195,976.375,1953,1170,0
2023-07-20 07:00:00,976.385,976.935,972.835,973.685,1328,1170,0
2023-07-20 08:00:00,973.645,975.16,971.115,972.575,1866,1180,0
2023-07-20 09:00:00,972.575,973.415,969.315,973.015,1931,359,0
2023-07-20 10:00:00,973.015,976.945,971.775,974.175,1383,369,0
2023-07-20 11:00:00,974.315,977.195,972.195,974.925,1184,519,0
2023-07-20 12:00:00,974.905,975.845,973.035,975.005,1031,929,0
2023-07-20 13:00:00,975.025,976.245,972.265,972.625,978,889,0
2023-07-20 14:00:00,972.625,976.095,972.015,975.735,1178,1100,0
2023-07-20 15:00:00,975.705,977.155,966.945,970.395,2082,629,0
2023-07-20 16:00:00,970.315,973.105,968.405,969.345,2191,789,0
2023-07-20 17:00:00,969.345,972.445,956.195,959.895,2904,779,0
2023-07-20 18:00:00,959.965,960.585,954.845,956.505,1550,739,0
2023-07-20 19:00:00,956.515,958.735,955.155,958.345,1486,1079,0
2023-07-20 20:00:00,958.345,959.345,956.945,958.095,1359,909,0
2023-07-20 21:00:00,958.065,959.055,954.595,957.825,967,989,0
2023-07-20 22:00:00,957.855,959.275,957.505,959.155,951,609,0
2023-07-20 23:00:00,959.155,959.835,956.755,958.51,618,859,0
2023-07-21 01:00:00,955.98,961.295,955.46,959.445,550,1230,0
2023-07-21 02:00:00,959.465,961.985,959.245,961.815,493,929,0
2023-07-21 03:00:00,961.795,961.795,958.205,961.665,783,1009,0
2023-07-21 04:00:00,961.655,961.915,958.615,960.505,1205,1179,0
2023-07-21 05:00:00,960.525,961.585,959.765,961.235,973,1219,0
2023-07-21 06:00:00,961.225,962.025,959.4,959.835,742,1200,0
2023-07-21 07:00:00,959.795,961.075,959.1,959.865,669,1200,0
2023-07-21 08:00:00,959.665,960.045,956.845,958.775,867,949,0
2023-07-21 09:00:00,958.815,964.355,958.425,963.325,1187,819,0
2023-07-21 10:00:00,963.325,965.045,960.355,960.495,1274,659,0
2023-07-21 11:00:00,960.415,961.375,958.055,960.325,1286,679,0
2023-07-21 12:00:00,960.385,962.305,958.445,962.235,1308,769,0
2023-07-21 13:00:00,962.285,962.995,955.735,956.705,1139,309,0
2023-07-21 14:00:00,956.705,959.465,954.525,957.495,1413,309,0
2023-07-21 15:00:00,957.525,963.125,956.225,961.575,1740,319,0
2023-07-21 16:00:00,961.575,962.555,954.625,956.175,2080,309,0
2023-07-21 17:00:00,956.095,962.145,954.745,957.865,1732,659,0
2023-07-21 18:00:00,958.015,966.815,956.445,964.155,1260,619,0
2023-07-21 19:00:00,964.155,968.195,963.145,966.695,952,579,0
2023-07-21 20:00:00,966.665,966.965,965.04,965.615,1016,329,0
2023-07-21 21:00:00,965.585,966.685,964.405,966.015,821,309,0
2023-07-21 22:00:00,966.015,966.015,963.245,965.225,814,309,0
2023-07-21 23:00:00,965.225,965.325,963.23,963.33,555,1149,0
2023-07-24 01:00:00,961.59,967.155,961.26,964.415,730,319,0
2023-07-24 02:00:00,964.415,964.965,962.13,963.825,630,489,0
2023-07-24 03:00:00,963.745,965.415,961.965,965.075,903,309,0
2023-07-24 04:00:00,964.975,966.275,963.175,965.575,1175,309,0
2023-07-24 05:00:00,965.575,966.775,963.045,964.585,903,309,0
2023-07-24 06:00:00,964.595,965.425,962.695,964.145,752,309,0
2023-07-24 07:00:00,964.145,965.165,962.515,965.165,609,309,0
2023-07-24 08:00:00,965.195,965.855,964.38,965.435,767,509,0
2023-07-24 09:00:00,965.485,965.625,961.125,965.215,1045,309,0
2023-07-24 10:00:00,965.215,967.515,960.695,962.445,1582,309,0
2023-07-24 11:00:00,962.375,964.385,960.675,963.805,1124,429,0
2023-07-24 12:00:00,963.785,969.225,962.775,966.445,1150,829,0
2023-07-24 13:00:00,966.455,968.355,965.3,965.835,900,809,0
2023-07-24 14:00:00,965.905,969.395,963.485,963.545,1045,1080,0
2023-07-24 15:00:00,963.615,965.995,961.055,963.915,1541,1329,0
2023-07-24 16:00:00,963.915,965.375,956.785,957.825,2610,699,0
2023-07-24 17:00:00,957.905,966.045,956.045,965.345,2192,1309,0
2023-07-24 18:00:00,965.365,967.495,962.945,964.745,1950,979,0
2023-07-24 19:00:00,964.705,965.665,962.885,963.795,1366,999,0
2023-07-24 20:00:00,963.805,963.805,961.525,962.705,1004,1260,0
2023-07-24 21:00:00,962.705,962.815,959.905,960.205,962,1229,0
2023-07-24 22:00:00,960.215,961.265,959.255,961.265,798,1009,0
2023-07-24 23:00:00,961.285,961.585,959.43,959.53,650,599,0
2023-07-25 01:00:00,958.18,960.9,958.18,959.995,387,1100,0
2023-07-25 02:00:00,960.3,960.41,959.205,959.685,416,1100,0
2023-07-25 03:00:00,959.735,960.445,959.265,959.885,787,639,0
2023-07-25 04:00:00,959.885,964.645,959.805,963.175,1365,709,0
2023-07-25 05:00:00,963.255,965.85,962.435,965.145,1010,919,0
2023-07-25 06:00:00,965.195,966.175,964.605,965.895,1227,739,0
2023-07-25 07:00:00,965.895,967.05,965.365,965.525,807,679,0
2023-07-25 08:00:00,965.515,967.995,965.375,967.435,1558,439,0
2023-07-25 09:00:00,967.405,970.735,966.965,968.545,898,999,0
2023-07-25 10:00:00,968.445,969.995,966.055,967.145,1560,1030,0
2023-07-25 11:00:00,967.255,976.035,965.965,974.765,2012,929,0
2023-07-25 12:00:00,974.775,975.215,971.425,972.735,1717,309,0
2023-07-25 13:00:00,972.735,975.235,971.975,972.365,1208,439,0
2023-07-25 14:00:00,972.365,974.635,968.715,974.575,1569,329,0
2023-07-25 15:00:00,974.515,978.055,964.645,966.845,2220,769,0
2023-07-25 16:00:00,966.845,968.135,962.385,962.385,1975,309,0
2023-07-25 17:00:00,962.385,970.545,960.195,970.405,2066,1059,0
2023-07-25 18:00:00,970.415,970.915,966.685,969.875,1480,579,0
2023-07-25 19:00:00,969.865,972.175,969.145,970.135,1113,369,0
2023-07-25 20:00:00,970.135,970.415,968.315,969.585,917,589,0
2023-07-25 21:00:00,969.585,970.825,969.05,969.705,760,949,0
2023-07-25 22:00:00,969.705,970.765,969.695,970.415,702,959,0
2023-07-25 23:00:00,970.415,971.555,969.89,970.19,535,1160,0
2023-07-26 01:00:00,968.57,971.415,965.555,970.2,497,1100,0
2023-07-26 02:00:00,970.2,971.365,969.845,970.895,412,1020,0
2023-07-26 03:00:00,970.905,971.725,968.355,969.535,665,1069,0
2023-07-26 04:00:00,969.535,969.985,966.615,967.995,1170,1159,0
2023-07-26 05:00:00,968.055,969.805,967.77,969.785,820,1039,0
2023-07-26 06:00:00,969.785,970.265,968.96,969.655,686,1159,0
2023-07-26 07:00:00,969.655,970.155,968.47,968.845,568,1139,0
2023-07-26 08:00:00,968.845,969.985,968.085,968.835,794,979,0
2023-07-26 09:00:00,968.785,971.335,967.745,970.135,1100,489,0
2023-07-26 10:00:00,970.135,970.765,968.975,970.045,1288,309,0
2023-07-26 11:00:00,970.045,971.685,969.435,970.205,1181,709,0
2023-07-26 12:00:00,970.245,970.465,965.605,966.745,1112,969,0
2023-07-26 13:00:00,966.745,967.745,962.055,963.925,1047,479,0
2023-07-26 14:00:00,963.925,965.065,957.375,958.395,1308,309,0
2023-07-26 15:00:00,958.395,962.115,953.425,960.145,1963,339,0
2023-07-26 16:00:00,960.045,962.905,958.425,961.975,1808,509,0
2023-07-26 17:00:00,961.975,963.355,957.515,961.595,2029,759,0
2023-07-26 18:00:00,961.555,966.385,961.405,963.275,2064,699,0
2023-07-26 19:00:00,963.275,965.785,963.275,964.105,1236,1539,0
2023-07-26 20:00:00,964.055,965.305,956.535,956.535,1120,1200,0
2023-07-26 21:00:00,957.645,971.085,956.215,969.275,4188,1259,0
2023-07-26 22:00:00,969.385,969.435,965.345,968.265,1615,1400,0
2023-07-26 23:00:00,968.365,969.6,965.95,966.73,412,1180,0
2023-07-27 01:00:00,965.73,969.5,965.55,966.895,552,1200,0
2023-07-27 02:00:00,967.6,968.1,965.555,966.405,493,1200,0
2023-07-27 03:00:00,966.395,968.9,966.205,968.565,696,1200,0
2023-07-27 04:00:00,968.435,973.9,968.435,972.985,1167,1109,0
2023-07-27 05:00:00,972.995,975.5,971.745,971.805,1012,1210,0
2023-07-27 06:00:00,971.755,973.165,970.885,971.525,689,1660,0
2023-07-27 07:00:00,971.9,972.3,970.365,970.375,617,1700,0
2023-07-27 08:00:00,970.305,970.6,967.595,968.345,889,1800,0
2023-07-27 09:00:00,968.375,969.7,965.675,967.805,859,1200,0
2023-07-27 10:00:00,967.865,975.215,967.855,974.315,996,1020,0
2023-07-27 11:00:00,974.235,975.805,972.135,972.415,1706,990,0
2023-07-27 12:00:00,972.065,973.765,970.165,971.065,1250,980,0
2023-07-27 13:00:00,971.065,971.215,963.305,964.065,706,1069,0
2023-07-27 14:00:00,964.045,966.355,962.445,964.145,869,1239,0
2023-07-27 15:00:00,964.145,964.145,955.875,956.905,2192,569,0
2023-07-27 16:00:00,956.905,959.225,939.635,943.765,4519,829,0
2023-07-27 17:00:00,943.735,944.835,937.615,940.125,2923,309,0
2023-07-27 18:00:00,940.135,944.745,938.405,940.995,1576,309,0
2023-07-27 19:00:00,940.995,941.585,936.835,938.435,1358,989,0
2023-07-27 20:00:00,938.525,940.705,936.695,937.965,1846,1300,0
2023-07-27 21:00:00,938.015,938.015,934.695,934.715,1193,1200,0
2023-07-27 22:00:00,934.825,936.165,934.525,935.585,969,1859,0
2023-07-27 23:00:00,935.565,936.905,935.375,936.64,500,1140,0
2023-07-28 01:00:00,932.48,939.4,932.31,937.255,510,1240,0
2023-07-28 02:00:00,937.225,939.7,937.025,939.435,643,1240,0
2023-07-28 03:00:00,939.425,939.435,937.485,938.435,942,1040,0
2023-07-28 04:00:00,938.495,940.225,937.245,938.765,1157,1040,0
2023-07-28 05:00:00,938.775,940.705,937.445,940.595,842,1040,0
2023-07-28 06:00:00,940.615,942.995,939.515,941.785,1513,1700,0
2023-07-28 07:00:00,941.805,943.735,940.865,942.645,1166,1300,0
2023-07-28 08:00:00,942.665,943.805,941.395,943.245,1044,1100,0
2023-07-28 09:00:00,943.345,943.345,940.805,941.235,1172,1200,0
2023-07-28 10:00:00,941.335,942.455,936.585,938.615,1311,499,0
2023-07-28 11:00:00,938.705,941.285,937.455,939.705,1013,359,0
2023-07-28 12:00:00,939.745,941.425,938.245,939.865,848,319,0
2023-07-28 13:00:00,939.845,942.035,938.745,939.505,875,309,0
2023-07-28 14:00:00,939.505,944.135,938.145,941.475,972,369,0
2023-07-28 15:00:00,941.565,941.565,932.44,933.0,1915,339,0
2023-07-28 16:00:00,933.0,938.035,930.565,934.345,2030,369,0
2023-07-28 17:00:00,934.345,942.285,934.345,937.655,1710,389,0
2023-07-28 18:00:00,937.655,942.315,937.005,941.875,1464,499,0
2023-07-28 19:00:00,941.885,942.275,937.085,937.345,1227,1280,0
2023-07-28 20:00:00,937.335,938.945,935.535,936.335,980,799,0
2023-07-28 21:00:00,936.345,938.355,936.345,937.545,623,1159,0
2023-07-28 22:00:00,937.605,938.255,937.245,937.855,629,1200,0
2023-07-28 23:00:00,937.795,938.535,937.55,937.55,471,1140,0
2023-07-31 01:00:00,936.48,940.015,936.28,939.665,538,1169,0
2023-07-31 02:00:00,939.32,940.545,937.97,938.875,604,899,0
2023-07-31 03:00:00,938.835,939.355,936.565,937.605,893,1100,0
2023-07-31 04:00:00,937.705,937.795,933.205,933.675,1164,1789,0
2023-07-31 05:00:00,933.685,934.225,931.925,932.635,881,1100,0
2023-07-31 06:00:00,932.625,933.935,931.075,931.385,820,1100,0
2023-07-31 07:00:00,931.455,931.525,929.465,930.035,656,1100,0
2023-07-31 08:00:00,930.065,930.065,926.075,928.335,971,1100,0
2023-07-31 09:00:00,928.275,932.355,928.035,930.065,900,980,0
2023-07-31 10:00:00,930.025,933.995,929.445,931.795,685,499,0
2023-07-31 11:00:00,931.795,931.825,928.795,929.655,922,980,0
2023-07-31 12:00:00,929.725,936.725,929.625,936.725,800,349,0
2023-07-31 13:00:00,936.625,938.715,935.3,938.715,784,379,0
2023-07-31 14:00:00,938.675,941.135,936.155,936.885,1062,309,0
2023-07-31 15:00:00,936.825,950.645,935.485,947.225,1627,309,0
2023-07-31 16:00:00,947.275,958.825,947.025,957.025,2303,309,0
2023-07-31 17:00:00,957.235,960.985,954.455,957.115,1976,429,0
2023-07-31 18:00:00,957.255,959.895,955.115,957.185,1079,359,0
2023-07-31 19:00:00,957.185,957.695,950.515,952.495,933,1009,0
2023-07-31 20:00:00,952.395,956.525,951.055,956.075,1071,1120,0
2023-07-31 21:00:00,956.015,956.105,954.285,954.515,720,1200,0
2023-07-31 22:00:00,954.505,954.675,952.305,952.725,621,1120,0
2023-07-31 23:00:00,952.715,954.06,952.12,954.06,451,1120,0
2023-08-01 01:00:00,951.62,955.79,951.62,954.045,378,1100,0
2023-08-01 02:00:00,954.115,955.92,951.905,952.525,550,1100,0
2023-08-01 03:00:00,952.525,953.1,950.925,952.015,861,1100,0
2023-08-01 04:00:00,952.025,953.3,949.475,949.655,1222,1100,0
2023-08-01 05:00:00,949.635,949.655,948.235,948.965,1161,1100,0
2023-08-01 06:00:00,948.965,950.555,948.895,950.035,744,1100,0
2023-08-01 07:00:00,950.015,950.695,949.055,949.305,720,1100,0
2023-08-01 08:00:00,949.315,949.535,946.075,947.535,881,1100,0
2023-08-01 09:00:00,947.585,949.025,946.885,948.415,1015,980,0
2023-08-01 10:00:00,948.205,949.175,945.855,945.995,930,859,0
2023-08-01 11:00:00,945.995,947.115,942.125,942.775,1035,739,0
2023-08-01 12:00:00,942.805,945.125,939.515,940.315,998,779,0
2023-08-01 13:00:00,940.2,941.405,937.525,941.335,1154,719,0
2023-08-01 14:00:00,941.525,942.725,938.505,940.815,1016,980,0
2023-08-01 15:00:00,940.905,940.955,927.845,928.145,2194,309,0
2023-08-01 16:00:00,928.145,933.215,924.115,928.165,2982,309,0
2023-08-01 17:00:00,928.195,933.875,926.585,932.985,3115,309,0
2023-08-01 18:00:00,933.005,933.285,927.865,929.425,1591,309,0
2023-08-01 19:00:00,929.395,934.435,928.605,934.255,1277,309,0
2023-08-01 20:00:00,934.325,935.985,933.425,933.965,1006,309,0
2023-08-01 21:00:00,934.015,935.695,932.855,934.105,659,309,0
2023-08-01 22:00:00,934.075,934.995,933.885,934.225,580,309,0
2023-08-01 23:00:00,934.295,934.665,933.225,933.96,489,309,0
2023-08-02 01:00:00,932.71,937.175,932.47,935.815,811,1159,0
2023-08-02 02:00:00,935.815,938.635,935.585,936.635,690,309,0
2023-08-02 03:00:00,936.655,936.835,934.095,934.765,1660,879,0
2023-08-02 04:00:00,934.755,936.435,934.055,934.145,989,309,0
2023-08-02 05:00:00,934.125,934.145,930.955,931.375,1097,959,0
2023-08-02 06:00:00,931.355,932.005,929.915,931.665,1068,1199,0
2023-08-02 07:00:00,931.67,931.875,930.155,930.365,784,1149,0
2023-08-02 08:00:00,930.355,933.695,930.335,932.055,1112,1209,0
2023-08-02 09:00:00,932.085,932.595,929.645,929.675,1057,819,0
2023-08-02 10:00:00,929.715,930.425,926.815,928.115,1508,980,0
2023-08-02 11:00:00,928.065,934.305,926.155,933.645,1284,979,0
2023-08-02 12:00:00,933.685,935.695,929.835,929.925,1070,1199,0
2023-08-02 13:00:00,929.875,932.82,926.245,932.255,860,960,0
2023-08-02 14:00:00,932.315,933.855,928.125,928.585,893,960,0
2023-08-02 15:00:00,928.605,933.925,925.325,930.255,2312,309,0
2023-08-02 16:00:00,930.255,933.775,929.105,931.365,2007,749,0
2023-08-02 17:00:00,931.365,931.845,921.215,923.025,2299,1109,0
2023-08-02 18:00:00,923.055,926.115,921.885,923.795,1445,919,0
2023-08-02 19:00:00,923.785,928.005,923.215,925.685,1368,1479,0
2023-08-02 20:00:00,925.785,926.96,924.405,924.965,1230,1080,0
2023-08-02 21:00:00,925.035,925.76,923.615,924.075,583,1080,0
2023-08-02 22:00:00,924.165,925.16,923.035,923.395,880,1080,0
2023-08-02 23:00:00,923.325,924.71,922.11,923.31,425,1080,0
2023-08-03 01:00:00,920.33,923.8,920.33,922.315,409,1240,0
2023-08-03 02:00:00,923.6,924.0,922.185,922.275,340,1340,0
2023-08-03 03:00:00,922.305,923.5,919.785,920.595,758,1260,0
2023-08-03 04:00:00,920.625,924.395,919.755,922.565,1510,1500,0
2023-08-03 05:00:00,922.565,923.225,921.645,922.235,1290,949,0
2023-08-03 06:00:00,922.235,923.685,921.705,923.265,963,729,0
2023-08-03 07:00:00,923.4,923.7,921.255,921.325,869,649,0
2023-08-03 08:00:00,921.325,925.085,919.255,924.825,2136,439,0
2023-08-03 09:00:00,924.625,925.095,920.545,920.545,1608,309,0
2023-08-03 10:00:00,920.545,923.795,917.705,922.905,1996,309,0
2023-08-03 11:00:00,922.885,923.845,917.795,919.915,1348,309,0
2023-08-03 12:00:00,920.175,923.445,918.645,923.355,1073,589,0
2023-08-03 13:00:00,923.415,924.115,918.785,920.325,993,1280,0
2023-08-03 14:00:00,920.255,923.505,918.755,919.005,1453,1589,0
2023-08-03 15:00:00,919.115,926.925,917.895,919.195,2580,1169,0
2023-08-03 16:00:00,919.275,920.675,916.025,918.445,2057,799,0
2023-08-03 17:00:00,918.345,923.405,916.605,920.265,2841,940,0
2023-08-03 18:00:00,920.225,924.525,918.775,919.3,1216,1000,0
2023-08-03 19:00:00,919.125,921.245,918.595,919.325,841,1040,0
2023-08-03 20:00:00,919.385,919.855,915.645,916.795,1067,969,0
2023-08-03 21:00:00,916.835,917.53,915.265,915.855,788,1040,0
2023-08-03 22:00:00,915.965,916.83,914.915,915.995,671,1040,0
2023-08-03 23:00:00,916.025,917.83,915.43,917.0,731,1040,0
2023-08-04 01:00:00,913.69,918.1,913.53,917.405,557,1260,0
2023-08-04 02:00:00,918.5,919.1,916.835,918.125,542,1400,0
2023-08-04 03:00:00,918.9,921.975,917.485,921.975,1145,1129,0
2023-08-04 04:00:00,921.995,922.965,920.775,921.015,511,689,0
2023-08-04 05:00:00,921.065,921.705,918.795,918.795,398,689,0
2023-08-04 06:00:00,918.795,920.725,918.395,919.685,301,779,0
2023-08-04 07:00:00,919.685,920.0,918.395,919.505,279,1099,0
2023-08-04 08:00:00,919.505,920.8,918.775,919.195,358,1060,0
2023-08-04 09:00:00,919.365,920.205,917.935,918.895,688,940,0
2023-08-04 10:00:00,918.495,919.025,917.165,918.66,726,940,0
2023-08-04 11:00:00,919.025,919.245,914.935,915.335,707,1159,0
2023-08-04 12:00:00,915.285,918.175,914.625,917.495,467,960,0
2023-08-04 13:00:00,917.495,918.345,913.805,915.105,601,679,0
2023-08-04 14:00:00,915.105,915.865,913.595,913.795,865,910,0
2023-08-04 15:00:00,913.795,925.145,907.825,918.515,3642,869,0
2023-08-04 16:00:00,918.465,926.295,915.085,922.885,2946,409,0
2023-08-04 17:00:00,923.045,924.325,918.845,922.525,1936,709,0
2023-08-04 18:00:00,922.525,928.285,919.485,925.535,1049,1119,0
2023-08-04 19:00:00,925.535,926.645,923.345,925.165,1330,1579,0
2023-08-04 20:00:00,925.125,925.965,924.015,924.415,989,1200,0
2023-08-04 21:00:00,924.385,924.395,921.335,923.205,607,709,0
2023-08-04 22:00:00,923.205,925.245,922.785,924.805,435,919,0
2023-08-04 23:00:00,924.805,925.515,923.37,924.4,422,1000,0
2023-08-07 01:00:00,922.55,927.855,922.55,927.055,416,1400,0
2023-08-07 02:00:00,927.105,927.65,925.545,926.505,391,1100,0
2023-08-07 03:00:00,926.545,930.85,925.425,928.855,900,1100,0
2023-08-07 04:00:00,928.875,929.985,927.215,929.805,1875,1100,0
2023-08-07 05:00:00,929.805,930.495,928.125,929.555,1011,1100,0
2023-08-07 06:00:00,929.485,930.685,928.115,928.195,677,1200,0
2023-08-07 07:00:00,928.265,929.45,927.905,929.215,841,1099,0
2023-08-07 08:00:00,929.225,929.515,926.655,927.075,857,1100,0
2023-08-07 09:00:00,927.075,927.85,924.155,926.445,976,960,0
2023-08-07 10:00:00,926.455,927.685,924.685,927.395,1020,960,0
2023-08-07 11:00:00,927.405,929.345,925.805,927.115,878,960,0
2023-08-07 12:00:00,927.085,928.26,922.295,922.455,794,980,0
2023-08-07 13:00:00,922.495,922.525,918.015,919.185,947,980,0
2023-08-07 14:00:00,919.225,919.43,917.625,917.855,881,940,0
2023-08-07 15:00:00,917.755,918.955,914.015,917.915,1371,1009,0
2023-08-07 16:00:00,917.955,926.075,917.945,920.88,1646,940,0
2023-08-07 17:00:00,920.83,926.38,917.48,923.575,1437,930,0
2023-08-07 18:00:00,923.575,925.365,921.845,922.645,1376,940,0
2023-08-07 19:00:00,922.615,924.755,921.705,924.075,1139,1020,0
2023-08-07 20:00:00,923.995,924.69,923.045,923.845,634,1020,0
2023-08-07 21:00:00,923.845,925.34,923.255,924.105,638,1020,0
2023-08-07 22:00:00,924.135,925.04,923.145,923.745,375,1020,0
2023-08-07 23:00:00,924.39,924.39,922.675,923.46,227,1020,0
2023-08-08 01:00:00,920.23,923.84,920.23,921.795,375,1120,0
2023-08-08 02:00:00,921.905,922.69,920.855,920.875,268,1120,0
2023-08-08 03:00:00,920.915,921.675,919.995,921.475,281,579,0
2023-08-08 04:00:00,921.355,921.355,917.445,917.825,386,469,0
2023-08-08 05:00:00,917.865,922.565,917.465,922.295,380,329,0
2023-08-08 06:00:00,921.59,923.465,920.7,921.125,338,529,0
2023-08-08 07:00:00,921.125,923.825,920.4,923.795,329,519,0
2023-08-08 08:00:00,923.795,923.795,920.025,920.415,431,509,0
2023-08-08 09:00:00,920.675,920.855,918.465,918.545,539,399,0
2023-08-08 10:00:00,918.545,919.295,916.535,918.195,480,569,0
2023-08-08 11:00:00,918.195,918.545,915.955,917.455,651,759,0
2023-08-08 12:00:00,917.455,917.905,914.035,914.635,978,980,0
2023-08-08 13:00:00,914.675,914.775,908.795,909.405,829,969,0
2023-08-08 14:00:00,909.405,911.135,907.135,908.235,1205,999,0
2023-08-08 15:00:00,908.235,908.285,901.705,903.285,2075,559,0
2023-08-08 16:00:00,903.125,905.715,900.005,900.485,2645,819,0
2023-08-08 17:00:00,900.455,906.195,898.305,902.675,1802,329,0
2023-08-08 18:00:00,902.675,902.795,899.795,900.105,1937,930,0
2023-08-08 19:00:00,900.165,903.215,899.415,901.845,1291,1579,0
2023-08-08 20:00:00,901.815,903.79,901.815,902.635,1134,1020,0
2023-08-08 21:00:00,902.735,904.84,902.295,903.555,761,1020,0
2023-08-08 22:00:00,903.445,905.49,903.415,904.815,700,1020,0
2023-08-08 23:00:00,904.905,905.19,903.075,904.16,578,1020,0
2023-08-09 01:00:00,900.46,904.58,900.42,902.115,416,1360,0
2023-08-09 02:00:00,902.115,903.9,901.605,902.575,415,1290,0
2023-08-09 03:00:00,902.565,902.965,900.515,900.685,692,1200,0
2023-08-09 04:00:00,900.665,905.365,900.385,904.515,1538,1160,0
2023-08-09 05:00:00,904.535,907.505,904.305,907.235,1178,1160,0
2023-08-09 06:00:00,907.22,908.545,906.205,907.685,891,1360,0
2023-08-09 07:00:00,908.0,908.475,906.425,907.645,701,1800,0
2023-08-09 08:00:00,907.705,909.025,906.475,908.005,861,1300,0
2023-08-09 09:00:00,907.925,909.115,905.435,907.325,965,980,0
2023-08-09 10:00:00,907.205,908.96,905.675,908.845,1137,980,0
2023-08-09 11:00:00,908.945,909.255,902.075,902.675,1107,960,0
2023-08-09 12:00:00,902.595,902.845,896.915,897.165,1103,899,0
2023-08-09 13:00:00,897.165,898.425,895.305,898.405,1082,749,0
2023-08-09 14:00:00,898.505,900.785,896.365,898.535,1067,920,0
2023-08-09 15:00:00,898.455,898.795,891.495,892.575,1711,329,0
2023-08-09 16:00:00,892.575,896.585,891.295,893.965,1937,309,0
2023-08-09 17:00:00,893.965,899.015,893.545,893.785,2093,1019,0
2023-08-09 18:00:00,893.795,896.165,891.275,891.545,1478,309,0
2023-08-09 19:00:00,891.535,893.555,890.765,891.555,1115,459,0
2023-08-09 20:00:00,891.575,894.315,891.575,893.075,911,1000,0
2023-08-09 21:00:00,893.075,894.1,892.785,893.575,717,1080,0
2023-08-09 22:00:00,894.1,894.2,892.675,892.865,649,1080,0
2023-08-09 23:00:00,892.935,893.055,890.925,892.2,464,1000,0
2023-08-10 01:00:00,888.39,893.3,888.37,892.115,582,1090,0
2023-08-10 02:00:00,892.115,893.565,892.075,892.975,546,999,0
2023-08-10 03:00:00,892.985,893.145,891.05,892.675,608,1090,0
2023-08-10 04:00:00,892.705,894.075,891.525,893.085,1313,1090,0
2023-08-10 05:00:00,893.055,895.305,892.395,894.535,1057,1090,0
2023-08-10 06:00:00,894.515,895.965,894.175,895.645,700,1090,0
2023-08-10 07:00:00,895.645,896.635,894.965,895.365,607,1090,0
2023-08-10 08:00:00,895.365,896.185,894.205,895.975,958,1090,0
2023-08-10 09:00:00,896.015,901.235,894.965,899.925,916,960,0
2023-08-10 10:00:00,899.705,904.705,899.305,904.505,981,960,0
2023-08-10 11:00:00,904.465,905.095,900.705,901.085,976,930,0
2023-08-10 12:00:00,901.085,902.055,900.085,900.395,831,1160,0
2023-08-10 13:00:00,900.295,901.445,898.795,900.175,773,940,0
2023-08-10 14:00:00,900.335,902.285,898.655,899.095,875,1299,0
2023-08-10 15:00:00,899.125,903.525,893.745,901.105,3856,969,0
2023-08-10 16:00:00,901.035,909.675,897.295,909.105,4480,1379,0
2023-08-10 17:00:00,909.065,909.685,901.565,905.635,3336,900,0
2023-08-10 18:00:00,905.585,914.885,901.535,914.245,2284,599,0
2023-08-10 19:00:00,914.155,915.745,911.755,913.585,1391,1129,0
2023-08-10 20:00:00,913.475,914.435,908.745,909.195,1380,960,0
2023-08-10 21:00:00,909.205,913.1,908.135,912.465,1032,960,0
2023-08-10 22:00:00,912.445,912.9,911.115,911.135,829,960,0
2023-08-10 23:00:00,911.105,911.78,909.76,910.93,293,960,0
2023-08-11 01:00:00,907.83,911.36,907.54,909.395,377,1280,0
2023-08-11 02:00:00,909.395,910.705,908.705,909.745,226,1270,0
2023-08-11 03:00:00,909.745,917.525,909.225,917.515,467,1080,0
2023-08-11 04:00:00,917.585,919.185,917.23,918.175,629,679,0
2023-08-11 05:00:00,918.175,918.685,916.335,917.645,469,1080,0
2023-08-11 06:00:00,917.645,919.325,917.18,917.825,325,1080,0
2023-08-11 07:00:00,917.825,918.315,916.4,917.485,308,1059,0
2023-08-11 08:00:00,917.485,919.725,916.06,918.745,408,629,0
2023-08-11 09:00:00,918.745,920.305,914.725,915.195,734,379,0
2023-08-11 10:00:00,915.195,916.935,914.405,916.365,846,839,0
2023-08-11 11:00:00,916.365,918.925,915.655,916.525,703,609,0
2023-08-11 12:00:00,916.525,917.505,914.005,914.705,651,679,0
2023-08-11 13:00:00,914.705,917.175,914.385,916.025,756,920,0
2023-08-11 14:00:00,916.005,917.725,915.165,917.515,863,880,0
2023-08-11 15:00:00,917.605,921.815,909.775,911.645,3888,829,0
2023-08-11 16:00:00,911.645,912.045,906.745,909.245,3285,569,0
2023-08-11 17:00:00,907.315,918.36,907.315,915.7,1848,859,0
2023-08-11 18:00:00,915.76,917.86,911.51,913.36,1284,880,0
2023-08-11 19:00:00,913.46,915.21,911.645,912.655,1056,890,0
2023-08-11 20:00:00,912.575,913.805,912.035,912.435,786,980,0
2023-08-11 21:00:00,912.475,913.525,911.955,913.085,595,980,0
2023-08-11 22:00:00,913.075,914.31,912.345,913.745,637,980,0
2023-08-11 23:00:00,913.755,915.58,913.255,915.38,581,980,0
2023-08-14 01:00:00,911.61,916.18,910.81,915.325,621,1100,0
2023-08-14 02:00:00,915.9,918.18,914.035,915.835,564,1100,0
2023-08-14 03:00:00,915.865,916.605,912.125,913.125,1130,1100,0
2023-08-14 04:00:00,913.125,913.595,909.695,910.415,2361,1029,0
2023-08-14 05:00:00,910.395,911.655,908.785,909.685,1312,1100,0
2023-08-14 06:00:00,909.665,911.415,908.675,909.415,967,1100,0
2023-08-14 07:00:00,909.335,911.135,908.915,910.815,918,1100,0
2023-08-14 08:00:00,910.815,912.305,910.155,911.555,1237,1100,0
2023-08-14 09:00:00,911.475,913.035,910.305,912.475,1294,910,0
2023-08-14 10:00:00,912.485,917.325,910.485,917.135,2251,910,0
2023-08-14 11:00:00,917.175,918.085,914.265,914.525,1766,910,0
2023-08-14 12:00:00,914.545,915.905,910.405,912.435,1194,900,0
2023-08-14 13:00:00,912.465,916.335,912.395,913.315,1129,900,0
2023-08-14 14:00:00,913.275,913.665,911.185,913.395,1017,860,0
2023-08-14 15:00:00,913.415,913.505,900.045,902.415,3554,1109,0
2023-08-14 16:00:00,902.425,902.995,893.495,895.765,2722,1059,0
2023-08-14 17:00:00,895.635,901.135,892.995,899.115,3085,1299,0
2023-08-14 18:00:00,899.115,906.015,898.275,903.945,2336,950,0
2023-08-14 19:00:00,903.935,907.215,903.935,905.955,1824,1090,0
2023-08-14 20:00:00,906.005,906.945,903.645,903.725,1196,1170,0
2023-08-14 21:00:00,903.805,904.275,901.925,902.365,1023,1100,0
2023-08-14 22:00:00,902.355,904.88,902.315,904.145,851,1090,0
2023-08-14 23:00:00,904.175,905.0,903.145,904.5,488,1200,0
2023-08-15 01:00:00,901.19,905.3,894.735,903.025,421,1400,0
2023-08-15 02:00:00,903.055,904.32,901.725,903.415,563,1750,0
2023-08-15 03:00:00,903.475,903.695,901.755,903.185,909,1419,0
2023-08-15 04:00:00,903.205,904.975,899.705,903.085,2275,1110,0
2023-08-15 05:00:00,903.075,903.545,901.185,902.095,1612,1020,0
2023-08-15 06:00:00,902.085,903.855,901.765,903.19,917,1020,0
2023-08-15 07:00:00,903.125,904.065,903.115,903.775,598,1020,0
2023-08-15 08:00:00,903.775,904.755,901.645,903.035,1483,1020,0
2023-08-15 09:00:00,903.055,905.305,902.395,902.755,2023,890,0
2023-08-15 10:00:00,902.775,903.435,895.465,897.075,1631,1019,0
2023-08-15 11:00:00,897.075,898.675,894.925,898.195,995,900,0
2023-08-15 12:00:00,898.195,899.545,896.665,897.805,817,890,0
2023-08-15 13:00:00,897.825,897.925,893.345,894.605,933,1019,0
2023-08-15 14:00:00,894.605,894.615,892.405,893.945,1141,1299,0
2023-08-15 15:00:00,893.835,895.665,884.285,890.895,2593,379,0
2023-08-15 16:00:00,890.625,894.915,887.475,892.875,2562,579,0
2023-08-15 17:00:00,892.925,896.785,889.425,894.885,2480,870,0
2023-08-15 18:00:00,894.865,896.145,891.865,893.425,1735,860,0
2023-08-15 19:00:00,893.425,894.325,890.875,891.81,795,930,0
2023-08-15 20:00:00,892.125,892.995,891.19,892.235,651,930,0
2023-08-15 21:00:00,892.235,893.025,891.72,892.055,467,930,0
2023-08-15 22:00:00,892.055,892.325,890.82,892.125,528,930,0
2023-08-15 23:00:00,892.125,892.425,890.465,891.34,382,930,0
2023-08-16 01:00:00,890.13,893.1,890.13,891.355,631,1160,0
2023-08-16 02:00:00,891.62,892.44,890.705,892.035,657,960,0
2023-08-16 03:00:00,892.055,892.695,890.79,892.525,469,950,0
2023-08-16 04:00:00,892.535,893.365,890.155,891.4,471,950,0
2023-08-16 05:00:00,892.285,893.035,891.2,892.275,380,950,0
2023-08-16 06:00:00,892.275,893.935,891.655,891.805,320,950,0
2023-08-16 07:00:00,891.805,892.185,890.795,891.785,266,950,0
2023-08-16 08:00:00,891.785,892.805,890.555,891.425,598,950,0
2023-08-16 09:00:00,891.425,896.895,890.65,894.175,683,509,0
2023-08-16 10:00:00,894.175,897.135,890.255,895.725,813,869,0
2023-08-16 11:00:00,895.725,897.145,893.975,894.945,720,900,0
2023-08-16 12:00:00,894.945,895.105,890.955,891.995,602,880,0
2023-08-16 13:00:00,892.045,892.455,888.305,888.875,634,880,0
2023-08-16 14:00:00,888.975,889.715,887.275,888.295,974,860,0
2023-08-16 15:00:00,888.295,889.055,885.445,886.955,1954,339,0
2023-08-16 16:00:00,887.035,898.885,886.605,894.815,2603,639,0
2023-08-16 17:00:00,894.815,898.535,893.695,898.485,1744,599,0
2023-08-16 18:00:00,898.485,898.585,894.745,895.145,938,699,0
2023-08-16 19:00:00,895.145,895.495,891.245,891.655,851,919,0
2023-08-16 20:00:00,891.605,892.635,890.675,891.145,600,559,0
2023-08-16 21:00:00,891.345,893.685,888.975,890.425,997,579,0
2023-08-16 22:00:00,890.425,890.425,886.325,886.575,665,569,0
2023-08-16 23:00:00,886.575,887.62,885.92,886.88,500,739,0
2023-08-17 01:00:00,884.14,888.875,884.14,888.375,298,1120,0
2023-08-17 02:00:00,888.375,888.375,886.21,886.725,220,989,0
2023-08-17 03:00:00,886.725,886.975,885.285,886.195,648,829,0
2023-08-17 04:00:00,886.205,887.815,884.225,887.405,1344,1100,0
2023-08-17 05:00:00,887.375,889.625,887.225,889.375,853,1090,0
2023-08-17 06:00:00,889.215,890.145,888.685,889.905,775,1090,0
2023-08-17 07:00:00,889.54,890.335,889.125,889.655,581,1090,0
2023-08-17 08:00:00,889.555,889.595,887.075,889.275,769,1090,0
2023-08-17 09:00:00,889.285,893.535,888.915,893.095,895,829,0
2023-08-17 10:00:00,893.075,893.685,889.885,891.025,951,669,0
2023-08-17 11:00:00,890.985,891.375,888.445,889.285,880,860,0
2023-08-17 12:00:00,889.255,895.905,888.525,895.905,805,860,0
2023-08-17 13:00:00,895.835,906.485,886.135,905.985,1302,309,0
2023-08-17 14:00:00,906.025,908.78,905.585,907.065,1276,669,0
2023-08-17 15:00:00,907.065,912.605,904.175,905.075,2469,779,0
2023-08-17 16:00:00,905.075,910.375,899.535,899.635,2141,759,0
2023-08-17 17:00:00,899.635,901.265,895.545,898.685,1847,1599,0
2023-08-17 18:00:00,898.675,900.885,894.875,895.295,1382,840,0
2023-08-17 19:00:00,895.295,899.735,894.365,895.285,1162,920,0
2023-08-17 20:00:00,895.275,895.515,892.345,893.455,854,920,0
2023-08-17 21:00:00,893.265,893.885,892.745,893.325,660,920,0
2023-08-17 22:00:00,893.305,897.285,893.295,896.505,772,920,0
2023-08-17 23:00:00,896.505,896.94,895.37,896.66,403,920,0
2023-08-18 01:00:00,893.59,897.455,893.245,897.295,319,1190,0
2023-08-18 02:00:00,897.205,899.605,897.205,899.145,427,1259,0
2023-08-18 03:00:00,899.105,902.745,898.455,901.375,824,1060,0
2023-08-18 04:00:00,901.375,903.475,900.255,901.285,1198,1399,0
2023-08-18 05:00:00,901.295,903.635,900.745,900.955,972,1060,0
2023-08-18 06:00:00,900.955,900.955,898.675,900.155,959,1060,0
2023-08-18 07:00:00,900.195,900.67,898.145,899.125,763,1060,0
2023-08-18 08:00:00,899.155,900.095,897.715,899.765,1334,1060,0
2023-08-18 09:00:00,899.765,900.675,895.875,896.075,1898,900,0
2023-08-18 10:00:00,896.055,898.865,895.405,896.375,2265,1509,0
2023-08-18 11:00:00,896.375,901.865,896.375,898.965,1215,1449,0
2023-08-18 12:00:00,898.955,901.755,898.815,901.755,763,1200,0
2023-08-18 13:00:00,901.535,907.245,901.425,903.415,1002,860,0
2023-08-18 14:00:00,903.475,903.955,901.145,901.445,877,860,0
2023-08-18 15:00:00,901.445,905.975,899.495,903.175,1477,1129,0
2023-08-18 16:00:00,903.115,911.655,902.035,911.255,2056,1199,0
2023-08-18 17:00:00,911.325,913.935,909.655,913.645,1982,860,0
2023-08-18 18:00:00,913.625,915.305,908.845,909.945,1330,539,0
2023-08-18 19:00:00,909.865,912.885,909.585,910.095,1474,1519,0
2023-08-18 20:00:00,909.995,913.235,909.845,912.475,1323,960,0
2023-08-18 21:00:00,912.465,913.565,911.385,911.985,880,960,0
2023-08-18 22:00:00,911.995,913.665,911.325,913.255,833,960,0
2023-08-18 23:00:00,913.305,913.905,912.225,913.78,527,960,0
2023-08-21 01:00:00,909.93,915.475,909.89,914.205,691,1210,0
2023-08-21 02:00:00,914.9,914.9,912.375,914.185,618,1500,0
2023-08-21 03:00:00,914.175,917.135,914.175,915.595,927,1010,0
2023-08-21 04:00:00,915.595,915.655,911.515,912.065,1464,1359,0
2023-08-21 05:00:00,912.12,915.305,911.385,914.935,2123,1300,0
2023-08-21 06:00:00,914.945,915.5,913.625,913.965,710,1860,0
2023-08-21 07:00:00,913.725,915.745,913.555,914.715,587,1869,0
2023-08-21 08:00:00,914.705,915.815,912.295,912.475,979,1740,0
2023-08-21 09:00:00,912.435,913.1,910.365,910.945,1117,1030,0
2023-08-21 10:00:00,910.945,914.115,910.945,912.375,919,1220,0
2023-08-21 11:00:00,912.325,914.015,905.775,907.855,1030,1149,0
2023-08-21 12:00:00,907.855,911.655,907.745,909.705,1779,1140,0
2023-08-21 13:00:00,909.705,910.015,903.425,906.575,1462,1209,0
2023-08-21 14:00:00,906.565,912.84,905.325,912.345,1191,840,0
2023-08-21 15:00:00,912.345,915.085,908.825,910.495,1844,1129,0
2023-08-21 16:00:00,910.535,912.455,906.445,909.425,2121,829,0
2023-08-21 17:00:00,909.465,912.495,907.035,908.885,1888,1059,0
2023-08-21 18:00:00,908.885,910.245,906.425,908.395,1518,929,0
2023-08-21 19:00:00,908.435,912.825,907.925,912.375,1270,949,0
2023-08-21 20:00:00,912.375,914.305,911.375,913.285,1161,939,0
2023-08-21 21:00:00,913.285,914.405,912.935,914.275,745,920,0
2023-08-21 22:00:00,914.275,915.175,913.165,913.285,654,920,0
2023-08-21 23:00:00,913.185,913.835,913.03,913.36,363,920,0
2023-08-22 01:00:00,910.53,913.635,910.53,913.105,327,1070,0
2023-08-22 02:00:00,912.76,913.975,912.445,912.585,403,1189,0
2023-08-22 03:00:00,912.515,914.065,911.595,913.26,767,1229,0
2023-08-22 04:00:00,913.505,915.735,911.585,912.795,1144,1589,0
2023-08-22 05:00:00,912.665,914.755,911.685,911.925,1018,1509,0
2023-08-22 06:00:00,911.875,913.935,911.565,912.915,860,1459,0
2023-08-22 07:00:00,912.905,913.635,911.215,911.675,566,1379,0
2023-08-22 08:00:00,911.615,914.745,911.525,914.075,1109,1390,0
2023-08-22 09:00:00,914.055,921.265,913.855,918.765,1468,1249,0
2023-08-22 10:00:00,918.765,922.745,918.555,920.675,1424,840,0
2023-08-22 11:00:00,920.695,922.685,917.275,919.175,1278,1369,0
2023-08-22 12:00:00,919.175,923.695,918.995,922.985,1019,1119,0
2023-08-22 13:00:00,922.985,924.065,920.235,921.515,1006,1219,0
2023-08-22 14:00:00,921.495,922.385,919.495,919.605,1203,840,0
2023-08-22 15:00:00,919.815,929.875,919.495,923.515,2312,619,0
2023-08-22 16:00:00,923.435,929.585,915.325,916.145,2127,319,0
2023-08-22 17:00:00,916.145,922.625,916.045,921.675,1851,549,0
2023-08-22 18:00:00,921.705,925.835,921.385,923.805,1729,639,0
2023-08-22 19:00:00,923.895,925.545,922.115,923.605,1298,769,0
2023-08-22 20:00:00,923.605,924.245,922.625,923.045,920,809,0
2023-08-22 21:00:00,923.045,924.345,922.0,923.775,336,869,0
2023-08-22 22:00:00,923.745,924.525,923.2,923.845,326,939,0
2023-08-22 23:00:00,923.845,924.19,923.16,924.06,359,920,0
2023-08-23 01:00:00,921.31,925.075,921.21,923.915,295,1220,0
2023-08-23 02:00:00,924.2,924.3,923.2,923.505,349,799,0
2023-08-23 03:00:00,923.505,925.6,922.445,923.525,781,959,0
2023-08-23 04:00:00,923.525,927.995,923.225,927.905,1146,1049,0
2023-08-23 05:00:00,927.905,928.105,925.745,925.745,1005,1059,0
2023-08-23 06:00:00,925.655,926.39,924.05,925.875,887,1030,0
2023-08-23 07:00:00,925.925,928.255,925.735,927.455,750,1030,0
2023-08-23 08:00:00,927.9,929.125,926.715,928.225,1066,1130,0
2023-08-23 09:00:00,928.225,929.0,926.435,926.505,1195,1180,0
2023-08-23 10:00:00,926.505,928.665,925.055,927.455,1289,1099,0
2023-08-23 11:00:00,927.455,927.785,923.955,924.225,1252,1059,0
2023-08-23 12:00:00,924.145,930.135,924.055,927.395,1163,679,0
2023-08-23 13:00:00,927.395,928.115,923.415,925.685,1031,1019,0
2023-08-23 14:00:00,925.685,930.49,924.905,928.775,1009,860,0
2023-08-23 15:00:00,928.845,933.045,927.585,928.035,1815,479,0
2023-08-23 16:00:00,928.125,939.555,927.625,937.995,5067,579,0
2023-08-23 17:00:00,938.045,939.635,933.595,934.295,3700,619,0
2023-08-23 18:00:00,934.285,936.755,933.815,934.385,1563,819,0
2023-08-23 19:00:00,934.355,935.695,932.795,935.205,1682,1029,0
2023-08-23 20:00:00,935.275,935.44,934.095,934.835,1521,1270,0
2023-08-23 21:00:00,934.835,934.995,933.065,933.735,1172,1280,0
2023-08-23 22:00:00,933.8,934.175,932.485,932.695,907,1150,0
2023-08-23 23:00:00,932.735,933.3,931.285,933.1,649,1250,0
2023-08-24 01:00:00,929.68,933.34,929.68,933.18,432,1070,0
2023-08-24 02:00:00,932.305,934.06,932.105,933.455,426,1070,0
2023-08-24 03:00:00,933.465,935.05,932.955,933.445,761,1070,0
2023-08-24 04:00:00,933.405,933.845,932.345,932.685,1222,1149,0
2023-08-24 05:00:00,932.635,934.505,931.985,933.825,1044,1239,0
2023-08-24 06:00:00,933.825,935.705,933.515,934.675,1236,1100,0
2023-08-24 07:00:00,934.595,935.52,932.795,933.665,834,1080,0
2023-08-24 08:00:00,933.765,934.645,932.285,932.525,1375,979,0
2023-08-24 09:00:00,932.525,933.235,928.805,928.985,1658,359,0
2023-08-24 10:00:00,929.005,932.625,928.925,929.695,1450,309,0
2023-08-24 11:00:00,929.715,933.635,929.365,930.405,1019,459,0
2023-08-24 12:00:00,930.435,931.445,929.535,929.725,1111,539,0
2023-08-24 13:00:00,929.735,932.665,928.835,930.025,1155,1099,0
2023-08-24 14:00:00,930.005,930.375,927.465,929.475,1242,1540,0
2023-08-24 15:00:00,929.385,934.495,927.905,932.555,2124,1029,0
2023-08-24 16:00:00,932.325,942.765,931.455,942.155,2289,539,0
2023-08-24 17:00:00,942.155,943.975,939.095,941.655,2926,459,0
2023-08-24 18:00:00,941.655,941.675,936.495,939.535,2915,900,0
2023-08-24 19:00:00,939.535,940.485,937.465,939.565,1409,1059,0
2023-08-24 20:00:00,939.545,940.585,937.655,939.115,929,719,0
2023-08-24 21:00:00,939.265,940.5,938.445,939.085,679,609,0
2023-08-24 22:00:00,939.085,940.0,937.365,937.765,1147,1000,0
2023-08-24 23:00:00,937.745,938.5,933.68,937.8,653,900,0
2023-08-25 01:00:00,934.54,939.94,934.54,938.195,516,1150,0
2023-08-25 02:00:00,939.12,939.4,936.735,937.185,518,1079,0
2023-08-25 03:00:00,937.145,940.725,936.755,939.885,1543,969,0
2023-08-25 04:00:00,939.895,941.005,939.095,940.565,3163,839,0
2023-08-25 05:00:00,940.565,940.695,937.695,937.975,1759,819,0
2023-08-25 06:00:00,937.975,938.025,935.275,935.325,1331,839,0
2023-08-25 07:00:00,935.41,936.895,935.255,935.825,1258,969,0
2023-08-25 08:00:00,935.825,938.245,934.565,937.455,1659,1149,0
2023-08-25 09:00:00,937.475,937.565,934.725,936.005,2022,969,0
2023-08-25 10:00:00,936.015,943.655,936.015,940.585,1886,939,0
2023-08-25 11:00:00,940.585,942.06,939.025,941.225,1728,880,0
2023-08-25 12:00:00,941.215,943.535,940.905,941.705,1503,940,0
2023-08-25 13:00:00,941.735,947.535,941.705,946.905,1608,919,0
2023-08-25 14:00:00,946.935,948.565,944.835,946.085,1718,880,0
2023-08-25 15:00:00,946.085,950.665,945.315,949.325,3690,339,0
2023-08-25 16:00:00,949.335,950.895,943.485,943.485,2216,859,0
2023-08-25 17:00:00,943.485,951.485,932.845,934.045,4276,709,0
2023-08-25 18:00:00,934.125,942.875,932.705,939.065,2291,579,0
2023-08-25 19:00:00,939.225,944.135,939.195,944.095,1347,739,0
2023-08-25 20:00:00,944.095,947.035,943.035,946.575,1264,799,0
2023-08-25 21:00:00,946.595,949.605,946.595,948.385,1088,799,0
2023-08-25 22:00:00,948.385,949.265,946.495,947.065,833,929,0
2023-08-25 23:00:00,947.085,948.385,946.515,947.15,435,940,0
2023-08-28 01:00:00,942.44,948.315,942.44,946.125,639,1169,0
2023-08-28 02:00:00,946.285,947.875,946.235,947.135,607,1100,0
2023-08-28 03:00:00,947.185,949.065,946.635,947.395,749,1100,0
2023-08-28 04:00:00,947.395,948.905,945.945,946.035,1231,1589,0
2023-08-28 05:00:00,946.035,948.25,945.465,946.985,850,1100,0
2023-08-28 06:00:00,947.015,948.15,946.315,946.415,633,1100,0
2023-08-28 07:00:00,946.445,947.9,945.625,945.835,508,1100,0
2023-08-28 08:00:00,945.865,947.05,945.025,945.335,1010,1100,0
2023-08-28 09:00:00,945.365,947.965,945.335,945.995,1294,1300,0
2023-08-28 10:00:00,946.145,948.135,944.585,946.015,1138,1290,0
2023-08-28 11:00:00,946.035,947.8,944.125,945.635,1244,960,0
2023-08-28 12:00:00,945.685,947.405,939.045,941.505,1230,309,0
2023-08-28 13:00:00,941.505,942.795,938.335,940.475,1343,1049,0
2023-08-28 14:00:00,940.585,943.905,940.575,942.035,1117,900,0
2023-08-28 15:00:00,942.045,952.805,941.945,952.585,1522,900,0
2023-08-28 16:00:00,952.685,964.975,951.985,964.155,4751,719,0
2023-08-28 17:00:00,964.255,968.515,963.845,968.365,3323,309,0
2023-08-28 18:00:00,968.315,970.855,966.815,970.755,1967,890,0
2023-08-28 19:00:00,970.825,971.255,966.885,968.315,1483,1219,0
2023-08-28 20:00:00,968.315,968.745,964.605,967.265,2156,940,0
2023-08-28 21:00:00,967.295,969.4,966.735,968.925,1416,940,0
2023-08-28 22:00:00,968.925,970.895,968.805,970.015,1883,930,0
2023-08-28 23:00:00,970.015,971.345,969.17,970.5,619,930,0
2023-08-29 01:00:00,967.39,972.13,967.26,969.915,548,1160,0
2023-08-29 02:00:00,971.05,971.05,968.545,968.635,442,1160,0
2023-08-29 03:00:00,968.595,969.635,966.415,969.285,1026,1500,0
2023-08-29 04:00:00,969.285,969.875,967.075,968.395,1859,999,0
2023-08-29 05:00:00,968.445,970.135,967.715,969.725,1250,509,0
2023-08-29 06:00:00,969.755,970.2,968.095,968.325,1105,689,0
2023-08-29 07:00:00,968.64,968.925,966.955,968.095,706,1149,0
2023-08-29 08:00:00,968.095,969.005,966.665,968.065,1172,1170,0
2023-08-29 09:00:00,968.065,969.47,966.875,967.485,1388,960,0
2023-08-29 10:00:00,967.455,971.6,966.055,966.405,1615,419,0
2023-08-29 11:00:00,966.405,968.945,964.945,967.165,1158,469,0
2023-08-29 12:00:00,967.165,972.015,967.065,971.645,1190,960,0
2023-08-29 13:00:00,971.675,976.505,971.675,975.135,1344,779,0
2023-08-29 14:00:00,975.085,976.925,971.445,973.625,1447,900,0
2023-08-29 15:00:00,973.625,980.205,969.335,979.015,2356,859,0
2023-08-29 16:00:00,979.065,980.375,970.055,975.945,2364,1029,0
2023-08-29 17:00:00,976.455,983.695,976.365,980.775,5261,999,0
2023-08-29 18:00:00,980.685,983.915,980.495,982.135,3075,939,0
2023-08-29 19:00:00,982.115,983.915,979.575,981.415,1592,940,0
2023-08-29 20:00:00,981.515,983.255,980.175,981.745,1327,869,0
2023-08-29 21:00:00,981.745,982.38,980.815,981.775,864,940,0
2023-08-29 22:00:00,981.745,982.715,981.205,981.455,855,1200,0
2023-08-29 23:00:00,981.455,982.68,980.88,982.12,468,940,0
2023-08-30 01:00:00,979.76,981.3,974.565,980.665,467,1220,0
2023-08-30 02:00:00,981.4,981.4,979.345,979.655,613,1210,0
2023-08-30 03:00:00,979.665,980.705,978.545,978.715,812,969,0
2023-08-30 04:00:00,978.665,981.625,977.895,980.595,1423,309,0
2023-08-30 05:00:00,980.595,982.23,976.565,976.745,1069,559,0
2023-08-30 06:00:00,976.765,979.24,976.255,978.905,769,569,0
2023-08-30 07:00:00,979.24,979.68,977.205,977.265,648,629,0
2023-08-30 08:00:00,977.245,980.455,977.245,979.405,1110,739,0
2023-08-30 09:00:00,979.405,980.225,975.885,976.815,1342,309,0
2023-08-30 10:00:00,976.815,980.245,975.925,978.765,1336,889,0
2023-08-30 11:00:00,978.545,982.595,976.305,981.905,1485,919,0
2023-08-30 12:00:00,981.905,984.305,981.905,983.605,2223,1000,0
2023-08-30 13:00:00,983.605,984.675,980.605,983.485,1905,719,0
2023-08-30 14:00:00,983.395,986.365,983.075,985.775,1599,569,0
2023-08-30 15:00:00,985.815,987.385,979.945,985.405,3095,819,0
2023-08-30 16:00:00,985.315,985.875,974.815,977.735,3183,639,0
2023-08-30 17:00:00,977.645,978.305,973.395,975.105,6356,1029,0
2023-08-30 18:00:00,975.165,978.315,973.945,976.505,1790,1069,0
2023-08-30 19:00:00,976.375,978.99,975.145,977.245,1023,739,0
2023-08-30 20:00:00,977.345,980.485,976.945,979.025,990,799,0
2023-08-30 21:00:00,979.005,979.9,977.445,978.745,771,919,0
2023-08-30 22:00:00,978.745,979.9,978.345,979.015,533,920,0
2023-08-30 23:00:00,978.925,980.09,977.685,979.1,513,920,0
2023-08-31 01:00:00,975.78,980.39,975.45,978.485,335,1020,0
2023-08-31 02:00:00,979.49,979.94,977.365,977.805,444,1020,0
2023-08-31 03:00:00,977.945,980.545,977.925,980.245,805,1020,0
2023-08-31 04:00:00,980.245,982.58,979.445,981.295,761,1020,0
2023-08-31 05:00:00,981.325,981.89,978.865,978.965,1053,929,0
2023-08-31 06:00:00,978.965,979.19,977.055,977.415,834,789,0
2023-08-31 07:00:00,977.415,979.09,974.445,975.115,903,579,0
2023-08-31 08:00:00,975.115,977.085,974.605,976.915,1166,419,0
2023-08-31 09:00:00,976.915,977.965,974.495,976.215,1773,309,0
2023-08-31 10:00:00,976.185,980.925,976.185,980.345,2080,649,0
2023-08-31 11:00:00,980.325,981.435,976.445,976.645,999,639,0
2023-08-31 12:00:00,976.645,977.76,974.045,976.675,1282,1099,0
2023-08-31 13:00:00,976.665,979.355,974.895,978.195,1167,980,0
2023-08-31 14:00:00,978.225,982.755,976.095,982.505,1371,549,0
2023-08-31 15:00:00,982.505,982.715,972.125,979.39,2241,459,0
2023-08-31 16:00:00,979.5,980.5,975.96,980.1,1787,880,0
2023-08-31 17:00:00,980.16,980.8,971.905,973.635,1570,880,0
2023-08-31 18:00:00,973.635,974.655,968.16,970.1,1603,880,0
2023-08-31 19:00:00,970.1,970.37,967.645,968.665,1991,309,0
2023-08-31 20:00:00,968.665,973.06,968.585,971.945,1263,309,0
2023-08-31 21:00:00,971.945,974.76,971.445,971.645,935,489,0
2023-08-31 22:00:00,971.645,972.7,971.145,971.345,462,339,0
2023-08-31 23:00:00,971.345,972.3,970.785,972.1,218,639,0
2023-09-01 01:00:00,969.14,972.5,969.14,971.645,437,1189,0
2023-09-01 02:00:00,971.645,972.6,970.725,971.035,517,1080,0
2023-09-01 03:00:00,971.005,971.86,970.025,970.185,788,959,0
2023-09-01 04:00:00,970.195,975.505,970.195,974.105,1933,659,0
2023-09-01 05:00:00,974.105,975.36,970.525,971.255,1382,879,0
2023-09-01 06:00:00,971.185,971.86,969.195,969.345,974,579,0
2023-09-01 07:00:00,969.345,971.26,968.545,970.575,913,639,0
2023-09-01 08:00:00,970.575,973.26,970.255,972.665,1017,659,0
2023-09-01 09:00:00,972.665,973.96,969.315,971.565,1108,699,0
2023-09-01 10:00:00,971.535,979.345,971.165,978.085,2127,809,0
2023-09-01 11:00:00,978.085,978.945,974.825,977.445,1084,980,0
2023-09-01 12:00:00,977.445,980.755,977.225,978.955,1101,980,0
2023-09-01 13:00:00,979.225,982.335,978.535,979.325,1277,869,0
2023-09-01 14:00:00,979.325,981.805,978.905,979.675,1220,880,0
2023-09-01 15:00:00,979.645,988.175,977.075,981.905,3926,699,0
2023-09-01 16:00:00,981.905,982.515,973.665,973.665,2758,349,0
2023-09-01 17:00:00,973.445,975.425,967.995,972.035,3027,989,0
2023-09-01 18:00:00,972.105,974.36,968.645,968.845,1669,880,0
2023-09-01 19:00:00,968.845,969.595,963.215,964.785,2692,319,0
2023-09-01 20:00:00,964.765,966.17,963.375,964.945,2166,729,0
2023-09-01 21:00:00,965.32,965.32,962.585,963.255,1413,960,0
2023-09-01 22:00:00,963.235,964.42,962.315,962.835,1546,960,0
2023-09-01 23:00:00,962.925,964.23,962.065,963.83,629,960,0
2023-09-04 01:00:00,961.08,963.935,960.375,962.82,719,1470,0
2023-09-04 02:00:00,962.125,964.295,961.885,963.62,623,1419,0
2023-09-04 03:00:00,963.025,963.645,962.295,962.805,1307,1310,0
2023-09-04 04:00:00,962.775,963.63,961.705,962.785,2988,1329,0
2023-09-04 05:00:00,962.785,967.175,962.785,966.115,2364,1469,0
2023-09-04 06:00:00,966.115,966.685,964.855,964.935,1122,1259,0
2023-09-04 07:00:00,964.935,965.14,963.915,964.29,891,1339,0
2023-09-04 08:00:00,964.29,964.735,962.205,962.225,1562,1639,0
2023-09-04 09:00:00,962.225,963.615,961.545,962.965,1966,899,0
2023-09-04 10:00:00,962.965,963.065,960.305,962.515,2249,879,0
2023-09-04 11:00:00,962.525,962.705,960.345,961.155,1954,1189,0
2023-09-04 12:00:00,961.155,961.335,959.475,959.875,1866,529,0
2023-09-04 13:00:00,959.895,961.445,958.965,959.305,1791,919,0
2023-09-04 14:00:00,959.285,959.685,958.11,958.605,827,899,0
2023-09-04 15:00:00,958.43,960.025,957.155,960.005,983,1529,0
2023-09-04 16:00:00,960.025,960.445,954.015,955.145,1249,309,0
2023-09-04 17:00:00,955.085,955.605,951.245,953.765,1041,329,0
2023-09-04 18:00:00,953.785,956.165,953.095,955.455,765,1649,0
2023-09-04 19:00:00,955.435,958.275,954.085,958.015,709,1559,0
2023-09-04 20:00:00,958.065,958.225,954.78,954.78,450,1909,0
2023-09-04 21:00:00,954.78,956.485,954.58,956.09,209,2129,0
2023-09-05 01:00:00,946.47,955.045,946.47,954.35,389,2229,0
2023-09-05 02:00:00,954.35,955.2,953.865,954.405,369,2429,0
2023-09-05 03:00:00,954.335,954.545,950.835,951.865,765,1669,0
2023-09-05 04:00:00,951.855,953.985,950.545,951.385,1965,1759,0
2023-09-05 05:00:00,951.385,952.025,950.305,951.125,1640,1659,0
2023-09-05 06:00:00,951.155,951.96,950.125,951.455,1086,1779,0
2023-09-05 07:00:00,951.485,952.415,950.685,951.835,734,1709,0
2023-09-05 08:00:00,951.785,951.835,949.075,949.215,1387,689,0
2023-09-05 09:00:00,949.215,949.995,947.255,947.975,1143,509,0
2023-09-05 10:00:00,947.985,948.815,944.055,944.935,2012,709,0
2023-09-05 11:00:00,944.865,946.035,943.485,945.455,1284,1299,0
2023-09-05 12:00:00,945.485,945.565,943.45,943.85,801,869,0
2023-09-05 13:00:00,943.85,948.635,941.21,944.945,1095,309,0
2023-09-05 14:00:00,944.945,949.345,942.065,947.355,1320,309,0
2023-09-05 15:00:00,947.355,947.425,939.645,944.845,2162,309,0
2023-09-05 16:00:00,944.755,945.565,938.545,940.545,2288,309,0
2023-09-05 17:00:00,940.545,941.795,937.475,939.015,2072,309,0
2023-09-05 18:00:00,939.015,941.755,930.425,931.475,1913,309,0
2023-09-05 19:00:00,931.515,933.125,929.055,931.185,1457,309,0
2023-09-05 20:00:00,931.185,932.655,930.055,931.145,955,309,0
2023-09-05 21:00:00,931.075,932.245,930.095,930.725,679,489,0
2023-09-05 22:00:00,930.825,931.145,929.95,930.035,649,449,0
2023-09-05 23:00:00,929.945,930.675,929.18,929.8,528,629,0
2023-09-06 01:00:00,927.29,931.655,927.2,931.495,450,1629,0
2023-09-06 02:00:00,931.485,931.885,930.89,931.635,528,1479,0
2023-09-06 03:00:00,931.655,932.225,926.335,927.215,766,1169,0
2023-09-06 04:00:00,927.215,927.955,924.305,925.185,1029,1189,0
2023-09-06 05:00:00,925.265,927.745,925.165,927.055,792,1240,0
2023-09-06 06:00:00,927.085,927.115,925.805,926.875,624,1519,0
2023-09-06 07:00:00,926.875,928.005,926.155,927.185,558,1330,0
2023-09-06 08:00:00,927.185,930.095,926.665,928.175,851,1259,0
2023-09-06 09:00:00,928.295,928.545,924.725,925.195,1099,1629,0
2023-09-06 10:00:00,925.125,925.125,920.335,921.155,1492,769,0
2023-09-06 11:00:00,921.155,924.005,920.425,923.555,1367,629,0
2023-09-06 12:00:00,923.575,923.635,918.415,921.265,1246,629,0
2023-09-06 13:00:00,921.335,923.775,920.825,921.115,1262,309,0
2023-09-06 14:00:00,921.205,921.565,916.895,916.905,1226,809,0
2023-09-06 15:00:00,916.905,919.015,914.125,914.775,1862,489,0
2023-09-06 16:00:00,914.695,919.695,910.975,915.105,2608,539,0
2023-09-06 17:00:00,914.815,916.275,907.325,909.295,3102,689,0
2023-09-06 18:00:00,909.245,913.495,909.005,912.575,1910,519,0
2023-09-06 19:00:00,912.395,914.725,911.2,913.825,1499,729,0
2023-09-06 20:00:00,913.935,914.545,912.395,912.395,1191,709,0
2023-09-06 21:00:00,912.385,914.765,912.385,913.945,993,1139,0
2023-09-06 22:00:00,913.915,914.425,913.065,914.175,815,839,0
2023-09-06 23:00:00,914.175,914.175,912.83,913.37,513,1369,0
2023-09-07 01:00:00,909.61,914.555,909.61,913.665,601,1189,0
2023-09-07 02:00:00,913.685,914.165,911.935,912.775,688,839,0
2023-09-07 03:00:00,912.795,915.345,912.005,914.845,1041,929,0
2023-09-07 04:00:00,914.825,916.625,914.415,914.925,1073,1619,0
2023-09-07 05:00:00,914.915,915.205,913.365,913.725,670,1589,0
2023-09-07 06:00:00,913.7,914.635,913.395,914.195,708,1729,0
2023-09-07 07:00:00,914.095,915.105,911.94,913.015,760,1689,0
2023-09-07 08:00:00,912.995,913.285,910.985,911.005,899,1679,0
2023-09-07 09:00:00,911.035,914.235,910.755,911.795,1156,1609,0
2023-09-07 10:00:00,911.795,912.555,907.995,911.555,1360,649,0
2023-09-07 11:00:00,911.595,911.825,907.995,909.235,1315,1089,0
2023-09-07 12:00:00,909.275,910.565,908.855,910.265,1079,1429,0
2023-09-07 13:00:00,910.365,911.545,905.705,906.475,1068,589,0
2023-09-07 14:00:00,906.495,907.305,905.275,905.885,1228,1559,0
2023-09-07 15:00:00,905.965,906.965,900.455,905.59,2418,609,0
2023-09-07 16:00:00,905.59,908.035,903.57,905.735,2385,599,0
2023-09-07 17:00:00,905.735,912.595,904.525,909.115,1908,739,0
2023-09-07 18:00:00,909.135,910.445,906.845,908.735,971,759,0
2023-09-07 19:00:00,908.735,910.105,907.755,907.755,681,839,0
2023-09-07 20:00:00,907.755,909.435,907.235,907.535,489,709,0
2023-09-07 21:00:00,907.575,910.455,907.11,909.745,421,1279,0
2023-09-07 22:00:00,909.745,909.795,908.17,908.595,365,939,0
2023-09-07 23:00:00,908.595,909.025,907.71,907.86,468,1139,0
2023-09-08 01:00:00,904.86,909.325,904.86,909.075,385,1829,0
2023-09-08 02:00:00,909.085,909.085,907.485,908.645,479,1779,0
2023-09-08 03:00:00,908.635,912.455,907.715,911.525,960,1389,0
2023-09-08 04:00:00,911.495,912.275,909.235,910.545,1338,1099,0
2023-09-08 05:00:00,910.555,911.835,909.505,910.025,1216,1159,0
2023-09-08 06:00:00,910.035,910.32,909.135,909.975,989,1069,0
2023-09-08 07:00:00,909.975,910.945,908.34,909.965,888,919,0
2023-09-08 08:00:00,910.085,912.225,908.885,911.705,1011,1449,0
2023-09-08 09:00:00,911.725,913.095,907.94,908.925,954,1259,0
2023-09-08 10:00:00,908.925,908.925,904.535,906.795,1332,1199,0
2023-09-08 11:00:00,906.745,907.555,903.65,904.945,1186,1159,0
2023-09-08 12:00:00,904.915,905.005,901.765,901.945,1112,1379,0
2023-09-08 13:00:00,901.935,904.18,900.945,901.645,1630,1060,0
2023-09-08 14:00:00,901.675,904.905,901.515,904.855,2581,1490,0
2023-09-08 15:00:00,904.705,905.005,899.205,899.635,3253,809,0
2023-09-08 16:00:00,899.635,901.135,897.755,900.545,5640,1029,0
2023-09-08 17:00:00,900.345,903.485,896.815,897.315,5707,679,0
2023-09-08 18:00:00,897.315,897.735,892.805,893.615,3373,309,0
2023-09-08 19:00:00,893.625,894.7,891.965,893.215,2412,979,0
2023-09-08 20:00:00,893.315,895.06,892.835,894.555,1713,1370,0
2023-09-08 21:00:00,894.535,895.535,893.845,893.945,1626,469,0
2023-09-08 22:00:00,893.945,896.405,893.745,896.305,1427,1229,0
2023-09-08 23:00:00,896.315,896.465,893.165,895.18,1031,1469,0
2023-09-11 01:00:00,891.38,895.67,891.38,893.975,1398,1650,0
2023-09-11 02:00:00,893.945,897.52,892.615,897.52,1604,2000,0
2023-09-11 03:00:00,896.805,898.285,895.845,896.295,1472,1659,0
2023-09-11 04:00:00,896.335,899.535,896.145,898.835,3486,1790,0
2023-09-11 05:00:00,898.875,900.9,896.875,900.085,2836,1700,0
2023-09-11 06:00:00,900.095,901.1,898.915,900.565,2097,1530,0
2023-09-11 07:00:00,900.565,903.745,900.145,903.585,2577,1390,0
2023-09-11 08:00:00,903.605,905.145,901.355,901.655,2101,1229,0
2023-09-11 09:00:00,901.925,904.105,900.52,903.485,737,939,0
2023-09-11 10:00:00,903.335,906.675,902.985,903.245,1200,1099,0
2023-09-11 11:00:00,903.245,907.015,901.895,906.025,1110,1999,0
2023-09-11 12:00:00,905.925,907.075,903.515,904.195,672,759,0
2023-09-11 13:00:00,904.195,904.225,899.16,899.56,711,1079,0
2023-09-11 14:00:00,899.54,901.045,897.825,897.825,1201,1419,0
2023-09-11 15:00:00,897.765,904.725,896.735,902.845,1134,999,0
2023-09-11 16:00:00,902.745,908.075,902.745,903.985,1416,989,0
2023-09-11 17:00:00,903.885,904.145,899.875,900.505,1650,1779,0
2023-09-11 18:00:00,900.535,900.985,898.445,899.955,2667,1139,0
2023-09-11 19:00:00,899.955,902.965,899.655,901.885,869,1309,0
2023-09-11 20:00:00,901.905,902.335,900.055,900.155,1451,1359,0
2023-09-11 21:00:00,900.135,900.605,899.435,900.445,1027,1650,0
2023-09-11 22:00:00,900.475,902.845,900.315,902.835,1115,1540,0
2023-09-11 23:00:00,902.845,903.145,901.955,902.99,330,1410,0
2023-09-12 01:00:00,899.41,903.18,898.695,901.345,432,1310,0
2023-09-12 02:00:00,902.26,902.45,900.615,900.845,373,1310,0
2023-09-12 03:00:00,900.845,901.205,899.715,900.115,1412,1269,0
2023-09-12 04:00:00,900.095,902.095,898.495,900.115,2661,1219,0
2023-09-12 05:00:00,900.075,905.485,899.655,904.855,2132,1489,0
2023-09-12 06:00:00,904.905,906.315,903.795,905.815,1650,1310,0
2023-09-12 07:00:00,905.845,906.365,904.245,904.77,1362,1520,0
2023-09-12 08:00:00,904.8,904.95,902.295,903.065,720,1309,0
2023-09-12 09:00:00,903.065,904.095,900.97,902.995,653,909,0
2023-09-12 10:00:00,902.995,903.29,901.245,903.075,1545,1229,0
2023-09-12 11:00:00,903.085,905.265,900.385,900.385,963,659,0
2023-09-12 12:00:00,900.385,901.785,898.025,899.885,1400,1139,0
2023-09-12 13:00:00,899.855,900.465,895.335,897.21,1363,1169,0
2023-09-12 14:00:00,896.405,897.18,894.055,896.085,2116,1440,0
2023-09-12 15:00:00,896.085,902.795,894.435,900.405,1229,779,0
2023-09-12 16:00:00,900.375,913.925,897.865,912.485,2841,1099,0
2023-09-12 17:00:00,912.585,915.475,910.585,912.845,1233,739,0
2023-09-12 18:00:00,912.845,914.695,910.845,911.445,647,849,0
2023-09-12 19:00:00,911.445,913.25,908.405,909.045,1363,1680,0
2023-09-12 20:00:00,909.045,913.03,909.045,912.055,770,1500,0
2023-09-12 21:00:00,912.055,913.98,912.045,912.685,528,1660,0
2023-09-12 22:00:00,912.685,913.15,911.745,911.745,515,1580,0
2023-09-12 23:00:00,911.725,912.745,911.035,912.14,492,1830,0
2023-09-13 01:00:00,910.4,912.72,909.705,912.595,426,2100,0
2023-09-13 02:00:00,912.63,912.695,911.345,911.745,350,2040,0
2023-09-13 03:00:00,911.745,912.675,909.995,911.285,1107,1850,0
2023-09-13 04:00:00,911.295,912.235,908.915,909.505,1596,1880,0
2023-09-13 05:00:00,909.58,910.265,905.325,906.7,1172,1619,0
2023-09-13 06:00:00,906.7,908.93,906.635,907.455,672,1500,0
2023-09-13 07:00:00,907.55,910.115,907.085,909.795,964,1390,0
2023-09-13 08:00:00,909.615,910.105,905.62,907.235,437,1679,0
2023-09-13 09:00:00,907.625,908.355,904.82,908.355,1250,1439,0
2023-09-13 10:00:00,908.355,909.075,905.94,908.495,1360,1409,0
2023-09-13 11:00:00,908.26,908.795,904.175,905.235,975,1559,0
2023-09-13 12:00:00,905.245,906.565,903.165,903.625,1864,1589,0
2023-09-13 13:00:00,903.625,904.095,902.185,903.175,1362,879,0
2023-09-13 14:00:00,903.215,904.045,900.245,901.375,916,1139,0
2023-09-13 15:00:00,901.345,904.725,894.855,902.295,6837,1369,0
2023-09-13 16:00:00,901.945,905.575,898.555,901.935,8052,1929,0
2023-09-13 17:00:00,901.905,904.645,899.045,902.895,3994,1579,0
2023-09-13 18:00:00,902.955,903.805,899.945,902.395,2824,309,0
2023-09-13 19:00:00,902.395,904.645,900.645,904.435,3181,309,0
2023-09-13 20:00:00,904.455,906.185,903.675,904.74,2025,309,0
2023-09-13 21:00:00,904.74,904.87,902.635,902.885,697,669,0
2023-09-13 22:00:00,902.985,904.175,902.075,904.125,976,569,0
2023-09-13 23:00:00,904.055,904.055,902.395,902.91,508,799,0
2023-09-14 01:00:00,900.99,903.79,900.96,902.805,429,1950,0
2023-09-14 02:00:00,902.805,903.31,901.725,901.905,575,1780,0
2023-09-14 03:00:00,901.875,906.245,901.875,906.175,1131,1659,0
2023-09-14 04:00:00,906.145,907.245,904.515,904.945,2470,899,0
2023-09-14 05:00:00,904.945,905.095,902.045,902.445,2134,309,0
2023-09-14 06:00:00,902.445,907.22,902.245,907.22,1032,309,0
2023-09-14 07:00:00,907.22,907.22,904.145,905.335,911,309,0
2023-09-14 08:00:00,905.385,907.875,904.145,904.485,1835,339,0
2023-09-14 09:00:00,904.175,904.865,901.245,903.075,1460,309,0
2023-09-14 10:00:00,903.045,903.195,900.105,901.395,2363,419,0
2023-09-14 11:00:00,901.375,903.625,899.545,903.605,2336,869,0
2023-09-14 12:00:00,903.625,905.645,901.935,904.605,1683,909,0
2023-09-14 13:00:00,904.605,909.535,904.605,909.28,1433,899,0
2023-09-14 14:00:00,909.28,911.08,903.995,904.335,916,1449,0
2023-09-14 15:00:00,904.305,906.875,893.705,902.505,3373,1409,0
2023-09-14 16:00:00,902.545,909.085,901.155,906.08,6903,1159,0
2023-09-14 17:00:00,906.2,911.615,902.225,908.785,5390,1009,0
2023-09-14 18:00:00,908.785,911.485,907.61,910.085,3225,419,0
2023-09-14 19:00:00,910.115,913.365,909.255,911.385,2989,309,0
2023-09-14 20:00:00,911.365,911.485,907.745,908.045,1981,309,0
2023-09-14 21:00:00,908.2,909.08,907.475,908.295,1684,319,0
2023-09-14 22:00:00,908.315,909.45,907.945,909.325,1556,309,0
2023-09-14 23:00:00,909.315,910.645,908.865,910.07,783,529,0
2023-09-15 01:00:00,908.07,911.18,908.07,908.755,915,979,0
2023-09-15 02:00:00,908.755,910.31,907.445,908.875,706,1179,0
2023-09-15 03:00:00,908.885,911.555,908.885,911.205,1597,739,0
2023-09-15 04:00:00,911.195,915.065,910.225,914.985,2948,669,0
2023-09-15 05:00:00,915.065,917.495,914.415,915.145,3109,609,0
2023-09-15 06:00:00,915.145,916.48,914.145,915.705,1480,1779,0
2023-09-15 07:00:00,915.715,919.375,915.685,918.025,1550,1019,0
2023-09-15 08:00:00,918.035,918.165,913.755,914.565,1966,739,0
2023-09-15 09:00:00,914.565,915.475,912.935,914.565,3875,379,0
2023-09-15 10:00:00,914.555,918.265,911.815,917.745,3752,539,0
2023-09-15 11:00:00,917.765,918.745,915.915,917.595,2828,499,0
2023-09-15 12:00:00,917.535,920.445,916.475,919.545,1092,959,0
2023-09-15 13:00:00,919.515,923.075,918.845,921.745,605,1350,0
2023-09-15 14:00:00,921.545,925.325,919.84,922.475,733,1029,0
2023-09-15 15:00:00,922.595,928.725,918.535,928.445,1408,1419,0
2023-09-15 16:00:00,928.575,931.595,925.545,926.345,1620,849,0
2023-09-15 17:00:00,926.645,930.325,924.545,927.645,1964,1200,0
2023-09-15 18:00:00,927.645,930.445,925.145,929.275,815,1129,0
2023-09-15 19:00:00,929.275,930.945,927.87,929.105,654,1429,0
2023-09-15 20:00:00,929.105,930.295,926.945,930.045,537,1249,0
2023-09-15 21:00:00,930.045,931.865,929.35,930.54,822,709,0
2023-09-15 22:00:00,930.54,931.345,929.7,930.045,377,1680,0
2023-09-15 23:00:00,930.045,930.245,927.575,928.24,971,1779,0
2023-09-18 01:00:00,924.85,929.01,924.63,928.215,760,2460,0
2023-09-18 02:00:00,928.315,929.85,927.675,929.445,726,2450,0
2023-09-18 03:00:00,929.445,931.23,928.145,930.585,583,1330,0
2023-09-18 04:00:00,931.29,932.72,927.785,929.835,2368,1490,0
2023-09-18 05:00:00,929.855,932.345,929.695,932.015,1486,2100,0
2023-09-18 06:00:00,931.875,933.02,931.405,932.055,1039,1529,0
2023-09-18 07:00:00,932.045,933.625,931.075,932.41,654,1219,0
2023-09-18 08:00:00,932.46,934.875,931.225,933.085,866,1249,0
2023-09-18 09:00:00,933.085,933.745,929.865,930.805,2320,1249,0
2023-09-18 10:00:00,930.805,935.595,930.545,932.705,1564,1409,0
2023-09-18 11:00:00,932.805,933.335,930.745,931.755,808,1319,0
2023-09-18 12:00:00,932.13,936.915,931.655,936.775,1577,1109,0
2023-09-18 13:00:00,936.795,938.555,935.195,935.665,1833,1589,0
2023-09-18 14:00:00,935.605,936.455,929.885,931.705,1532,589,0
2023-09-18 15:00:00,931.745,937.845,931.745,934.445,1789,389,0
2023-09-18 16:00:00,934.445,937.605,931.395,932.555,4629,1149,0
2023-09-18 17:00:00,932.575,935.345,929.385,934.745,2128,859,0
2023-09-18 18:00:00,934.745,936.045,933.94,934.645,572,1139,0
2023-09-18 19:00:00,934.645,935.745,932.845,935.145,428,1500,0
2023-09-18 20:00:00,935.145,936.345,934.545,935.045,300,1540,0
2023-09-18 21:00:00,935.27,935.49,934.045,934.445,300,1470,0
2023-09-18 22:00:00,934.525,935.81,934.245,935.345,332,1900,0
2023-09-18 23:00:00,935.345,936.86,934.575,935.62,360,1580,0
2023-09-19 01:00:00,933.81,936.51,933.46,935.845,373,1570,0
2023-09-19 02:00:00,936.09,938.09,935.645,936.845,298,1280,0
2023-09-19 03:00:00,937.54,938.245,934.945,937.435,1061,369,0
2023-09-19 04:00:00,937.435,937.975,935.035,935.765,1891,369,0
2023-09-19 05:00:00,935.795,937.455,931.745,934.115,1119,319,0
2023-09-19 06:00:00,934.135,935.895,933.555,934.385,1191,729,0
2023-09-19 07:00:00,934.355,935.61,933.585,933.795,1189,1400,0
2023-09-19 08:00:00,933.785,934.05,931.945,932.455,1202,1570,0
2023-09-19 09:00:00,932.435,932.945,930.445,932.045,792,1939,0
2023-09-19 10:00:00,932.045,938.97,932.045,938.765,2621,1159,0
2023-09-19 11:00:00,938.765,941.045,937.415,940.415,2514,1099,0
2023-09-19 12:00:00,940.385,944.355,940.045,942.735,1466,1050,0
2023-09-19 13:00:00,942.775,943.935,941.175,941.955,1544,1320,0
2023-09-19 14:00:00,941.975,944.735,941.345,944.235,1695,1720,0
2023-09-19 15:00:00,944.505,952.145,944.325,949.035,3451,1510,0
2023-09-19 16:00:00,949.065,950.685,945.455,946.335,5139,1879,0
2023-09-19 17:00:00,946.395,947.375,942.395,946.445,2440,1559,0
2023-09-19 18:00:00,946.445,947.065,944.545,945.545,1115,1059,0
2023-09-19 19:00:00,945.545,946.545,944.345,945.9,818,1109,0
2023-09-19 20:00:00,945.77,946.545,944.9,945.075,555,1099,0
2023-09-19 21:00:00,945.055,945.81,944.445,944.945,1286,1209,0
2023-09-19 22:00:00,944.945,945.525,944.045,944.045,666,1299,0
2023-09-19 23:00:00,944.045,944.045,942.225,942.78,401,1679,0
2023-09-20 01:00:00,940.43,942.98,939.535,942.17,439,1909,0
2023-09-20 02:00:00,941.945,943.045,941.545,941.545,156,2100,0
2023-09-20 03:00:00,941.545,941.895,937.545,938.345,996,1199,0
2023-09-20 04:00:00,938.345,939.945,936.48,937.885,1144,1129,0
2023-09-20 05:00:00,937.905,939.495,937.145,937.615,1374,699,0
2023-09-20 06:00:00,937.535,938.845,936.335,936.425,1256,699,0
2023-09-20 07:00:00,936.405,938.205,936.385,936.515,967,569,0
2023-09-20 08:00:00,936.485,938.385,935.245,937.115,1390,309,0
2023-09-20 09:00:00,936.145,940.655,935.845,938.705,1658,309,0
2023-09-20 10:00:00,938.705,942.985,936.845,940.935,2739,309,0
2023-09-20 11:00:00,940.935,945.775,940.765,944.245,2094,909,0
2023-09-20 12:00:00,944.215,945.745,942.685,945.385,958,1819,0
2023-09-20 13:00:00,945.385,945.825,940.215,941.225,852,2099,0
2023-09-20 14:00:00,941.225,941.935,938.655,941.615,947,1559,0
2023-09-20 15:00:00,941.675,943.12,939.205,942.195,2044,1909,0
2023-09-20 16:00:00,942.245,945.295,939.345,940.185,1641,1159,0
2023-09-20 17:00:00,940.185,941.615,932.855,935.545,2535,659,0
2023-09-20 18:00:00,935.545,939.875,934.995,936.855,3003,1099,0
2023-09-20 19:00:00,936.745,939.515,936.005,939.335,2052,1559,0
2023-09-20 20:00:00,939.365,939.505,934.745,934.745,445,1559,0
2023-09-20 21:00:00,931.745,937.705,926.905,933.495,9846,1429,0
2023-09-20 22:00:00,933.625,934.315,929.095,929.105,4288,1219,0
2023-09-20 23:00:00,929.125,930.245,928.485,929.66,1179,579,0
2023-09-21 01:00:00,928.51,929.645,927.125,928.245,529,1669,0
2023-09-21 02:00:00,928.045,928.045,924.77,925.01,283,1259,0
2023-09-21 03:00:00,925.06,925.94,921.065,921.745,566,1079,0
2023-09-21 04:00:00,921.745,926.755,921.145,924.175,1586,529,0
2023-09-21 05:00:00,924.135,926.585,922.345,924.185,1717,309,0
2023-09-21 06:00:00,924.165,926.2,922.945,923.645,618,309,0
2023-09-21 07:00:00,923.645,925.81,922.645,923.145,302,309,0
2023-09-21 08:00:00,924.335,925.2,922.145,924.355,720,309,0
2023-09-21 09:00:00,924.355,927.275,922.945,926.495,1827,309,0
2023-09-21 10:00:00,926.315,928.995,920.465,923.275,3473,349,0
2023-09-21 11:00:00,923.295,923.725,918.025,919.405,1509,1559,0
2023-09-21 12:00:00,919.405,920.925,916.73,919.06,1345,1269,0
2023-09-21 13:00:00,919.745,920.925,917.18,920.195,834,1449,0
2023-09-21 14:00:00,920.285,920.335,916.93,918.285,1925,1729,0
2023-09-21 15:00:00,918.385,919.425,914.025,916.725,2248,959,0
2023-09-21 16:00:00,916.695,923.045,916.125,918.245,3715,969,0
2023-09-21 17:00:00,918.345,926.685,917.845,924.475,2329,939,0
2023-09-21 18:00:00,924.705,924.925,918.715,920.155,1490,1559,0
2023-09-21 19:00:00,920.315,922.535,917.345,920.685,659,1319,0
2023-09-21 20:00:00,920.815,925.195,920.815,924.445,583,1449,0
2023-09-21 21:00:00,924.365,924.865,921.72,923.195,411,1469,0
2023-09-21 22:00:00,923.095,923.985,921.51,922.485,385,1169,0
2023-09-21 23:00:00,922.485,922.795,919.56,919.74,345,1579,0
2023-09-22 01:00:00,918.82,923.195,918.79,922.835,301,2089,0
2023-09-22 02:00:00,921.77,923.635,921.35,923.435,238,1979,0
2023-09-22 03:00:00,923.435,925.875,923.435,925.195,356,1619,0
2023-09-22 04:00:00,925.195,927.065,924.325,926.855,862,1919,0
2023-09-22 05:00:00,926.885,928.995,926.635,928.015,638,2079,0
2023-09-22 06:00:00,928.045,930.145,927.74,929.145,312,1969,0
2023-09-22 07:00:00,929.145,930.595,928.165,929.005,514,1999,0
2023-09-22 08:00:00,929.005,929.285,926.375,928.045,383,2109,0
2023-09-22 09:00:00,928.345,931.025,927.8,930.535,1096,1689,0
2023-09-22 10:00:00,930.485,932.625,929.075,932.145,1501,1669,0
2023-09-22 11:00:00,932.145,934.125,930.475,933.165,914,1529,0
2023-09-22 12:00:00,933.165,935.445,931.205,931.535,1219,2079,0
2023-09-22 13:00:00,931.535,933.425,931.045,931.795,1822,2540,0
2023-09-22 14:00:00,931.815,936.485,931.155,935.125,1298,1799,0
2023-09-22 15:00:00,935.115,942.945,935.115,941.655,1858,529,0
2023-09-22 16:00:00,941.635,941.695,935.285,937.095,2509,1249,0
2023-09-22 17:00:00,937.095,937.765,932.045,934.695,1809,1019,0
2023-09-22 18:00:00,934.705,935.605,931.445,932.395,1250,1119,0
2023-09-22 19:00:00,932.395,933.195,930.105,930.675,943,1209,0
2023-09-22 20:00:00,930.675,930.775,929.055,929.575,1073,1209,0
2023-09-22 21:00:00,929.575,930.005,928.985,929.265,1265,1759,0
2023-09-22 22:00:00,929.265,929.735,928.47,929.145,1052,1889,0
2023-09-22 23:00:00,929.145,929.845,928.175,928.33,303,2309,0
2023-09-25 01:00:00,921.87,930.095,921.87,927.945,394,2159,0
2023-09-25 02:00:00,927.725,929.945,927.2,927.945,377,1379,0
2023-09-25 03:00:00,927.36,928.945,926.975,927.845,747,1429,0
2023-09-25 04:00:00,927.845,928.375,925.245,926.405,1186,1139,0
2023-09-25 05:00:00,926.495,926.685,924.605,925.515,1390,1410,0
2023-09-25 06:00:00,925.505,928.385,925.285,926.395,1026,1389,0
2023-09-25 07:00:00,926.47,926.595,925.445,925.445,697,1949,0
2023-09-25 08:00:00,925.54,926.285,924.425,924.595,1581,1719,0
2023-09-25 09:00:00,924.595,927.565,924.485,926.925,1969,399,0
2023-09-25 10:00:00,926.955,927.905,925.245,925.835,2953,1989,0
2023-09-25 11:00:00,925.805,925.945,919.945,920.125,2168,309,0
2023-09-25 12:00:00,920.095,923.465,919.715,922.795,1777,879,0
2023-09-25 13:00:00,922.935,924.835,921.445,923.645,1578,2569,0
2023-09-25 14:00:00,923.645,925.475,922.305,922.38,1993,1939,0
2023-09-25 15:00:00,922.295,922.395,917.345,918.945,2342,1879,0
2023-09-25 16:00:00,918.945,919.445,914.785,918.995,2620,1389,0
2023-09-25 17:00:00,918.075,919.025,912.045,913.075,4790,1139,0
2023-09-25 18:00:00,913.115,918.415,912.885,916.375,3182,1740,0
2023-09-25 19:00:00,916.525,917.135,913.795,914.925,2092,1680,0
2023-09-25 20:00:00,914.975,916.115,913.545,914.495,2501,1890,0
2023-09-25 21:00:00,914.56,915.06,913.595,914.015,1841,1840,0
2023-09-25 22:00:00,914.075,914.28,913.325,913.635,1714,1870,0
2023-09-25 23:00:00,913.665,914.145,911.95,912.03,451,1459,0
2023-09-26 01:00:00,910.69,913.98,910.61,913.445,425,1920,0
2023-09-26 02:00:00,913.445,914.145,912.945,913.645,180,1559,0
2023-09-26 03:00:00,913.645,913.945,911.875,912.245,1182,1410,0
2023-09-26 04:00:00,912.235,912.765,909.305,910.245,1350,1139,0
2023-09-26 05:00:00,910.275,910.895,908.255,908.695,1282,2470,0
2023-09-26 06:00:00,908.695,909.09,908.115,909.09,1004,2440,0
2023-09-26 07:00:00,909.09,910.14,908.735,909.265,663,2260,0
2023-09-26 08:00:00,909.245,909.54,906.565,907.825,1212,1650,0
2023-09-26 09:00:00,907.805,908.205,904.175,904.175,1447,1590,0
2023-09-26 10:00:00,904.095,908.005,903.175,907.095,3768,2430,0
2023-09-26 11:00:00,907.125,910.075,906.705,908.375,2781,2109,0
2023-09-26 12:00:00,908.375,909.35,906.015,906.635,1753,1730,0
2023-09-26 13:00:00,906.615,907.285,905.26,906.005,1355,1289,0
2023-09-26 14:00:00,905.895,908.335,904.705,906.225,900,1249,0
2023-09-26 15:00:00,906.225,911.325,904.155,905.765,2734,1479,0
2023-09-26 16:00:00,905.675,905.795,900.965,903.195,5732,1700,0
2023-09-26 17:00:00,903.445,911.405,903.245,910.95,4800,1679,0
2023-09-26 18:00:00,910.95,910.97,905.785,908.275,2917,1790,0
2023-09-26 19:00:00,908.325,908.905,906.415,907.005,1954,1750,0
2023-09-26 20:00:00,906.985,907.365,906.075,906.345,2343,1720,0
2023-09-26 21:00:00,906.325,906.865,905.245,905.905,1387,1649,0
2023-09-26 22:00:00,905.925,906.325,905.315,906.245,822,1769,0
2023-09-26 23:00:00,906.245,907.345,904.745,905.69,269,1949,0
2023-09-27 01:00:00,901.79,905.66,901.65,903.125,1075,1720,0
2023-09-27 02:00:00,903.31,905.24,902.84,905.215,698,1540,0
2023-09-27 03:00:00,905.215,907.345,904.075,904.455,2646,1690,0
2023-09-27 04:00:00,904.455,909.895,903.585,909.605,4135,1489,0
2023-09-27 05:00:00,909.655,909.935,906.525,907.235,1549,1730,0
2023-09-27 06:00:00,907.255,908.285,906.455,907.955,1062,1560,0
2023-09-27 07:00:00,907.955,908.325,906.575,908.325,1053,1630,0
2023-09-27 08:00:00,908.325,909.425,906.925,908.955,1586,2549,0
2023-09-27 09:00:00,908.465,911.905,908.465,910.755,1818,1889,0
2023-09-27 10:00:00,910.745,910.745,908.035,908.405,1883,1499,0
2023-09-27 11:00:00,908.445,909.805,905.865,907.595,1767,649,0
2023-09-27 12:00:00,907.555,907.745,902.295,904.215,1136,939,0
2023-09-27 13:00:00,904.215,905.675,901.955,903.045,1410,1079,0
2023-09-27 14:00:00,903.045,904.335,901.115,902.185,1267,519,0
2023-09-27 15:00:00,902.075,905.015,899.845,902.585,2287,1089,0
2023-09-27 16:00:00,902.585,904.315,897.595,899.465,3501,399,0
2023-09-27 17:00:00,899.485,900.445,893.355,893.915,3667,309,0
2023-09-27 18:00:00,893.915,897.835,893.085,894.165,3222,379,0
2023-09-27 19:00:00,894.175,894.205,888.845,889.895,2988,309,0
2023-09-27 20:00:00,889.885,890.975,885.565,887.025,3402,729,0
2023-09-27 21:00:00,887.055,890.225,885.575,889.085,2164,2609,0
2023-09-27 22:00:00,889.045,892.29,889.005,891.275,1626,2489,0
2023-09-27 23:00:00,891.205,891.735,886.165,889.81,630,1919,0
2023-09-28 01:00:00,887.73,891.11,887.585,889.695,938,2890,0
2023-09-28 02:00:00,889.685,892.145,888.545,890.805,900,2900,0
2023-09-28 03:00:00,890.805,894.105,890.635,894.065,1158,2619,0
2023-09-28 04:00:00,894.065,894.515,890.835,891.445,1775,2079,0
2023-09-28 05:00:00,891.315,892.645,890.125,892.375,1409,2039,0
2023-09-28 06:00:00,892.365,894.46,891.445,893.825,975,1529,0
2023-09-28 07:00:00,893.815,894.025,892.185,892.555,871,1499,0
2023-09-28 08:00:00,892.565,895.085,891.905,894.295,1152,1459,0
2023-09-28 09:00:00,894.495,894.495,889.645,891.865,1983,909,0
2023-09-28 10:00:00,891.895,894.555,889.975,890.255,3152,1449,0
2023-09-28 11:00:00,890.325,892.425,889.025,891.315,2634,1789,0
2023-09-28 12:00:00,891.275,896.965,889.875,896.335,1846,2139,0
2023-09-28 13:00:00,896.355,897.215,893.425,894.335,1317,1879,0
2023-09-28 14:00:00,894.325,898.365,891.645,897.485,1420,899,0
2023-09-28 15:00:00,897.535,905.885,896.885,899.065,3475,479,0
2023-09-28 16:00:00,898.975,904.235,898.465,900.445,5823,659,0
2023-09-28 17:00:00,900.305,908.285,899.875,903.985,2870,1049,0
2023-09-28 18:00:00,903.645,910.295,900.78,908.495,1879,499,0
2023-09-28 19:00:00,908.345,911.095,906.21,908.305,1204,309,0
2023-09-28 20:00:00,908.405,909.885,907.075,907.995,1592,889,0
2023-09-28 21:00:00,908.155,910.085,906.88,909.775,822,1329,0
2023-09-28 22:00:00,909.695,911.525,908.23,911.235,607,319,0
2023-09-28 23:00:00,911.235,911.335,907.685,909.11,711,909,0
2023-09-29 01:00:00,906.43,912.465,906.43,911.575,429,2209,0
2023-09-29 02:00:00,911.575,912.935,909.77,912.935,274,1249,0
2023-09-29 03:00:00,912.935,912.935,908.6,910.385,331,689,0
2023-09-29 04:00:00,910.425,916.305,909.18,915.365,480,309,0
2023-09-29 05:00:00,914.35,917.665,914.35,917.025,399,539,0
2023-09-29 06:00:00,917.085,917.205,913.8,915.465,331,1089,0
2023-09-29 07:00:00,915.465,917.095,914.6,916.315,290,1349,0
2023-09-29 08:00:00,916.05,917.605,914.97,916.105,351,819,0
2023-09-29 09:00:00,916.395,920.195,916.14,918.575,779,759,0
2023-09-29 10:00:00,918.505,919.685,916.16,917.845,1273,429,0
2023-09-29 11:00:00,917.715,918.885,916.115,918.135,1688,509,0
2023-09-29 12:00:00,918.085,919.835,915.085,919.135,1520,1039,0
2023-09-29 13:00:00,919.135,919.925,915.715,918.265,1350,569,0
2023-09-29 14:00:00,917.945,918.015,914.745,916.535,1225,1169,0
2023-09-29 15:00:00,916.535,927.095,916.095,925.325,2577,459,0
2023-09-29 16:00:00,925.325,926.525,916.165,916.825,1966,1669,0
2023-09-29 17:00:00,916.815,919.895,913.245,916.145,2797,1339,0
2023-09-29 18:00:00,916.045,916.245,908.645,910.715,2427,1779,0
2023-09-29 19:00:00,910.825,911.975,908.1,908.465,2141,349,0
2023-09-29 20:00:00,908.465,908.465,904.545,905.165,1570,349,0
2023-09-29 21:00:00,905.145,907.445,904.445,907.445,1989,1439,0
2023-09-29 22:00:00,907.445,907.845,905.165,905.605,1141,1699,0
2023-09-29 23:00:00,905.545,907.47,905.255,905.81,1215,2790,0
2023-10-02 01:00:00,905.32,911.1,904.83,909.515,2233,2370,0
2023-10-02 02:00:00,909.375,911.31,907.065,910.445,1198,2300,0
2023-10-02 03:00:00,910.445,912.31,907.855,908.045,1591,2110,0
2023-10-02 04:00:00,908.075,913.75,908.045,912.065,1556,2780,0
2023-10-02 05:00:00,912.025,912.615,910.565,911.325,1106,2780,0
2023-10-02 06:00:00,911.465,912.22,910.375,910.955,853,2880,0
2023-10-02 07:00:00,910.735,912.335,906.125,907.635,993,2840,0
2023-10-02 08:00:00,907.675,908.905,902.96,904.255,901,1269,0
2023-10-02 09:00:00,904.245,910.865,903.635,910.255,1459,539,0
2023-10-02 10:00:00,910.255,910.985,905.735,906.415,2068,509,0
2023-10-02 11:00:00,906.195,908.365,903.795,903.985,2244,1289,0
2023-10-02 12:00:00,903.985,904.305,898.945,899.805,2274,999,0
2023-10-02 13:00:00,899.835,903.56,899.045,899.415,1506,980,0
2023-10-02 14:00:00,899.425,901.065,897.275,899.305,2050,880,0
2023-10-02 15:00:00,899.265,901.945,894.165,899.035,4959,1019,0
2023-10-02 16:00:00,899.135,903.005,894.805,895.425,3440,1889,0
2023-10-02 17:00:00,895.195,898.035,887.755,888.475,7030,1149,0
2023-10-02 18:00:00,888.475,890.855,879.965,881.365,5515,1529,0
2023-10-02 19:00:00,881.355,882.475,879.725,881.475,4532,1289,0
2023-10-02 20:00:00,881.485,882.375,879.655,881.345,2904,1019,0
2023-10-02 21:00:00,881.355,883.045,880.045,880.445,2149,960,0
2023-10-02 22:00:00,880.445,882.32,880.245,880.345,437,960,0
2023-10-02 23:00:00,880.345,881.47,879.165,879.9,660,960,0
2023-10-03 01:00:00,878.09,881.1,872.795,879.115,737,1080,0
2023-10-03 02:00:00,878.955,880.895,875.655,878.435,2187,1070,0
2023-10-03 03:00:00,878.365,879.71,876.385,878.735,1697,1080,0
2023-10-03 04:00:00,878.705,879.31,874.535,875.195,1851,1080,0
2023-10-03 05:00:00,875.175,876.4,870.045,871.255,1298,1070,0
2023-10-03 06:00:00,871.255,874.78,871.145,873.615,1462,1070,0
2023-10-03 07:00:00,873.635,874.8,872.065,872.255,1358,1080,0
2023-10-03 08:00:00,872.235,872.545,870.315,871.505,1813,1080,0
2023-10-03 09:00:00,871.535,875.51,871.195,874.555,2390,980,0
2023-10-03 10:00:00,874.515,874.705,871.625,873.255,2662,980,0
2023-10-03 11:00:00,873.365,885.655,873.365,884.125,2992,980,0
2023-10-03 12:00:00,884.025,885.775,881.525,885.225,812,980,0
2023-10-03 13:00:00,884.81,886.475,880.615,881.295,632,980,0
2023-10-03 14:00:00,881.295,881.295,877.865,880.425,986,880,0
2023-10-03 15:00:00,880.545,885.575,876.785,879.375,2274,880,0
2023-10-03 16:00:00,879.445,883.965,876.245,876.245,2939,709,0
2023-10-03 17:00:00,876.245,880.175,871.355,875.385,5725,949,0
2023-10-03 18:00:00,875.385,877.545,872.765,875.075,2796,879,0
2023-10-03 19:00:00,875.075,878.155,873.835,875.055,1327,1149,0
2023-10-03 20:00:00,875.055,876.025,872.595,872.875,731,799,0
2023-10-03 21:00:00,872.875,873.795,871.755,873.025,583,729,0
2023-10-03 22:00:00,873.025,873.675,872.4,872.985,485,960,0
2023-10-03 23:00:00,872.985,873.445,870.145,870.65,778,960,0
2023-10-04 01:00:00,869.06,872.42,868.715,872.26,341,1080,0
2023-10-04 02:00:00,872.26,874.145,869.805,873.315,327,349,0
2023-10-04 03:00:00,873.315,873.315,866.695,868.795,1027,319,0
2023-10-04 04:00:00,868.615,869.2,864.825,867.115,1185,1279,0
2023-10-04 05:00:00,867.125,868.46,865.915,867.155,1546,1080,0
2023-10-04 06:00:00,867.165,868.455,863.785,865.305,1354,1070,0
2023-10-04 07:00:00,865.305,867.71,864.785,866.675,1027,1080,0
2023-10-04 08:00:00,866.575,867.66,865.105,865.685,1022,1080,0
2023-10-04 09:00:00,865.685,865.875,862.835,863.485,2282,319,0
2023-10-04 10:00:00,863.485,870.765,862.535,870.755,3888,1180,0
2023-10-04 11:00:00,870.525,871.885,868.985,871.265,2776,970,0
2023-10-04 12:00:00,871.215,873.865,869.69,871.945,967,970,0
2023-10-04 13:00:00,871.845,873.11,868.945,870.345,1346,970,0
2023-10-04 14:00:00,870.405,878.075,870.115,876.695,2790,880,0
2023-10-04 15:00:00,876.345,880.975,874.025,876.635,3332,880,0
2023-10-04 16:00:00,876.685,876.795,865.885,865.885,2691,1080,0
2023-10-04 17:00:00,865.615,868.135,862.745,863.475,9411,1539,0
2023-10-04 18:00:00,863.455,871.715,862.425,870.995,6727,1339,0
2023-10-04 19:00:00,871.065,873.475,869.775,870.625,1427,960,0
2023-10-04 20:00:00,870.725,871.425,868.425,868.575,567,960,0
2023-10-04 21:00:00,868.475,869.52,867.295,868.575,507,960,0
2023-10-04 22:00:00,868.545,871.37,868.445,870.895,451,960,0
2023-10-04 23:00:00,870.795,871.03,867.685,867.97,527,960,0
2023-10-05 01:00:00,867.03,868.715,866.93,868.5,290,1080,0
2023-10-05 02:00:00,868.5,869.2,867.915,867.915,236,1080,0
2023-10-05 03:00:00,868.1,871.775,866.065,871.565,398,1080,0
2023-10-05 04:00:00,871.605,875.105,871.125,874.635,656,1080,0
2023-10-05 05:00:00,874.635,874.795,871.47,872.165,361,1070,0
2023-10-05 06:00:00,872.165,874.495,871.57,873.555,345,1070,0
2023-10-05 07:00:00,873.555,874.315,871.945,872.835,296,1070,0
2023-10-05 08:00:00,872.835,873.595,871.525,872.695,354,1080,0
2023-10-05 09:00:00,872.775,873.185,868.11,868.875,489,980,0
2023-10-05 10:00:00,868.785,869.025,864.555,865.325,620,980,0
2023-10-05 11:00:00,865.275,869.515,863.475,863.705,1211,970,0
2023-10-05 12:00:00,863.675,867.375,862.775,866.005,1032,980,0
2023-10-05 13:00:00,866.005,867.595,864.285,867.025,1105,980,0
2023-10-05 14:00:00,867.025,867.175,863.235,865.105,1650,880,0
2023-10-05 15:00:00,865.115,865.115,859.845,863.165,2626,880,0
2023-10-05 16:00:00,863.265,869.445,862.025,866.325,1520,1209,0
2023-10-05 17:00:00,866.245,866.495,860.615,862.205,2310,880,0
2023-10-05 18:00:00,862.115,862.115,857.305,857.805,1223,880,0
2023-10-05 19:00:00,857.805,860.495,857.125,859.605,827,960,0
2023-10-05 20:00:00,859.635,861.97,857.945,861.875,828,960,0
2023-10-05 21:00:00,861.875,863.585,861.795,863.485,508,960,0
2023-10-05 22:00:00,863.485,864.3,862.365,864.065,407,1170,0
2023-10-05 23:00:00,864.075,864.2,861.945,863.09,437,960,0
2023-10-06 01:00:00,861.68,864.25,860.525,863.6,327,1300,0
2023-10-06 02:00:00,863.6,863.93,861.175,861.175,250,1080,0
2023-10-06 03:00:00,861.085,862.4,859.355,859.475,1500,949,0
2023-10-06 04:00:00,859.475,861.855,858.815,861.225,841,1190,0
2023-10-06 05:00:00,861.325,861.945,860.055,861.695,1187,1070,0
2023-10-06 06:00:00,861.695,862.145,860.615,861.885,1127,1070,0
2023-10-06 07:00:00,861.875,862.075,859.165,859.565,543,1070,0
2023-10-06 08:00:00,859.585,859.81,856.455,857.465,684,1080,0
2023-10-06 09:00:00,857.435,859.46,856.745,859.095,534,329,0
2023-10-06 10:00:00,859.075,863.315,858.095,863.175,747,970,0
2023-10-06 11:00:00,863.295,863.545,857.675,860.715,524,980,0
2023-10-06 12:00:00,860.715,861.31,857.785,859.785,474,980,0
2023-10-06 13:00:00,859.895,863.175,859.895,862.11,577,980,0
2023-10-06 14:00:00,861.965,862.875,860.255,861.305,607,880,0
2023-10-06 15:00:00,861.455,864.365,851.845,857.695,2300,880,0
2023-10-06 16:00:00,857.625,867.425,857.545,863.445,2852,819,0
2023-10-06 17:00:00,863.445,871.845,862.675,866.845,2058,439,0
2023-10-06 18:00:00,866.845,885.105,866.725,883.505,2713,880,0
2023-10-06 19:00:00,883.505,884.585,876.525,876.915,4903,1509,0
2023-10-06 20:00:00,876.845,881.775,876.845,880.03,702,1189,0
2023-10-06 21:00:00,880.795,883.325,880.13,881.425,490,1429,0
2023-10-06 22:00:00,881.395,881.475,879.425,880.075,416,1209,0
2023-10-06 23:00:00,880.075,880.615,878.205,878.64,473,1389,0
2023-10-09 01:00:00,880.36,885.475,872.75,874.295,1065,1680,0
2023-10-09 02:00:00,874.255,879.075,873.645,878.335,414,1929,0
2023-10-09 03:00:00,878.335,888.195,877.935,888.195,687,749,0
2023-10-09 04:00:00,888.195,888.225,880.465,883.145,1138,1229,0
2023-10-09 05:00:00,883.245,887.36,883.145,885.445,796,1619,0
2023-10-09 06:00:00,886.31,887.165,884.175,887.135,953,1679,0
2023-10-09 07:00:00,887.135,887.76,885.875,886.545,1174,1680,0
2023-10-09 08:00:00,886.585,889.285,886.335,888.985,2182,1680,0
2023-10-09 09:00:00,889.035,892.965,885.735,885.855,2272,1369,0
2023-10-09 10:00:00,885.895,887.395,884.065,884.985,1716,959,0
2023-10-09 11:00:00,885.57,889.17,883.605,888.595,800,1159,0
2023-10-09 12:00:00,888.615,889.57,883.475,885.025,602,999,0
2023-10-09 13:00:00,884.945,887.37,884.075,885.725,442,1559,0
2023-10-09 14:00:00,885.795,889.365,885.295,887.465,476,1559,0
2023-10-09 15:00:00,887.745,887.815,878.845,881.045,732,1079,0
2023-10-09 16:00:00,881.045,882.745,876.745,881.475,1676,1239,0
2023-10-09 17:00:00,881.565,885.415,878.115,881.945,2135,939,0
2023-10-09 18:00:00,881.945,885.84,881.545,884.235,2227,839,0
2023-10-09 19:00:00,884.215,884.995,882.815,884.295,2352,1139,0
2023-10-09 20:00:00,884.265,889.575,883.635,889.345,2576,1149,0
2023-10-09 21:00:00,889.345,890.515,888.805,890.135,2347,1730,0
2023-10-09 22:00:00,890.115,890.555,889.245,889.765,3017,1730,0
2023-10-09 23:00:00,889.795,889.94,887.735,888.92,897,1730,0
2023-10-10 01:00:00,887.05,890.26,882.915,889.435,606,1680,0
2023-10-10 02:00:00,889.245,890.87,888.735,890.195,733,1680,0
2023-10-10 03:00:00,890.215,893.41,890.015,892.345,566,1399,0
2023-10-10 04:00:00,892.345,895.26,891.185,894.085,462,1680,0
2023-10-10 05:00:00,894.285,894.435,890.585,891.125,348,1680,0
2023-10-10 06:00:00,891.125,892.735,890.775,892.405,504,1680,0
2023-10-10 07:00:00,892.415,892.495,891.025,891.795,329,1680,0
2023-10-10 08:00:00,891.795,892.675,891.085,892.515,325,1680,0
2023-10-10 09:00:00,892.975,893.495,887.885,889.245,1670,1199,0
2023-10-10 10:00:00,889.175,890.72,886.345,888.345,1437,1069,0
2023-10-10 11:00:00,888.345,892.245,885.845,890.545,940,1329,0
2023-10-10 12:00:00,890.545,891.27,888.545,889.445,1111,1109,0
2023-10-10 13:00:00,889.245,889.245,885.385,886.925,1217,739,0
2023-10-10 14:00:00,887.025,887.425,884.445,886.165,1773,839,0
2023-10-10 15:00:00,886.165,889.815,883.795,885.685,3159,959,0
2023-10-10 16:00:00,885.635,890.545,883.085,890.145,3880,859,0
2023-10-10 17:00:00,890.145,892.235,887.345,890.565,3903,959,0
2023-10-10 18:00:00,890.525,890.795,883.745,886.895,3715,1149,0
2023-10-10 19:00:00,886.855,888.45,885.145,885.805,2238,939,0
2023-10-10 20:00:00,885.805,886.905,882.145,882.765,3104,529,0
2023-10-10 21:00:00,882.785,884.23,882.545,883.93,2236,589,0
2023-10-10 22:00:00,883.645,885.02,883.245,884.105,1715,959,0
2023-10-10 23:00:00,884.105,885.015,882.005,884.14,836,1199,0
2023-10-11 01:00:00,881.77,884.79,880.61,883.61,680,1680,0
2023-10-11 02:00:00,883.61,885.19,881.645,882.545,676,1680,0
2023-10-11 03:00:00,882.545,886.485,882.345,883.905,1012,989,0
2023-10-11 04:00:00,883.875,886.81,883.795,886.515,1643,359,0
2023-10-11 05:00:00,887.01,887.01,884.905,885.855,1636,1479,0
2023-10-11 06:00:00,885.855,886.395,884.675,886.085,1066,1419,0
2023-10-11 07:00:00,886.085,887.525,885.045,886.765,995,659,0
2023-10-11 08:00:00,886.755,890.23,886.645,887.305,1086,749,0
2023-10-11 09:00:00,887.305,890.37,886.325,888.025,2029,1349,0
2023-10-11 10:00:00,888.055,892.495,887.805,890.695,4323,739,0
2023-10-11 11:00:00,890.665,891.025,887.745,888.635,3661,739,0
2023-10-11 12:00:00,888.655,889.295,884.205,884.255,1462,899,0
2023-10-11 13:00:00,884.355,885.32,880.395,881.915,2085,309,0
2023-10-11 14:00:00,881.915,883.635,879.445,879.935,2217,309,0
2023-10-11 15:00:00,880.645,881.545,874.095,880.885,5651,309,0
2023-10-11 16:00:00,880.655,886.975,877.685,886.975,4266,1559,0
2023-10-11 17:00:00,886.895,887.145,881.625,885.555,1325,1559,0
2023-10-11 18:00:00,885.565,887.495,884.345,884.905,2388,1559,0
2023-10-11 19:00:00,884.845,889.505,884.745,888.775,1232,1559,0
2023-10-11 20:00:00,888.695,889.615,886.035,886.035,621,1559,0
2023-10-11 21:00:00,885.965,890.43,885.935,889.285,760,1740,0
2023-10-11 22:00:00,889.315,890.93,889.165,889.945,1092,1740,0
2023-10-11 23:00:00,889.935,890.78,888.445,889.86,688,1740,0
2023-10-12 01:00:00,887.85,890.85,886.605,888.655,566,1680,0
2023-10-12 02:00:00,890.49,891.27,888.345,889.295,407,1680,0
2023-10-12 03:00:00,889.235,892.355,889.235,891.255,768,1680,0
2023-10-12 04:00:00,891.255,893.86,891.015,892.125,790,1519,0
2023-10-12 05:00:00,892.135,892.81,888.145,890.465,681,1680,0
2023-10-12 06:00:00,890.465,893.11,890.305,892.805,520,1680,0
2023-10-12 07:00:00,892.785,895.8,891.895,894.745,624,1680,0
2023-10-12 08:00:00,894.825,896.0,893.995,894.91,335,1680,0
2023-10-12 09:00:00,895.605,897.555,893.87,897.475,881,1459,0
2023-10-12 10:00:00,897.365,897.365,890.695,890.965,1241,1660,0
2023-10-12 11:00:00,890.895,892.245,888.795,890.22,548,1529,0
2023-10-12 12:00:00,890.22,891.62,887.865,887.975,463,1559,0
2023-10-12 13:00:00,888.195,888.575,884.135,884.335,581,1469,0
2023-10-12 14:00:00,884.355,886.74,883.015,883.665,2134,1129,0
2023-10-12 15:00:00,883.665,886.405,878.645,884.965,5984,309,0
2023-10-12 16:00:00,884.925,885.265,872.695,874.325,5864,329,0
2023-10-12 17:00:00,874.325,876.615,871.125,871.765,4915,689,0
2023-10-12 18:00:00,871.765,875.435,870.395,872.085,3762,909,0
2023-10-12 19:00:00,872.135,873.705,870.865,872.805,2669,1119,0
2023-10-12 20:00:00,872.825,873.335,867.995,868.515,3742,839,0
2023-10-12 21:00:00,868.535,869.585,867.545,868.695,2453,1279,0
2023-10-12 22:00:00,868.665,869.92,868.345,868.685,1830,1410,0
2023-10-12 23:00:00,868.665,869.69,866.975,868.52,327,1420,0
2023-10-13 01:00:00,865.62,869.7,862.445,868.445,532,1450,0
2023-10-13 02:00:00,868.475,871.6,868.345,870.545,435,1450,0
2023-10-13 03:00:00,870.045,871.915,868.975,869.475,1202,1450,0
2023-10-13 04:00:00,869.35,871.305,868.195,869.485,1458,1450,0
2023-10-13 05:00:00,869.535,872.235,868.085,871.715,1353,1450,0
2023-10-13 06:00:00,871.725,872.365,870.275,870.705,896,1450,0
2023-10-13 07:00:00,870.665,871.335,869.175,869.315,816,1450,0
2023-10-13 08:00:00,869.365,873.0,869.125,870.725,1150,1450,0
2023-10-13 09:00:00,870.765,873.29,868.445,871.545,880,1420,0
2023-10-13 10:00:00,871.345,873.59,869.545,871.165,2351,1420,0
2023-10-13 11:00:00,871.165,874.925,870.145,870.145,2881,1420,0
2023-10-13 12:00:00,870.145,871.525,868.445,869.245,1482,1219,0
2023-10-13 13:00:00,869.175,870.69,864.245,865.135,1778,839,0
2023-10-13 14:00:00,865.145,880.545,864.745,878.165,2224,1299,0
2023-10-13 15:00:00,878.045,888.245,875.975,885.155,2186,929,0
2023-10-13 16:00:00,885.075,885.205,877.195,878.505,1890,849,0
2023-10-13 17:00:00,878.115,880.435,875.985,879.405,2194,1169,0
2023-10-13 18:00:00,879.305,880.095,877.165,879.165,1200,1320,0
2023-10-13 19:00:00,879.015,883.695,879.015,881.125,775,1279,0
2023-10-13 20:00:00,881.195,884.475,880.73,883.675,511,1179,0
2023-10-13 21:00:00,883.575,884.425,882.24,883.225,524,1179,0
2023-10-13 22:00:00,883.225,884.325,882.39,883.635,495,1420,0
2023-10-13 23:00:00,883.545,884.74,882.665,883.56,352,1420,0
2023-10-16 01:00:00,880.01,886.145,876.145,885.475,1637,1560,0
2023-10-16 02:00:00,885.505,886.945,883.985,885.555,1208,1920,0
2023-10-16 03:00:00,885.505,887.475,883.065,883.435,1870,1990,0
2023-10-16 04:00:00,883.405,884.905,881.735,882.155,2110,2070,0
2023-10-16 05:00:00,882.155,884.795,881.685,884.425,1495,2380,0
2023-10-16 06:00:00,884.575,884.575,882.335,883.505,1169,2340,0
2023-10-16 07:00:00,883.485,884.98,883.115,883.165,995,1450,0
2023-10-16 08:00:00,883.185,884.1,879.755,880.245,1994,1470,0
2023-10-16 09:00:00,880.485,883.835,880.225,881.475,2989,1410,0
2023-10-16 10:00:00,881.425,885.965,879.425,885.525,663,1410,0
2023-10-16 11:00:00,885.415,886.835,883.985,884.605,700,1410,0
2023-10-16 12:00:00,884.455,886.995,883.335,883.335,584,1410,0
2023-10-16 13:00:00,883.71,883.71,877.725,879.145,555,619,0
2023-10-16 14:00:00,879.145,879.755,876.515,878.745,561,1200,0
2023-10-16 15:00:00,878.545,886.025,876.075,885.835,1288,629,0
2023-10-16 16:00:00,885.835,890.855,882.605,885.645,1394,629,0
2023-10-16 17:00:00,885.705,893.065,883.635,890.35,1398,1159,0
2023-10-16 18:00:00,889.745,894.265,889.745,893.765,1109,799,0
2023-10-16 19:00:00,893.765,894.415,891.935,894.285,723,1119,0
2023-10-16 20:00:00,894.285,895.845,893.645,894.045,366,1260,0
2023-10-16 21:00:00,894.045,895.14,893.145,893.715,615,1260,0
2023-10-16 22:00:00,893.705,895.32,893.425,894.845,602,1260,0
2023-10-16 23:00:00,894.845,895.37,889.455,894.22,488,1260,0
2023-10-17 01:00:00,892.39,894.8,892.35,892.725,717,2000,0
2023-10-17 02:00:00,892.745,894.4,891.635,892.325,627,1990,0
2023-10-17 03:00:00,892.305,893.825,891.565,893.795,1066,1740,0
2023-10-17 04:00:00,893.765,893.77,890.415,891.805,1243,1750,0
2023-10-17 05:00:00,891.875,891.98,889.645,890.935,1255,1560,0
2023-10-17 06:00:00,890.905,892.9,890.715,891.905,1197,1600,0
2023-10-17 07:00:00,891.935,892.7,890.325,891.095,1031,1330,0
2023-10-17 08:00:00,891.095,893.375,890.565,893.095,1474,1330,0
2023-10-17 09:00:00,893.115,894.055,891.18,892.645,981,1280,0
2023-10-17 10:00:00,892.645,899.755,892.445,897.105,1046,339,0
2023-10-17 11:00:00,897.095,898.36,892.825,893.025,2058,1109,0
2023-10-17 12:00:00,892.975,899.155,892.975,898.815,2311,1280,0
2023-10-17 13:00:00,898.815,899.805,893.815,893.815,2716,1159,0
2023-10-17 14:00:00,893.815,898.095,893.075,897.525,2488,699,0
2023-10-17 15:00:00,897.525,903.875,895.045,897.145,1506,609,0
2023-10-17 16:00:00,897.145,901.04,894.265,900.295,2146,699,0
2023-10-17 17:00:00,900.355,904.095,898.045,899.845,1033,1099,0
2023-10-17 18:00:00,899.845,901.825,898.545,900.825,570,1200,0
2023-10-17 19:00:00,900.965,901.695,899.105,899.805,601,1260,0
2023-10-17 20:00:00,899.895,901.37,897.225,897.475,538,1260,0
2023-10-17 21:00:00,897.575,898.67,897.455,897.885,415,1260,0
2023-10-17 22:00:00,898.015,899.975,897.715,898.625,1714,1260,0
2023-10-17 23:00:00,898.595,899.7,897.415,899.57,804,1260,0
2023-10-18 01:00:00,895.54,900.77,895.54,899.215,621,1420,0
2023-10-18 02:00:00,899.245,900.49,897.735,898.875,533,1390,0
2023-10-18 03:00:00,898.845,900.465,898.375,899.925,1438,1400,0
2023-10-18 04:00:00,899.865,905.155,899.735,904.045,3156,1159,0
2023-10-18 05:00:00,903.985,906.54,903.005,904.745,2985,1329,0
2023-10-18 06:00:00,904.765,905.88,903.785,905.205,1487,1289,0
2023-10-18 07:00:00,905.245,906.23,903.665,903.905,1109,1209,0
2023-10-18 08:00:00,903.905,905.57,903.555,904.845,2026,1579,0
2023-10-18 09:00:00,904.845,906.035,901.445,902.555,1417,1089,0
2023-10-18 10:00:00,902.265,908.165,902.235,907.495,2997,379,0
2023-10-18 11:00:00,907.515,908.5,903.965,907.725,2470,619,0
2023-10-18 12:00:00,907.775,909.42,906.805,907.855,1571,879,0
2023-10-18 13:00:00,907.855,908.32,901.945,906.035,1854,479,0
2023-10-18 14:00:00,905.975,906.59,902.645,903.845,1389,329,0
2023-10-18 15:00:00,904.145,906.745,896.745,899.525,5853,309,0
2023-10-18 16:00:00,899.525,900.495,890.425,890.745,7383,309,0
2023-10-18 17:00:00,890.745,891.315,880.205,881.325,3297,709,0
2023-10-18 18:00:00,881.345,885.58,880.845,885.245,1226,1110,0
2023-10-18 19:00:00,885.245,890.24,884.445,889.145,529,639,0
2023-10-18 20:00:00,889.145,890.88,888.245,889.045,352,369,0
2023-10-18 21:00:00,889.045,889.245,886.245,886.575,1721,479,0
2023-10-18 22:00:00,886.545,888.29,885.645,886.745,375,509,0
2023-10-18 23:00:00,886.745,887.62,885.365,885.82,561,1160,0
2023-10-19 01:00:00,884.34,887.85,884.125,886.495,770,1580,0
2023-10-19 02:00:00,886.525,888.07,885.925,887.575,764,1580,0
2023-10-19 03:00:00,887.545,889.445,885.425,886.455,1562,1539,0
2023-10-19 04:00:00,886.425,887.925,883.045,884.425,2281,1329,0
2023-10-19 05:00:00,884.405,885.685,883.525,885.665,1767,1169,0
2023-10-19 06:00:00,885.645,886.365,883.525,884.245,1251,1269,0
2023-10-19 07:00:00,884.35,885.115,883.475,884.815,1135,1949,0
2023-10-19 08:00:00,884.805,885.325,882.065,882.825,1513,2070,0
2023-10-19 09:00:00,882.825,886.115,882.425,885.925,2161,1409,0
2023-10-19 10:00:00,885.935,888.245,883.445,884.005,3672,419,0
2023-10-19 11:00:00,883.905,887.77,879.22,879.875,685,1060,0
2023-10-19 12:00:00,879.975,881.905,877.98,881.885,602,1060,0
2023-10-19 13:00:00,881.07,884.4,881.07,882.995,572,1060,0
2023-10-19 14:00:00,883.72,884.905,880.945,884.655,1299,1060,0
2023-10-19 15:00:00,884.705,891.075,884.275,888.115,2422,959,0
2023-10-19 16:00:00,888.005,893.025,886.135,891.945,5433,859,0
2023-10-19 17:00:00,891.945,893.025,889.525,890.705,2212,1060,0
2023-10-19 18:00:00,890.725,894.815,890.335,891.475,1599,349,0
2023-10-19 19:00:00,891.475,895.545,885.495,894.145,2649,629,0
2023-10-19 20:00:00,894.015,898.645,893.465,895.315,1103,979,0
2023-10-19 21:00:00,895.315,896.295,891.215,892.085,3806,1110,0
2023-10-19 22:00:00,892.055,895.0,891.725,894.575,922,1110,0
2023-10-19 23:00:00,894.575,895.59,891.645,893.26,561,1110,0
2023-10-20 01:00:00,890.34,894.51,889.005,891.345,615,1530,0
2023-10-20 02:00:00,891.345,894.755,891.345,893.045,286,1530,0
2023-10-20 03:00:00,893.045,893.825,890.315,890.905,2010,1530,0
2023-10-20 04:00:00,890.865,892.725,888.015,892.675,2032,1770,0
2023-10-20 05:00:00,892.675,896.215,891.975,895.835,1685,1389,0
2023-10-20 06:00:00,895.815,896.775,893.285,893.315,1172,1530,0
2023-10-20 07:00:00,893.315,894.48,890.725,890.935,1007,1540,0
2023-10-20 08:00:00,890.915,892.895,890.115,891.825,1849,1539,0
2023-10-20 09:00:00,891.825,893.15,889.095,892.725,1773,989,0
2023-10-20 10:00:00,892.695,894.48,890.545,892.745,1208,899,0
2023-10-20 11:00:00,892.945,902.345,892.645,901.445,454,909,0
2023-10-20 12:00:00,901.445,902.14,898.845,900.245,424,1020,0
2023-10-20 13:00:00,900.445,903.94,899.145,902.435,400,1020,0
2023-10-20 14:00:00,902.535,904.015,898.235,898.705,629,970,0
2023-10-20 15:00:00,898.635,902.51,895.455,896.715,850,980,0
2023-10-20 16:00:00,896.605,903.65,894.245,902.91,1258,969,0
2023-10-20 17:00:00,903.0,905.295,900.045,904.145,828,719,0
2023-10-20 18:00:00,903.945,907.005,900.685,902.155,2204,789,0
2023-10-20 19:00:00,902.185,902.33,898.965,899.645,2612,339,0
2023-10-20 20:00:00,899.645,902.21,898.645,900.245,432,309,0
2023-10-20 21:00:00,900.245,900.58,897.745,899.145,283,309,0
2023-10-20 22:00:00,899.88,900.08,897.585,898.445,320,359,0
2023-10-20 23:00:00,898.445,899.68,892.195,897.15,586,669,0
2023-10-23 01:00:00,893.24,899.0,890.015,897.345,433,1700,0
2023-10-23 02:00:00,898.5,900.0,894.735,895.835,836,1520,0
2023-10-23 03:00:00,895.805,896.585,891.545,893.6,1652,1520,0
2023-10-23 04:00:00,893.235,894.315,891.975,893.205,1864,1520,0
2023-10-23 05:00:00,893.175,894.865,892.645,893.395,1433,1520,0
2023-10-23 06:00:00,893.395,894.315,891.945,893.515,1037,1520,0
2023-10-23 07:00:00,893.71,894.055,891.745,893.355,953,1409,0
2023-10-23 08:00:00,893.335,894.805,892.705,893.565,1319,789,0
2023-10-23 09:00:00,893.545,896.995,893.545,896.065,1949,459,0
2023-10-23 10:00:00,895.885,896.435,893.095,895.745,2630,509,0
2023-10-23 11:00:00,895.745,898.775,894.845,895.045,2214,519,0
2023-10-23 12:00:00,896.13,896.545,890.835,891.015,2046,940,0
2023-10-23 13:00:00,891.045,893.445,889.635,892.945,2162,940,0
2023-10-23 14:00:00,894.43,898.125,892.625,896.745,848,789,0
2023-10-23 15:00:00,896.745,902.895,895.845,900.145,1934,859,0
2023-10-23 16:00:00,900.145,901.145,890.525,895.245,4006,719,0
2023-10-23 17:00:00,895.245,901.15,895.245,900.145,1512,910,0
2023-10-23 18:00:00,900.145,903.64,898.835,900.545,550,759,0
2023-10-23 19:00:00,900.545,901.84,898.845,900.345,357,960,0
2023-10-23 20:00:00,900.345,901.35,899.645,900.445,294,960,0
2023-10-23 21:00:00,900.445,901.05,898.845,900.145,227,960,0
2023-10-23 22:00:00,900.145,900.545,896.745,898.045,281,960,0
2023-10-23 23:00:00,898.045,898.9,896.885,897.44,472,960,0
2023-10-24 01:00:00,895.84,897.96,891.465,896.445,485,1510,0
2023-10-24 02:00:00,897.59,898.51,896.345,897.745,217,1510,0
2023-10-24 03:00:00,897.745,898.52,896.395,897.485,839,1510,0
2023-10-24 04:00:00,897.515,899.415,897.265,897.685,1953,1339,0
2023-10-24 05:00:00,897.705,903.465,897.415,900.465,1906,1379,0
2023-10-24 06:00:00,900.485,900.615,898.645,898.845,846,1479,0
2023-10-24 07:00:00,899.49,899.49,897.645,898.595,618,1510,0
2023-10-24 08:00:00,898.615,899.355,897.675,898.955,1340,1510,0
2023-10-24 09:00:00,898.955,902.635,898.485,901.855,1601,719,0
2023-10-24 10:00:00,901.745,903.86,898.845,898.945,374,339,0
2023-10-24 11:00:00,899.045,900.13,891.545,892.525,597,489,0
2023-10-24 12:00:00,892.425,892.93,886.405,887.215,1725,309,0
2023-10-24 13:00:00,887.045,887.88,884.885,886.085,2735,940,0
2023-10-24 14:00:00,886.105,889.745,884.075,888.505,3118,920,0
2023-10-24 15:00:00,888.505,888.855,883.195,885.945,3889,910,0
2023-10-24 16:00:00,886.115,889.075,880.015,885.465,1381,489,0
2023-10-24 17:00:00,885.515,888.975,884.385,888.385,3597,910,0
2023-10-24 18:00:00,888.285,888.46,884.615,886.505,2692,910,0
2023-10-24 19:00:00,886.545,887.655,885.195,886.805,3730,960,0
2023-10-24 20:00:00,886.835,890.02,886.765,889.035,2976,960,0
2023-10-24 21:00:00,889.035,889.62,888.245,889.025,2010,960,0
2023-10-24 22:00:00,888.975,890.41,888.555,889.755,1159,960,0
2023-10-24 23:00:00,889.705,890.41,887.345,889.24,719,960,0
2023-10-25 01:00:00,885.54,889.98,885.51,889.7,528,1600,0
2023-10-25 02:00:00,889.7,890.58,887.605,889.335,617,1540,0
2023-10-25 03:00:00,889.105,890.455,888.105,889.485,1181,1399,0
2023-10-25 04:00:00,889.485,891.63,888.945,890.495,1870,1540,0
2023-10-25 05:00:00,890.495,891.33,888.365,888.935,1260,1540,0
2023-10-25 06:00:00,888.955,889.855,886.455,886.655,1119,1540,0
2023-10-25 07:00:00,887.33,888.58,886.245,886.835,923,1530,0
2023-10-25 08:00:00,888.06,888.32,886.065,887.465,1207,1329,0
2023-10-25 09:00:00,887.515,889.505,884.245,884.995,1722,399,0
2023-10-25 10:00:00,884.995,886.145,882.345,884.255,2742,369,0
2023-10-25 11:00:00,884.215,885.415,880.745,881.075,2912,799,0
2023-10-25 12:00:00,881.045,884.545,880.415,883.005,2062,509,0
2023-10-25 13:00:00,883.105,889.04,881.965,887.885,651,920,0
2023-10-25 14:00:00,887.845,890.375,887.165,889.705,2313,860,0
2023-10-25 15:00:00,889.645,897.045,885.895,895.445,2443,860,0
2023-10-25 16:00:00,895.445,901.445,895.045,901.045,1308,860,0
2023-10-25 17:00:00,901.045,905.325,896.245,903.115,1606,860,0
2023-10-25 18:00:00,902.935,910.175,898.525,906.915,4609,569,0
2023-10-25 19:00:00,907.335,910.355,906.415,907.075,1971,860,0
2023-10-25 20:00:00,907.105,908.99,905.145,907.725,1818,860,0
2023-10-25 21:00:00,907.745,909.07,906.005,906.895,1671,860,0
2023-10-25 22:00:00,906.865,908.8,905.865,907.045,1546,860,0
2023-10-25 23:00:00,907.045,908.99,905.355,906.43,1010,860,0
2023-10-26 01:00:00,904.78,906.98,900.565,904.295,1343,1500,0
2023-10-26 02:00:00,904.445,905.96,902.275,902.435,1658,1500,0
2023-10-26 03:00:00,902.415,903.8,899.605,900.395,1038,1500,0
2023-10-26 04:00:00,900.395,903.495,900.185,902.125,1513,2209,0
2023-10-26 05:00:00,902.095,903.35,900.645,901.085,889,1500,0
2023-10-26 06:00:00,901.085,903.935,899.885,902.615,1096,1349,0
2023-10-26 07:00:00,902.625,904.755,902.515,903.715,1092,1500,0
2023-10-26 08:00:00,903.665,905.435,903.115,903.795,861,1500,0
2023-10-26 09:00:00,904.075,906.115,902.595,904.375,582,920,0
2023-10-26 10:00:00,904.375,905.455,901.175,905.045,1081,920,0
2023-10-26 11:00:00,905.045,909.4,904.895,908.625,789,900,0
2023-10-26 12:00:00,908.725,909.895,904.575,908.495,1287,900,0
2023-10-26 13:00:00,908.475,910.255,907.695,909.835,2313,870,0
2023-10-26 14:00:00,909.835,911.235,906.715,909.665,2576,820,0
2023-10-26 15:00:00,909.675,913.645,908.185,913.055,6318,1020,0
2023-10-26 16:00:00,913.195,913.235,901.745,903.645,1651,669,0
2023-10-26 17:00:00,903.645,903.775,895.505,902.705,3403,349,0
2023-10-26 18:00:00,902.755,904.205,900.545,903.435,4991,1270,0
2023-10-26 19:00:00,903.415,903.485,901.205,902.115,3962,1200,0
2023-10-26 20:00:00,902.145,906.4,901.445,905.355,4098,1200,0
2023-10-26 21:00:00,905.375,908.0,905.145,907.165,1786,1200,0
2023-10-26 22:00:00,907.265,908.3,904.385,905.295,1322,1199,0
2023-10-26 23:00:00,905.275,906.6,904.445,904.59,498,1200,0
2023-10-27 01:00:00,902.97,906.86,901.445,906.015,536,1580,0
2023-10-27 02:00:00,906.015,907.45,905.645,906.345,538,1380,0
2023-10-27 03:00:00,906.345,906.96,905.425,906.105,859,1380,0
2023-10-27 04:00:00,906.105,908.875,905.945,908.495,1417,1380,0
2023-10-27 05:00:00,908.71,910.71,908.525,909.135,793,1380,0
2023-10-27 06:00:00,909.135,909.835,908.055,908.515,309,1380,0
2023-10-27 07:00:00,908.635,910.395,908.515,910.365,320,1380,0
2023-10-27 08:00:00,910.365,911.425,909.21,911.395,401,969,0
2023-10-27 09:00:00,911.825,912.585,909.765,910.655,696,539,0
2023-10-27 10:00:00,910.765,911.76,907.745,909.995,2340,870,0
2023-10-27 11:00:00,909.975,909.995,906.655,908.225,2108,860,0
2023-10-27 12:00:00,908.175,909.6,906.185,906.265,1399,860,0
2023-10-27 13:00:00,906.245,906.645,900.845,900.845,499,860,0
2023-10-27 14:00:00,900.745,902.86,898.645,900.445,656,449,0
2023-10-27 15:00:00,900.435,905.555,900.245,902.045,888,539,0
2023-10-27 16:00:00,902.045,910.79,901.445,907.365,1896,619,0
2023-10-27 17:00:00,907.355,911.645,906.345,907.79,1929,679,0
2023-10-27 18:00:00,907.145,908.75,900.445,900.715,3752,379,0
2023-10-27 19:00:00,900.735,901.545,898.245,900.595,3336,309,0
2023-10-27 20:00:00,900.615,902.145,899.115,901.685,4849,559,0
2023-10-27 21:00:00,901.655,903.385,900.445,902.035,4998,900,0
2023-10-27 22:00:00,901.975,904.0,901.175,903.645,3734,659,0
2023-10-27 23:00:00,903.665,906.29,902.535,905.74,890,900,0
2023-10-30 00:00:00,902.19,906.685,902.19,905.055,2443,1869,0
2023-10-30 01:00:00,905.055,906.1,903.265,904.545,1381,2130,0
2023-10-30 02:00:00,904.525,908.13,904.475,905.615,1433,1300,0
2023-10-30 03:00:00,905.595,906.6,903.005,905.045,2273,1300,0
2023-10-30 04:00:00,905.025,905.435,903.665,903.725,1584,2299,0
2023-10-30 05:00:00,903.725,904.905,902.815,903.085,1398,1969,0
2023-10-30 06:00:00,903.105,904.0,901.865,903.315,1028,1469,0
2023-10-30 07:00:00,903.335,905.0,903.265,904.5,629,1600,0
2023-10-30 08:00:00,904.5,906.0,903.435,904.865,1117,1600,0
2023-10-30 09:00:00,904.865,908.2,904.855,906.045,1362,860,0
2023-10-30 10:00:00,906.185,909.45,905.435,909.315,1457,860,0
2023-10-30 11:00:00,909.355,918.445,909.355,917.455,1259,860,0
2023-10-30 12:00:00,917.345,921.025,915.825,920.115,1130,850,0
2023-10-30 13:00:00,920.115,921.895,919.345,921.335,1818,970,0
2023-10-30 14:00:00,921.335,930.155,920.665,929.085,3129,900,0
2023-10-30 15:00:00,928.975,932.695,926.785,930.455,5613,820,0
2023-10-30 16:00:00,930.335,930.995,917.695,919.355,1967,820,0
2023-10-30 17:00:00,919.435,931.49,919.435,930.915,1673,820,0
2023-10-30 18:00:00,930.805,933.735,930.035,932.835,1402,860,0
2023-10-30 19:00:00,932.835,934.555,931.835,934.395,761,860,0
2023-10-30 20:00:00,934.365,937.0,934.225,934.755,552,860,0
2023-10-30 21:00:00,934.795,935.77,933.975,934.895,331,860,0
2023-10-30 22:00:00,934.855,936.67,933.705,934.48,526,860,0
2023-10-31 00:00:00,935.44,935.84,933.415,933.515,638,1390,0
2023-10-31 01:00:00,934.44,935.015,932.515,932.515,1029,1420,0
2023-10-31 02:00:00,932.515,934.71,931.355,933.895,1558,1380,0
2023-10-31 03:00:00,933.955,936.655,932.905,936.465,2361,1380,0
2023-10-31 04:00:00,936.475,937.385,931.795,932.815,1351,1380,0
2023-10-31 05:00:00,932.775,932.945,930.985,931.215,1729,1380,0
2023-10-31 06:00:00,931.185,932.475,930.495,931.785,973,1380,0
2023-10-31 07:00:00,931.825,934.345,931.495,932.535,1400,1380,0
2023-10-31 08:00:00,932.565,932.785,930.425,931.755,1160,1100,0
2023-10-31 09:00:00,931.515,937.345,931.515,934.135,1787,850,0
2023-10-31 10:00:00,934.545,939.105,932.095,938.525,1903,699,0
2023-10-31 11:00:00,938.365,938.915,934.475,935.905,3081,799,0
2023-10-31 12:00:00,936.195,940.065,932.875,940.065,2664,840,0
2023-10-31 13:00:00,940.285,943.3,939.805,940.455,727,810,0
2023-10-31 14:00:00,940.485,941.425,932.775,935.465,4103,1289,0
2023-10-31 15:00:00,935.495,942.735,933.185,941.125,3620,820,0
2023-10-31 16:00:00,940.925,943.885,938.345,941.585,3974,1339,0
2023-10-31 17:00:00,941.555,943.29,937.345,939.595,2814,820,0
2023-10-31 18:00:00,939.745,940.47,934.975,936.855,833,860,0
2023-10-31 19:00:00,936.985,937.8,934.755,935.695,613,860,0
2023-10-31 20:00:00,936.5,936.6,933.115,934.645,488,860,0
2023-10-31 21:00:00,935.67,936.37,934.445,935.905,714,860,0
2023-10-31 22:00:00,935.925,937.27,931.305,935.36,929,860,0
2023-11-01 00:00:00,933.49,936.9,930.775,935.115,761,1560,0
2023-11-01 01:00:00,935.485,937.0,933.425,933.595,790,1360,0
2023-11-01 02:00:00,933.655,934.845,931.785,932.365,1212,1360,0
2023-11-01 03:00:00,932.345,935.22,931.945,932.645,1666,1360,0
2023-11-01 04:00:00,932.635,933.72,930.835,931.685,731,1360,0
2023-11-01 05:00:00,931.595,932.755,930.385,930.505,463,1360,0
2023-11-01 06:00:00,931.07,931.47,928.615,929.895,880,1360,0
2023-11-01 07:00:00,929.795,930.545,928.555,928.725,999,1360,0
2023-11-01 08:00:00,928.755,932.4,928.755,931.435,1313,900,0
2023-11-01 09:00:00,931.475,932.815,925.995,926.705,1121,900,0
2023-11-01 10:00:00,926.665,928.18,924.385,926.635,986,840,0
2023-11-01 11:00:00,926.695,929.21,923.355,924.705,1058,459,0
2023-11-01 12:00:00,924.735,925.7,922.235,923.055,1554,309,0
2023-11-01 13:00:00,923.055,924.785,919.835,921.375,1912,609,0
2023-11-01 14:00:00,921.375,926.645,919.265,925.985,6889,499,0
2023-11-01 15:00:00,925.965,929.245,922.845,923.965,6003,309,0
2023-11-01 16:00:00,925.585,932.065,924.055,928.645,6221,309,0
2023-11-01 17:00:00,928.645,930.445,923.445,924.645,696,459,0
2023-11-01 18:00:00,924.645,926.18,922.145,924.645,528,559,0
2023-11-01 19:00:00,924.745,925.81,920.945,921.145,294,779,0
2023-11-01 20:00:00,921.145,926.045,921.045,923.495,1787,339,0
2023-11-01 21:00:00,923.405,927.81,923.325,925.225,4231,829,0
2023-11-01 22:00:00,925.195,926.98,924.445,925.56,559,850,0
2023-11-02 00:00:00,925.86,927.91,920.435,927.18,490,1369,0
2023-11-02 01:00:00,927.18,928.975,926.76,928.235,461,1309,0
2023-11-02 02:00:00,928.245,930.19,927.395,928.425,624,1279,0
2023-11-02 03:00:00,928.545,930.39,928.015,929.235,858,1189,0
2023-11-02 04:00:00,929.175,930.8,928.945,929.365,712,1309,0
2023-11-02 05:00:00,929.295,930.34,928.195,929.475,494,1009,0
2023-11-02 06:00:00,929.395,931.75,929.195,930.705,437,1029,0
2023-11-02 07:00:00,930.655,931.48,928.795,929.175,532,1309,0
2023-11-02 08:00:00,929.125,930.0,928.03,929.845,584,1200,0
2023-11-02 09:00:00,929.745,933.075,929.395,932.165,459,900,0
2023-11-02 10:00:00,932.035,935.4,931.265,934.8,508,1000,0
2023-11-02 11:00:00,934.8,935.0,929.255,929.825,636,850,0
2023-11-02 12:00:00,929.825,930.475,918.545,921.295,762,860,0
2023-11-02 13:00:00,921.205,922.0,915.535,915.655,751,800,0
2023-11-02 14:00:00,915.685,921.295,913.325,921.105,1481,739,0
2023-11-02 15:00:00,921.205,923.045,918.695,921.025,2621,1359,0
2023-11-02 16:00:00,921.035,926.445,917.715,925.465,2228,1309,0
2023-11-02 17:00:00,925.595,925.755,919.155,921.625,1193,800,0
2023-11-02 18:00:00,921.595,923.245,919.025,923.195,827,860,0
2023-11-02 19:00:00,923.125,926.57,922.445,925.225,548,860,0
2023-11-02 20:00:00,925.195,925.77,924.495,924.995,380,860,0
2023-11-02 21:00:00,924.895,925.87,923.945,925.365,311,860,0
2023-11-02 22:00:00,925.365,925.67,922.885,923.94,564,860,0
2023-11-03 00:00:00,922.08,925.665,921.255,924.255,342,1450,0
2023-11-03 01:00:00,924.5,924.9,923.755,924.215,232,1440,0
2023-11-03 02:00:00,924.225,925.855,924.175,924.835,412,1440,0
2023-11-03 03:00:00,924.875,925.865,923.925,924.785,596,1440,0
2023-11-03 04:00:00,925.58,928.45,924.785,927.245,735,1309,0
2023-11-03 05:00:00,927.87,927.95,925.345,925.725,461,1309,0
2023-11-03 06:00:00,925.795,927.33,925.775,927.03,470,1309,0
2023-11-03 07:00:00,926.525,928.68,926.475,927.695,417,1309,0
2023-11-03 08:00:00,928.13,928.47,926.095,926.795,589,850,0
2023-11-03 09:00:00,926.775,929.47,926.675,928.045,491,850,0
2023-11-03 10:00:00,928.225,930.695,923.905,930.375,571,860,0
2023-11-03 11:00:00,930.375,931.375,927.575,927.775,636,850,0
2023-11-03 12:00:00,928.07,931.105,927.465,930.665,618,860,0
2023-11-03 13:00:00,930.665,930.875,927.285,929.095,582,800,0
2023-11-03 14:00:00,929.095,932.395,922.165,931.275,1623,800,0
2023-11-03 15:00:00,931.495,939.275,929.955,930.335,2001,659,0
2023-11-03 16:00:00,930.335,936.095,928.475,931.545,1584,789,0
2023-11-03 17:00:00,931.545,933.975,929.0,933.245,810,759,0
2023-11-03 18:00:00,933.295,937.325,931.395,937.325,789,539,0
2023-11-03 19:00:00,937.225,939.525,935.98,936.945,588,689,0
2023-11-03 20:00:00,936.945,937.665,935.94,937.075,336,429,0
2023-11-03 21:00:00,936.37,937.075,934.5,934.875,342,499,0
2023-11-03 22:00:00,934.875,935.085,931.525,932.08,665,830,0
2023-11-06 01:00:00,928.81,933.605,928.81,930.425,686,1250,0
2023-11-06 02:00:00,930.425,930.485,928.815,930.285,611,749,0
2023-11-06 03:00:00,930.285,933.21,929.605,931.655,1534,1250,0
2023-11-06 04:00:00,931.675,933.51,929.275,929.505,1016,1159,0
2023-11-06 05:00:00,929.445,931.69,927.645,930.2,1203,1009,0
2023-11-06 06:00:00,929.485,930.8,928.795,929.155,562,1250,0
2023-11-06 07:00:00,929.105,930.12,928.315,929.595,373,1260,0
2023-11-06 08:00:00,929.545,932.17,929.455,931.395,356,1260,0
2023-11-06 09:00:00,931.395,932.47,929.495,930.205,411,860,0
2023-11-06 10:00:00,930.305,933.625,930.035,931.675,573,860,0
2023-11-06 11:00:00,931.675,933.7,929.955,930.305,572,860,0
2023-11-06 12:00:00,930.435,935.67,928.865,933.445,653,860,0
2023-11-06 13:00:00,933.425,936.37,933.145,934.135,877,860,0
2023-11-06 14:00:00,934.135,935.49,931.745,933.485,854,800,0
2023-11-06 15:00:00,933.485,934.245,925.575,926.635,3168,900,0
2023-11-06 16:00:00,926.575,927.3,921.345,921.455,2319,800,0
2023-11-06 17:00:00,921.355,922.525,918.045,918.305,2365,800,0
2023-11-06 18:00:00,918.255,920.795,915.895,916.145,2192,1439,0
2023-11-06 19:00:00,916.015,916.485,913.185,913.965,1635,589,0
2023-11-06 20:00:00,913.965,914.2,909.375,910.455,1670,439,0
2023-11-06 21:00:00,910.475,910.915,908.945,910.445,1263,1330,0
2023-11-06 22:00:00,910.425,911.645,907.735,907.925,911,1109,0
2023-11-06 23:00:00,907.955,910.1,907.045,908.74,625,539,0
2023-11-07 01:00:00,904.34,909.17,904.34,908.235,701,2150,0
2023-11-07 02:00:00,908.245,911.12,907.785,909.065,862,1250,0
2023-11-07 03:00:00,909.045,909.365,906.865,907.585,1295,1250,0
2023-11-07 04:00:00,907.565,908.24,906.015,907.295,808,1250,0
2023-11-07 05:00:00,907.295,908.26,905.635,906.085,588,1250,0
2023-11-07 06:00:00,906.185,906.97,903.825,904.145,387,1250,0
2023-11-07 07:00:00,904.145,905.47,903.805,905.115,428,1250,0
2023-11-07 08:00:00,904.995,906.85,903.525,904.945,418,1250,0
2023-11-07 09:00:00,904.775,904.825,902.275,902.825,420,860,0
2023-11-07 10:00:00,903.075,904.125,901.005,902.225,678,860,0
2023-11-07 11:00:00,902.225,902.575,899.425,899.775,662,829,0
2023-11-07 12:00:00,899.775,903.645,899.25,901.295,675,609,0
2023-11-07 13:00:00,901.145,901.335,895.145,895.145,651,870,0
2023-11-07 14:00:00,896.61,898.045,894.135,897.825,904,780,0
2023-11-07 15:00:00,897.725,898.57,892.855,898.145,1936,739,0
2023-11-07 16:00:00,898.195,900.825,896.475,899.875,1848,459,0
2023-11-07 17:00:00,899.735,901.875,896.425,898.975,1729,780,0
2023-11-07 18:00:00,899.025,901.275,897.065,897.065,1019,780,0
2023-11-07 19:00:00,897.075,897.125,893.775,895.075,888,329,0
2023-11-07 20:00:00,895.015,895.825,893.68,895.135,575,579,0
2023-11-07 21:00:00,894.65,895.685,894.21,894.525,453,619,0
2023-11-07 22:00:00,894.475,894.675,893.66,893.925,484,780,0
2023-11-07 23:00:00,893.925,895.71,892.745,894.25,295,780,0
2023-11-08 01:00:00,889.65,895.71,889.65,894.475,612,1160,0
2023-11-08 02:00:00,894.475,895.815,893.975,894.465,565,609,0
2023-11-08 03:00:00,894.555,895.375,892.31,895.145,694,549,0
2023-11-08 04:00:00,895.145,897.345,893.73,894.745,792,1110,0
2023-11-08 05:00:00,894.655,894.755,892.085,893.665,666,1200,0
2023-11-08 06:00:00,893.585,894.275,892.73,893.885,377,1220,0
2023-11-08 07:00:00,893.8,894.415,891.455,892.195,500,1100,0
2023-11-08 08:00:00,892.275,895.05,891.325,893.375,607,1100,0
2023-11-08 09:00:00,893.275,893.66,889.725,890.745,543,880,0
2023-11-08 10:00:00,890.825,892.275,888.195,888.335,1581,870,0
2023-11-08 11:00:00,889.2,889.2,881.795,881.825,1229,1060,0
2023-11-08 12:00:00,881.725,881.925,878.465,879.575,1361,860,0
2023-11-08 13:00:00,879.545,884.4,878.585,882.675,1141,860,0
2023-11-08 14:00:00,882.695,882.695,879.625,881.195,2607,1000,0
2023-11-08 15:00:00,881.185,884.485,877.845,878.825,2611,800,0
2023-11-08 16:00:00,878.925,880.395,875.305,876.025,5786,999,0
2023-11-08 17:00:00,875.975,877.045,869.095,871.015,5865,1099,0
2023-11-08 18:00:00,871.015,877.38,870.195,875.475,4308,179,0
2023-11-08 19:00:00,875.355,875.5,869.945,870.095,3126,900,0
2023-11-08 20:00:00,870.065,872.1,869.185,871.745,1208,840,0
2023-11-08 21:00:00,871.755,872.045,869.605,869.715,1227,940,0
2023-11-08 22:00:00,869.685,870.7,869.315,870.455,898,840,0
2023-11-08 23:00:00,870.435,870.8,865.905,870.5,255,900,0
2023-11-09 01:00:00,866.39,873.485,864.825,873.455,975,1250,0
2023-11-09 02:00:00,873.485,873.875,870.99,873.555,1105,809,0
2023-11-09 03:00:00,873.535,876.695,872.525,876.045,2582,869,0
2023-11-09 04:00:00,875.995,876.235,872.675,872.985,1487,1220,0
2023-11-09 05:00:00,873.49,875.885,872.885,873.545,783,1220,0
2023-11-09 06:00:00,873.79,873.955,872.735,873.575,573,1220,0
2023-11-09 07:00:00,873.565,874.745,872.64,874.545,631,819,0
2023-11-09 08:00:00,874.495,875.045,873.5,873.795,591,1220,0
2023-11-09 09:00:00,873.735,874.605,871.775,872.065,894,990,0
2023-11-09 10:00:00,872.055,872.285,865.875,868.245,1768,860,0
2023-11-09 11:00:00,868.245,869.57,864.375,865.385,2344,860,0
2023-11-09 12:00:00,865.405,868.165,864.705,866.785,2116,870,0
2023-11-09 13:00:00,866.805,867.845,864.055,867.715,1141,850,0
2023-11-09 14:00:00,867.715,870.855,866.935,868.805,1335,750,0
2023-11-09 15:00:00,868.795,873.3,867.3,868.095,1391,800,0
2023-11-09 16:00:00,867.88,873.395,865.995,871.615,3719,950,0
2023-11-09 17:00:00,871.605,872.455,868.795,870.585,5405,980,0
2023-11-09 18:00:00,870.545,870.555,864.895,865.125,2448,750,0
2023-11-09 19:00:00,865.115,865.865,862.765,863.395,2146,800,0
2023-11-09 20:00:00,863.495,865.17,860.775,862.995,2387,800,0
2023-11-09 21:00:00,862.975,862.985,858.195,859.255,3149,790,0
2023-11-09 22:00:00,859.265,861.81,859.175,861.475,2022,790,0
2023-11-09 23:00:00,861.535,862.6,858.445,861.44,445,800,0
2023-11-10 01:00:00,858.59,863.4,855.575,861.425,1418,1649,0
2023-11-10 02:00:00,863.2,863.93,860.595,863.695,1230,2000,0
2023-11-10 03:00:00,863.645,863.865,859.795,861.555,2307,1950,0
2023-11-10 04:00:00,861.535,862.095,859.595,860.545,1818,1790,0
2023-11-10 05:00:00,860.515,861.9,859.195,860.745,1452,2009,0
2023-11-10 06:00:00,861.0,861.5,859.255,860.375,1231,1919,0
2023-11-10 07:00:00,860.395,861.2,858.995,859.685,1211,1460,0
2023-11-10 08:00:00,859.655,860.765,859.255,859.595,1688,1060,0
2023-11-10 09:00:00,859.615,861.85,858.855,859.475,1917,850,0
2023-11-10 10:00:00,859.455,859.77,856.755,857.67,2853,850,0
2023-11-10 11:00:00,857.545,857.825,853.865,855.315,876,860,0
2023-11-10 12:00:00,855.315,856.445,853.025,853.955,1045,860,0
2023-11-10 13:00:00,853.935,853.975,850.305,852.285,1815,840,0
2023-11-10 14:00:00,852.315,858.495,851.315,856.985,2935,1300,0
2023-11-10 15:00:00,856.955,856.995,852.075,852.585,3355,1200,0
2023-11-10 16:00:00,852.585,854.025,846.285,846.845,3060,800,0
2023-11-10 17:00:00,846.845,850.825,844.295,847.355,3027,309,0
2023-11-10 18:00:00,847.415,849.715,844.045,847.075,1489,409,0
2023-11-10 19:00:00,847.075,847.845,843.625,846.795,765,309,0
2023-11-10 20:00:00,846.795,847.325,843.825,846.455,853,309,0
2023-11-10 21:00:00,846.455,847.375,845.465,845.985,509,769,0
2023-11-10 22:00:00,846.035,846.805,845.385,845.505,376,1000,0
2023-11-10 23:00:00,845.505,846.485,839.66,839.69,244,840,0
2023-11-13 01:00:00,837.45,848.955,837.45,848.645,765,689,0
2023-11-13 02:00:00,848.645,852.095,848.545,849.46,475,1309,0
2023-11-13 03:00:00,849.625,851.945,848.9,850.895,462,1419,0
2023-11-13 04:00:00,850.875,851.225,847.545,848.545,981,1130,0
2023-11-13 05:00:00,849.0,850.66,845.655,849.975,1019,1070,0
2023-11-13 06:00:00,849.975,851.94,848.675,848.935,468,1070,0
2023-11-13 07:00:00,848.885,849.975,848.325,849.495,520,1070,0
2023-11-13 08:00:00,849.495,850.11,847.845,850.005,514,1070,0
2023-11-13 09:00:00,850.005,851.76,848.725,850.845,902,840,0
2023-11-13 10:00:00,850.855,850.855,845.795,846.795,1044,840,0
2023-11-13 11:00:00,847.245,853.35,847.245,853.05,653,329,0
2023-11-13 12:00:00,853.05,856.845,850.94,856.655,586,579,0
2023-11-13 13:00:00,856.705,858.785,854.445,857.325,751,840,0
2023-11-13 14:00:00,857.325,857.545,852.875,854.925,582,629,0
2023-11-13 15:00:00,854.795,854.795,848.795,851.455,4434,1069,0
2023-11-13 16:00:00,851.595,856.005,847.195,855.805,1758,449,0
2023-11-13 17:00:00,855.805,858.655,851.745,855.345,1913,309,0
2023-11-13 18:00:00,855.295,868.195,855.245,863.895,1913,309,0
2023-11-13 19:00:00,863.885,865.875,861.725,863.405,1723,309,0
2023-11-13 20:00:00,863.405,868.625,863.405,868.475,1053,529,0
2023-11-13 21:00:00,868.455,868.605,866.915,867.025,756,900,0
2023-11-13 22:00:00,867.025,868.625,866.165,868.545,598,800,0
2023-11-13 23:00:00,868.545,868.845,866.465,867.23,424,900,0
2023-11-14 01:00:00,860.45,870.155,860.45,870.035,867,1140,0
2023-11-14 02:00:00,869.995,871.96,869.425,870.545,839,979,0
2023-11-14 03:00:00,870.545,872.485,870.205,871.025,1478,999,0
2023-11-14 04:00:00,870.915,872.465,869.365,871.525,1071,879,0
2023-11-14 05:00:00,871.585,871.585,869.325,869.735,912,1140,0
2023-11-14 06:00:00,869.725,870.93,869.335,869.505,616,1140,0
2023-11-14 07:00:00,869.555,871.33,869.185,869.565,961,1140,0
2023-11-14 08:00:00,869.655,872.48,869.025,872.185,1247,959,0
2023-11-14 09:00:00,872.255,875.775,870.025,870.365,1799,1109,0
2023-11-14 10:00:00,870.375,871.345,867.955,870.345,1108,840,0
2023-11-14 11:00:00,870.145,874.625,869.725,872.645,789,890,0
2023-11-14 12:00:00,872.665,874.955,872.265,874.485,1298,840,0
2023-11-14 13:00:00,874.485,874.845,868.115,869.215,901,840,0
2023-11-14 14:00:00,869.355,872.405,868.615,871.425,975,800,0
2023-11-14 15:00:00,871.515,881.495,864.185,880.075,3468,309,0
2023-11-14 16:00:00,879.995,886.185,876.025,885.845,4787,409,0
2023-11-14 17:00:00,885.695,894.055,885.025,887.305,2607,309,0
2023-11-14 18:00:00,887.365,892.6,887.055,889.445,1673,800,0
2023-11-14 19:00:00,889.445,891.2,888.445,888.695,1366,800,0
2023-11-14 20:00:00,888.745,891.905,888.325,891.395,1903,800,0
2023-11-14 21:00:00,891.27,892.235,890.825,891.395,1438,359,0
2023-11-14 22:00:00,891.355,891.69,889.755,890.455,1233,399,0
2023-11-14 23:00:00,890.395,890.61,888.08,888.45,523,469,0
2023-11-15 01:00:00,884.2,890.135,884.2,888.905,1111,309,0
2023-11-15 02:00:00,888.815,889.065,885.425,887.445,758,309,0
2023-11-15 03:00:00,887.85,888.885,886.605,888.245,1217,969,0
2023-11-15 04:00:00,888.245,890.595,887.735,890.135,1080,669,0
2023-11-15 05:00:00,890.085,890.715,887.45,888.465,973,429,0
2023-11-15 06:00:00,888.465,889.435,887.75,888.115,756,549,0
2023-11-15 07:00:00,887.82,889.035,887.015,887.555,1090,609,0
2023-11-15 08:00:00,887.595,890.075,887.14,888.555,1564,749,0
2023-11-15 09:00:00,888.555,889.065,884.085,887.135,2620,569,0
2023-11-15 10:00:00,887.185,890.825,887.185,888.645,2040,459,0
2023-11-15 11:00:00,888.475,892.68,887.195,891.725,1062,739,0
2023-11-15 12:00:00,891.645,895.5,891.495,893.905,1163,830,0
2023-11-15 13:00:00,893.845,895.56,892.245,893.955,950,770,0
2023-11-15 14:00:00,893.945,895.11,891.465,893.395,1403,690,0
2023-11-15 15:00:00,893.425,899.595,891.595,898.145,4379,690,0
2023-11-15 16:00:00,898.225,902.805,897.595,900.045,3595,309,0
2023-11-15 17:00:00,900.045,905.255,899.245,903.815,3488,309,0
2023-11-15 18:00:00,903.855,904.965,898.045,899.31,3434,309,0
2023-11-15 19:00:00,899.5,900.6,895.745,898.145,332,309,0
2023-11-15 20:00:00,898.245,899.935,897.215,897.845,1729,309,0
2023-11-15 21:00:00,898.39,900.55,897.845,899.585,1163,119,0
2023-11-15 22:00:00,899.555,900.14,896.295,898.445,829,309,0
2023-11-15 23:00:00,898.445,899.9,896.715,898.9,498,309,0
2023-11-16 01:00:00,893.49,900.325,890.665,896.985,1558,309,0
2023-11-16 02:00:00,899.16,900.24,896.215,897.905,558,309,0
2023-11-16 03:00:00,897.905,899.3,891.545,892.345,1673,829,0
2023-11-16 04:00:00,892.155,893.94,891.005,893.435,1495,1159,0
2023-11-16 05:00:00,893.435,895.89,893.215,895.115,1269,1139,0
2023-11-16 06:00:00,895.115,897.845,894.125,897.845,1039,1220,0
2023-11-16 07:00:00,898.34,899.94,896.965,897.845,858,1220,0
2023-11-16 08:00:00,897.825,901.54,897.825,900.915,984,1220,0
2023-11-16 09:00:00,900.915,903.94,898.065,899.685,1402,770,0
2023-11-16 10:00:00,899.645,904.385,898.115,904.355,2217,770,0
2023-11-16 11:00:00,904.385,905.895,900.975,900.975,1864,619,0
2023-11-16 12:00:00,900.945,902.9,898.375,899.015,1510,780,0
2023-11-16 13:00:00,899.015,904.0,898.595,902.085,1343,770,0
2023-11-16 14:00:00,902.085,902.565,897.215,900.765,1988,710,0
2023-11-16 15:00:00,900.745,902.905,898.645,900.845,2921,930,0
2023-11-16 16:00:00,900.845,906.185,898.545,902.645,7290,619,0
2023-11-16 17:00:00,902.665,904.985,900.005,903.445,6847,869,0
2023-11-16 18:00:00,903.445,906.205,898.645,899.365,4567,969,0
2023-11-16 19:00:00,899.445,900.845,898.215,898.505,3587,800,0
2023-11-16 20:00:00,898.595,899.935,897.515,897.655,2196,790,0
2023-11-16 21:00:00,897.635,899.49,897.015,897.965,1339,790,0
2023-11-16 22:00:00,897.965,898.83,895.975,896.265,1317,790,0
2023-11-16 23:00:00,896.295,897.5,894.945,895.96,328,790,0
2023-11-17 01:00:00,892.03,896.63,892.03,896.28,342,1030,0
2023-11-17 02:00:00,896.28,898.04,894.545,896.355,368,1030,0
2023-11-17 03:00:00,896.445,898.08,894.755,894.815,570,1040,0
2023-11-17 04:00:00,894.745,897.4,892.445,896.845,519,1040,0
2023-11-17 05:00:00,896.845,897.9,895.185,896.395,353,1040,0
2023-11-17 06:00:00,897.03,897.68,895.195,895.455,284,1040,0
2023-11-17 07:00:00,896.4,897.23,894.585,895.855,392,1040,0
2023-11-17 08:00:00,896.6,897.33,895.545,896.645,395,1040,0
2023-11-17 09:00:00,896.445,896.9,893.185,895.705,1544,780,0
2023-11-17 10:00:00,895.835,899.91,895.445,898.015,2144,770,0
2023-11-17 11:00:00,897.975,903.015,897.615,900.785,1315,770,0
2023-11-17 12:00:00,900.785,907.33,900.585,907.33,790,770,0
2023-11-17 13:00:00,907.33,908.56,904.845,906.245,605,760,0
2023-11-17 14:00:00,906.245,910.5,904.445,908.845,579,650,0
2023-11-17 15:00:00,908.795,910.0,901.545,902.345,891,650,0
2023-11-17 16:00:00,902.345,902.745,893.495,894.445,896,509,0
2023-11-17 17:00:00,894.445,900.4,894.445,899.145,766,800,0
2023-11-17 18:00:00,899.145,899.445,894.045,896.845,643,650,0
2023-11-17 19:00:00,896.845,898.0,894.445,896.825,866,710,0
2023-11-17 20:00:00,896.815,901.34,896.815,899.845,722,710,0
2023-11-17 21:00:00,899.845,900.87,898.045,899.46,340,710,0
2023-11-17 22:00:00,899.46,901.94,898.345,900.845,496,710,0
2023-11-17 23:00:00,900.845,902.11,899.085,900.75,669,710,0
2023-11-20 01:00:00,896.78,899.315,894.055,895.955,847,1549,0
2023-11-20 02:00:00,895.965,898.375,895.405,898.325,1312,1249,0
2023-11-20 03:00:00,898.345,903.695,898.345,901.175,833,1339,0
2023-11-20 04:00:00,901.275,905.485,900.445,904.315,1330,1429,0
2023-11-20 05:00:00,904.315,905.67,903.445,905.245,473,1629,0
2023-11-20 06:00:00,905.145,907.525,904.23,904.445,705,1239,0
2023-11-20 07:00:00,904.445,906.545,904.2,905.525,361,1259,0
2023-11-20 08:00:00,905.505,906.545,904.355,905.615,1041,1399,0
2023-11-20 09:00:00,905.605,905.64,903.435,903.755,1740,1539,0
2023-11-20 10:00:00,903.755,906.195,898.595,898.825,1973,1439,0
2023-11-20 11:00:00,898.795,905.515,898.795,903.845,660,1209,0
2023-11-20 12:00:00,904.045,904.045,900.4,902.145,319,979,0
2023-11-20 13:00:00,901.44,903.145,899.28,901.345,344,1159,0
2023-11-20 14:00:00,901.345,902.545,898.74,901.645,362,1749,0
2023-11-20 15:00:00,901.645,902.845,896.955,899.295,1114,1539,0
2023-11-20 16:00:00,899.325,908.425,899.325,908.345,1321,1509,0
2023-11-20 17:00:00,908.345,918.245,907.015,918.245,824,1059,0
2023-11-20 18:00:00,918.145,919.645,914.86,919.195,578,709,0
2023-11-20 19:00:00,919.245,921.425,918.56,919.645,684,1509,0
2023-11-20 20:00:00,919.745,924.245,919.61,922.105,1463,1139,0
2023-11-20 21:00:00,922.105,922.475,920.605,921.975,1825,1269,0
2023-11-20 22:00:00,922.005,922.5,921.335,922.215,1409,739,0
2023-11-20 23:00:00,922.205,922.265,920.895,921.81,625,379,0
2023-11-21 01:00:00,916.2,923.245,916.2,921.255,905,309,0
2023-11-21 02:00:00,922.3,922.875,920.645,921.215,1369,309,0
2023-11-21 03:00:00,921.195,923.815,920.895,922.345,2996,609,0
2023-11-21 04:00:00,922.345,922.96,920.945,922.365,988,1170,0
2023-11-21 05:00:00,922.375,926.56,921.845,925.595,812,1170,0
2023-11-21 06:00:00,925.575,927.65,923.255,924.145,260,709,0
2023-11-21 07:00:00,924.145,925.89,921.595,922.025,1248,1129,0
2023-11-21 08:00:00,922.035,924.51,917.745,923.845,869,789,0
2023-11-21 09:00:00,923.645,925.4,919.445,921.245,1081,720,0
2023-11-21 10:00:00,921.245,924.0,919.375,920.725,3021,800,0
2023-11-21 11:00:00,920.705,923.59,919.385,920.285,1836,720,0
2023-11-21 12:00:00,920.305,929.4,920.285,927.065,2597,720,0
2023-11-21 13:00:00,927.085,927.555,922.855,926.195,2198,720,0
2023-11-21 14:00:00,926.205,928.89,926.045,928.335,3004,680,0
2023-11-21 15:00:00,928.365,933.985,928.075,930.425,3900,419,0
2023-11-21 16:00:00,930.445,937.015,927.345,936.665,4057,800,0
2023-11-21 17:00:00,936.765,939.255,935.165,938.255,3971,309,0
2023-11-21 18:00:00,938.255,941.86,936.745,940.775,2517,680,0
2023-11-21 19:00:00,940.795,941.765,938.985,939.785,2401,650,0
2023-11-21 20:00:00,939.795,942.8,937.225,937.235,1479,640,0
2023-11-21 21:00:00,937.5,940.625,937.455,939.8,2279,970,0
2023-11-21 22:00:00,939.9,939.9,935.555,935.705,674,700,0
2023-11-21 23:00:00,935.655,937.2,935.435,936.55,513,680,0
2023-11-22 01:00:00,931.59,939.065,931.59,934.775,490,1800,0
2023-11-22 02:00:00,934.625,934.885,931.865,933.165,1165,1640,0
2023-11-22 03:00:00,933.185,936.965,932.545,933.005,2158,1740,0
2023-11-22 04:00:00,933.035,935.93,931.895,935.645,1935,1760,0
2023-11-22 05:00:00,935.665,936.8,933.965,934.705,1448,1300,0
2023-11-22 06:00:00,934.725,935.8,934.185,935.105,1086,1200,0
2023-11-22 07:00:00,935.085,935.7,932.115,932.845,1595,1500,0
2023-11-22 08:00:00,932.825,936.555,931.905,936.255,1778,1500,0
2023-11-22 09:00:00,936.275,938.375,934.515,936.875,1584,890,0
2023-11-22 10:00:00,936.875,940.315,933.875,935.365,1611,1099,0
2023-11-22 11:00:00,935.365,938.42,934.245,937.145,2280,700,0
2023-11-22 12:00:00,937.145,938.765,935.445,938.715,1776,700,0
2023-11-22 13:00:00,938.705,943.005,935.975,936.945,1432,700,0
2023-11-22 14:00:00,936.935,940.66,936.755,939.195,1675,880,0
2023-11-22 15:00:00,939.195,941.525,927.225,933.605,4521,609,0
2023-11-22 16:00:00,933.635,934.185,921.245,924.645,5144,949,0
2023-11-22 17:00:00,924.445,926.7,919.075,925.545,1379,900,0
2023-11-22 18:00:00,925.545,928.1,924.475,926.745,540,880,0
2023-11-22 19:00:00,926.545,928.4,924.145,924.645,385,850,0
2023-11-22 20:00:00,924.645,926.5,924.245,924.445,296,750,0
2023-11-22 21:00:00,924.645,926.7,924.445,925.745,287,750,0
2023-11-22 22:00:00,926.6,927.47,925.245,926.145,212,750,0
2023-11-22 23:00:00,926.145,926.8,922.71,922.9,278,750,0
2023-11-23 01:00:00,922.2,927.075,922.07,926.015,274,1609,0
2023-11-23 02:00:00,925.72,927.175,925.575,927.125,303,1600,0
2023-11-23 03:00:00,927.225,927.995,926.145,927.445,466,1280,0
2023-11-23 04:00:00,927.575,931.185,927.345,930.015,531,1439,0
2023-11-23 05:00:00,929.72,930.525,927.8,929.72,316,1609,0
2023-11-23 06:00:00,929.72,930.035,927.315,927.6,304,1209,0
2023-11-23 07:00:00,927.6,929.3,926.96,929.3,378,1680,0
2023-11-23 08:00:00,929.3,931.135,928.145,928.265,509,1140,0
2023-11-23 09:00:00,928.265,930.4,926.895,928.945,600,1100,0
2023-11-23 10:00:00,929.055,929.055,923.075,924.625,620,990,0
2023-11-23 11:00:00,924.725,925.395,922.595,923.195,489,900,0
2023-11-23 12:00:00,923.225,924.075,921.745,923.105,407,1100,0
2023-11-23 13:00:00,923.32,925.195,923.085,923.545,362,1150,0
2023-11-23 14:00:00,923.495,925.0,922.64,922.885,345,900,0
2023-11-23 15:00:00,922.815,923.045,916.805,919.165,1433,860,0
2023-11-23 16:00:00,919.165,920.635,916.585,918.995,1875,860,0
2023-11-23 17:00:00,918.845,919.8,915.625,916.295,483,860,0
2023-11-23 18:00:00,916.345,918.315,915.495,916.775,412,900,0
2023-11-23 19:00:00,916.945,918.1,916.285,917.095,409,800,0
2023-11-23 20:00:00,917.095,917.67,916.375,916.985,198,760,0
2023-11-23 21:00:00,917.035,917.8,916.755,917.4,113,760,0
2023-11-24 01:00:00,912.73,918.815,912.7,918.705,365,1510,0
2023-11-24 02:00:00,918.655,921.145,917.75,920.675,372,1220,0
2023-11-24 03:00:00,920.675,920.945,917.925,919.075,549,1230,0
2023-11-24 04:00:00,919.025,919.125,917.225,917.425,433,1220,0
2023-11-24 05:00:00,917.395,919.245,916.7,918.345,396,1579,0
2023-11-24 06:00:00,918.24,919.475,917.54,919.355,605,1589,0
2023-11-24 07:00:00,919.305,920.275,919.0,920.225,677,1529,0
2023-11-24 08:00:00,920.175,920.525,918.85,919.735,335,1609,0
2023-11-24 09:00:00,919.745,920.335,916.215,918.505,532,840,0
2023-11-24 10:00:00,918.695,922.38,918.485,920.625,930,840,0
2023-11-24 11:00:00,920.665,922.745,920.205,920.945,1095,840,0
2023-11-24 12:00:00,920.955,921.545,902.445,913.825,607,840,0
2023-11-24 13:00:00,913.875,916.0,912.105,914.955,449,840,0
2023-11-24 14:00:00,915.045,916.5,911.115,911.605,1010,799,0
2023-11-24 15:00:00,911.605,918.415,910.375,915.565,2983,399,0
2023-11-24 16:00:00,915.475,935.595,914.545,934.405,2688,489,0
2023-11-24 17:00:00,934.495,938.065,929.895,931.525,2196,860,0
2023-11-24 18:00:00,931.595,932.57,929.135,930.415,1320,860,0
2023-11-24 19:00:00,930.455,934.225,930.455,932.955,1695,760,0
2023-11-24 20:00:00,932.955,933.57,927.9,927.9,278,800,0
2023-11-27 01:00:00,923.29,933.175,922.51,928.815,1013,1929,0
2023-11-27 02:00:00,928.815,931.405,928.655,929.345,1010,1840,0
2023-11-27 03:00:00,929.385,936.715,929.385,933.205,5131,859,0
2023-11-27 04:00:00,933.185,933.455,930.495,933.305,2372,1129,0
2023-11-27 05:00:00,933.275,933.495,930.645,931.315,1872,1479,0
2023-11-27 06:00:00,931.315,932.485,929.21,931.09,1438,1220,0
2023-11-27 07:00:00,931.09,935.015,931.09,934.145,1365,1220,0
2023-11-27 08:00:00,934.085,935.765,932.36,934.605,2114,1220,0
2023-11-27 09:00:00,934.635,938.9,934.565,935.845,2008,840,0
2023-11-27 10:00:00,935.885,940.085,935.235,938.355,3445,309,0
2023-11-27 11:00:00,938.345,941.3,935.385,935.705,2647,900,0
2023-11-27 12:00:00,935.705,939.805,933.24,938.805,1860,850,0
2023-11-27 13:00:00,938.805,940.025,934.34,935.825,1728,850,0
2023-11-27 14:00:00,935.855,938.075,932.51,933.42,826,860,0
2023-11-27 15:00:00,933.345,933.345,922.745,924.205,3858,860,0
2023-11-27 16:00:00,924.225,926.475,919.895,921.295,5034,1419,0
2023-11-27 17:00:00,921.265,923.895,917.265,917.665,5328,1319,0
2023-11-27 18:00:00,917.665,919.405,913.795,919.065,4647,1279,0
2023-11-27 19:00:00,919.065,919.385,915.525,918.685,2637,1909,0
2023-11-27 20:00:00,918.665,919.7,916.46,918.915,2140,900,0
2023-11-27 21:00:00,918.895,922.015,918.36,921.445,1330,819,0
2023-11-27 22:00:00,921.445,922.175,920.08,920.855,1075,739,0
2023-11-27 23:00:00,920.915,922.435,919.77,921.34,688,589,0
2023-11-28 01:00:00,916.85,924.945,916.85,924.465,700,349,0
2023-11-28 02:00:00,924.145,925.195,923.26,924.445,1079,1319,0
2023-11-28 03:00:00,924.475,925.725,922.905,924.235,2823,1389,0
2023-11-28 04:00:00,924.235,925.605,922.325,922.785,2116,809,0
2023-11-28 05:00:00,922.735,922.825,918.12,918.385,1393,879,0
2023-11-28 06:00:00,918.415,920.585,917.235,920.445,789,1049,0
2023-11-28 07:00:00,920.465,920.665,918.535,919.275,1011,1189,0
2023-11-28 08:00:00,919.275,927.675,918.325,926.675,1516,309,0
2023-11-28 09:00:00,926.715,930.805,924.085,928.385,2296,469,0
2023-11-28 10:00:00,928.295,928.475,921.96,925.745,1464,880,0
2023-11-28 11:00:00,925.9,926.995,923.26,926.795,595,880,0
2023-11-28 12:00:00,926.645,930.335,925.82,929.255,1308,880,0
2023-11-28 13:00:00,929.295,932.345,928.42,930.905,653,880,0
2023-11-28 14:00:00,930.775,932.765,928.42,929.545,743,880,0
2023-11-28 15:00:00,929.415,932.325,924.79,929.915,2016,1159,0
2023-11-28 16:00:00,929.965,935.275,928.275,931.295,1906,779,0
2023-11-28 17:00:00,931.295,941.145,931.045,940.295,2066,519,0
2023-11-28 18:00:00,940.295,941.385,937.435,940.995,3486,1439,0
2023-11-28 19:00:00,941.025,949.825,940.755,944.495,4666,2349,0
2023-11-28 20:00:00,944.515,945.745,942.055,943.145,2218,900,0
2023-11-28 21:00:00,943.145,944.555,942.16,943.105,1599,900,0
2023-11-28 22:00:00,943.125,943.635,941.66,943.445,1473,900,0
2023-11-28 23:00:00,943.435,944.0,941.4,943.0,736,900,0
2023-11-29 01:00:00,936.66,945.755,936.66,944.175,654,1999,0
2023-11-29 02:00:00,944.265,948.255,943.36,947.935,810,1829,0
2023-11-29 03:00:00,947.935,949.275,943.925,944.175,1141,1559,0
2023-11-29 04:00:00,944.065,944.235,941.27,943.305,730,1400,0
2023-11-29 05:00:00,942.26,943.925,939.0,941.135,561,1319,0
2023-11-29 06:00:00,941.135,942.405,938.59,942.405,322,1410,0
2023-11-29 07:00:00,942.405,943.655,938.36,940.685,633,1039,0
2023-11-29 08:00:00,940.885,942.555,938.04,940.695,616,679,0
2023-11-29 09:00:00,940.645,940.805,937.36,938.405,589,1250,0
2023-11-29 10:00:00,938.225,940.645,937.63,939.095,669,659,0
2023-11-29 11:00:00,939.095,940.205,937.365,939.225,863,860,0
2023-11-29 12:00:00,939.125,939.395,930.96,933.095,674,1079,0
2023-11-29 13:00:00,932.95,934.165,930.56,932.585,2359,860,0
2023-11-29 14:00:00,932.555,936.595,931.305,934.405,2607,900,0
2023-11-29 15:00:00,934.535,934.685,925.125,930.13,4467,1279,0
2023-11-29 16:00:00,930.13,937.575,928.425,937.545,1624,1459,0
2023-11-29 17:00:00,937.595,939.725,933.125,938.975,1924,1359,0
2023-11-29 18:00:00,939.045,939.525,933.895,935.975,1011,509,0
2023-11-29 19:00:00,936.075,937.545,933.93,935.875,757,889,0
2023-11-29 20:00:00,935.945,939.695,934.51,939.695,456,879,0
2023-11-29 21:00:00,939.695,940.725,934.245,935.385,1084,469,0
2023-11-29 22:00:00,935.415,936.3,933.19,933.855,639,479,0
2023-11-29 23:00:00,933.855,934.945,932.12,933.14,430,879,0
2023-11-30 01:00:00,931.1,934.32,928.085,933.355,397,419,0
2023-11-30 02:00:00,933.355,935.705,932.3,935.06,325,969,0
2023-11-30 03:00:00,935.06,935.695,932.46,933.635,583,1700,0
2023-11-30 04:00:00,933.665,939.205,933.06,938.535,1310,1559,0
2023-11-30 05:00:00,938.545,939.015,935.86,937.665,1334,1649,0
2023-11-30 06:00:00,937.655,938.035,934.66,935.635,1232,1409,0
2023-11-30 07:00:00,935.635,935.695,932.66,933.915,1570,709,0
2023-11-30 08:00:00,933.955,938.155,933.07,937.505,1553,1329,0
2023-11-30 09:00:00,937.535,938.575,933.355,935.305,2459,840,0
2023-11-30 10:00:00,935.305,935.435,928.685,930.045,3794,309,0
2023-11-30 11:00:00,930.015,932.415,928.605,932.415,3303,669,0
2023-11-30 12:00:00,932.415,939.645,930.645,938.325,2639,399,0
2023-11-30 13:00:00,938.325,939.065,935.285,936.865,2924,840,0
2023-11-30 14:00:00,936.875,940.375,936.845,939.875,1916,860,0
2023-11-30 15:00:00,939.825,942.675,935.745,940.475,1571,860,0
2023-11-30 16:00:00,940.495,940.495,925.745,926.745,3360,1609,0
2023-11-30 17:00:00,926.745,929.395,925.245,928.055,1753,1609,0
2023-11-30 18:00:00,928.115,929.615,923.925,929.145,4985,929,0
2023-11-30 19:00:00,929.045,930.725,925.425,930.725,3310,900,0
2023-11-30 20:00:00,930.775,932.475,928.76,930.145,1399,1300,0
2023-11-30 21:00:00,930.245,931.695,929.36,931.295,393,1340,0
2023-11-30 22:00:00,931.295,932.495,929.97,932.145,318,1330,0
2023-11-30 23:00:00,932.145,932.645,927.57,927.95,454,1230,0
2023-12-01 01:00:00,925.94,932.695,925.94,931.04,375,1529,0
2023-12-01 02:00:00,931.04,933.225,929.97,931.335,810,1429,0
2023-12-01 03:00:00,931.355,932.425,928.98,931.205,2647,2330,0
2023-12-01 04:00:00,931.155,931.995,927.515,927.545,902,2300,0
2023-12-01 05:00:00,927.565,930.055,927.11,928.455,838,1780,0
2023-12-01 06:00:00,928.415,930.935,927.21,930.735,392,1470,0
2023-12-01 07:00:00,930.785,931.955,928.0,931.745,710,2200,0
2023-12-01 08:00:00,931.745,931.795,928.83,930.015,407,1440,0
2023-12-01 09:00:00,929.965,930.765,925.87,930.105,542,1000,0
2023-12-01 10:00:00,930.185,934.245,930.045,933.885,606,840,0
2023-12-01 11:00:00,933.775,938.795,933.735,935.945,823,1100,0
2023-12-01 12:00:00,935.805,936.545,928.655,929.235,581,850,0
2023-12-01 13:00:00,929.235,929.925,925.565,926.465,835,840,0
2023-12-01 14:00:00,926.455,929.205,924.365,925.175,1301,850,0
2023-12-01 15:00:00,925.175,930.705,923.795,927.535,1255,1419,0
2023-12-01 16:00:00,927.535,931.715,923.445,930.525,1810,1349,0
2023-12-01 17:00:00,930.575,934.665,920.835,923.285,8525,1479,0
2023-12-01 18:00:00,923.285,931.735,919.605,930.785,9673,969,0
2023-12-01 19:00:00,930.765,933.465,928.655,932.705,5662,900,0
2023-12-01 20:00:00,932.645,935.28,931.365,934.995,655,840,0
2023-12-01 21:00:00,934.895,935.225,932.26,933.455,1455,1400,0
2023-12-01 22:00:00,933.425,936.305,932.96,935.495,2087,1100,0
2023-12-01 23:00:00,935.615,936.59,934.575,936.03,1130,1200,0
2023-12-04 01:00:00,929.82,944.585,929.42,940.775,7269,3390,0
2023-12-04 02:00:00,940.805,941.045,935.285,939.325,4296,3619,0
2023-12-04 03:00:00,939.365,940.485,932.845,934.195,3943,1700,0
2023-12-04 04:00:00,934.165,934.435,930.795,933.035,1812,1500,0
2023-12-04 05:00:00,932.855,933.9,931.545,932.515,1870,1700,0
2023-12-04 06:00:00,932.495,933.745,931.405,933.575,1526,1320,0
2023-12-04 07:00:00,933.595,934.045,930.66,931.795,2014,1600,0
2023-12-04 08:00:00,931.785,934.875,929.875,929.935,2541,1240,0
2023-12-04 09:00:00,929.955,931.115,923.615,925.665,2463,860,0
2023-12-04 10:00:00,925.605,927.185,921.645,926.755,5380,860,0
2023-12-04 11:00:00,926.735,928.695,923.145,927.455,4058,1529,0
2023-12-04 12:00:00,927.455,927.455,923.745,926.225,3053,900,0
2023-12-04 13:00:00,926.235,933.565,924.445,932.565,2769,1659,0
2023-12-04 14:00:00,932.555,933.025,929.905,931.415,4074,1140,0
2023-12-04 15:00:00,931.445,938.665,930.265,933.035,6588,1439,0
2023-12-04 16:00:00,933.055,933.355,923.365,923.985,5621,1669,0
2023-12-04 17:00:00,924.065,926.755,909.005,915.515,9698,709,0
2023-12-04 18:00:00,915.305,921.505,912.045,920.035,6564,959,0
2023-12-04 19:00:00,920.065,923.965,919.425,923.495,3657,629,0
2023-12-04 20:00:00,923.585,923.585,919.06,919.935,3070,1099,0
2023-12-04 21:00:00,919.965,921.15,919.345,920.985,1537,1339,0
2023-12-04 22:00:00,921.025,921.375,919.815,920.075,1261,1329,0
2023-12-04 23:00:00,920.075,920.605,918.68,919.82,675,1509,0
2023-12-05 01:00:00,916.34,921.725,914.255,920.645,612,1639,0
2023-12-05 02:00:00,920.545,923.37,918.25,920.805,836,1099,0
2023-12-05 03:00:00,921.17,921.17,916.26,917.545,1536,1609,0
2023-12-05 04:00:00,917.545,918.495,915.16,916.325,495,1609,0
2023-12-05 05:00:00,916.245,919.195,915.44,918.055,445,1609,0
2023-12-05 06:00:00,918.13,918.715,916.185,916.645,410,1629,0
2023-12-05 07:00:00,916.695,917.06,914.32,915.615,492,1659,0
2023-12-05 08:00:00,915.64,916.435,911.97,914.195,599,1609,0
2023-12-05 09:00:00,914.145,914.27,911.545,913.215,740,1669,0
2023-12-05 10:00:00,913.345,915.725,912.285,914.01,872,1649,0
2023-12-05 11:00:00,914.045,917.76,911.345,916.26,1273,1889,0
2023-12-05 12:00:00,914.745,916.34,908.96,909.675,1624,1609,0
2023-12-05 13:00:00,909.775,912.73,906.46,907.175,1659,1609,0
2023-12-05 14:00:00,907.125,907.905,903.825,905.435,2393,1429,0
2023-12-05 15:00:00,905.435,910.845,903.135,908.085,3656,1609,0
2023-12-05 16:00:00,908.085,909.565,896.645,897.045,3822,949,0
2023-12-05 17:00:00,897.045,905.245,895.355,898.135,6787,519,0
2023-12-05 18:00:00,898.235,901.405,896.325,900.135,5154,2069,0
2023-12-05 19:00:00,900.135,904.205,899.545,904.005,1145,1429,0
2023-12-05 20:00:00,904.055,904.905,900.96,902.945,653,1209,0
2023-12-05 21:00:00,902.825,904.025,900.88,903.145,567,1309,0
2023-12-05 22:00:00,903.175,903.575,900.86,902.095,392,1609,0
2023-12-05 23:00:00,902.195,902.525,899.29,901.41,418,1609,0
2023-12-06 01:00:00,897.86,904.045,897.86,903.595,555,1129,0
2023-12-06 02:00:00,903.655,905.715,902.76,905.555,1058,769,0
2023-12-06 03:00:00,905.565,906.655,902.07,905.195,2169,339,0
2023-12-06 04:00:00,905.215,906.085,898.61,901.985,1802,329,0
2023-12-06 05:00:00,902.115,905.485,901.18,904.685,1606,679,0
2023-12-06 06:00:00,904.275,905.195,901.29,903.725,1302,499,0
2023-12-06 07:00:00,903.845,905.645,902.11,905.505,1701,759,0
2023-12-06 08:00:00,905.505,905.645,902.76,904.325,1563,1119,0
2023-12-06 09:00:00,904.325,908.875,903.655,907.445,2082,1299,0
2023-12-06 10:00:00,907.545,907.545,900.9,902.775,719,1359,0
2023-12-06 11:00:00,902.695,905.175,900.235,902.605,1360,1159,0
2023-12-06 12:00:00,902.605,906.825,902.095,906.375,1714,1119,0
2023-12-06 13:00:00,906.095,908.25,903.55,907.525,2561,1439,0
2023-12-06 14:00:00,907.565,911.945,906.65,911.175,1213,999,0
2023-12-06 15:00:00,911.075,914.085,904.86,905.145,1704,1559,0
2023-12-06 16:00:00,905.145,911.195,902.755,904.945,1706,1339,0
2023-12-06 17:00:00,905.065,908.795,901.38,901.805,1445,1609,0
2023-12-06 18:00:00,901.755,901.965,893.615,894.305,3772,1179,0
2023-12-06 19:00:00,894.335,894.405,890.815,892.065,1734,1219,0
2023-12-06 20:00:00,892.035,894.2,889.215,893.255,2593,1670,0
2023-12-06 21:00:00,893.295,894.38,891.685,893.795,2546,1670,0
2023-12-06 22:00:00,893.815,894.13,891.22,891.735,1466,1750,0
2023-12-06 23:00:00,891.815,892.69,890.42,890.89,635,2240,0
2023-12-07 01:00:00,888.26,894.42,887.265,892.795,484,2150,0
2023-12-07 02:00:00,892.795,896.27,892.225,892.535,735,1780,0
2023-12-07 03:00:00,892.535,895.06,890.615,890.625,2331,2090,0
2023-12-07 04:00:00,890.635,892.615,889.94,891.355,2040,2230,0
2023-12-07 05:00:00,891.305,893.155,890.07,891.235,2274,2270,0
2023-12-07 06:00:00,891.205,893.455,890.4,890.825,1054,2320,0
2023-12-07 07:00:00,890.895,892.055,889.42,890.195,1720,779,0
2023-12-07 08:00:00,890.195,893.245,889.49,892.945,1480,609,0
2023-12-07 09:00:00,892.945,897.625,892.335,896.535,2535,319,0
2023-12-07 10:00:00,896.515,898.045,895.255,897.025,3524,749,0
2023-12-07 11:00:00,897.065,900.815,896.34,900.04,3408,1399,0
2023-12-07 12:00:00,900.13,901.77,897.405,898.045,1916,1139,0
2023-12-07 13:00:00,898.045,898.245,894.26,895.865,781,1609,0
2023-12-07 14:00:00,895.855,898.115,894.335,898.065,1388,2269,0
2023-12-07 15:00:00,898.17,911.765,896.615,910.705,2386,1329,0
2023-12-07 16:00:00,910.705,917.615,909.065,910.025,2910,309,0
2023-12-07 17:00:00,909.925,915.895,909.615,914.075,1985,309,0
2023-12-07 18:00:00,914.145,916.295,909.445,913.215,1160,309,0
2023-12-07 19:00:00,913.215,913.465,907.195,911.085,1555,459,0
2023-12-07 20:00:00,911.085,913.725,910.62,912.075,996,1019,0
2023-12-07 21:00:00,912.075,912.275,908.83,910.375,528,1339,0
2023-12-07 22:00:00,910.375,911.685,908.82,909.72,405,1079,0
2023-12-07 23:00:00,909.72,911.485,906.46,907.75,440,939,0
2023-12-08 01:00:00,905.94,910.575,905.475,908.115,437,1119,0
2023-12-08 02:00:00,908.115,913.32,906.28,912.635,548,1609,0
2023-12-08 03:00:00,912.535,915.99,911.015,914.405,1036,2569,0
2023-12-08 04:00:00,914.365,915.43,912.47,913.225,940,2269,0
2023-12-08 05:00:00,913.265,916.215,912.17,916.075,767,2249,0
2023-12-08 06:00:00,916.045,916.79,914.035,914.855,1438,3030,0
2023-12-08 07:00:00,914.865,918.645,914.155,916.565,1557,1979,0
2023-12-08 08:00:00,916.565,917.865,914.88,915.315,1400,2069,0
2023-12-08 09:00:00,915.375,918.625,914.045,917.545,2042,2189,0
2023-12-08 10:00:00,917.525,919.035,914.695,917.455,3688,1979,0
2023-12-08 11:00:00,917.545,921.64,917.435,921.195,2831,2740,0
2023-12-08 12:00:00,921.195,926.135,921.165,925.695,787,1609,0
2023-12-08 13:00:00,925.605,927.355,921.92,923.695,737,1219,0
2023-12-08 14:00:00,922.15,925.355,921.445,922.04,1216,1870,0
2023-12-08 15:00:00,921.865,924.745,916.425,916.495,2628,1559,0
2023-12-08 16:00:00,916.595,919.345,912.025,916.415,2717,1219,0
2023-12-08 17:00:00,916.745,925.095,916.745,921.875,1921,1609,0
2023-12-08 18:00:00,921.935,921.935,915.89,918.375,1080,1609,0
2023-12-08 19:00:00,918.475,918.995,914.695,916.185,1020,1609,0
2023-12-08 20:00:00,916.285,921.845,916.185,920.495,829,1459,0
2023-12-08 21:00:00,920.445,921.325,918.86,920.545,360,1409,0
2023-12-08 22:00:00,919.31,921.245,918.66,918.84,375,1459,0
2023-12-08 23:00:00,918.94,920.625,916.33,917.13,454,1509,0
2023-12-11 01:00:00,915.46,922.745,915.43,921.31,421,1609,0
2023-12-11 02:00:00,922.25,923.445,920.33,921.655,482,1609,0
2023-12-11 03:00:00,921.655,922.155,918.13,920.445,620,1609,0
2023-12-11 04:00:00,920.295,920.435,916.71,918.495,1678,1179,0
2023-12-11 05:00:00,918.475,919.975,917.19,918.285,1847,1089,0
2023-12-11 06:00:00,918.255,918.415,915.14,917.145,768,1349,0
2023-12-11 07:00:00,916.975,919.455,915.75,919.155,402,1609,0
2023-12-11 08:00:00,919.255,921.905,918.09,920.345,413,1669,0
2023-12-11 09:00:00,920.205,922.085,918.63,918.805,517,1669,0
2023-12-11 10:00:00,918.865,925.295,918.34,922.805,668,1609,0
2023-12-11 11:00:00,922.805,923.075,917.54,919.045,751,1909,0
2023-12-11 12:00:00,919.045,925.305,917.23,924.325,590,1609,0
2023-12-11 13:00:00,924.325,926.095,922.18,923.805,670,1499,0
2023-12-11 14:00:00,923.805,927.395,921.93,927.295,1162,1459,0
2023-12-11 15:00:00,927.195,929.255,921.775,923.675,2113,1459,0
2023-12-11 16:00:00,923.675,926.115,914.145,916.975,2551,1609,0
2023-12-11 17:00:00,916.895,921.545,915.755,917.685,1432,1609,0
2023-12-11 18:00:00,917.785,919.695,913.14,914.705,938,1609,0
2023-12-11 19:00:00,914.745,915.895,910.84,912.225,572,1609,0
2023-12-11 20:00:00,912.275,915.645,911.34,915.245,651,1609,0
2023-12-11 21:00:00,915.175,915.645,913.0,914.405,404,1609,0
2023-12-11 22:00:00,914.505,915.085,912.25,913.995,398,859,0
2023-12-11 23:00:00,913.895,913.975,910.23,911.48,418,1609,0
2023-12-12 01:00:00,908.92,914.545,908.92,914.225,370,1609,0
2023-12-12 02:00:00,914.245,914.855,912.44,914.545,354,1609,0
2023-12-12 03:00:00,914.555,914.905,912.72,914.355,429,1669,0
2023-12-12 04:00:00,913.3,914.605,911.55,913.005,409,1629,0
2023-12-12 05:00:00,912.955,916.755,912.16,916.005,415,1949,0
2023-12-12 06:00:00,915.955,916.905,914.56,916.545,312,1959,0
2023-12-12 07:00:00,916.7,918.445,915.66,917.845,395,1609,0
2023-12-12 08:00:00,917.975,919.445,916.66,917.34,403,1609,0
2023-12-12 09:00:00,918.425,919.195,915.7,918.355,456,1609,0
2023-12-12 10:00:00,918.255,920.755,915.88,918.355,587,1669,0
2023-12-12 11:00:00,918.405,923.195,916.73,922.775,618,1609,0
2023-12-12 12:00:00,922.795,925.985,921.82,924.305,775,1609,0
2023-12-12 13:00:00,924.305,926.275,923.75,924.865,795,1609,0
2023-12-12 14:00:00,924.985,926.895,923.4,925.455,583,1909,0
2023-12-12 15:00:00,925.295,927.545,918.405,921.195,2509,1609,0
2023-12-12 16:00:00,921.305,924.955,909.83,911.045,1598,1629,0
2023-12-12 17:00:00,911.125,922.025,910.145,920.295,1563,1549,0
2023-12-12 18:00:00,920.245,928.225,918.83,927.625,1036,1859,0
2023-12-12 19:00:00,927.725,928.225,923.48,928.035,1861,1510,0
2023-12-12 20:00:00,928.045,929.995,926.9,928.565,2526,1500,0
2023-12-12 21:00:00,928.425,930.695,927.58,929.59,1729,1830,0
2023-12-12 22:00:00,930.685,932.125,929.36,931.725,444,2259,0
2023-12-12 23:00:00,931.615,932.765,928.92,930.73,471,2349,0
2023-12-13 01:00:00,929.69,933.355,928.225,932.555,555,1910,0
2023-12-13 02:00:00,932.535,932.555,928.53,930.125,557,1869,0
2023-12-13 03:00:00,930.195,931.155,928.19,930.565,582,2109,0
2023-12-13 04:00:00,930.565,931.375,928.47,929.975,981,2540,0
2023-12-13 05:00:00,929.965,930.695,928.12,929.925,867,2580,0
2023-12-13 06:00:00,929.895,931.245,927.58,929.665,477,2749,0
2023-12-13 07:00:00,929.665,931.365,927.84,931.105,676,2920,0
2023-12-13 08:00:00,930.09,931.445,926.3,928.965,1047,3059,0
2023-12-13 09:00:00,929.025,930.075,926.51,928.455,1356,2759,0
2023-12-13 10:00:00,928.365,931.525,927.98,930.285,1505,1700,0
2023-12-13 11:00:00,930.285,931.095,927.31,929.845,803,1519,0
2023-12-13 12:00:00,929.895,929.995,917.52,918.615,685,1609,0
2023-12-13 13:00:00,918.735,920.045,916.055,919.945,813,1929,0
2023-12-13 14:00:00,919.945,920.0,916.26,919.845,360,1849,0
2023-12-13 15:00:00,919.72,926.875,917.91,925.975,1025,1489,0
2023-12-13 16:00:00,925.895,931.175,923.06,929.545,1505,1589,0
2023-12-13 17:00:00,929.555,931.105,920.66,925.375,1296,1609,0
2023-12-13 18:00:00,925.395,926.145,917.6,918.245,845,1209,0
2023-12-13 19:00:00,918.445,920.65,917.37,919.045,368,2289,0
2023-12-13 20:00:00,919.045,919.92,915.125,915.205,362,1679,0
2023-12-13 21:00:00,915.225,936.165,908.175,935.375,2498,909,0
2023-12-13 22:00:00,935.375,939.875,934.115,939.205,1926,1609,0
2023-12-13 23:00:00,938.845,939.185,932.805,936.6,782,2580,0
2023-12-14 01:00:00,936.26,938.905,935.285,938.365,1042,1930,0
2023-12-14 02:00:00,937.42,942.715,936.87,941.765,1038,1409,0
2023-12-14 03:00:00,941.855,941.955,936.16,938.665,1487,2100,0
2023-12-14 04:00:00,938.665,941.345,937.45,941.075,839,1909,0
2023-12-14 05:00:00,940.925,942.795,938.64,940.495,650,1609,0
2023-12-14 06:00:00,940.525,941.645,937.55,939.305,514,1609,0
2023-12-14 07:00:00,939.355,942.055,937.95,941.695,514,1609,0
2023-12-14 08:00:00,941.795,942.655,938.93,940.705,565,1609,0
2023-12-14 09:00:00,940.655,941.395,936.28,939.945,992,1959,0
2023-12-14 10:00:00,939.755,947.405,939.755,944.075,1138,1449,0
2023-12-14 11:00:00,944.125,946.605,942.57,945.255,731,1609,0
2023-12-14 12:00:00,945.295,947.925,940.85,946.995,1147,1789,0
2023-12-14 13:00:00,946.995,947.265,941.83,942.185,1164,2019,0
2023-12-14 14:00:00,942.185,945.705,940.19,941.645,1171,2289,0
2023-12-14 15:00:00,941.845,945.695,934.235,945.215,2410,1409,0
2023-12-14 16:00:00,945.005,956.995,942.095,956.175,2821,1469,0
2023-12-14 17:00:00,956.275,963.055,955.38,957.745,2761,1299,0
2023-12-14 18:00:00,957.775,961.045,955.705,960.345,3629,2659,0
2023-12-14 19:00:00,960.345,966.205,958.795,965.995,1375,1609,0
2023-12-14 20:00:00,965.995,966.315,958.39,961.445,1083,1609,0
2023-12-14 21:00:00,961.645,963.195,959.69,962.205,516,1609,0
2023-12-14 22:00:00,962.095,962.635,959.86,961.705,407,1629,0
2023-12-14 23:00:00,961.705,961.845,954.47,958.73,291,1929,0
2023-12-15 01:00:00,957.64,961.745,956.38,958.145,556,1609,0
2023-12-15 02:00:00,957.85,960.445,956.78,958.995,512,1669,0
2023-12-15 03:00:00,959.095,959.785,956.74,958.355,722,1679,0
2023-12-15 04:00:00,958.395,963.905,957.13,961.925,772,1239,0
2023-12-15 05:00:00,961.57,963.335,958.04,959.045,581,1619,0
2023-12-15 06:00:00,959.015,961.445,957.02,959.745,265,2689,0
2023-12-15 07:00:00,959.745,959.945,955.93,956.845,213,2799,0
2023-12-15 08:00:00,956.845,958.745,954.33,957.845,229,3119,0
2023-12-15 09:00:00,957.845,960.445,955.76,959.945,279,2269,0
2023-12-15 10:00:00,959.945,962.745,956.045,962.145,491,1889,0
2023-12-15 11:00:00,962.145,967.325,960.43,964.245,608,1589,0
2023-12-15 12:00:00,964.245,965.845,958.38,961.245,356,2229,0
2023-12-15 13:00:00,961.245,965.045,959.72,963.945,405,2119,0
2023-12-15 14:00:00,963.945,966.345,956.565,958.225,445,1609,0
2023-12-15 15:00:00,958.275,961.275,944.945,947.645,1967,759,0
2023-12-15 16:00:00,947.645,948.045,937.815,939.455,4960,1529,0
2023-12-15 17:00:00,939.305,948.155,938.145,943.045,6226,1049,0
2023-12-15 18:00:00,943.045,949.675,941.645,942.005,4304,1039,0
2023-12-15 19:00:00,942.125,947.135,941.185,946.565,3043,1139,0
2023-12-15 20:00:00,946.595,948.665,941.675,942.195,3737,969,0
2023-12-15 21:00:00,942.035,942.665,940.395,942.655,2678,619,0
2023-12-15 22:00:00,942.685,945.555,941.84,943.105,1655,309,0
2023-12-15 23:00:00,942.955,943.345,938.26,938.88,452,1009,0
2023-12-18 01:00:00,940.07,944.435,937.775,940.745,859,539,0
2023-12-18 02:00:00,939.39,944.345,939.39,944.345,1120,909,0
2023-12-18 03:00:00,944.345,944.345,939.95,941.545,622,1819,0
2023-12-18 04:00:00,941.545,943.845,940.1,943.445,284,1589,0
2023-12-18 05:00:00,943.445,946.685,941.85,946.24,1343,1469,0
2023-12-18 06:00:00,946.215,946.435,944.4,946.035,841,1419,0
2023-12-18 07:00:00,945.985,949.545,944.78,947.52,975,909,0
2023-12-18 08:00:00,947.52,949.205,946.34,947.545,936,1039,0
2023-12-18 09:00:00,947.445,948.605,946.08,948.205,489,1409,0
2023-12-18 10:00:00,948.335,953.495,946.72,953.495,623,1609,0
2023-12-18 11:00:00,953.415,954.575,948.51,950.045,696,1609,0
2023-12-18 12:00:00,950.145,950.745,943.06,945.115,777,2380,0
2023-12-18 13:00:00,945.175,953.605,943.98,951.595,924,1609,0
2023-12-18 14:00:00,951.685,954.425,947.96,951.545,574,1609,0
2023-12-18 15:00:00,951.475,959.035,951.305,958.335,2055,1609,0
2023-12-18 16:00:00,958.335,959.275,948.97,952.765,4339,1469,0
2023-12-18 17:00:00,952.765,953.845,945.12,948.785,1781,1609,0
2023-12-18 18:00:00,948.835,951.26,945.51,949.12,1230,1649,0
2023-12-18 19:00:00,949.29,954.245,948.655,951.645,884,1609,0
2023-12-18 20:00:00,951.595,951.645,946.41,947.395,636,1489,0
2023-12-18 21:00:00,946.46,949.035,946.36,948.395,350,1649,0
2023-12-18 22:00:00,948.395,949.235,946.4,947.635,331,1649,0
2023-12-18 23:00:00,947.495,949.055,944.89,947.48,193,1649,0
2023-12-19 01:00:00,945.74,950.605,945.74,950.555,349,1649,0
2023-12-19 02:00:00,950.48,953.345,949.12,952.615,522,1439,0
2023-12-19 03:00:00,952.565,954.845,950.47,952.225,680,1679,0
2023-12-19 04:00:00,952.175,952.935,949.58,950.055,828,2059,0
2023-12-19 05:00:00,949.975,950.695,945.18,947.255,1681,2479,0
2023-12-19 06:00:00,945.38,947.555,944.57,946.955,547,1459,0
2023-12-19 07:00:00,945.39,947.485,944.3,946.185,438,1689,0
2023-12-19 08:00:00,946.255,947.295,942.88,946.225,918,1849,0
2023-12-19 09:00:00,946.225,947.125,942.18,943.075,856,2079,0
2023-12-19 10:00:00,943.075,950.315,942.55,946.53,907,1959,0
2023-12-19 11:00:00,946.65,948.005,943.42,944.045,486,2420,0
2023-12-19 12:00:00,944.045,944.545,939.7,942.675,609,1609,0
2023-12-19 13:00:00,941.55,944.455,940.95,942.675,603,1609,0
2023-12-19 14:00:00,942.775,946.475,942.11,945.325,709,1609,0
2023-12-19 15:00:00,945.295,951.145,944.245,950.125,1306,1509,0
2023-12-19 16:00:00,949.875,960.095,947.425,959.245,1569,1609,0
2023-12-19 17:00:00,959.235,959.535,945.435,958.295,1973,1609,0
2023-12-19 18:00:00,958.375,962.055,957.29,961.805,947,1609,0
2023-12-19 19:00:00,961.695,963.195,958.11,960.315,1008,1609,0
2023-12-19 20:00:00,960.445,961.875,959.12,960.745,890,1559,0
2023-12-19 21:00:00,960.745,961.195,956.72,958.135,513,1629,0
2023-12-19 22:00:00,958.135,958.345,955.19,957.325,633,1579,0
2023-12-19 23:00:00,957.365,957.505,952.47,953.87,434,1639,0
2023-12-20 01:00:00,954.46,958.845,952.17,955.995,593,1069,0
2023-12-20 02:00:00,955.995,957.985,953.82,955.135,386,969,0
2023-12-20 03:00:00,955.135,956.915,953.78,955.795,497,969,0
2023-12-20 04:00:00,954.46,961.415,954.42,961.305,765,1499,0
2023-12-20 05:00:00,961.415,961.765,958.8,961.035,584,1509,0
2023-12-20 06:00:00,961.035,961.955,959.13,961.175,416,1579,0
2023-12-20 07:00:00,961.175,961.635,958.33,960.445,481,2179,0
2023-12-20 08:00:00,960.445,961.045,956.52,958.935,478,2339,0
2023-12-20 09:00:00,958.925,960.845,956.53,959.865,766,2409,0
2023-12-20 10:00:00,959.845,964.575,957.63,962.385,944,979,0
2023-12-20 11:00:00,962.385,962.535,952.36,953.955,859,979,0
2023-12-20 12:00:00,952.44,955.125,949.705,950.105,743,979,0
2023-12-20 13:00:00,949.49,957.345,948.94,956.325,1042,2260,0
2023-12-20 14:00:00,956.305,956.325,951.675,953.855,2988,2190,0
2023-12-20 15:00:00,953.815,967.235,951.215,965.965,2872,1629,0
2023-12-20 16:00:00,966.045,966.655,957.585,963.465,3696,1779,0
2023-12-20 17:00:00,963.475,965.475,961.545,964.245,2154,1709,0
2023-12-20 18:00:00,964.245,966.645,962.655,964.725,1222,1939,0
2023-12-20 19:00:00,964.695,967.895,963.99,967.775,2585,1489,0
2023-12-20 20:00:00,967.775,971.185,967.185,968.56,1651,1860,0
2023-12-20 21:00:00,968.53,970.065,961.52,962.305,1599,1679,0
2023-12-20 22:00:00,962.285,962.665,957.545,957.545,2934,1909,0
2023-12-20 23:00:00,957.545,961.58,955.305,960.71,355,2829,0
2023-12-21 01:00:00,959.81,963.785,959.57,961.21,944,1489,0
2023-12-21 02:00:00,961.21,964.31,960.93,963.505,1124,1459,0
2023-12-21 03:00:00,963.505,966.555,962.72,966.025,3147,819,0
2023-12-21 04:00:00,966.035,968.765,964.43,968.185,2142,729,0
2023-12-21 05:00:00,968.175,970.145,966.23,969.645,1278,989,0
2023-12-21 06:00:00,969.645,970.405,967.93,969.135,569,1669,0
2023-12-21 07:00:00,969.115,971.445,968.0,970.845,344,639,0
2023-12-21 08:00:00,969.53,971.045,968.01,970.695,355,1539,0
2023-12-21 09:00:00,970.17,970.975,964.45,965.72,584,1609,0
2023-12-21 10:00:00,965.72,968.575,962.54,965.485,650,1609,0
2023-12-21 11:00:00,965.12,966.225,961.18,961.895,887,1609,0
2023-12-21 12:00:00,961.925,962.035,956.235,959.355,2800,1469,0
2023-12-21 13:00:00,959.355,965.225,957.87,964.395,2933,2139,0
2023-12-21 14:00:00,964.345,969.225,963.335,967.195,1055,1609,0
2023-12-21 15:00:00,967.045,969.245,960.495,960.645,1382,1629,0
2023-12-21 16:00:00,960.745,961.895,954.305,957.195,6124,1799,0
2023-12-21 17:00:00,957.455,963.045,951.195,961.185,6477,1869,0
2023-12-21 18:00:00,961.245,966.295,960.955,965.725,2051,2529,0
2023-12-21 19:00:00,965.625,967.145,963.64,966.445,1489,2379,0
2023-12-21 20:00:00,966.465,967.455,962.59,963.51,2234,2309,0
2023-12-21 21:00:00,963.51,967.525,963.47,965.495,667,2429,0
2023-12-21 22:00:00,965.425,967.075,963.91,966.595,562,1759,0
2023-12-21 23:00:00,966.495,966.875,960.36,965.4,320,1629,0
2023-12-22 01:00:00,965.0,968.305,964.69,966.33,653,1839,0
2023-12-22 02:00:00,966.875,969.375,965.19,965.25,504,879,0
2023-12-22 03:00:00,965.26,967.845,964.21,966.995,544,979,0
2023-12-22 04:00:00,965.59,969.555,961.96,969.075,1514,1029,0
2023-12-22 05:00:00,967.27,969.855,964.35,964.35,587,1129,0
2023-12-22 06:00:00,964.35,967.565,963.85,967.035,487,1639,0
2023-12-22 07:00:00,967.135,967.695,963.24,966.105,767,1609,0
2023-12-22 08:00:00,966.055,966.785,963.71,965.335,480,1679,0
2023-12-22 09:00:00,965.335,969.345,964.39,968.07,675,1829,0
2023-12-22 10:00:00,969.105,970.895,966.83,969.525,709,1159,0
2023-12-22 11:00:00,969.615,971.895,966.11,967.125,770,1369,0
2023-12-22 12:00:00,967.125,974.325,965.32,973.675,766,1719,0
2023-12-22 13:00:00,973.675,974.215,970.09,972.235,910,1689,0
2023-12-22 14:00:00,972.265,975.445,968.9,972.775,1207,1609,0
2023-12-22 15:00:00,972.775,979.245,969.73,978.215,2393,1359,0
2023-12-22 16:00:00,978.135,983.005,972.745,972.885,4473,839,0
2023-12-22 17:00:00,973.075,977.475,970.765,972.205,4332,1689,0
2023-12-22 18:00:00,972.205,977.625,969.145,975.905,4090,2909,0
2023-12-22 19:00:00,975.935,978.015,975.335,976.945,2865,1719,0
2023-12-22 20:00:00,976.965,978.325,974.44,975.895,2115,1739,0
2023-12-22 21:00:00,975.895,975.895,970.81,973.045,1386,1869,0
2023-12-22 22:00:00,972.845,974.345,971.46,973.845,428,1709,0
2023-12-22 23:00:00,973.845,974.395,972.2,974.15,641,1989,0
2023-12-26 01:00:00,970.35,975.94,970.27,973.35,912,2460,0
2023-12-26 02:00:00,973.35,974.69,971.51,971.79,588,2640,0
2023-12-26 03:00:00,971.77,974.87,971.17,974.03,822,3760,0
2023-12-26 04:00:00,974.03,976.01,972.97,975.23,778,3610,0
2023-12-26 05:00:00,975.17,976.73,974.21,974.72,895,3650,0
2023-12-26 06:00:00,974.72,976.24,973.12,974.42,635,3690,0
2023-12-26 07:00:00,974.42,975.26,971.18,972.26,690,4570,0
2023-12-26 08:00:00,972.28,973.59,969.61,969.64,725,4620,0
2023-12-26 09:00:00,969.64,974.075,969.64,971.685,567,1669,0
2023-12-26 10:00:00,971.545,972.495,968.97,970.445,606,2119,0
2023-12-26 11:00:00,970.445,971.855,968.88,970.705,1055,1399,0
2023-12-26 12:00:00,970.655,973.995,969.84,973.535,1661,1439,0
2023-12-26 13:00:00,973.525,973.905,972.09,973.355,1145,1349,0
2023-12-26 14:00:00,973.445,974.835,971.64,974.775,962,1349,0
2023-12-26 15:00:00,974.765,982.685,974.305,978.025,3771,1259,0
2023-12-26 16:00:00,978.025,980.685,974.425,977.365,3310,2809,0
2023-12-26 17:00:00,977.145,980.455,975.56,979.945,2139,879,0
2023-12-26 18:00:00,979.945,981.125,978.09,979.705,2111,1349,0
2023-12-26 19:00:00,979.685,982.095,976.56,978.045,1269,2699,0
2023-12-26 20:00:00,978.045,979.445,975.745,978.145,948,3029,0
2023-12-26 21:00:00,978.07,980.515,977.23,979.885,920,2899,0
2023-12-26 22:00:00,979.885,981.945,978.82,981.945,1522,1809,0
2023-12-26 23:00:00,981.945,982.845,975.255,976.79,254,2449,0
2023-12-27 01:00:00,976.97,981.81,975.135,980.375,1299,1149,0
2023-12-27 02:00:00,981.005,981.685,979.2,980.475,957,1779,0
2023-12-27 03:00:00,980.475,982.775,978.9,981.825,812,2059,0
2023-12-27 04:00:00,981.825,982.385,979.49,980.465,926,1919,0
2023-12-27 05:00:00,980.425,980.605,977.64,979.085,904,1979,0
2023-12-27 06:00:00,978.23,980.565,978.22,980.135,420,2059,0
2023-12-27 07:00:00,980.135,980.145,977.31,978.525,760,2299,0
2023-12-27 08:00:00,978.665,982.035,978.22,980.975,1005,1939,0
2023-12-27 09:00:00,980.985,981.685,975.27,976.215,1379,1859,0
2023-12-27 10:00:00,976.205,981.095,976.155,981.035,2020,1889,0
2023-12-27 11:00:00,981.075,982.875,978.74,979.755,1767,1239,0
2023-12-27 12:00:00,979.755,980.925,971.05,974.345,1602,1359,0
2023-12-27 13:00:00,974.345,976.245,971.95,975.345,432,1219,0
2023-12-27 14:00:00,975.345,978.615,972.43,976.245,622,379,0
2023-12-27 15:00:00,976.245,982.305,973.92,977.145,919,1229,0
2023-12-27 16:00:00,977.145,984.36,973.3,981.655,1063,929,0
2023-12-27 17:00:00,981.075,990.635,980.945,989.985,1809,1359,0
2023-12-27 18:00:00,989.985,995.605,989.265,994.665,1005,1419,0
2023-12-27 19:00:00,994.665,997.375,991.26,997.065,587,1419,0
2023-12-27 20:00:00,998.175,998.855,994.79,997.065,637,1119,0
2023-12-27 21:00:00,996.645,999.475,994.47,999.465,546,2289,0
2023-12-27 22:00:00,999.465,999.895,995.46,998.925,630,2209,0
2023-12-27 23:00:00,998.645,999.445,991.54,991.67,394,2699,0
2023-12-28 01:00:00,991.59,999.335,991.33,995.44,454,4039,0
2023-12-28 02:00:00,997.305,998.165,994.78,997.305,494,4029,0
2023-12-28 03:00:00,997.365,1001.135,995.59,1000.305,731,2139,0
2023-12-28 04:00:00,1000.405,1001.945,998.15,1000.755,981,4069,0
2023-12-28 05:00:00,998.72,1001.375,997.77,1000.645,545,4369,0
2023-12-28 06:00:00,1000.655,1000.935,989.8,999.345,616,3709,0
2023-12-28 07:00:00,997.57,1001.225,997.57,1000.475,969,3609,0
2023-12-28 08:00:00,1000.425,1000.845,995.44,999.265,580,3629,0
2023-12-28 09:00:00,999.275,1002.835,996.86,1002.565,603,1779,0
2023-12-28 10:00:00,1002.565,1005.575,996.13,998.775,804,1669,0
2023-12-28 11:00:00,997.71,1000.265,986.96,999.455,899,1669,0
2023-12-28 12:00:00,999.445,1000.215,985.51,996.075,599,1669,0
2023-12-28 13:00:00,996.045,999.535,994.26,996.845,432,1619,0
2023-12-28 14:00:00,996.845,1000.545,994.46,999.045,372,1239,0
2023-12-28 15:00:00,999.145,1001.345,990.2,1000.545,759,589,0
2023-12-28 16:00:00,1000.545,1008.815,998.36,1008.345,667,339,0
2023-12-28 17:00:00,1000.48,1013.555,999.64,1007.405,1081,1669,0
2023-12-28 18:00:00,1007.285,1008.385,1003.495,1005.145,971,2229,0
2023-12-28 19:00:00,1005.145,1008.64,1004.895,1007.845,446,2529,0
2023-12-28 20:00:00,1007.845,1008.045,992.395,1006.545,448,1929,0
2023-12-28 21:00:00,1006.445,1006.845,1002.88,1004.945,290,1849,0
2023-12-28 22:00:00,1004.945,1006.245,1003.31,1005.345,454,2209,0
2023-12-28 23:00:00,1005.345,1006.445,999.775,1002.31,586,2149,0
2023-12-29 01:00:00,1002.56,1005.1,999.725,1002.545,489,2889,0
2023-12-29 02:00:00,1002.545,1003.75,1000.26,1002.055,450,1839,0
2023-12-29 03:00:00,1002.135,1006.655,1000.06,1005.465,662,2069,0
2023-12-29 04:00:00,1005.365,1006.185,999.71,1004.645,430,2069,0
2023-12-29 05:00:00,1004.745,1006.145,999.81,1004.945,185,4909,0
2023-12-29 06:00:00,1004.945,1006.145,998.95,1006.145,187,4059,0
2023-12-29 07:00:00,1006.145,1006.945,1001.56,1006.945,241,4139,0
2023-12-29 08:00:00,1003.04,1007.545,1003.04,1005.725,238,3209,0
2023-12-29 09:00:00,1005.725,1006.135,999.38,1001.445,541,4209,0
2023-12-29 10:00:00,1001.465,1005.045,996.19,1000.345,391,4539,0
2023-12-29 11:00:00,1000.345,1004.145,995.58,995.66,258,5109,0
2023-12-29 12:00:00,995.66,1004.345,992.48,1002.945,599,1909,0
2023-12-29 13:00:00,1001.19,1008.445,1000.25,1002.495,688,2189,0
2023-12-29 14:00:00,1002.605,1004.945,998.37,1004.845,231,2909,0
2023-12-29 15:00:00,1005.045,1006.345,995.15,998.145,561,649,0
2023-12-29 16:00:00,998.145,1004.845,994.8,1004.845,419,1219,0
2023-12-29 17:00:00,1004.845,1006.145,996.65,1001.745,609,509,0
2023-12-29 18:00:00,1001.745,1002.045,995.8,998.045,438,589,0
2023-12-29 19:00:00,998.045,998.245,992.8,995.145,229,3279,0
2023-12-29 20:00:00,995.145,995.145,989.85,990.4,231,1829,0
2023-12-29 21:00:00,992.245,992.745,988.715,992.345,210,3069,0
2023-12-29 22:00:00,992.445,993.445,986.8,990.545,207,1199,0
2023-12-29 23:00:00,990.545,990.545,980.69,981.33,307,329,0
2024-01-02 01:00:00,987.22,991.2,986.97,990.02,963,2500,0
2024-01-02 02:00:00,990.01,993.49,989.0,990.76,812,2300,0
2024-01-02 03:00:00,991.54,993.19,985.6,985.87,1810,2300,0
2024-01-02 04:00:00,985.85,986.91,983.69,985.17,1095,2300,0
2024-01-02 05:00:00,985.16,989.7,984.82,987.75,918,3420,0
2024-01-02 06:00:00,987.75,989.34,987.22,988.46,595,3690,0
2024-01-02 07:00:00,988.48,990.22,987.69,989.21,995,2300,0
2024-01-02 08:00:00,989.23,989.86,987.28,987.94,974,2300,0
2024-01-02 09:00:00,989.165,992.065,987.84,988.445,1950,1069,0
2024-01-02 10:00:00,988.445,994.515,987.945,992.845,1513,1109,0
2024-01-02 11:00:00,992.845,994.995,991.73,993.975,780,1009,0
2024-01-02 12:00:00,994.025,1001.745,991.83,1001.025,755,1339,0
2024-01-02 13:00:00,1001.125,1001.725,991.46,993.495,773,909,0
2024-01-02 14:00:00,993.575,994.125,988.495,988.825,937,1189,0
2024-01-02 15:00:00,988.785,992.245,980.885,986.845,3788,309,0
2024-01-02 16:00:00,986.845,992.025,983.885,991.415,2822,809,0
2024-01-02 17:00:00,991.315,992.795,985.775,987.745,1963,1609,0
2024-01-02 18:00:00,987.705,995.745,987.04,994.745,1132,1149,0
2024-01-02 19:00:00,994.745,995.545,986.905,988.045,655,1719,0
2024-01-02 20:00:00,987.875,989.165,984.26,985.145,729,1729,0
2024-01-02 21:00:00,984.25,986.105,982.76,983.865,522,1769,0
2024-01-02 22:00:00,983.975,984.77,982.88,984.355,551,2150,0
2024-01-02 23:00:00,984.455,985.27,981.26,982.46,489,2509,0
2024-01-03 01:00:00,981.72,986.62,979.315,985.245,430,1969,0
2024-01-03 02:00:00,985.345,987.305,984.45,985.995,429,1579,0
2024-01-03 03:00:00,985.995,986.775,982.86,985.285,669,1569,0
2024-01-03 04:00:00,985.395,986.635,983.06,986.545,753,1929,0
2024-01-03 05:00:00,986.545,988.09,984.55,987.185,1183,1169,0
2024-01-03 06:00:00,986.06,987.775,984.3,985.605,828,1169,0
2024-01-03 07:00:00,985.595,987.355,983.94,985.365,1260,1389,0
2024-01-03 08:00:00,985.385,989.355,983.6,988.845,1500,1499,0
2024-01-03 09:00:00,988.845,989.005,984.35,985.995,514,1609,0
2024-01-03 10:00:00,985.925,987.675,981.19,982.325,598,1609,0
2024-01-03 11:00:00,982.205,983.055,976.15,976.545,533,929,0
2024-01-03 12:00:00,976.545,977.045,973.88,974.545,560,1329,0
2024-01-03 13:00:00,974.545,975.34,970.745,971.685,1741,1859,0
2024-01-03 14:00:00,971.785,974.83,970.215,971.715,1826,1179,0
2024-01-03 15:00:00,971.715,977.635,968.485,968.745,3546,1269,0
2024-01-03 16:00:00,969.415,975.245,965.945,965.945,3266,779,0
2024-01-03 17:00:00,965.945,977.245,965.545,967.605,2812,309,0
2024-01-03 18:00:00,967.705,977.105,967.655,973.855,2439,599,0
2024-01-03 19:00:00,973.725,977.415,973.145,976.945,2624,2159,0
2024-01-03 20:00:00,976.885,979.625,972.905,973.285,1087,689,0
2024-01-03 21:00:00,973.195,978.155,972.395,974.295,2779,1859,0
2024-01-03 22:00:00,974.385,975.145,971.54,974.185,1436,1999,0
2024-01-03 23:00:00,974.075,974.885,971.81,971.83,594,2109,0
2024-01-04 01:00:00,971.21,976.365,970.855,975.445,631,2149,0
2024-01-04 02:00:00,975.545,975.735,971.48,973.855,591,2439,0
2024-01-04 03:00:00,973.855,974.735,969.94,971.995,900,1349,0
2024-01-04 04:00:00,970.13,972.185,968.42,969.33,601,989,0
2024-01-04 05:00:00,969.38,972.095,967.93,970.045,624,839,0
2024-01-04 06:00:00,970.095,970.805,967.32,970.225,483,1159,0
2024-01-04 07:00:00,970.045,970.045,966.28,968.315,503,1559,0
2024-01-04 08:00:00,968.295,969.605,965.26,969.545,706,1839,0
2024-01-04 09:00:00,969.405,972.825,966.53,971.725,901,1019,0
2024-01-04 10:00:00,971.945,974.575,966.09,967.425,794,959,0
2024-01-04 11:00:00,967.335,973.675,966.135,973.575,931,1179,0
2024-01-04 12:00:00,973.695,978.195,971.64,976.835,1146,659,0
2024-01-04 13:00:00,976.26,978.245,972.15,973.875,760,979,0
2024-01-04 14:00:00,973.875,976.61,971.85,973.775,776,869,0
2024-01-04 15:00:00,974.085,974.345,966.515,967.165,1861,1169,0
2024-01-04 16:00:00,967.165,967.615,960.165,961.945,6302,909,0
2024-01-04 17:00:00,961.975,965.455,960.545,963.645,3094,2019,0
2024-01-04 18:00:00,963.685,964.635,958.23,958.285,1058,1609,0
2024-01-04 19:00:00,958.295,959.145,955.005,956.045,2406,1879,0
2024-01-04 20:00:00,956.065,957.88,954.26,956.845,798,2159,0
2024-01-04 21:00:00,956.845,957.345,954.35,955.55,514,2309,0
2024-01-04 22:00:00,955.55,957.55,955.2,956.045,864,2449,0
2024-01-04 23:00:00,956.045,957.61,954.25,955.06,457,2900,0
2024-01-05 01:00:00,954.11,958.12,951.715,957.175,839,2769,0
2024-01-05 02:00:00,957.225,958.16,955.38,955.685,998,2269,0
2024-01-05 03:00:00,955.635,958.92,955.635,956.975,2246,1979,0
2024-01-05 04:00:00,956.955,958.295,953.36,955.025,1201,1609,0
2024-01-05 05:00:00,954.58,955.295,951.76,953.435,378,1359,0
2024-01-05 06:00:00,953.345,954.845,951.81,953.845,344,1379,0
2024-01-05 07:00:00,953.785,954.335,951.4,953.045,411,1419,0
2024-01-05 08:00:00,953.045,953.745,949.02,951.755,497,1209,0
2024-01-05 09:00:00,951.605,954.365,949.9,950.095,561,1629,0
2024-01-05 10:00:00,950.145,950.81,947.305,949.365,1151,1699,0
2024-01-05 11:00:00,949.335,952.21,947.435,950.085,1608,1929,0
2024-01-05 12:00:00,949.935,953.195,947.865,949.945,742,1969,0
2024-01-05 13:00:00,949.945,952.93,948.045,950.575,804,2189,0
2024-01-05 14:00:00,951.71,952.13,949.1,950.725,629,1669,0
2024-01-05 15:00:00,950.41,956.955,943.515,955.275,3836,1059,0
2024-01-05 16:00:00,955.375,965.345,955.275,961.475,3767,1229,0
2024-01-05 17:00:00,962.965,970.545,962.235,965.405,4702,309,0
2024-01-05 18:00:00,965.405,967.355,961.43,963.055,6125,1249,0
2024-01-05 19:00:00,963.055,964.325,959.605,962.475,2984,1149,0
2024-01-05 20:00:00,962.445,965.115,959.39,964.825,1447,1349,0
2024-01-05 21:00:00,964.975,966.605,961.05,962.745,828,1389,0
2024-01-05 22:00:00,962.795,964.625,960.84,964.325,1796,1209,0
2024-01-05 23:00:00,964.395,964.395,960.21,961.32,674,1489,0
2024-01-08 01:00:00,959.3,963.945,956.055,963.445,669,1139,0
2024-01-08 02:00:00,962.87,966.695,961.87,966.675,363,1039,0
2024-01-08 03:00:00,966.675,969.045,963.76,965.325,545,379,0
2024-01-08 04:00:00,965.325,965.395,959.68,961.295,475,789,0
2024-01-08 05:00:00,961.295,962.195,956.03,958.215,440,939,0
2024-01-08 06:00:00,958.205,959.245,955.71,955.71,726,1239,0
2024-01-08 07:00:00,955.71,959.215,954.8,958.125,746,1359,0
2024-01-08 08:00:00,958.075,960.045,956.86,959.785,668,1769,0
2024-01-08 09:00:00,959.795,960.945,957.06,959.045,703,1359,0
2024-01-08 10:00:00,958.995,959.335,953.52,954.215,767,1349,0
2024-01-08 11:00:00,953.78,956.96,951.7,955.865,1972,1469,0
2024-01-08 12:00:00,955.815,956.235,951.22,951.52,522,1289,0
2024-01-08 13:00:00,953.065,954.095,949.64,951.815,650,809,0
2024-01-08 14:00:00,951.18,958.505,950.23,958.245,758,479,0
2024-01-08 15:00:00,958.245,958.375,947.465,949.525,1584,309,0
2024-01-08 16:00:00,949.395,952.775,945.945,951.735,5869,359,0
2024-01-08 17:00:00,951.735,961.895,949.755,960.075,5224,1559,0
2024-01-08 18:00:00,960.095,962.745,952.91,955.205,1269,929,0
2024-01-08 19:00:00,955.295,956.245,948.02,949.975,972,609,0
2024-01-08 20:00:00,949.875,950.645,944.995,945.405,1211,589,0
2024-01-08 21:00:00,945.385,947.94,945.065,946.465,1311,2799,0
2024-01-08 22:00:00,946.485,948.05,944.035,946.305,1364,2559,0
2024-01-08 23:00:00,946.375,947.95,943.95,944.57,764,2830,0
2024-01-09 01:00:00,945.15,952.01,941.655,950.685,629,2539,0
2024-01-09 02:00:00,950.485,955.945,950.355,954.065,524,1399,0
2024-01-09 03:00:00,954.125,954.545,950.32,953.495,610,1389,0
2024-01-09 04:00:00,953.495,954.545,949.98,952.095,562,1549,0
2024-01-09 05:00:00,952.045,953.995,950.35,952.075,496,1429,0
2024-01-09 06:00:00,952.095,952.295,948.86,951.545,464,1529,0
2024-01-09 07:00:00,950.13,952.145,948.21,949.895,550,1609,0
2024-01-09 08:00:00,949.82,950.575,948.13,950.425,493,1929,0
2024-01-09 09:00:00,950.59,951.495,949.055,950.655,631,1929,0
2024-01-09 10:00:00,950.605,953.885,946.795,947.885,874,2249,0
2024-01-09 11:00:00,947.935,950.84,945.885,948.635,1796,2509,0
2024-01-09 12:00:00,948.655,950.135,946.14,947.595,1695,1679,0
2024-01-09 13:00:00,947.595,947.745,942.905,945.855,800,1399,0
2024-01-09 14:00:00,945.905,947.035,942.795,944.975,1434,1649,0
2024-01-09 15:00:00,944.995,945.195,937.845,940.755,2028,1609,0
2024-01-09 16:00:00,940.655,946.305,938.25,941.055,2388,1609,0
2024-01-09 17:00:00,941.245,941.455,935.785,936.905,2574,1629,0
2024-01-09 18:00:00,936.955,937.755,934.045,934.985,3008,1609,0
2024-01-09 19:00:00,935.295,937.105,933.79,934.575,1019,1889,0
2024-01-09 20:00:00,934.98,935.665,933.11,934.505,1160,1899,0
2024-01-09 21:00:00,934.615,935.15,932.325,934.015,637,2209,0
2024-01-09 22:00:00,934.015,934.96,932.19,932.725,874,2189,0
2024-01-09 23:00:00,932.725,933.8,931.74,931.85,454,2249,0
2024-01-10 01:00:00,930.44,936.19,930.44,935.035,627,2399,0
2024-01-10 02:00:00,935.035,936.18,933.75,934.985,796,2709,0
2024-01-10 03:00:00,935.035,936.135,934.005,936.095,2063,2800,0
2024-01-10 04:00:00,936.075,937.88,934.635,935.375,1996,2770,0
2024-01-10 05:00:00,935.345,935.95,933.545,934.245,1573,2789,0
2024-01-10 06:00:00,934.245,937.0,934.015,935.485,1026,2839,0
2024-01-10 07:00:00,935.435,935.75,931.61,932.905,1219,1609,0
2024-01-10 08:00:00,932.855,933.395,929.55,931.195,604,1609,0
2024-01-10 09:00:00,931.095,934.355,929.95,932.645,542,1609,0
2024-01-10 10:00:00,932.695,935.045,930.28,933.885,850,1679,0
2024-01-10 11:00:00,933.895,939.05,933.215,938.125,2486,2470,0
2024-01-10 12:00:00,938.125,939.8,931.475,932.485,1319,1259,0
2024-01-10 13:00:00,930.99,933.535,929.5,931.825,489,1609,0
2024-01-10 14:00:00,931.3,932.645,928.28,929.145,514,1609,0
2024-01-10 15:00:00,928.995,933.575,927.425,927.535,1756,1609,0
2024-01-10 16:00:00,927.555,928.605,919.005,921.685,6131,1129,0
2024-01-10 17:00:00,921.685,924.265,918.215,922.905,4705,959,0
2024-01-10 18:00:00,922.975,923.145,917.9,921.125,2022,1429,0
2024-01-10 19:00:00,921.055,921.775,918.01,920.775,877,1489,0
2024-01-10 20:00:00,920.875,922.295,918.86,920.755,735,1609,0
2024-01-10 21:00:00,920.695,921.595,918.85,921.495,468,1649,0
2024-01-10 22:00:00,921.505,922.535,918.91,921.375,690,1179,0
2024-01-10 23:00:00,921.405,921.495,918.31,920.54,601,1579,0
2024-01-11 01:00:00,918.64,922.845,917.395,922.845,387,1609,0
2024-01-11 02:00:00,922.3,923.725,920.76,923.565,331,1609,0
2024-01-11 03:00:00,923.525,925.565,921.96,924.405,455,1609,0
2024-01-11 04:00:00,924.355,925.855,921.03,922.295,559,1609,0
2024-01-11 05:00:00,920.85,924.485,920.44,924.355,397,1599,0
2024-01-11 06:00:00,924.405,925.235,922.78,924.505,567,1629,0
2024-01-11 07:00:00,924.405,927.295,923.36,926.845,727,1519,0
2024-01-11 08:00:00,926.845,927.445,924.51,925.945,729,1479,0
2024-01-11 09:00:00,925.895,927.945,924.6,925.955,1440,569,0
2024-01-11 10:00:00,925.905,928.235,923.325,926.335,1778,339,0
2024-01-11 11:00:00,926.285,926.855,923.755,926.245,1481,999,0
2024-01-11 12:00:00,926.285,926.985,924.01,925.815,1093,879,0
2024-01-11 13:00:00,926.19,928.46,924.55,927.275,1199,2309,0
2024-01-11 14:00:00,927.55,927.9,924.47,926.145,1751,1969,0
2024-01-11 15:00:00,926.145,933.195,922.155,922.825,3107,1009,0
2024-01-11 16:00:00,922.745,927.355,919.465,921.855,6058,489,0
2024-01-11 17:00:00,921.945,922.945,916.445,916.995,2617,1089,0
2024-01-11 18:00:00,916.975,917.075,911.695,913.005,2365,1459,0
2024-01-11 19:00:00,913.115,914.165,909.7,912.355,896,1569,0
2024-01-11 20:00:00,912.455,914.175,911.01,913.735,1122,1399,0
2024-01-11 21:00:00,913.745,919.245,912.78,918.945,898,1089,0
2024-01-11 22:00:00,918.945,919.145,915.85,917.545,949,1229,0
2024-01-11 23:00:00,917.545,918.385,913.335,916.7,559,1549,0
2024-01-12 01:00:00,914.49,921.255,912.845,921.225,909,1949,0
2024-01-12 02:00:00,921.225,921.685,918.34,919.935,1148,1019,0
2024-01-12 03:00:00,919.995,922.165,918.6,921.595,2872,959,0
2024-01-12 04:00:00,921.605,922.535,919.57,919.88,1982,1559,0
2024-01-12 05:00:00,919.88,922.505,919.88,921.605,1605,789,0
2024-01-12 06:00:00,921.595,921.995,918.86,921.995,1074,729,0
2024-01-12 07:00:00,921.995,922.235,917.53,919.765,1490,989,0
2024-01-12 08:00:00,919.745,921.525,918.59,919.585,1016,689,0
2024-01-12 09:00:00,919.585,921.545,917.42,920.545,1439,859,0
2024-01-12 10:00:00,920.345,924.96,918.81,921.465,1794,1139,0
2024-01-12 11:00:00,921.435,926.395,920.245,924.875,1961,1079,0
2024-01-12 12:00:00,924.945,929.045,924.16,928.295,641,1289,0
2024-01-12 13:00:00,928.435,928.855,922.01,924.125,666,1609,0
2024-01-12 14:00:00,924.145,927.545,922.96,924.095,627,1609,0
2024-01-12 15:00:00,924.145,930.445,920.66,930.445,1545,879,0
2024-01-12 16:00:00,930.525,938.655,927.055,933.745,2120,1119,0
2024-01-12 17:00:00,933.745,934.945,923.015,924.825,4292,859,0
2024-01-12 18:00:00,924.825,924.825,915.545,916.885,5199,629,0
2024-01-12 19:00:00,916.785,917.035,912.545,914.235,4381,799,0
2024-01-12 20:00:00,914.165,914.715,911.45,912.515,2660,1279,0
2024-01-12 21:00:00,912.515,913.185,909.405,909.945,1604,1309,0
2024-01-12 22:00:00,909.925,910.235,906.85,907.535,875,1209,0
2024-01-12 23:00:00,907.535,909.685,906.4,908.3,605,2159,0
2024-01-15 01:00:00,907.38,911.535,905.38,909.045,1432,2820,0
2024-01-15 02:00:00,909.865,912.685,908.785,912.235,1233,1749,0
2024-01-15 03:00:00,912.285,914.935,911.935,914.785,1732,1179,0
2024-01-15 04:00:00,913.9,917.555,913.9,916.445,2482,879,0
2024-01-15 05:00:00,916.455,917.7,914.44,917.465,1816,2129,0
2024-01-15 06:00:00,917.485,917.505,915.1,915.885,1494,1359,0
2024-01-15 07:00:00,916.12,916.12,913.52,915.425,1565,2279,0
2024-01-15 08:00:00,915.485,916.455,914.24,915.765,1331,2689,0
2024-01-15 09:00:00,915.745,916.075,913.23,915.065,1634,409,0
2024-01-15 10:00:00,915.045,919.745,913.48,917.155,1633,599,0
2024-01-15 11:00:00,917.155,919.655,914.57,916.145,1171,989,0
2024-01-15 12:00:00,915.81,916.345,913.33,916.245,336,1059,0
2024-01-15 13:00:00,916.245,918.645,914.83,917.445,456,1189,0
2024-01-15 14:00:00,917.445,917.645,913.49,916.445,534,1019,0
2024-01-15 15:00:00,916.245,916.445,912.03,913.415,1549,689,0
2024-01-15 16:00:00,913.395,915.625,911.385,914.535,2310,839,0
2024-01-15 17:00:00,914.535,916.865,911.72,913.755,2361,1609,0
2024-01-15 18:00:00,913.735,915.335,910.51,911.27,1906,2369,0
2024-01-15 19:00:00,911.27,916.105,911.17,914.645,1149,2199,0
2024-01-15 20:00:00,914.725,915.425,912.59,915.035,607,2429,0
2024-01-15 21:00:00,914.21,915.57,913.58,913.99,199,2639,0
2024-01-16 01:00:00,912.99,915.895,912.845,914.195,965,1559,0
2024-01-16 02:00:00,914.385,915.68,912.13,912.755,1210,1959,0
2024-01-16 03:00:00,912.755,915.825,910.775,914.865,2792,2129,0
2024-01-16 04:00:00,914.825,915.095,911.86,912.225,2233,2419,0
2024-01-16 05:00:00,912.215,913.795,911.265,912.145,2168,2239,0
2024-01-16 06:00:00,912.105,913.09,911.36,911.56,1395,2329,0
2024-01-16 07:00:00,911.56,912.765,909.3,910.435,2058,1679,0
2024-01-16 08:00:00,910.415,911.705,909.04,910.375,1860,1789,0
2024-01-16 09:00:00,910.385,913.17,907.62,911.145,1097,1299,0
2024-01-16 10:00:00,911.145,911.155,905.965,906.755,2637,1009,0
2024-01-16 11:00:00,906.755,908.005,903.2,905.285,3667,379,0
2024-01-16 12:00:00,905.315,909.165,903.55,907.095,2481,1129,0
2024-01-16 13:00:00,907.105,908.935,905.27,907.865,1844,849,0
2024-01-16 14:00:00,907.835,908.395,902.4,903.105,1688,909,0
2024-01-16 15:00:00,903.095,908.065,900.215,901.095,6323,579,0
2024-01-16 16:00:00,901.095,907.425,900.725,902.705,3407,1069,0
2024-01-16 17:00:00,902.745,906.17,901.245,905.645,3169,1919,0
2024-01-16 18:00:00,905.645,905.665,897.455,902.195,4165,1309,0
2024-01-16 19:00:00,902.195,902.275,895.95,896.91,1498,1159,0
2024-01-16 20:00:00,896.81,900.425,896.72,898.535,2654,1059,0
2024-01-16 21:00:00,898.545,900.405,897.27,900.225,1923,1039,0
2024-01-16 22:00:00,900.255,900.395,898.03,899.245,1546,1319,0
2024-01-16 23:00:00,899.255,899.295,896.32,897.99,675,1479,0
2024-01-17 01:00:00,895.91,901.235,895.91,900.025,696,1149,0
2024-01-17 02:00:00,900.035,900.315,897.64,899.135,983,1439,0
2024-01-17 03:00:00,898.89,899.995,896.62,898.765,2798,1159,0
2024-01-17 04:00:00,898.765,900.135,895.7,896.835,2081,859,0
2024-01-17 05:00:00,896.785,897.385,893.56,895.355,835,769,0
2024-01-17 06:00:00,895.375,897.275,894.59,896.805,1067,839,0
2024-01-17 07:00:00,896.845,897.035,893.07,895.875,1480,749,0
2024-01-17 08:00:00,895.875,896.125,892.49,894.315,1214,1079,0
2024-01-17 09:00:00,894.275,894.73,890.945,893.795,2385,739,0
2024-01-17 10:00:00,893.795,893.795,890.05,890.815,2196,1069,0
2024-01-17 11:00:00,890.825,892.39,889.045,892.105,1090,1219,0
2024-01-17 12:00:00,892.055,898.645,891.42,895.095,752,1109,0
2024-01-17 13:00:00,895.185,895.625,891.08,892.015,704,1609,0
2024-01-17 14:00:00,892.015,897.025,890.85,892.715,2077,1639,0
2024-01-17 15:00:00,892.705,897.075,889.445,895.205,2630,1319,0
2024-01-17 16:00:00,895.315,896.955,883.445,883.635,2568,739,0
2024-01-17 17:00:00,883.585,889.925,878.785,883.215,5024,1299,0
2024-01-17 18:00:00,883.145,884.085,881.085,883.085,3061,1829,0
2024-01-17 19:00:00,882.985,886.685,881.04,886.685,2305,1839,0
2024-01-17 20:00:00,886.785,887.045,883.14,886.145,1373,999,0
2024-01-17 21:00:00,886.145,886.945,884.89,885.745,951,2169,0
2024-01-17 22:00:00,885.785,887.345,884.29,886.645,577,1489,0
2024-01-17 23:00:00,886.645,886.945,884.06,884.36,345,1469,0
2024-01-18 01:00:00,882.37,888.385,879.715,887.3,723,1989,0
2024-01-18 02:00:00,887.16,890.275,886.19,890.235,1367,1089,0
2024-01-18 03:00:00,890.275,891.975,887.49,889.325,2076,309,0
2024-01-18 04:00:00,889.355,890.665,886.14,888.085,1391,649,0
2024-01-18 05:00:00,888.085,890.835,886.04,889.835,876,869,0
2024-01-18 06:00:00,889.835,890.635,887.34,889.825,431,799,0
2024-01-18 07:00:00,889.785,890.595,887.54,890.225,1959,849,0
2024-01-18 08:00:00,890.215,892.195,887.74,891.055,2123,939,0
2024-01-18 09:00:00,890.44,891.895,888.08,891.755,1460,1089,0
2024-01-18 10:00:00,891.755,892.535,888.17,890.525,2460,1119,0
2024-01-18 11:00:00,890.515,895.055,889.905,894.725,2321,919,0
2024-01-18 12:00:00,894.705,896.185,891.26,895.745,1133,819,0
2024-01-18 13:00:00,895.575,896.845,891.82,896.545,628,869,0
2024-01-18 14:00:00,896.635,899.175,894.56,897.655,859,539,0
2024-01-18 15:00:00,897.525,902.275,892.51,894.185,1814,529,0
2024-01-18 16:00:00,894.185,903.545,893.025,900.255,2119,909,0
2024-01-18 17:00:00,900.315,901.745,897.075,897.955,1726,849,0
2024-01-18 18:00:00,897.955,903.005,896.755,902.095,1249,1419,0
2024-01-18 19:00:00,902.095,906.405,899.39,906.245,1350,1279,0
2024-01-18 20:00:00,906.155,909.355,904.28,908.655,1075,1329,0
2024-01-18 21:00:00,908.655,909.295,905.19,907.895,582,1369,0
2024-01-18 22:00:00,907.895,910.745,905.82,910.595,505,969,0
2024-01-18 23:00:00,910.595,911.035,906.98,906.99,523,869,0
2024-01-19 01:00:00,908.07,914.815,907.55,913.545,573,819,0
2024-01-19 02:00:00,913.545,914.175,909.83,912.545,478,469,0
2024-01-19 03:00:00,911.14,914.845,910.55,913.245,653,1419,0
2024-01-19 04:00:00,913.105,914.815,910.42,914.135,599,959,0
2024-01-19 05:00:00,914.245,914.845,910.73,914.015,477,1149,0
2024-01-19 06:00:00,913.925,913.955,910.13,911.725,328,1359,0
2024-01-19 07:00:00,911.725,912.715,909.07,911.165,538,1309,0
2024-01-19 08:00:00,911.165,912.865,908.52,912.365,775,1539,0
2024-01-19 09:00:00,912.255,916.525,910.29,915.795,801,939,0
2024-01-19 10:00:00,915.645,916.595,910.89,915.295,688,1359,0
2024-01-19 11:00:00,915.395,916.395,911.45,913.845,1346,1499,0
2024-01-19 12:00:00,913.845,915.765,912.63,914.405,1133,1729,0
2024-01-19 13:00:00,914.405,915.905,911.99,912.725,451,1379,0
2024-01-19 14:00:00,912.725,913.295,910.1,910.875,592,1399,0
2024-01-19 15:00:00,910.975,917.325,909.835,912.845,3147,659,0
2024-01-19 16:00:00,912.975,913.275,901.91,902.515,1774,699,0
2024-01-19 17:00:00,903.785,906.475,900.985,903.145,2964,1359,0
2024-01-19 18:00:00,903.045,904.365,895.89,897.135,3609,539,0
2024-01-19 19:00:00,897.135,902.705,894.41,901.745,1820,309,0
2024-01-19 20:00:00,901.755,902.505,897.72,899.245,1556,349,0
2024-01-19 21:00:00,899.245,902.235,898.13,901.905,1741,309,0
2024-01-19 22:00:00,901.885,902.415,899.23,902.145,1542,329,0
2024-01-19 23:00:00,902.105,903.35,899.065,902.27,480,329,0
2024-01-22 01:00:00,898.54,903.015,897.88,902.575,1420,869,0
2024-01-22 02:00:00,902.575,906.235,901.13,906.055,1415,949,0
2024-01-22 03:00:00,906.145,907.515,902.74,904.545,3036,539,0
2024-01-22 04:00:00,904.515,904.535,901.4,902.905,1705,529,0
2024-01-22 05:00:00,902.905,903.145,900.8,902.935,1742,729,0
2024-01-22 06:00:00,902.965,904.305,901.51,903.675,915,499,0
2024-01-22 07:00:00,903.655,903.675,900.58,901.695,1653,389,0
2024-01-22 08:00:00,901.675,902.545,897.795,898.485,2492,309,0
2024-01-22 09:00:00,898.435,899.685,894.445,896.245,1017,309,0
2024-01-22 10:00:00,896.245,900.285,894.645,897.335,898,309,0
2024-01-22 11:00:00,897.185,898.485,894.71,896.485,868,309,0
2024-01-22 12:00:00,896.535,899.885,894.38,896.635,812,309,0
2024-01-22 13:00:00,896.585,898.135,894.01,897.385,909,309,0
2024-01-22 14:00:00,897.285,901.085,896.38,898.895,1466,529,0
2024-01-22 15:00:00,898.925,903.945,896.865,899.345,4346,1269,0
2024-01-22 16:00:00,899.325,904.955,896.955,903.625,4935,739,0
2024-01-22 17:00:00,903.605,906.695,902.045,902.745,2002,1419,0
2024-01-22 18:00:00,902.745,902.745,896.785,898.755,2148,559,0
2024-01-22 19:00:00,898.845,899.605,896.56,897.005,1013,1059,0
2024-01-22 20:00:00,897.005,898.015,894.61,896.255,996,1359,0
2024-01-22 21:00:00,896.305,896.725,894.51,896.305,1441,1759,0
2024-01-22 22:00:00,896.305,896.815,894.3,895.535,1354,1159,0
2024-01-22 23:00:00,895.485,895.965,893.23,894.55,525,1039,0
2024-01-23 01:00:00,894.53,896.09,892.735,895.295,793,1549,0
2024-01-23 02:00:00,895.295,899.145,895.205,898.825,954,559,0
2024-01-23 03:00:00,898.825,900.635,896.44,900.585,1530,439,0
2024-01-23 04:00:00,900.585,902.585,898.26,899.385,1209,589,0
2024-01-23 05:00:00,899.385,903.745,896.93,902.945,839,669,0
2024-01-23 06:00:00,901.89,904.285,901.49,902.445,351,309,0
2024-01-23 07:00:00,902.445,909.385,901.85,909.335,730,309,0
2024-01-23 08:00:00,909.455,909.455,906.56,909.335,1401,719,0
2024-01-23 09:00:00,909.285,910.035,906.945,908.395,2912,869,0
2024-01-23 10:00:00,908.395,908.755,904.9,906.195,1777,1109,0
2024-01-23 11:00:00,906.145,906.785,902.6,903.705,1758,1209,0
2024-01-23 12:00:00,903.705,906.515,900.75,905.015,1641,999,0
2024-01-23 13:00:00,904.915,905.295,900.79,902.415,1858,1629,0
2024-01-23 14:00:00,902.435,903.435,899.75,902.375,2041,399,0
2024-01-23 15:00:00,902.405,911.345,901.795,907.875,2402,749,0
2024-01-23 16:00:00,907.845,908.245,898.625,899.065,2414,579,0
2024-01-23 17:00:00,898.925,903.105,897.815,899.335,2679,759,0
2024-01-23 18:00:00,899.295,902.255,897.745,900.545,2627,689,0
2024-01-23 19:00:00,900.545,902.115,897.81,900.775,2383,1559,0
2024-01-23 20:00:00,900.845,902.145,898.91,901.095,1923,1759,0
2024-01-23 21:00:00,901.085,903.755,900.31,903.605,1622,1499,0
2024-01-23 22:00:00,903.615,904.225,901.74,904.165,1359,1309,0
2024-01-23 23:00:00,904.125,904.275,901.96,902.72,888,1589,0
2024-01-24 01:00:00,899.72,903.41,899.72,902.715,766,1399,0
2024-01-24 02:00:00,902.695,904.04,902.3,903.525,715,1329,0
2024-01-24 03:00:00,903.545,904.795,901.85,903.865,2067,1159,0
2024-01-24 04:00:00,903.855,904.025,901.335,902.125,1370,1149,0
2024-01-24 05:00:00,902.125,904.025,901.05,903.805,1263,1229,0
2024-01-24 06:00:00,903.825,905.255,903.25,904.105,1319,1139,0
2024-01-24 07:00:00,904.105,906.295,902.53,905.275,1855,309,0
2024-01-24 08:00:00,905.275,907.005,904.17,905.745,1564,389,0
2024-01-24 09:00:00,905.725,909.175,904.78,908.455,2411,409,0
2024-01-24 10:00:00,908.455,909.565,906.255,908.535,2376,909,0
2024-01-24 11:00:00,908.435,912.555,908.115,910.645,1509,1169,0
2024-01-24 12:00:00,910.545,912.455,909.245,912.055,1692,1870,0
2024-01-24 13:00:00,910.87,913.595,910.72,912.395,848,1649,0
2024-01-24 14:00:00,912.395,913.765,909.395,909.625,786,1680,0
2024-01-24 15:00:00,909.625,915.465,909.125,910.825,2167,1219,0
2024-01-24 16:00:00,910.825,913.225,904.835,905.385,4274,309,0
2024-01-24 17:00:00,905.385,910.485,904.135,906.985,3773,469,0
2024-01-24 18:00:00,906.985,907.935,904.36,904.41,2157,849,0
2024-01-24 19:00:00,904.35,910.435,903.945,909.285,1475,1319,0
2024-01-24 20:00:00,909.285,909.785,903.18,904.745,2387,1359,0
2024-01-24 21:00:00,904.815,905.085,902.2,904.345,1939,689,0
2024-01-24 22:00:00,904.395,904.605,901.63,902.415,1716,619,0
2024-01-24 23:00:00,902.395,902.865,900.42,902.09,812,579,0
2024-01-25 01:00:00,898.39,903.04,897.565,902.025,962,869,0
2024-01-25 02:00:00,902.035,904.605,901.23,904.275,1035,309,0
2024-01-25 03:00:00,904.245,904.765,901.84,904.205,2374,309,0
2024-01-25 04:00:00,904.225,905.755,901.715,903.525,2023,309,0
2024-01-25 05:00:00,903.545,906.265,902.69,905.835,1109,469,0
2024-01-25 06:00:00,905.77,906.205,903.345,904.975,737,679,0
2024-01-25 07:00:00,905.005,906.425,903.76,905.915,1241,549,0
2024-01-25 08:00:00,905.965,906.335,903.59,905.565,1144,329,0
2024-01-25 09:00:00,905.545,906.635,903.31,905.775,1601,549,0
2024-01-25 10:00:00,905.765,906.175,901.725,904.725,2952,419,0
2024-01-25 11:00:00,904.725,905.625,899.52,901.145,2174,509,0
2024-01-25 12:00:00,901.175,903.885,899.86,900.755,1657,879,0
2024-01-25 13:00:00,900.775,903.075,900.41,903.075,1544,1049,0
2024-01-25 14:00:00,903.075,903.125,898.53,899.515,1735,489,0
2024-01-25 15:00:00,899.515,903.195,895.975,900.585,5901,579,0
2024-01-25 16:00:00,900.555,901.965,896.835,897.865,7335,1019,0
2024-01-25 17:00:00,897.925,898.355,891.335,892.075,5222,309,0
2024-01-25 18:00:00,891.965,893.585,888.985,889.635,2843,1269,0
2024-01-25 19:00:00,889.635,890.235,886.665,888.935,2708,1509,0
2024-01-25 20:00:00,888.925,891.105,887.765,889.425,2756,1620,0
2024-01-25 21:00:00,889.425,892.535,888.73,892.385,1322,1620,0
2024-01-25 22:00:00,892.385,894.075,891.95,893.205,827,1609,0
2024-01-25 23:00:00,893.385,893.615,891.24,892.84,540,1620,0
2024-01-26 01:00:00,890.7,894.83,888.785,893.325,580,1609,0
2024-01-26 02:00:00,893.445,893.61,891.27,892.685,523,1469,0
2024-01-26 03:00:00,892.735,895.16,892.37,894.085,895,1579,0
2024-01-26 04:00:00,893.47,896.385,893.42,894.985,819,1770,0
2024-01-26 05:00:00,894.985,896.6,894.385,895.835,625,1369,0
2024-01-26 06:00:00,895.885,896.49,894.85,895.835,472,899,0
2024-01-26 07:00:00,896.47,898.05,895.44,897.135,814,1109,0
2024-01-26 08:00:00,897.085,897.23,893.645,894.835,947,1199,0
2024-01-26 09:00:00,894.835,895.61,891.585,892.735,1132,1189,0
2024-01-26 10:00:00,892.735,897.045,892.335,896.745,1168,909,0
2024-01-26 11:00:00,896.845,898.785,894.52,897.835,813,769,0
2024-01-26 12:00:00,897.86,902.035,896.92,900.405,997,999,0
2024-01-26 13:00:00,900.21,903.175,888.575,901.285,1294,1479,0
2024-01-26 14:00:00,900.88,903.035,898.93,900.165,1336,999,0
2024-01-26 15:00:00,900.205,908.575,900.13,906.945,2512,309,0
2024-01-26 16:00:00,906.945,913.495,905.645,910.545,1945,309,0
2024-01-26 17:00:00,910.545,914.385,906.545,912.845,1747,309,0
2024-01-26 18:00:00,912.985,918.855,909.87,916.725,1779,329,0
2024-01-26 19:00:00,916.725,917.255,912.34,914.045,1869,1909,0
2024-01-26 20:00:00,914.025,918.345,914.005,917.035,841,1829,0
2024-01-26 21:00:00,917.025,917.685,915.19,916.445,967,1829,0
2024-01-26 22:00:00,916.445,916.855,914.75,915.745,1037,1940,0
2024-01-26 23:00:00,915.765,915.985,909.935,914.96,701,2279,0
2024-01-29 01:00:00,909.01,917.765,908.55,912.145,2378,1029,0
2024-01-29 02:00:00,912.145,912.945,908.94,911.505,573,1229,0
2024-01-29 03:00:00,911.555,915.285,911.555,914.885,734,1239,0
2024-01-29 04:00:00,914.905,915.685,912.41,915.605,555,1579,0
2024-01-29 05:00:00,915.505,916.085,912.81,914.395,416,1569,0
2024-01-29 06:00:00,914.18,915.685,912.93,914.955,324,1589,0
2024-01-29 07:00:00,914.905,915.295,910.71,911.945,409,1609,0
2024-01-29 08:00:00,911.945,912.555,909.22,912.435,593,1409,0
2024-01-29 09:00:00,912.435,915.635,912.36,914.275,1320,1169,0
2024-01-29 10:00:00,914.245,916.325,912.74,913.315,715,1159,0
2024-01-29 11:00:00,913.265,913.875,910.01,911.045,916,909,0
2024-01-29 12:00:00,909.77,911.665,908.52,911.565,978,1089,0
2024-01-29 13:00:00,911.595,912.395,909.395,911.445,1330,1820,0
2024-01-29 14:00:00,911.445,913.865,910.87,913.865,1378,1899,0
2024-01-29 15:00:00,913.935,922.165,909.745,922.045,2857,1289,0
2024-01-29 16:00:00,922.035,926.345,918.495,922.635,5297,1380,0
2024-01-29 17:00:00,922.235,926.445,920.225,925.545,3653,1219,0
2024-01-29 18:00:00,925.545,930.145,925.545,929.525,786,1069,0
2024-01-29 19:00:00,929.625,930.735,927.205,930.165,2371,1049,0
2024-01-29 20:00:00,930.185,931.125,928.25,929.755,1612,1320,0
2024-01-29 21:00:00,929.825,931.685,928.78,930.485,1682,1320,0
2024-01-29 22:00:00,930.635,933.415,930.55,932.515,2664,1320,0
2024-01-29 23:00:00,932.485,932.485,930.69,931.52,873,1320,0
2024-01-30 01:00:00,929.45,932.445,925.075,929.675,608,1620,0
2024-01-30 02:00:00,929.685,930.8,928.79,929.215,1521,1620,0
2024-01-30 03:00:00,929.205,929.865,926.835,928.545,1833,1609,0
2024-01-30 04:00:00,928.505,929.065,926.5,928.495,1555,1630,0
2024-01-30 05:00:00,928.495,929.33,927.635,927.765,1164,1850,0
2024-01-30 06:00:00,927.785,928.535,927.245,927.795,616,1940,0
2024-01-30 07:00:00,927.795,929.045,926.25,927.045,576,1649,0
2024-01-30 08:00:00,927.045,929.365,926.45,927.48,450,1649,0
2024-01-30 09:00:00,927.98,930.895,926.715,930.595,546,1559,0
2024-01-30 10:00:00,930.745,931.995,929.37,930.375,661,1369,0
2024-01-30 11:00:00,930.595,930.905,926.585,927.385,696,1499,0
2024-01-30 12:00:00,927.395,927.545,923.49,924.53,1480,1370,0
2024-01-30 13:00:00,924.51,925.745,922.96,922.96,546,1609,0
2024-01-30 14:00:00,923.525,926.545,922.26,925.905,510,1609,0
2024-01-30 15:00:00,926.005,926.905,919.845,923.525,2788,889,0
2024-01-30 16:00:00,923.505,930.825,923.405,926.445,2375,989,0
2024-01-30 17:00:00,926.745,927.345,915.685,921.06,3453,659,0
2024-01-30 18:00:00,921.06,925.685,918.835,925.685,2909,639,0
2024-01-30 19:00:00,925.685,925.795,923.29,924.815,2202,809,0
2024-01-30 20:00:00,924.815,925.965,923.79,925.645,1566,1009,0
2024-01-30 21:00:00,925.675,926.925,924.8,926.385,1181,1430,0
2024-01-30 22:00:00,926.415,926.585,925.01,926.175,942,1430,0
2024-01-30 23:00:00,925.03,926.255,923.96,925.35,842,1430,0
2024-01-31 01:00:00,922.69,925.55,922.6,922.845,493,1530,0
2024-01-31 02:00:00,922.845,924.245,920.59,922.485,968,1530,0
2024-01-31 03:00:00,922.515,924.825,921.73,922.335,1874,1530,0
2024-01-31 04:00:00,922.315,922.875,920.425,922.235,1644,1530,0
2024-01-31 05:00:00,922.265,922.855,919.67,921.125,921,1530,0
2024-01-31 06:00:00,921.095,922.965,919.79,922.155,682,1530,0
2024-01-31 07:00:00,922.175,923.345,920.86,922.835,1144,1530,0
2024-01-31 08:00:00,922.825,922.835,919.52,921.305,990,1530,0
2024-01-31 09:00:00,921.275,923.395,920.59,923.275,1565,1290,0
2024-01-31 10:00:00,923.245,927.785,922.57,924.445,1770,969,0
2024-01-31 11:00:00,924.445,926.245,923.26,924.205,617,1620,0
2024-01-31 12:00:00,924.255,925.645,919.46,920.45,481,1599,0
2024-01-31 13:00:00,920.45,924.875,920.01,924.395,466,1439,0
2024-01-31 14:00:00,924.445,924.975,922.06,923.2,499,1529,0
2024-01-31 15:00:00,923.2,926.685,920.755,925.305,2944,1229,0
2024-01-31 16:00:00,925.305,931.895,923.355,930.555,2544,719,0
2024-01-31 17:00:00,930.455,936.165,928.375,934.655,1301,1179,0
2024-01-31 18:00:00,934.705,935.395,926.5,930.325,2412,1519,0
2024-01-31 19:00:00,930.225,931.345,926.14,926.535,945,1349,0
2024-01-31 20:00:00,926.535,926.535,922.815,922.815,2028,1369,0
2024-01-31 21:00:00,923.045,928.715,920.115,925.945,10691,1019,0
2024-01-31 22:00:00,925.905,926.345,917.625,918.565,8448,969,0
2024-01-31 23:00:00,918.535,920.685,917.39,920.31,1793,1369,0
2024-02-01 01:00:00,917.11,922.745,916.39,920.945,1003,1289,0
2024-02-01 02:00:00,921.145,924.985,920.15,923.635,1113,1179,0
2024-02-01 03:00:00,923.655,923.735,919.64,920.485,1917,1009,0
2024-02-01 04:00:00,920.475,924.075,919.73,922.975,1818,979,0
2024-02-01 05:00:00,922.955,923.735,921.13,921.885,1533,1079,0
2024-02-01 06:00:00,921.885,922.325,919.94,921.325,851,1349,0
2024-02-01 07:00:00,920.42,921.345,918.13,919.275,1255,1249,0
2024-02-01 08:00:00,918.995,919.795,917.1,917.315,923,1339,0
2024-02-01 09:00:00,917.295,918.605,915.44,917.915,1647,889,0
2024-02-01 10:00:00,917.915,917.915,914.01,916.285,3117,869,0
2024-02-01 11:00:00,916.295,918.435,914.55,916.145,1812,709,0
2024-02-01 12:00:00,916.175,916.585,910.1,911.385,1483,339,0
2024-02-01 13:00:00,911.385,912.985,910.05,912.035,1303,779,0
2024-02-01 14:00:00,912.035,914.735,910.93,913.985,1407,1389,0
2024-02-01 15:00:00,913.985,913.985,904.885,905.435,3313,1179,0
2024-02-01 16:00:00,905.385,915.345,904.085,911.385,2529,409,0
2024-02-01 17:00:00,911.385,919.325,907.845,913.875,2557,309,0
2024-02-01 18:00:00,913.845,919.115,913.845,917.455,1726,329,0
2024-02-01 19:00:00,917.595,920.065,913.935,916.295,1660,309,0
2024-02-01 20:00:00,916.475,917.305,913.585,915.605,1292,1179,0
2024-02-01 21:00:00,915.605,916.415,914.035,915.805,859,1829,0
2024-02-01 22:00:00,915.805,916.285,914.72,916.005,980,1989,0
2024-02-01 23:00:00,915.865,916.335,913.96,916.06,850,1619,0
2024-02-02 01:00:00,907.95,915.64,907.95,914.765,363,3369,0
2024-02-02 02:00:00,913.87,916.22,913.53,914.575,518,2559,0
2024-02-02 03:00:00,914.6,915.325,912.27,912.945,615,1609,0
2024-02-02 04:00:00,912.895,914.495,911.61,914.345,555,1609,0
2024-02-02 05:00:00,914.23,915.99,913.455,915.735,465,1629,0
2024-02-02 06:00:00,915.735,916.935,915.36,916.935,650,969,0
2024-02-02 07:00:00,916.99,918.035,915.46,916.385,759,1069,0
2024-02-02 08:00:00,916.335,918.035,915.21,916.335,997,1039,0
2024-02-02 09:00:00,916.335,917.335,914.23,915.335,1103,819,0
2024-02-02 10:00:00,915.285,917.485,913.32,913.785,1077,959,0
2024-02-02 11:00:00,913.36,920.885,913.36,920.175,1562,829,0
2024-02-02 12:00:00,920.245,923.765,920.195,921.825,1443,859,0
2024-02-02 13:00:00,921.04,926.945,921.04,925.805,703,639,0
2024-02-02 14:00:00,925.805,926.315,922.2,924.205,564,1469,0
2024-02-02 15:00:00,924.205,926.355,902.845,903.745,3847,1009,0
2024-02-02 16:00:00,903.745,905.645,897.545,899.045,1422,789,0
2024-02-02 17:00:00,898.945,899.545,894.38,898.645,1391,719,0
2024-02-02 18:00:00,898.645,898.645,892.735,894.545,794,1409,0
2024-02-02 19:00:00,894.545,896.385,892.845,895.785,1082,1429,0
2024-02-02 20:00:00,895.735,896.585,894.46,896.385,1296,1739,0
2024-02-02 21:00:00,896.385,897.245,895.56,897.075,1251,1619,0
2024-02-02 22:00:00,897.125,897.165,894.76,894.785,1187,1649,0
2024-02-02 23:00:00,894.835,895.385,894.11,894.11,563,1619,0
2024-02-05 01:00:00,892.44,899.23,889.135,897.795,1063,1660,0
2024-02-05 02:00:00,897.805,898.985,893.33,896.115,1750,1750,0
2024-02-05 03:00:00,896.005,897.815,893.4,897.505,880,1649,0
2024-02-05 04:00:00,897.485,897.975,893.0,894.975,545,1609,0
2024-02-05 05:00:00,895.045,897.135,893.96,896.785,738,1609,0
2024-02-05 06:00:00,896.785,896.785,895.1,896.485,578,1799,0
2024-02-05 07:00:00,896.435,898.385,894.45,898.335,1238,1629,0
2024-02-05 08:00:00,898.335,898.485,895.9,897.545,808,1519,0
2024-02-05 09:00:00,897.525,897.725,894.72,896.195,661,1099,0
2024-02-05 10:00:00,895.905,895.905,892.05,893.255,1582,949,0
2024-02-05 11:00:00,893.255,895.39,891.68,894.575,1043,1319,0
2024-02-05 12:00:00,894.445,900.345,894.05,899.045,596,1489,0
2024-02-05 13:00:00,899.025,901.495,897.91,900.745,407,1109,0
2024-02-05 14:00:00,900.745,901.245,897.04,898.345,396,679,0
2024-02-05 15:00:00,897.945,904.975,895.71,898.795,1016,909,0
2024-02-05 16:00:00,898.545,902.885,896.67,898.405,1337,1109,0
2024-02-05 17:00:00,897.995,898.175,892.09,893.085,2785,1019,0
2024-02-05 18:00:00,893.085,895.635,891.785,895.185,1470,969,0
2024-02-05 19:00:00,895.135,900.335,894.785,898.635,1447,919,0
2024-02-05 20:00:00,898.685,900.595,897.495,899.945,1789,1069,0
2024-02-05 21:00:00,899.925,901.585,898.63,900.825,1466,1049,0
2024-02-05 22:00:00,900.775,901.485,898.44,901.335,1248,1169,0
2024-02-05 23:00:00,901.335,901.335,893.59,898.27,333,1199,0
2024-02-06 01:00:00,897.14,899.615,896.735,898.765,565,1389,0
2024-02-06 02:00:00,898.775,901.385,898.27,901.035,574,1269,0
2024-02-06 03:00:00,901.035,903.285,899.38,902.635,934,1269,0
2024-02-06 04:00:00,902.585,903.445,900.62,902.035,852,1249,0
2024-02-06 05:00:00,901.935,903.295,900.62,902.045,1183,1029,0
2024-02-06 06:00:00,900.78,904.335,900.78,903.435,874,959,0
2024-02-06 07:00:00,903.435,904.645,902.13,903.855,1187,769,0
2024-02-06 08:00:00,903.755,903.755,900.38,902.305,426,1099,0
2024-02-06 09:00:00,902.305,905.655,901.36,904.855,534,749,0
2024-02-06 10:00:00,904.595,905.705,900.68,902.085,602,459,0
2024-02-06 11:00:00,901.965,902.485,898.83,899.585,664,1629,0
2024-02-06 12:00:00,899.585,900.335,894.78,894.88,724,899,0
2024-02-06 13:00:00,894.88,896.415,893.83,896.255,1103,1469,0
2024-02-06 14:00:00,896.255,897.435,894.48,897.055,1411,1559,0
2024-02-06 15:00:00,897.055,908.155,897.055,907.955,3342,1059,0
2024-02-06 16:00:00,907.925,909.305,899.995,902.045,1691,1029,0
2024-02-06 17:00:00,901.945,906.245,899.93,905.245,1261,1119,0
2024-02-06 18:00:00,905.205,907.785,902.635,906.165,1970,1499,0
2024-02-06 19:00:00,906.135,908.08,903.96,904.805,1684,1610,0
2024-02-06 20:00:00,904.805,905.945,902.35,904.905,722,1599,0
2024-02-06 21:00:00,904.97,905.255,903.05,904.915,426,1579,0
2024-02-06 22:00:00,904.915,906.38,903.96,906.105,409,1790,0
2024-02-06 23:00:00,906.115,906.41,904.34,904.57,400,1629,0
2024-02-07 01:00:00,900.21,905.98,900.21,905.155,401,1709,0
2024-02-07 02:00:00,905.155,906.67,904.49,906.495,749,929,0
2024-02-07 03:00:00,906.515,908.855,906.2,908.335,1590,1309,0
2024-02-07 04:00:00,908.315,909.145,903.81,904.755,1471,1099,0
2024-02-07 05:00:00,904.735,906.115,903.56,905.205,1103,1009,0
2024-02-07 06:00:00,905.085,905.715,903.37,904.11,668,1039,0
2024-02-07 07:00:00,904.08,905.065,902.03,903.735,1611,1159,0
2024-02-07 08:00:00,903.705,904.345,901.45,902.575,1248,1129,0
2024-02-07 09:00:00,901.78,903.985,900.98,902.435,1237,649,0
2024-02-07 10:00:00,902.485,902.485,898.145,898.545,821,779,0
2024-02-07 11:00:00,898.345,898.745,896.945,898.345,400,1419,0
2024-02-07 12:00:00,898.345,898.345,895.08,896.045,393,1219,0
2024-02-07 13:00:00,896.045,897.445,894.81,895.845,362,1639,0
2024-02-07 14:00:00,895.845,896.145,892.845,896.14,406,1779,0
2024-02-07 15:00:00,895.45,895.45,886.245,886.885,885,879,0
2024-02-07 16:00:00,886.835,891.245,882.45,888.045,1028,1109,0
2024-02-07 17:00:00,888.045,888.985,884.645,886.09,1716,869,0
2024-02-07 18:00:00,885.845,886.185,880.735,881.335,2467,1630,0
2024-02-07 19:00:00,881.285,882.87,879.245,881.585,1809,1580,0
2024-02-07 20:00:00,881.635,882.79,880.44,881.07,1476,1580,0
2024-02-07 21:00:00,881.07,883.56,880.75,882.645,660,1580,0
2024-02-07 22:00:00,882.645,883.48,881.26,881.845,553,1610,0
2024-02-07 23:00:00,881.845,882.89,880.6,881.59,414,1860,0
2024-02-08 01:00:00,878.8,886.37,877.755,885.365,1011,1600,0
2024-02-08 02:00:00,885.395,886.51,884.16,884.435,651,1889,0
2024-02-08 03:00:00,884.435,885.185,882.795,884.135,1083,2130,0
2024-02-08 04:00:00,884.085,884.435,881.185,882.435,1056,2430,0
2024-02-08 05:00:00,882.01,883.54,881.96,882.635,699,2969,0
2024-02-08 06:00:00,882.31,884.14,882.31,883.085,483,2860,0
2024-02-08 07:00:00,882.935,884.635,880.835,884.435,606,2319,0
2024-02-08 08:00:00,884.435,885.285,882.36,884.035,608,1899,0
2024-02-08 09:00:00,884.035,884.835,881.03,882.835,774,1049,0
2024-02-08 10:00:00,882.885,883.145,880.18,882.745,846,1419,0
2024-02-08 11:00:00,882.645,886.06,880.945,885.435,787,1409,0
2024-02-08 12:00:00,885.485,887.285,882.635,882.935,944,1749,0
2024-02-08 13:00:00,882.885,883.035,878.78,880.385,809,1199,0
2024-02-08 14:00:00,880.385,881.585,875.935,878.785,857,1189,0
2024-02-08 15:00:00,878.835,879.085,872.915,874.615,3100,1739,0
2024-02-08 16:00:00,874.445,881.635,873.245,877.635,4463,1249,0
2024-02-08 17:00:00,877.835,887.385,876.985,885.945,2592,1379,0
2024-02-08 18:00:00,885.945,890.485,885.445,889.985,2561,1139,0
2024-02-08 19:00:00,889.985,890.105,885.875,886.545,1709,1610,0
2024-02-08 20:00:00,886.515,889.135,885.75,888.505,2179,1879,0
2024-02-08 21:00:00,888.535,889.945,887.75,888.995,1424,1640,0
2024-02-08 22:00:00,888.985,889.645,887.8,889.055,1178,1620,0
2024-02-08 23:00:00,889.035,889.115,880.55,888.32,395,1990,0
2024-02-09 01:00:00,882.03,892.115,882.03,890.775,551,939,0
2024-02-09 02:00:00,890.655,892.5,889.76,890.805,692,1459,0
2024-02-09 03:00:00,890.845,892.885,889.77,892.475,432,1699,0
2024-02-09 04:00:00,892.475,894.245,891.32,893.535,272,1359,0
2024-02-09 05:00:00,893.625,894.225,890.94,893.225,264,1139,0
2024-02-09 06:00:00,893.355,893.425,890.73,892.21,234,1079,0
2024-02-09 07:00:00,890.73,892.905,889.01,891.055,256,1219,0
2024-02-09 08:00:00,891.055,892.215,888.89,891.505,267,1139,0
2024-02-09 09:00:00,891.505,892.655,889.03,890.735,488,1439,0
2024-02-09 10:00:00,890.735,890.865,884.92,886.625,1466,1519,0
2024-02-09 11:00:00,886.665,887.765,883.21,883.975,1254,1639,0
2024-02-09 12:00:00,883.66,884.415,881.91,883.735,1071,1659,0
2024-02-09 13:00:00,883.785,884.515,881.21,882.57,1021,1800,0
2024-02-09 14:00:00,881.66,884.735,880.62,880.965,718,1189,0
2024-02-09 15:00:00,880.965,885.915,878.8,881.435,6067,1249,0
2024-02-09 16:00:00,881.285,882.185,874.735,876.035,3831,879,0
2024-02-09 17:00:00,875.985,877.835,872.61,873.235,3020,1219,0
2024-02-09 18:00:00,873.285,873.785,868.66,871.415,2207,1169,0
2024-02-09 19:00:00,871.385,874.985,870.52,874.825,2253,1469,0
2024-02-09 20:00:00,874.805,875.83,873.585,875.285,1815,1620,0
2024-02-09 21:00:00,875.295,878.095,874.65,876.245,1223,1619,0
2024-02-09 22:00:00,875.25,878.035,875.05,877.875,1117,1429,0
2024-02-09 23:00:00,877.755,877.795,875.15,875.43,928,1599,0
2024-02-12 01:00:00,872.92,877.68,872.83,876.995,1019,969,0
2024-02-12 02:00:00,877.355,878.735,875.65,878.435,907,1129,0
2024-02-12 03:00:00,878.455,878.455,875.68,877.035,650,999,0
2024-02-12 04:00:00,877.035,877.535,875.56,876.035,530,1299,0
2024-02-12 05:00:00,875.46,877.14,874.96,876.935,489,1529,0
2024-02-12 06:00:00,876.985,877.735,876.26,877.085,573,1379,0
2024-02-12 07:00:00,876.41,878.235,876.06,877.735,415,1329,0
2024-02-12 08:00:00,877.685,878.49,874.96,875.745,504,1609,0
2024-02-12 09:00:00,875.745,879.945,874.97,878.545,650,2009,0
2024-02-12 10:00:00,878.545,880.365,877.255,878.765,1066,1549,0
2024-02-12 11:00:00,878.82,879.195,873.92,875.805,725,1609,0
2024-02-12 12:00:00,875.835,883.505,874.82,883.415,488,599,0
2024-02-12 13:00:00,883.425,885.435,881.42,883.945,934,1329,0
2024-02-12 14:00:00,883.945,885.395,880.25,884.675,1205,1659,0
2024-02-12 15:00:00,884.685,888.345,881.155,886.805,1535,1049,0
2024-02-12 16:00:00,886.805,888.715,878.7,879.435,1059,1139,0
2024-02-12 17:00:00,879.455,885.145,876.075,885.145,2673,1289,0
2024-02-12 18:00:00,885.145,896.085,884.7,892.645,1634,629,0
2024-02-12 19:00:00,892.685,893.785,891.345,892.065,2139,1819,0
2024-02-12 20:00:00,892.075,893.125,891.08,892.865,1600,1660,0
2024-02-12 21:00:00,892.865,892.955,889.55,891.035,1503,1329,0
2024-02-12 22:00:00,890.83,892.355,889.32,891.865,1041,1469,0
2024-02-12 23:00:00,891.845,892.105,889.7,891.47,651,1509,0
2024-02-13 01:00:00,884.61,892.88,884.61,891.255,432,2070,0
2024-02-13 02:00:00,891.255,893.085,888.91,892.985,881,1609,0
2024-02-13 03:00:00,892.985,893.585,891.01,893.215,643,1149,0
2024-02-13 04:00:00,893.245,893.395,890.53,891.035,843,1879,0
2024-02-13 05:00:00,891.005,891.625,888.74,891.495,809,1750,0
2024-02-13 06:00:00,891.475,892.815,890.69,891.245,652,1689,0
2024-02-13 07:00:00,891.245,893.035,890.49,891.825,391,1329,0
2024-02-13 08:00:00,891.915,892.835,890.39,891.835,668,1499,0
2024-02-13 09:00:00,891.865,894.845,891.865,894.595,853,1159,0
2024-02-13 10:00:00,894.635,897.145,894.08,896.805,518,1219,0
2024-02-13 11:00:00,896.805,898.885,895.33,898.515,459,799,0
2024-02-13 12:00:00,898.425,901.345,896.93,900.055,375,529,0
2024-02-13 13:00:00,900.055,900.805,897.49,899.385,1196,1029,0
2024-02-13 14:00:00,899.375,900.205,896.13,896.475,1594,1449,0
2024-02-13 15:00:00,896.505,897.005,879.545,881.275,5270,309,0
2024-02-13 16:00:00,881.295,884.495,875.645,877.025,5805,169,0
2024-02-13 17:00:00,877.055,877.185,871.575,872.425,5177,1339,0
2024-02-13 18:00:00,872.845,877.015,869.49,872.645,1941,1619,0
2024-02-13 19:00:00,872.645,874.295,872.145,873.035,1412,1479,0
2024-02-13 20:00:00,873.135,874.285,872.08,873.585,1293,1549,0
2024-02-13 21:00:00,873.535,873.66,871.23,872.285,1107,2010,0
2024-02-13 22:00:00,872.285,875.19,871.53,874.485,902,1830,0
2024-02-13 23:00:00,874.485,874.85,873.33,873.48,400,1810,0
2024-02-14 01:00:00,869.79,874.905,869.79,874.035,716,2030,0
2024-02-14 02:00:00,874.96,875.02,872.43,874.115,387,1059,0
2024-02-14 03:00:00,874.075,875.035,872.275,874.855,376,1569,0
2024-02-14 04:00:00,874.855,876.6,873.81,874.585,339,1720,0
2024-02-14 05:00:00,874.575,876.06,873.85,875.835,434,1720,0
2024-02-14 06:00:00,875.785,876.58,874.26,875.895,305,1499,0
2024-02-14 07:00:00,875.935,876.885,874.52,875.805,316,1509,0
2024-02-14 08:00:00,875.805,876.49,873.3,875.005,370,1720,0
2024-02-14 09:00:00,875.125,876.235,872.905,875.385,412,1179,0
2024-02-14 10:00:00,875.385,880.995,872.42,880.455,518,749,0
2024-02-14 11:00:00,880.405,882.055,878.35,880.145,902,1229,0
2024-02-14 12:00:00,880.135,885.085,877.58,883.915,1181,819,0
2024-02-14 13:00:00,883.845,885.665,881.78,885.44,949,1359,0
2024-02-14 14:00:00,884.38,887.605,883.38,887.345,1062,1319,0
2024-02-14 15:00:00,887.365,893.055,887.145,889.045,1318,1009,0
2024-02-14 16:00:00,888.845,895.715,886.575,890.755,4925,729,0
2024-02-14 17:00:00,890.865,890.865,885.615,888.83,2484,1289,0
2024-02-14 18:00:00,888.85,897.915,888.53,895.515,833,999,0
2024-02-14 19:00:00,895.665,895.665,889.91,892.705,593,639,0
2024-02-14 20:00:00,892.685,893.195,889.02,890.535,447,769,0
2024-02-14 21:00:00,890.535,891.205,888.3,890.945,402,979,0
2024-02-14 22:00:00,889.58,891.605,889.11,891.055,352,1079,0
2024-02-14 23:00:00,891.055,892.125,889.54,891.38,554,1169,0
2024-02-15 01:00:00,887.83,894.085,887.83,892.245,463,1099,0
2024-02-15 02:00:00,892.245,892.245,889.51,891.275,464,1119,0
2024-02-15 03:00:00,891.085,891.645,888.62,889.435,1540,1840,0
2024-02-15 04:00:00,889.435,890.175,887.08,889.365,1121,1719,0
2024-02-15 05:00:00,889.385,890.215,888.03,888.52,806,1449,0
2024-02-15 06:00:00,888.52,890.195,888.35,890.185,694,1429,0
2024-02-15 07:00:00,889.26,891.885,889.19,890.685,985,1529,0
2024-02-15 08:00:00,890.675,894.785,889.62,893.42,684,1589,0
2024-02-15 09:00:00,893.42,894.785,891.09,892.015,531,1599,0
2024-02-15 10:00:00,892.185,900.735,892.185,896.965,1195,679,0
2024-02-15 11:00:00,896.965,901.265,895.93,901.045,629,1979,0
2024-02-15 12:00:00,901.135,901.945,897.11,901.045,626,1449,0
2024-02-15 13:00:00,901.045,901.645,896.04,900.245,715,1169,0
2024-02-15 14:00:00,900.245,900.665,895.66,897.505,531,1619,0
2024-02-15 15:00:00,897.605,901.505,894.165,898.135,1184,1419,0
2024-02-15 16:00:00,897.665,904.375,895.335,903.345,1222,989,0
2024-02-15 17:00:00,903.345,904.345,897.79,899.345,913,1709,0
2024-02-15 18:00:00,899.345,899.845,895.43,898.395,759,1349,0
2024-02-15 19:00:00,898.545,900.245,896.48,899.545,752,1269,0
2024-02-15 20:00:00,899.545,901.045,898.44,899.945,610,1299,0
2024-02-15 21:00:00,898.96,901.545,898.95,901.345,479,1419,0
2024-02-15 22:00:00,901.445,901.445,899.11,900.745,361,1309,0
2024-02-15 23:00:00,900.645,900.985,898.37,899.85,485,1259,0
2024-02-16 01:00:00,896.23,901.435,896.23,899.465,573,1589,0
2024-02-16 02:00:00,898.26,899.785,896.65,898.585,647,839,0
2024-02-16 03:00:00,898.705,899.085,895.07,898.435,770,1129,0
2024-02-16 04:00:00,897.33,898.475,895.89,897.925,655,1309,0
2024-02-16 05:00:00,897.925,898.425,894.89,895.53,417,1239,0
2024-02-16 06:00:00,895.53,896.965,894.08,895.535,440,1249,0
2024-02-16 07:00:00,895.14,897.205,894.2,894.82,367,1299,0
2024-02-16 08:00:00,894.82,896.935,893.95,895.935,335,1169,0
2024-02-16 09:00:00,895.915,898.625,894.83,897.815,466,989,0
2024-02-16 10:00:00,897.845,899.085,895.45,896.825,431,789,0
2024-02-16 11:00:00,895.45,897.225,889.07,890.755,559,1089,0
2024-02-16 12:00:00,889.12,891.955,887.42,890.385,614,1189,0
2024-02-16 13:00:00,890.385,895.305,888.16,894.745,875,1279,0
2024-02-16 14:00:00,894.795,895.685,891.77,893.035,471,1009,0
2024-02-16 15:00:00,893.035,896.595,888.935,894.555,1325,1149,0
2024-02-16 16:00:00,894.555,899.545,894.255,897.035,1735,509,0
2024-02-16 17:00:00,896.845,906.545,896.845,905.575,5508,969,0
2024-02-16 18:00:00,905.635,907.005,903.035,904.38,3527,1499,0
2024-02-16 19:00:00,903.61,907.745,902.59,906.39,2530,1359,0
2024-02-16 20:00:00,906.39,908.405,905.13,907.865,1862,1059,0
2024-02-16 21:00:00,907.865,908.715,905.4,907.025,381,1019,0
2024-02-16 22:00:00,906.935,908.425,904.39,908.105,357,889,0
2024-02-16 23:00:00,908.105,911.355,906.78,907.86,693,509,0
2024-02-19 01:00:00,906.13,908.635,905.195,907.345,964,1599,0
2024-02-19 02:00:00,907.315,909.925,906.19,909.375,1089,1449,0
2024-02-19 03:00:00,909.555,909.555,905.785,907.335,1501,419,0
2024-02-19 04:00:00,907.285,907.835,905.15,906.745,1194,549,0
2024-02-19 05:00:00,906.995,906.995,904.23,906.335,570,1099,0
2024-02-19 06:00:00,906.335,906.495,904.05,906.495,263,1489,0
2024-02-19 07:00:00,906.635,907.375,904.59,905.77,240,1449,0
2024-02-19 08:00:00,905.77,909.555,905.34,907.87,471,1449,0
2024-02-19 09:00:00,908.935,909.845,906.52,908.995,660,1379,0
2024-02-19 10:00:00,909.025,909.845,904.88,906.885,491,1169,0
2024-02-19 11:00:00,905.4,909.915,905.14,909.475,402,1769,0
2024-02-19 12:00:00,909.435,911.775,904.96,911.005,405,1729,0
2024-02-19 13:00:00,911.005,911.795,908.51,909.845,623,1719,0
2024-02-19 14:00:00,909.505,911.845,908.74,911.155,1149,1950,0
2024-02-19 15:00:00,911.145,911.165,906.58,907.435,889,2159,0
2024-02-19 16:00:00,907.425,907.63,898.72,902.785,1333,319,0
2024-02-19 17:00:00,902.785,903.285,898.885,900.945,1691,659,0
2024-02-19 18:00:00,900.955,902.44,899.22,901.96,1063,1459,0
2024-02-19 19:00:00,901.96,902.965,900.96,901.285,296,2419,0
2024-02-19 20:00:00,900.96,902.26,899.395,900.225,414,2029,0
2024-02-19 21:00:00,900.83,901.77,899.965,901.68,102,3540,0
2024-02-20 01:00:00,893.62,903.035,893.62,900.665,939,1809,0
2024-02-20 02:00:00,900.985,901.135,896.35,898.885,1056,489,0
2024-02-20 03:00:00,898.935,900.285,896.75,897.785,1151,539,0
2024-02-20 04:00:00,897.735,899.085,895.88,897.485,838,649,0
2024-02-20 05:00:00,897.485,897.685,895.48,897.635,532,699,0
2024-02-20 06:00:00,896.66,898.585,896.64,898.435,458,779,0
2024-02-20 07:00:00,898.435,898.435,895.22,897.185,625,529,0
2024-02-20 08:00:00,897.185,898.185,895.32,897.035,632,479,0
2024-02-20 09:00:00,897.035,900.185,895.07,899.535,861,409,0
2024-02-20 10:00:00,899.485,901.635,898.84,901.035,1605,999,0
2024-02-20 11:00:00,900.985,906.525,900.96,906.115,2437,689,0
2024-02-20 12:00:00,906.145,910.895,904.61,909.705,785,719,0
2024-02-20 13:00:00,909.575,910.255,905.39,909.555,421,619,0
2024-02-20 14:00:00,909.555,910.125,905.94,907.685,1017,559,0
2024-02-20 15:00:00,907.675,915.095,906.585,911.965,3157,519,0
2024-02-20 16:00:00,911.995,915.275,907.755,912.005,1393,669,0
2024-02-20 17:00:00,912.005,913.645,908.88,913.235,759,829,0
2024-02-20 18:00:00,913.115,913.615,908.375,909.055,1321,1039,0
2024-02-20 19:00:00,909.075,909.525,906.405,908.555,2995,1649,0
2024-02-20 20:00:00,908.575,909.015,905.88,907.565,2217,1639,0
2024-02-20 21:00:00,907.545,908.165,905.95,907.325,1475,1680,0
2024-02-20 22:00:00,907.355,907.445,905.22,906.695,1801,1659,0
2024-02-20 23:00:00,906.675,906.995,903.65,904.67,788,1680,0
2024-02-21 01:00:00,901.23,907.455,897.345,905.595,860,1790,0
2024-02-21 02:00:00,905.325,906.305,904.385,905.345,723,1780,0
2024-02-21 03:00:00,905.365,907.385,903.96,907.035,1605,1719,0
2024-02-21 04:00:00,907.065,908.585,905.495,907.665,1765,1780,0
2024-02-21 05:00:00,907.655,910.225,906.845,909.655,1646,1589,0
2024-02-21 06:00:00,909.685,909.725,906.62,907.965,990,1599,0
2024-02-21 07:00:00,907.09,908.245,905.61,906.555,1371,1790,0
2024-02-21 08:00:00,906.565,909.015,906.01,908.835,1601,1749,0
2024-02-21 09:00:00,908.865,909.615,907.45,908.195,1594,1779,0
2024-02-21 10:00:00,908.215,908.395,902.42,903.425,2342,1519,0
2024-02-21 11:00:00,903.405,904.075,899.96,901.865,1016,1019,0
2024-02-21 12:00:00,901.835,903.115,899.82,903.095,636,1379,0
2024-02-21 13:00:00,901.76,903.135,897.71,899.135,1144,1129,0
2024-02-21 14:00:00,899.185,901.085,897.19,898.535,1333,989,0
2024-02-21 15:00:00,897.54,902.985,896.44,899.485,2070,559,0
2024-02-21 16:00:00,899.485,902.135,888.705,890.485,2973,409,0
2024-02-21 17:00:00,890.435,890.485,884.575,884.885,2602,1369,0
2024-02-21 18:00:00,884.885,886.335,882.185,883.985,2140,1369,0
2024-02-21 19:00:00,883.885,886.535,882.785,885.935,1734,2099,0
2024-02-21 20:00:00,885.985,885.985,882.95,883.725,2259,2189,0
2024-02-21 21:00:00,883.825,887.385,882.985,885.135,2479,1489,0
2024-02-21 22:00:00,884.67,885.635,883.47,885.085,1058,2299,0
2024-02-21 23:00:00,885.135,885.855,883.37,885.59,858,2469,0
2024-02-22 01:00:00,875.98,887.585,875.98,887.135,896,2060,0
2024-02-22 02:00:00,887.135,888.935,885.86,887.385,833,2559,0
2024-02-22 03:00:00,887.435,888.535,886.045,886.885,1076,2149,0
2024-02-22 04:00:00,886.885,888.685,884.36,887.785,1258,1749,0
2024-02-22 05:00:00,887.785,889.04,886.63,887.835,696,2759,0
2024-02-22 06:00:00,887.835,889.885,886.68,889.635,852,2760,0
2024-02-22 07:00:00,889.685,889.99,887.36,888.335,859,2540,0
2024-02-22 08:00:00,888.335,891.085,887.46,890.585,818,2649,0
2024-02-22 09:00:00,890.585,894.385,890.435,893.535,1194,1299,0
2024-02-22 10:00:00,893.535,897.935,893.185,897.685,2107,969,0
2024-02-22 11:00:00,897.735,898.335,890.675,892.895,2391,599,0
2024-02-22 12:00:00,892.895,894.415,890.24,891.835,1442,849,0
2024-02-22 13:00:00,891.735,896.885,889.89,896.735,1138,549,0
2024-02-22 14:00:00,895.04,898.635,894.68,895.735,1191,489,0
2024-02-22 15:00:00,895.685,899.835,895.485,897.985,3927,479,0
2024-02-22 16:00:00,897.985,902.715,895.41,896.725,1189,419,0
2024-02-22 17:00:00,896.815,901.075,891.3,899.215,2703,1039,0
2024-02-22 18:00:00,899.245,904.445,898.35,901.755,1073,799,0
2024-02-22 19:00:00,901.755,903.705,898.85,901.155,621,1239,0
2024-02-22 20:00:00,901.155,902.115,899.645,901.995,611,1329,0
2024-02-22 21:00:00,901.995,902.815,900.3,901.885,344,1199,0
2024-02-22 22:00:00,901.885,902.605,899.85,902.075,474,1099,0
2024-02-22 23:00:00,902.075,902.725,897.75,898.61,496,959,0
2024-02-23 01:00:00,896.7,902.735,896.7,902.075,425,809,0
2024-02-23 02:00:00,902.075,903.715,899.63,902.025,353,569,0
2024-02-23 03:00:00,901.945,904.025,901.07,903.175,1060,959,0
2024-02-23 04:00:00,903.215,903.335,899.3,900.695,587,1029,0
2024-02-23 05:00:00,900.695,901.385,899.21,899.48,1076,1259,0
2024-02-23 06:00:00,899.48,902.005,899.41,901.575,560,1009,0
2024-02-23 07:00:00,901.575,901.605,896.41,898.795,391,1009,0
2024-02-23 08:00:00,897.16,900.515,896.75,900.275,325,1309,0
2024-02-23 09:00:00,900.305,900.305,897.09,899.685,390,949,0
2024-02-23 10:00:00,899.685,901.135,894.87,896.445,581,1309,0
2024-02-23 11:00:00,896.375,896.795,887.37,889.215,757,989,0
2024-02-23 12:00:00,889.185,893.385,888.02,893.115,461,1129,0
2024-02-23 13:00:00,893.115,893.785,890.07,893.105,415,1679,0
2024-02-23 14:00:00,892.895,897.485,892.31,894.96,562,1069,0
2024-02-23 15:00:00,894.86,906.045,892.61,903.455,1956,1189,0
2024-02-23 16:00:00,903.365,906.855,899.915,900.985,1451,939,0
2024-02-23 17:00:00,900.985,903.015,896.805,901.855,1292,899,0
2024-02-23 18:00:00,901.905,904.705,900.01,904.175,789,1109,0
2024-02-23 19:00:00,904.175,904.775,901.08,904.285,560,579,0
2024-02-23 20:00:00,904.375,905.135,902.53,903.665,441,739,0
2024-02-23 21:00:00,903.665,904.285,899.9,901.395,660,1079,0
2024-02-23 22:00:00,901.43,902.065,899.8,901.905,373,1349,0
2024-02-23 23:00:00,900.34,901.945,879.745,892.43,356,1459,0
2024-02-26 01:00:00,899.29,901.995,898.06,898.795,719,1509,0
2024-02-26 02:00:00,898.795,899.57,896.78,897.405,1246,1519,0
2024-02-26 03:00:00,897.425,898.345,895.98,897.175,1821,1759,0
2024-02-26 04:00:00,897.145,897.155,894.68,895.565,1487,1629,0
2024-02-26 05:00:00,895.57,896.765,894.26,896.605,819,1679,0
2024-02-26 06:00:00,896.595,897.375,894.94,895.33,828,1529,0
2024-02-26 07:00:00,896.295,897.255,895.0,896.645,1109,1549,0
2024-02-26 08:00:00,896.615,896.875,894.33,896.575,1088,1639,0
2024-02-26 09:00:00,896.595,898.145,894.26,896.725,1393,1649,0
2024-02-26 10:00:00,896.805,898.755,891.8,892.905,1213,1139,0
2024-02-26 11:00:00,892.905,893.595,889.41,892.365,2198,1049,0
2024-02-26 12:00:00,892.365,892.365,887.69,888.985,1257,1039,0
2024-02-26 13:00:00,888.985,890.985,886.42,887.485,1199,459,0
2024-02-26 14:00:00,887.535,889.285,886.03,887.435,1432,309,0
2024-02-26 15:00:00,887.435,887.885,883.435,884.335,2356,309,0
2024-02-26 16:00:00,884.285,884.985,879.36,881.485,2132,309,0
2024-02-26 17:00:00,881.485,881.835,876.545,877.29,1927,309,0
2024-02-26 18:00:00,878.84,880.385,875.14,879.085,2357,539,0
2024-02-26 19:00:00,879.135,880.61,875.98,877.835,1733,1719,0
2024-02-26 20:00:00,877.885,879.24,876.07,878.935,1330,1869,0
2024-02-26 21:00:00,878.935,879.42,877.27,879.185,900,1669,0
2024-02-26 22:00:00,879.235,880.535,877.79,880.185,850,1569,0
2024-02-26 23:00:00,880.235,880.29,878.3,879.11,453,1219,0
2024-02-27 01:00:00,873.03,881.735,873.03,881.235,719,1930,0
2024-02-27 02:00:00,881.175,883.085,880.04,881.835,968,1209,0
2024-02-27 03:00:00,881.885,883.785,881.24,883.585,795,969,0
2024-02-27 04:00:00,883.535,883.99,881.75,883.785,1045,1979,0
2024-02-27 05:00:00,883.785,884.935,882.9,884.685,553,2019,0
2024-02-27 06:00:00,884.84,885.54,883.46,884.335,508,2239,0
2024-02-27 07:00:00,884.39,884.84,882.485,883.685,1300,2059,0
2024-02-27 08:00:00,883.785,884.985,883.3,884.185,806,1869,0
2024-02-27 09:00:00,884.185,886.935,882.79,885.835,950,759,0
2024-02-27 10:00:00,885.785,891.175,882.13,888.695,1720,649,0
2024-02-27 11:00:00,888.705,890.495,886.72,889.305,1499,599,0
2024-02-27 12:00:00,889.265,891.665,887.8,889.04,1350,1159,0
2024-02-27 13:00:00,889.09,893.05,887.93,892.885,1615,1499,0
2024-02-27 14:00:00,891.36,894.055,891.19,893.025,1950,1009,0
2024-02-27 15:00:00,893.195,897.395,890.885,893.195,3081,929,0
2024-02-27 16:00:00,893.175,894.045,890.115,891.075,4813,1369,0
2024-02-27 17:00:00,891.115,895.775,890.075,895.195,3606,1199,0
2024-02-27 18:00:00,895.195,895.775,891.925,893.165,2864,1139,0
2024-02-27 19:00:00,893.125,893.255,890.745,891.675,2434,1790,0
2024-02-27 20:00:00,891.685,894.375,891.375,892.995,2558,1810,0
2024-02-27 21:00:00,893.045,893.195,891.32,892.315,1280,1659,0
2024-02-27 22:00:00,892.325,892.325,890.68,891.155,1154,1780,0
2024-02-27 23:00:00,891.185,891.505,884.78,890.57,289,2169,0
2024-02-28 01:00:00,884.71,891.225,883.02,889.085,459,1760,0
2024-02-28 02:00:00,889.155,891.865,888.93,891.155,562,1760,0
2024-02-28 03:00:00,891.155,892.395,889.59,891.845,1439,1679,0
2024-02-28 04:00:00,891.845,892.265,888.73,889.925,1210,1689,0
2024-02-28 05:00:00,890.005,890.075,886.53,888.385,1903,1649,0
2024-02-28 06:00:00,888.385,888.415,886.39,886.39,720,1759,0
2024-02-28 07:00:00,886.39,888.205,886.22,887.625,850,1760,0
2024-02-28 08:00:00,887.695,888.395,883.45,884.475,1288,899,0
2024-02-28 09:00:00,884.455,885.925,882.79,884.145,1470,649,0
2024-02-28 10:00:00,884.165,884.165,878.72,880.235,2289,399,0
2024-02-28 11:00:00,880.185,881.635,878.69,881.205,2480,419,0
2024-02-28 12:00:00,881.205,885.455,880.635,883.815,2269,379,0
2024-02-28 13:00:00,883.835,884.075,879.81,882.665,1658,339,0
2024-02-28 14:00:00,882.665,884.275,879.8,881.385,1762,399,0
2024-02-28 15:00:00,881.455,884.385,878.79,882.215,4976,589,0
2024-02-28 16:00:00,882.245,883.115,878.795,880.315,3237,939,0
2024-02-28 17:00:00,880.295,881.065,877.18,878.165,2927,689,0
2024-02-28 18:00:00,878.145,880.155,877.33,879.085,2094,689,0
2024-02-28 19:00:00,879.035,881.645,877.97,881.135,1628,389,0
2024-02-28 20:00:00,881.145,882.135,879.16,880.285,1550,799,0
2024-02-28 21:00:00,880.425,880.805,878.47,880.365,1374,1439,0
2024-02-28 22:00:00,879.53,881.575,879.53,880.235,1301,1339,0
2024-02-28 23:00:00,880.265,880.395,877.2,879.01,565,1419,0
2024-02-29 01:00:00,878.82,880.885,877.755,880.315,699,979,0
2024-02-29 02:00:00,880.365,881.485,879.29,880.985,486,729,0
2024-02-29 03:00:00,879.69,883.335,879.49,882.585,702,1189,0
2024-02-29 04:00:00,882.635,884.685,882.15,884.685,707,1739,0
2024-02-29 05:00:00,884.835,885.935,883.35,885.885,568,1820,0
2024-02-29 06:00:00,885.935,885.985,883.86,884.46,451,1869,0
2024-02-29 07:00:00,884.46,885.785,883.44,885.185,731,1409,0
2024-02-29 08:00:00,884.5,886.54,884.2,885.085,615,1809,0
2024-02-29 09:00:00,885.085,887.235,883.545,884.835,892,1569,0
2024-02-29 10:00:00,884.885,886.285,881.52,886.185,1075,1619,0
2024-02-29 11:00:00,886.285,888.535,884.62,885.885,925,1719,0
2024-02-29 12:00:00,885.685,885.735,879.61,880.485,1025,619,0
2024-02-29 13:00:00,880.435,882.135,879.23,881.735,1487,689,0
2024-02-29 14:00:00,880.65,883.385,878.835,879.085,1226,689,0
2024-02-29 15:00:00,879.235,888.365,876.135,887.135,3944,689,0
2024-02-29 16:00:00,887.115,890.095,884.655,886.465,4570,1439,0
2024-02-29 17:00:00,886.655,888.555,881.275,882.025,4693,1069,0
2024-02-29 18:00:00,882.045,883.635,877.24,879.435,2909,1079,0
2024-02-29 19:00:00,879.435,881.285,877.6,880.985,1705,1079,0
2024-02-29 20:00:00,881.035,881.635,879.12,881.185,1277,1219,0
2024-02-29 21:00:00,881.185,881.535,878.29,879.585,1028,1139,0
2024-02-29 22:00:00,879.635,880.685,878.95,880.185,758,1069,0
2024-02-29 23:00:00,880.235,880.235,877.92,879.11,463,1469,0
2024-03-01 01:00:00,880.52,880.635,877.51,880.485,491,1559,0
2024-03-01 02:00:00,880.225,881.135,878.55,880.535,901,1359,0
2024-03-01 03:00:00,880.485,881.685,878.64,881.385,808,719,0
2024-03-01 04:00:00,881.335,882.885,879.69,882.785,703,699,0
2024-03-01 05:00:00,882.735,883.685,881.45,883.035,570,729,0
2024-03-01 06:00:00,883.085,883.235,881.02,881.27,306,819,0
2024-03-01 07:00:00,881.27,882.535,879.01,880.585,1348,669,0
2024-03-01 08:00:00,880.635,881.835,879.7,881.385,681,769,0
2024-03-01 09:00:00,881.385,882.435,874.92,875.785,914,459,0
2024-03-01 10:00:00,875.835,875.885,869.785,870.135,2230,569,0
2024-03-01 11:00:00,870.285,874.885,869.835,872.885,1719,849,0
2024-03-01 12:00:00,872.885,874.995,870.91,873.335,2037,829,0
2024-03-01 13:00:00,873.375,876.465,871.03,875.525,1669,1319,0
2024-03-01 14:00:00,875.645,878.825,874.26,875.115,1627,1499,0
2024-03-01 15:00:00,875.075,875.095,867.96,868.465,2268,529,0
2024-03-01 16:00:00,868.295,875.495,867.005,869.575,3595,1369,0
2024-03-01 17:00:00,870.885,881.715,870.455,879.885,3146,889,0
2024-03-01 18:00:00,879.885,884.735,879.81,882.845,2629,569,0
2024-03-01 19:00:00,882.825,885.925,882.375,884.485,1327,529,0
2024-03-01 20:00:00,884.485,887.515,881.11,886.455,644,309,0
2024-03-01 21:00:00,886.465,888.745,885.32,887.425,881,309,0
2024-03-01 22:00:00,887.425,887.575,884.42,887.325,417,589,0
2024-03-01 23:00:00,887.215,888.905,884.74,885.87,689,399,0
2024-03-04 01:00:00,886.3,890.645,883.81,884.835,604,1719,0
2024-03-04 02:00:00,885.315,888.625,884.37,887.625,1061,1679,0
2024-03-04 03:00:00,887.625,887.785,883.41,884.495,1285,1559,0
2024-03-04 04:00:00,884.555,886.615,882.92,885.325,1129,1549,0
2024-03-04 05:00:00,885.305,885.695,883.83,885.215,696,1879,0
2024-03-04 06:00:00,885.165,885.705,883.4,884.275,536,2110,0
2024-03-04 07:00:00,884.235,884.585,882.93,884.225,1046,2060,0
2024-03-04 08:00:00,884.265,887.385,883.36,887.235,1019,2030,0
2024-03-04 09:00:00,886.39,894.115,885.19,892.515,1005,969,0
2024-03-04 10:00:00,892.515,894.445,890.88,891.975,2171,1059,0
2024-03-04 11:00:00,892.005,894.815,890.64,894.525,1970,1640,0
2024-03-04 12:00:00,893.965,895.615,891.9,893.165,1308,1039,0
2024-03-04 13:00:00,892.0,894.595,890.51,892.885,392,829,0
2024-03-04 14:00:00,892.885,895.245,891.405,891.505,588,969,0
2024-03-04 15:00:00,891.445,893.085,886.165,893.085,1356,449,0
2024-03-04 16:00:00,893.085,897.595,888.845,897.465,3146,309,0
2024-03-04 17:00:00,897.445,901.235,891.815,900.055,1996,389,0
2024-03-04 18:00:00,900.135,902.265,896.445,901.975,2278,679,0
2024-03-04 19:00:00,901.995,903.485,898.53,900.325,696,409,0
2024-03-04 20:00:00,900.325,900.875,897.21,898.515,469,1009,0
2024-03-04 21:00:00,898.515,900.095,896.9,899.955,1049,1179,0
2024-03-04 22:00:00,899.925,900.685,897.87,899.015,999,1129,0
2024-03-04 23:00:00,899.045,899.115,897.19,898.29,593,1549,0
2024-03-05 01:00:00,896.68,899.745,896.68,896.73,401,1980,0
2024-03-05 02:00:00,897.795,897.995,895.02,897.085,363,1069,0
2024-03-05 03:00:00,897.085,897.565,891.73,893.525,429,759,0
2024-03-05 04:00:00,893.525,893.805,889.8,891.425,340,1319,0
2024-03-05 05:00:00,891.425,892.425,889.85,891.635,351,1259,0
2024-03-05 06:00:00,890.54,893.015,890.26,893.015,545,1379,0
2024-03-05 07:00:00,891.99,893.745,890.85,892.295,592,1479,0
2024-03-05 08:00:00,892.295,893.095,890.06,891.995,373,1319,0
2024-03-05 09:00:00,891.975,893.575,889.97,892.365,1008,1319,0
2024-03-05 10:00:00,892.365,896.075,890.65,892.385,630,739,0
2024-03-05 11:00:00,892.385,893.495,889.94,892.185,1647,1219,0
2024-03-05 12:00:00,892.185,893.115,886.35,887.465,575,989,0
2024-03-05 13:00:00,887.485,889.775,885.92,887.835,1773,1259,0
2024-03-05 14:00:00,887.885,888.935,884.5,888.035,1272,609,0
2024-03-05 15:00:00,887.885,887.985,882.685,884.635,3623,499,0
2024-03-05 16:00:00,884.685,888.235,882.025,882.025,3577,409,0
2024-03-05 17:00:00,882.975,889.985,882.975,885.975,3732,329,0
2024-03-05 18:00:00,885.965,886.485,880.61,882.285,2531,749,0
2024-03-05 19:00:00,882.235,885.695,881.63,884.235,2485,1169,0
2024-03-05 20:00:00,884.185,884.835,881.88,883.225,2136,1559,0
2024-03-05 21:00:00,883.245,884.865,881.34,882.265,1844,1419,0
2024-03-05 22:00:00,882.255,882.905,880.78,882.445,1130,1229,0
2024-03-05 23:00:00,882.405,883.205,880.91,882.64,662,1399,0
2024-03-06 01:00:00,882.13,884.155,880.555,883.165,761,1899,0
2024-03-06 02:00:00,883.205,884.485,882.03,882.735,748,1249,0
2024-03-06 03:00:00,882.535,883.235,881.18,882.985,888,1199,0
2024-03-06 04:00:00,882.835,884.835,881.48,884.635,696,1399,0
2024-03-06 05:00:00,884.735,887.335,883.56,886.785,725,919,0
2024-03-06 06:00:00,886.885,888.185,885.87,887.635,453,1069,0
2024-03-06 07:00:00,887.685,887.88,886.36,886.895,453,1019,0
2024-03-06 08:00:00,886.945,888.435,886.01,887.335,526,1569,0
2024-03-06 09:00:00,887.355,889.615,885.885,886.735,844,1149,0
2024-03-06 10:00:00,886.685,887.785,884.13,886.485,1162,889,0
2024-03-06 11:00:00,886.485,891.435,884.63,889.685,1138,1219,0
2024-03-06 12:00:00,889.735,890.635,887.8,888.785,663,1099,0
2024-03-06 13:00:00,888.535,891.585,888.36,891.235,712,1219,0
2024-03-06 14:00:00,891.235,891.785,888.34,890.585,983,1029,0
2024-03-06 15:00:00,890.585,897.095,886.385,896.455,3951,799,0
2024-03-06 16:00:00,896.475,901.935,893.365,898.865,4244,429,0
2024-03-06 17:00:00,898.835,904.825,895.205,903.545,5635,809,0
2024-03-06 18:00:00,903.545,911.405,903.105,910.405,2915,679,0
2024-03-06 19:00:00,910.425,911.165,908.135,909.295,3724,1689,0
2024-03-06 20:00:00,909.275,911.175,908.145,908.645,2742,1719,0
2024-03-06 21:00:00,908.745,908.745,905.495,906.715,2236,1589,0
2024-03-06 22:00:00,906.685,907.145,905.55,906.725,1322,1629,0
2024-03-06 23:00:00,906.725,908.17,904.57,908.0,722,1720,0
2024-03-07 01:00:00,901.36,908.165,901.36,904.935,1318,819,0
2024-03-07 02:00:00,904.935,906.975,903.52,906.165,423,569,0
2024-03-07 03:00:00,906.165,907.885,904.895,906.365,470,519,0
2024-03-07 04:00:00,906.365,909.055,904.54,908.675,441,679,0
2024-03-07 05:00:00,908.675,908.695,905.31,907.805,390,1059,0
2024-03-07 06:00:00,907.855,909.895,906.61,908.775,503,989,0
2024-03-07 07:00:00,908.6,908.895,905.81,906.215,454,1019,0
2024-03-07 08:00:00,906.355,908.565,905.605,908.265,395,1179,0
2024-03-07 09:00:00,908.385,909.155,906.245,909.045,831,1119,0
2024-03-07 10:00:00,909.045,911.175,906.945,909.645,682,1169,0
2024-03-07 11:00:00,909.645,915.995,909.43,915.135,682,1349,0
2024-03-07 12:00:00,915.125,919.215,914.62,917.895,680,979,0
2024-03-07 13:00:00,917.845,918.535,913.67,917.225,923,1770,0
2024-03-07 14:00:00,916.06,919.715,915.7,919.715,734,1429,0
2024-03-07 15:00:00,919.755,925.625,917.305,922.075,4039,709,0
2024-03-07 16:00:00,922.075,922.575,916.345,921.625,1726,879,0
2024-03-07 17:00:00,921.475,923.475,918.725,920.915,3894,1069,0
2024-03-07 18:00:00,920.895,921.475,917.955,920.365,4512,1579,0
2024-03-07 19:00:00,920.375,921.245,915.665,918.335,3425,1179,0
2024-03-07 20:00:00,918.315,920.325,917.83,919.205,2401,1529,0
2024-03-07 21:00:00,919.235,921.015,918.05,920.455,1761,1499,0
2024-03-07 22:00:00,920.435,920.435,918.2,919.705,1388,1239,0
2024-03-07 23:00:00,919.665,920.445,918.2,920.04,837,1529,0
2024-03-08 01:00:00,917.78,920.19,917.75,919.275,478,1880,0
2024-03-08 02:00:00,919.265,921.095,916.81,919.405,1086,809,0
2024-03-08 03:00:00,919.425,920.415,916.75,919.865,1552,939,0
2024-03-08 04:00:00,919.845,919.965,917.37,918.465,970,1179,0
2024-03-08 05:00:00,916.98,920.205,916.98,919.325,375,989,0
2024-03-08 06:00:00,917.97,920.185,916.95,919.225,469,1449,0
2024-03-08 07:00:00,917.88,920.275,917.55,918.905,831,1549,0
2024-03-08 08:00:00,918.905,920.715,916.69,920.715,406,1189,0
2024-03-08 09:00:00,920.715,921.085,918.23,920.455,607,1760,0
2024-03-08 10:00:00,920.555,920.975,915.38,918.875,619,1559,0
2024-03-08 11:00:00,918.725,923.445,916.98,923.265,935,889,0
2024-03-08 12:00:00,923.305,923.305,917.47,919.795,1765,1439,0
2024-03-08 13:00:00,919.68,920.285,917.15,919.085,1606,1159,0
2024-03-08 14:00:00,919.115,920.325,914.53,917.165,1937,959,0
2024-03-08 15:00:00,917.155,927.875,914.555,919.755,9046,499,0
2024-03-08 16:00:00,919.645,921.695,914.075,916.875,7483,739,0
2024-03-08 17:00:00,916.725,918.375,911.55,914.585,2556,1279,0
2024-03-08 18:00:00,914.635,914.685,908.095,911.585,3466,1069,0
2024-03-08 19:00:00,911.585,916.635,911.185,912.435,4096,929,0
2024-03-08 20:00:00,912.435,912.635,909.57,911.185,2277,1509,0
2024-03-08 21:00:00,911.235,913.085,909.02,912.385,1490,1289,0
2024-03-08 22:00:00,912.435,912.685,909.52,911.685,846,1409,0
2024-03-08 23:00:00,911.735,914.065,904.75,904.75,467,1409,0
2024-03-11 00:00:00,912.56,916.105,912.23,912.51,436,1229,0
2024-03-11 01:00:00,912.51,917.445,912.51,917.165,444,1369,0
2024-03-11 02:00:00,917.295,920.275,915.45,918.575,576,1789,0
2024-03-11 03:00:00,918.645,918.695,914.25,916.485,608,1779,0
2024-03-11 04:00:00,916.505,916.815,913.5,914.915,763,1659,0
2024-03-11 05:00:00,914.79,916.275,913.8,915.345,512,1639,0
2024-03-11 06:00:00,915.385,916.335,913.65,915.315,464,1799,0
2024-03-11 07:00:00,915.335,916.885,913.9,916.685,782,869,0
2024-03-11 08:00:00,916.835,919.885,916.435,919.685,784,669,0
2024-03-11 09:00:00,919.685,919.985,916.24,919.785,1143,619,0
2024-03-11 10:00:00,919.835,922.185,918.62,919.395,1840,659,0
2024-03-11 11:00:00,919.375,926.525,919.085,924.675,2084,919,0
2024-03-11 12:00:00,924.675,926.005,922.245,925.615,1811,1219,0
2024-03-11 13:00:00,925.615,927.675,922.0,927.445,1181,1539,0
2024-03-11 14:00:00,927.545,931.145,923.505,929.225,2776,1199,0
2024-03-11 15:00:00,928.715,934.445,928.345,931.405,5237,499,0
2024-03-11 16:00:00,931.385,934.875,928.175,934.545,4386,959,0
2024-03-11 17:00:00,934.545,937.295,933.77,936.945,2373,1119,0
2024-03-11 18:00:00,936.925,937.815,935.055,935.85,2483,1029,0
2024-03-11 19:00:00,935.95,940.435,935.3,939.285,2800,1099,0
2024-03-11 20:00:00,939.285,939.535,936.24,938.085,1128,1289,0
2024-03-11 21:00:00,938.135,938.785,936.99,938.185,874,1619,0
2024-03-11 22:00:00,938.135,938.99,937.25,938.0,493,1689,0
2024-03-12 00:00:00,935.78,939.755,933.885,936.505,883,969,0
2024-03-12 01:00:00,936.475,938.275,934.055,935.555,1542,1239,0
2024-03-12 02:00:00,935.585,936.615,933.8,934.745,1856,1409,0
2024-03-12 03:00:00,934.785,937.645,933.35,937.645,925,1469,0
2024-03-12 04:00:00,937.645,937.715,932.4,934.605,413,1279,0
2024-03-12 05:00:00,934.485,934.735,930.85,931.94,396,1299,0
2024-03-12 06:00:00,931.94,934.265,930.5,932.065,360,1689,0
2024-03-12 07:00:00,932.065,933.545,930.75,933.515,1143,1820,0
2024-03-12 08:00:00,933.525,934.835,931.32,933.245,1267,1680,0
2024-03-12 09:00:00,933.245,933.245,927.8,930.055,1960,929,0
2024-03-12 10:00:00,930.015,932.275,928.05,931.275,629,1609,0
2024-03-12 11:00:00,931.135,932.865,929.17,930.425,1154,1439,0
2024-03-12 12:00:00,930.425,931.825,928.4,929.135,1591,1289,0
2024-03-12 13:00:00,929.085,929.785,926.135,927.485,1401,1179,0
2024-03-12 14:00:00,927.185,929.925,919.845,922.335,2983,189,0
2024-03-12 15:00:00,922.435,922.435,912.655,915.605,5047,369,0
2024-03-12 16:00:00,915.635,923.485,913.865,922.155,4471,1099,0
2024-03-12 17:00:00,922.125,925.395,919.245,925.245,3838,1029,0
2024-03-12 18:00:00,925.275,925.865,921.16,925.825,2932,969,0
2024-03-12 19:00:00,925.815,925.835,921.32,921.665,2966,1549,0
2024-03-12 20:00:00,921.635,924.475,920.92,923.135,1988,1670,0
2024-03-12 21:00:00,923.105,924.785,921.72,924.535,1332,1609,0
2024-03-12 22:00:00,924.515,924.86,921.83,924.09,381,1639,0
2024-03-13 00:00:00,922.03,925.485,919.705,924.855,1385,1880,0
2024-03-13 01:00:00,925.065,925.085,921.94,922.665,948,1870,0
2024-03-13 02:00:00,922.935,924.735,921.77,924.285,1124,1669,0
2024-03-13 03:00:00,924.365,924.835,921.62,924.135,1810,999,0
2024-03-13 04:00:00,924.135,924.985,921.84,924.435,1094,949,0
2024-03-13 05:00:00,924.435,925.455,922.44,924.195,1122,989,0
2024-03-13 06:00:00,924.205,925.185,922.57,924.805,1154,1129,0
2024-03-13 07:00:00,924.805,926.235,923.4,925.975,1528,1259,0
2024-03-13 08:00:00,925.0,926.735,923.85,925.335,1384,1720,0
2024-03-13 09:00:00,925.335,929.265,925.295,929.165,2214,1529,0
2024-03-13 10:00:00,929.165,932.345,929.08,930.805,1099,989,0
2024-03-13 11:00:00,930.805,934.215,930.805,933.495,589,729,0
2024-03-13 12:00:00,933.455,934.465,931.7,933.395,1725,1269,0
2024-03-13 13:00:00,933.405,935.365,931.775,934.165,1889,1849,0
2024-03-13 14:00:00,934.195,935.365,926.575,929.375,3560,1039,0
2024-03-13 15:00:00,929.525,933.985,928.545,932.435,2798,1159,0
2024-03-13 16:00:00,932.435,936.645,929.445,935.465,3506,859,0
2024-03-13 17:00:00,935.455,941.315,935.145,940.425,4317,1309,0
2024-03-13 18:00:00,940.425,941.135,937.455,939.585,5026,1329,0
2024-03-13 19:00:00,939.535,942.335,939.385,941.085,2744,1319,0
2024-03-13 20:00:00,941.035,941.805,939.7,941.085,1948,1479,0
2024-03-13 21:00:00,941.085,941.435,939.81,941.295,2224,1439,0
2024-03-13 22:00:00,941.375,941.755,939.47,941.27,1038,1479,0
2024-03-14 00:00:00,938.99,941.705,936.415,940.985,831,2749,0
2024-03-14 01:00:00,941.055,943.035,938.925,942.455,1132,1439,0
2024-03-14 02:00:00,942.405,944.435,940.44,942.615,1461,1209,0
2024-03-14 03:00:00,942.635,943.565,940.875,943.325,3115,309,0
2024-03-14 04:00:00,943.295,943.295,940.15,941.325,1939,399,0
2024-03-14 05:00:00,941.295,941.945,938.075,938.625,1417,579,0
2024-03-14 06:00:00,938.385,940.165,937.405,937.435,1006,479,0
2024-03-14 07:00:00,937.425,937.905,935.865,936.215,1680,1649,0
2024-03-14 08:00:00,936.235,937.875,935.405,937.105,2067,1629,0
2024-03-14 09:00:00,937.095,941.305,936.665,940.935,1949,369,0
2024-03-14 10:00:00,940.955,942.515,939.365,940.265,2746,409,0
2024-03-14 11:00:00,940.285,940.935,934.715,935.435,2145,309,0
2024-03-14 12:00:00,935.635,938.135,934.54,936.085,1209,309,0
2024-03-14 13:00:00,936.235,938.735,935.36,938.585,1080,309,0
2024-03-14 14:00:00,938.635,939.935,932.275,933.735,4376,309,0
2024-03-14 15:00:00,933.785,934.785,927.435,928.185,5459,309,0
2024-03-14 16:00:00,928.185,930.635,926.435,928.135,3625,599,0
2024-03-14 17:00:00,928.135,932.085,927.085,931.635,3257,839,0
2024-03-14 18:00:00,931.685,932.235,929.635,931.335,2586,1669,0
2024-03-14 19:00:00,931.335,932.485,929.74,931.085,1965,1670,0
2024-03-14 20:00:00,931.085,931.835,929.42,930.685,966,1670,0
2024-03-14 21:00:00,930.635,930.635,927.12,929.435,1140,1680,0
2024-03-14 22:00:00,929.385,929.735,923.68,927.04,680,939,0
2024-03-15 00:00:00,924.63,927.69,924.575,926.985,550,1399,0
2024-03-15 01:00:00,926.985,927.535,924.05,926.485,624,759,0
2024-03-15 02:00:00,926.535,927.285,924.33,926.735,880,829,0
2024-03-15 03:00:00,926.685,928.485,924.345,927.935,1400,829,0
2024-03-15 04:00:00,927.985,928.385,924.9,926.735,1156,409,0
2024-03-15 05:00:00,926.685,929.235,925.45,929.085,901,639,0
2024-03-15 06:00:00,929.035,929.135,926.73,927.985,631,849,0
2024-03-15 07:00:00,928.035,933.185,926.73,932.535,2402,889,0
2024-03-15 08:00:00,932.565,932.685,929.545,931.105,2343,1399,0
2024-03-15 09:00:00,931.065,937.015,930.725,934.545,1918,1109,0
2024-03-15 10:00:00,934.505,938.975,934.505,938.685,2725,339,0
2024-03-15 11:00:00,938.705,941.385,936.31,939.205,2414,729,0
2024-03-15 12:00:00,939.235,939.665,936.15,938.785,1107,1659,0
2024-03-15 13:00:00,937.9,941.875,937.79,940.755,1326,1499,0
2024-03-15 14:00:00,940.795,949.445,938.995,949.025,4233,589,0
2024-03-15 15:00:00,948.985,953.435,944.555,944.605,6802,1179,0
2024-03-15 16:00:00,944.605,947.705,941.905,943.995,5220,879,0
2024-03-15 17:00:00,943.985,946.185,939.725,940.815,2343,1179,0
2024-03-15 18:00:00,940.865,943.315,936.74,938.275,1024,1009,0
2024-03-15 19:00:00,938.375,940.425,938.015,940.185,579,1269,0
2024-03-15 20:00:00,940.185,941.885,940.185,941.395,310,1059,0
2024-03-15 21:00:00,941.395,941.945,938.88,940.505,390,1139,0
2024-03-15 22:00:00,940.505,940.625,936.2,937.09,348,1269,0
2024-03-18 00:00:00,937.15,937.695,934.87,936.895,341,909,0
2024-03-18 01:00:00,936.895,937.835,934.09,936.505,501,769,0
2024-03-18 02:00:00,936.365,936.515,933.88,935.635,1384,1639,0
2024-03-18 03:00:00,935.625,935.625,930.795,934.575,3342,1449,0
2024-03-18 04:00:00,934.575,934.905,932.1,933.345,1670,1459,0
2024-03-18 05:00:00,933.355,933.775,929.21,930.805,1945,1309,0
2024-03-18 06:00:00,930.815,931.565,929.41,931.225,747,1329,0
2024-03-18 07:00:00,931.255,931.435,927.79,928.635,1611,1159,0
2024-03-18 08:00:00,928.685,929.015,926.335,926.895,1954,1399,0
2024-03-18 09:00:00,926.925,927.445,921.615,923.335,1871,1309,0
2024-03-18 10:00:00,923.325,926.305,922.285,923.295,744,1519,0
2024-03-18 11:00:00,923.395,925.215,919.81,920.475,621,1099,0
2024-03-18 12:00:00,920.605,922.265,918.16,921.185,567,1229,0
2024-03-18 13:00:00,921.185,924.485,920.865,923.625,526,1309,0
2024-03-18 14:00:00,923.625,930.275,922.4,924.485,905,1199,0
2024-03-18 15:00:00,924.435,925.135,918.565,920.165,1201,1239,0
2024-03-18 16:00:00,920.165,920.165,915.375,917.985,1219,1540,0
2024-03-18 17:00:00,918.035,920.355,916.235,920.255,2129,939,0
2024-03-18 18:00:00,920.225,920.235,916.05,917.805,940,1199,0
2024-03-18 19:00:00,917.805,920.015,916.52,918.145,493,1349,0
2024-03-18 20:00:00,918.145,918.475,916.82,917.735,544,1449,0
2024-03-18 21:00:00,917.785,918.455,916.38,917.685,472,2019,0
2024-03-18 22:00:00,917.685,917.865,916.03,916.91,228,1660,0
2024-03-19 00:00:00,917.22,917.385,915.15,916.125,203,2100,0
2024-03-19 01:00:00,916.225,917.085,913.92,916.955,257,2489,0
2024-03-19 02:00:00,917.135,917.135,914.25,915.385,340,2359,0
2024-03-19 03:00:00,915.135,917.265,914.235,915.435,965,2099,0
2024-03-19 04:00:00,915.485,915.985,913.06,914.035,1243,1889,0
2024-03-19 05:00:00,914.035,915.285,913.46,915.185,1344,1849,0
2024-03-19 06:00:00,914.76,916.535,913.86,914.485,825,1829,0
2024-03-19 07:00:00,914.435,914.435,909.41,909.965,1490,1429,0
2024-03-19 08:00:00,909.805,909.985,906.26,907.755,1486,1599,0
2024-03-19 09:00:00,907.735,908.675,902.485,905.405,893,1159,0
2024-03-19 10:00:00,905.405,905.855,900.595,904.885,905,1089,0
2024-03-19 11:00:00,904.935,905.275,901.36,903.535,507,909,0
2024-03-19 12:00:00,903.535,904.695,900.45,902.665,512,1069,0
2024-03-19 13:00:00,902.525,903.455,899.75,901.615,491,1059,0
2024-03-19 14:00:00,901.505,904.015,898.67,901.545,1444,559,0
2024-03-19 15:00:00,901.545,901.735,895.615,896.625,1210,739,0
2024-03-19 16:00:00,896.785,899.235,894.545,896.835,1015,629,0
2024-03-19 17:00:00,896.785,897.085,893.835,894.285,2106,1369,0
2024-03-19 18:00:00,894.285,899.485,893.435,898.585,1924,1119,0
2024-03-19 19:00:00,898.635,899.285,895.24,897.535,1820,939,0
2024-03-19 20:00:00,897.585,897.735,895.74,897.485,982,1889,0
2024-03-19 21:00:00,897.485,897.485,894.94,895.935,786,1640,0
2024-03-19 22:00:00,895.935,896.205,894.39,895.84,455,2279,0
2024-03-20 00:00:00,895.64,896.02,894.52,895.535,432,2040,0
2024-03-20 01:00:00,894.39,895.835,893.79,894.035,420,2289,0
2024-03-20 02:00:00,893.985,894.685,892.55,894.235,823,2169,0
2024-03-20 03:00:00,894.135,894.475,892.485,894.475,1182,2219,0
2024-03-20 04:00:00,894.415,895.555,893.875,894.55,359,2269,0
2024-03-20 05:00:00,894.35,895.79,892.45,893.825,369,1719,0
2024-03-20 06:00:00,893.785,893.785,890.4,890.845,362,2009,0
2024-03-20 07:00:00,890.865,892.265,890.0,891.615,355,2009,0
2024-03-20 08:00:00,891.565,894.125,890.51,893.185,421,1789,0
2024-03-20 09:00:00,893.135,895.285,889.16,891.715,556,1429,0
2024-03-20 10:00:00,891.565,897.225,889.46,896.865,477,849,0
2024-03-20 11:00:00,896.755,897.765,893.11,896.945,485,659,0
2024-03-20 12:00:00,896.805,898.075,893.61,896.875,455,569,0
2024-03-20 13:00:00,896.975,897.635,892.65,896.495,458,1039,0
2024-03-20 14:00:00,896.535,896.945,891.545,895.285,723,529,0
2024-03-20 15:00:00,895.285,900.205,891.655,899.555,957,389,0
2024-03-20 16:00:00,899.555,901.545,895.585,898.845,2879,1169,0
2024-03-20 17:00:00,898.845,899.985,895.3,897.245,781,469,0
2024-03-20 18:00:00,897.255,898.885,895.06,897.385,1154,909,0
2024-03-20 19:00:00,897.435,898.085,893.235,893.645,1651,1019,0
2024-03-20 20:00:00,893.355,908.625,893.355,907.995,6832,509,0
2024-03-20 21:00:00,908.015,911.015,906.305,909.005,5470,819,0
2024-03-20 22:00:00,908.985,909.705,906.835,908.48,1852,1379,0
2024-03-21 00:00:00,906.91,914.315,905.975,913.925,870,1019,0
2024-03-21 01:00:00,914.025,915.445,912.02,914.585,655,1029,0
2024-03-21 02:00:00,914.275,914.275,910.91,913.355,3496,1169,0
2024-03-21 03:00:00,913.375,917.965,913.245,917.405,2420,619,0
2024-03-21 04:00:00,917.405,918.345,915.44,916.695,1784,819,0
2024-03-21 05:00:00,916.655,918.045,915.0,917.825,1761,1229,0
2024-03-21 06:00:00,917.765,918.585,916.51,917.785,836,1129,0
2024-03-21 07:00:00,917.765,918.515,915.48,917.835,427,679,0
2024-03-21 08:00:00,917.895,918.535,913.91,915.485,490,669,0
2024-03-21 09:00:00,915.445,917.485,912.715,913.005,2291,1189,0
2024-03-21 10:00:00,913.035,913.965,907.695,909.595,3698,759,0
2024-03-21 11:00:00,909.875,910.455,905.55,908.315,2442,319,0
2024-03-21 12:00:00,908.425,916.095,908.03,913.755,1261,309,0
2024-03-21 13:00:00,913.785,914.555,910.06,913.175,1753,1029,0
2024-03-21 14:00:00,913.175,918.575,913.135,916.035,1349,789,0
2024-03-21 15:00:00,916.035,919.155,911.185,912.345,5005,769,0
2024-03-21 16:00:00,912.345,913.845,908.935,911.905,1720,1039,0
2024-03-21 17:00:00,911.905,912.555,907.895,910.515,5110,1109,0
2024-03-21 18:00:00,910.555,912.095,908.95,910.965,3180,909,0
2024-03-21 19:00:00,910.945,911.325,909.15,911.025,3042,939,0
2024-03-21 20:00:00,911.055,911.405,908.47,910.055,1656,1029,0
2024-03-21 21:00:00,910.055,910.355,907.83,908.585,1392,1119,0
2024-03-21 22:00:00,908.605,908.715,905.98,907.51,728,1119,0
2024-03-22 00:00:00,906.62,908.205,904.125,905.775,552,1359,0
2024-03-22 01:00:00,906.135,908.155,905.3,905.655,1011,479,0
2024-03-22 02:00:00,905.665,910.895,905.575,910.255,1611,449,0
2024-03-22 03:00:00,910.245,910.625,904.045,906.015,3994,1169,0
2024-03-22 04:00:00,906.015,906.555,901.6,903.685,3238,379,0
2024-03-22 05:00:00,903.585,904.785,901.89,903.235,1188,379,0
2024-03-22 06:00:00,903.235,903.435,900.66,901.785,896,609,0
2024-03-22 07:00:00,901.835,903.285,900.72,902.285,1408,789,0
2024-03-22 08:00:00,902.285,904.185,901.17,902.435,1546,2169,0
2024-03-22 09:00:00,902.385,905.385,900.52,904.535,2538,1099,0
2024-03-22 10:00:00,904.485,908.685,902.39,907.585,1736,759,0
2024-03-22 11:00:00,907.755,908.795,905.22,907.425,666,1049,0
2024-03-22 12:00:00,907.425,907.925,901.9,906.045,586,1039,0
2024-03-22 13:00:00,904.57,908.045,902.19,904.345,609,769,0
2024-03-22 14:00:00,904.575,906.245,901.605,904.285,1149,1159,0
2024-03-22 15:00:00,904.335,906.665,901.005,903.545,2925,979,0
2024-03-22 16:00:00,903.545,904.275,898.835,898.925,3683,1129,0
2024-03-22 17:00:00,898.935,900.245,894.64,896.225,2610,1019,0
2024-03-22 18:00:00,896.185,897.575,893.96,895.695,1231,559,0
2024-03-22 19:00:00,895.695,896.905,894.19,895.425,460,749,0
2024-03-22 20:00:00,895.395,896.835,894.29,896.195,1241,949,0
2024-03-22 21:00:00,896.215,896.465,894.11,895.905,1021,1219,0
2024-03-22 22:00:00,895.885,897.385,895.0,896.31,726,1069,0
2024-03-25 00:00:00,896.57,897.435,895.56,896.905,458,1679,0
2024-03-25 01:00:00,896.905,900.275,896.15,899.695,769,1809,0
2024-03-25 02:00:00,899.695,901.185,897.57,900.085,1212,2219,0
2024-03-25 03:00:00,900.085,904.985,899.185,904.635,3494,2709,0
2024-03-25 04:00:00,904.585,904.935,903.17,903.985,1589,2319,0
2024-03-25 05:00:00,903.835,904.085,901.755,901.935,1442,2619,0
2024-03-25 06:00:00,901.885,902.235,900.77,902.135,708,2379,0
2024-03-25 07:00:00,902.085,904.615,901.435,902.825,1643,2129,0
2024-03-25 08:00:00,902.655,903.035,896.665,898.735,1477,2369,0
2024-03-25 09:00:00,898.735,900.785,895.755,900.035,1507,309,0
2024-03-25 10:00:00,900.035,904.185,898.72,903.685,1437,999,0
2024-03-25 11:00:00,903.685,905.975,901.59,905.955,1462,819,0
2024-03-25 12:00:00,906.005,908.635,903.27,907.955,1239,949,0
2024-03-25 13:00:00,907.865,908.685,904.37,905.305,1928,1039,0
2024-03-25 14:00:00,905.275,909.925,904.47,908.005,1165,649,0
2024-03-25 15:00:00,908.005,912.805,907.855,910.745,1657,609,0
2024-03-25 16:00:00,910.765,911.885,907.215,908.655,4232,809,0
2024-03-25 17:00:00,908.635,911.355,906.965,908.735,2849,809,0
2024-03-25 18:00:00,908.735,908.835,905.99,906.685,2350,879,0
2024-03-25 19:00:00,906.735,907.425,904.16,905.785,1703,879,0
2024-03-25 20:00:00,905.785,906.135,902.87,905.015,919,949,0
2024-03-25 21:00:00,904.975,905.225,902.57,903.735,836,1069,0
2024-03-25 22:00:00,903.745,904.495,901.78,904.28,562,499,0
2024-03-26 00:00:00,903.59,905.125,902.12,903.385,328,2229,0
2024-03-26 01:00:00,902.16,904.875,901.97,904.385,454,1509,0
2024-03-26 02:00:00,904.355,906.055,903.4,905.585,1225,989,0
2024-03-26 03:00:00,905.565,907.185,903.24,905.095,2513,1199,0
2024-03-26 04:00:00,905.035,906.985,903.79,904.445,1530,1279,0
2024-03-26 05:00:00,904.425,904.425,900.94,901.635,1077,1229,0
2024-03-26 06:00:00,901.635,902.885,900.36,902.635,330,1289,0
2024-03-26 07:00:00,902.635,903.885,901.49,903.705,754,909,0
2024-03-26 08:00:00,903.675,905.135,901.64,903.345,1757,859,0
2024-03-26 09:00:00,903.345,904.885,902.65,904.135,1498,319,0
2024-03-26 10:00:00,904.135,904.835,901.39,902.85,1233,389,0
2024-03-26 11:00:00,902.89,907.875,902.84,906.045,1133,1269,0
2024-03-26 12:00:00,906.045,906.775,902.35,903.265,1061,769,0
2024-03-26 13:00:00,903.215,907.155,901.91,906.785,596,1259,0
2024-03-26 14:00:00,906.965,909.395,904.59,906.465,1575,1389,0
2024-03-26 15:00:00,906.485,910.095,904.955,906.945,3677,709,0
2024-03-26 16:00:00,906.945,907.185,902.355,905.695,3942,809,0
2024-03-26 17:00:00,905.685,906.855,903.715,905.185,3624,1049,0
2024-03-26 18:00:00,905.215,907.675,904.47,907.025,1337,1429,0
2024-03-26 19:00:00,906.975,908.765,904.47,905.465,1678,989,0
2024-03-26 20:00:00,905.445,906.265,904.12,905.415,910,1529,0
2024-03-26 21:00:00,905.415,905.625,902.37,903.845,315,1379,0
2024-03-26 22:00:00,903.845,903.965,901.03,903.83,239,1469,0
2024-03-27 00:00:00,902.66,904.875,899.765,904.235,463,1909,0
2024-03-27 01:00:00,904.215,904.495,902.97,904.415,549,1789,0
2024-03-27 02:00:00,904.405,904.875,902.92,903.545,1285,1549,0
2024-03-27 03:00:00,903.575,905.405,899.905,902.785,2689,1239,0
2024-03-27 04:00:00,902.805,904.195,900.77,902.195,1676,1159,0
2024-03-27 05:00:00,902.195,904.985,900.72,904.525,1459,1179,0
2024-03-27 06:00:00,904.505,906.755,904.28,906.265,1301,1209,0
2024-03-27 07:00:00,906.245,906.975,904.07,905.955,1842,1299,0
2024-03-27 08:00:00,905.975,907.245,905.535,906.005,1840,1249,0
2024-03-27 09:00:00,906.005,906.905,903.51,904.31,1676,1429,0
2024-03-27 10:00:00,905.375,905.495,896.725,898.135,1625,359,0
2024-03-27 11:00:00,898.085,899.685,894.11,896.495,2153,869,0
2024-03-27 12:00:00,896.495,899.935,894.46,898.725,594,1539,0
2024-03-27 13:00:00,898.615,900.955,895.07,896.345,518,1349,0
2024-03-27 14:00:00,896.465,896.495,890.435,891.135,1525,919,0
2024-03-27 15:00:00,891.185,898.935,889.835,898.575,4839,429,0
2024-03-27 16:00:00,898.605,899.785,895.245,897.835,4439,459,0
2024-03-27 17:00:00,897.805,898.475,895.625,897.235,3061,419,0
2024-03-27 18:00:00,897.235,899.605,895.365,898.035,2029,309,0
2024-03-27 19:00:00,898.045,900.265,897.195,897.915,1617,309,0
2024-03-27 20:00:00,897.915,898.985,896.59,897.945,348,309,0
2024-03-27 21:00:00,897.945,899.235,896.97,898.945,274,309,0
2024-03-27 22:00:00,898.26,900.335,898.04,898.93,879,309,0
2024-03-28 00:00:00,895.96,899.275,895.15,898.305,869,309,0
2024-03-28 01:00:00,898.335,898.625,895.78,897.525,641,309,0
2024-03-28 02:00:00,897.515,899.165,895.22,898.085,1356,309,0
2024-03-28 03:00:00,898.105,899.565,896.09,899.265,2209,309,0
2024-03-28 04:00:00,899.145,901.795,897.83,901.235,2059,669,0
2024-03-28 05:00:00,901.135,902.745,899.71,901.135,1460,629,0
2024-03-28 06:00:00,901.275,903.065,900.63,902.525,913,669,0
2024-03-28 07:00:00,902.515,903.975,901.54,902.645,1649,1159,0
2024-03-28 08:00:00,902.615,902.825,898.97,899.82,664,1229,0
2024-03-28 09:00:00,901.045,901.185,896.885,897.045,1543,669,0
2024-03-28 10:00:00,897.045,897.085,893.27,894.425,1851,379,0
2024-03-28 11:00:00,894.385,897.975,892.7,897.855,1781,589,0
2024-03-28 12:00:00,897.845,904.215,897.095,900.235,1114,769,0
2024-03-28 13:00:00,900.345,901.715,897.88,899.295,1515,1079,0
2024-03-28 14:00:00,899.315,905.785,897.57,905.705,4110,1219,0
2024-03-28 15:00:00,905.585,907.135,902.25,905.345,5863,599,0
2024-03-28 16:00:00,905.475,911.235,905.475,910.355,2346,919,0
2024-03-28 17:00:00,910.305,911.345,908.46,910.135,2278,1529,0
2024-03-28 18:00:00,910.135,910.865,907.025,908.595,2825,1459,0
2024-03-28 19:00:00,908.535,909.665,906.42,908.935,2436,1599,0
2024-03-28 20:00:00,908.935,909.835,908.03,909.145,1017,2019,0
2024-03-28 21:00:00,909.135,909.785,908.04,908.61,992,1710,0
2024-03-28 22:00:00,908.59,910.385,905.19,909.64,330,2189,0
2024-04-01 01:00:00,907.35,914.545,907.35,910.845,2556,1139,0
2024-04-01 02:00:00,910.835,914.545,910.295,912.345,2480,859,0
2024-04-01 03:00:00,912.345,914.385,910.905,911.875,2635,1199,0
2024-04-01 04:00:00,911.855,913.735,911.145,911.455,3633,1459,0
2024-04-01 05:00:00,911.475,914.985,911.405,914.935,1537,1469,0
2024-04-01 06:00:00,914.935,915.805,912.39,915.005,1623,1439,0
2024-04-01 07:00:00,915.025,915.885,912.69,914.075,508,1529,0
2024-04-01 08:00:00,914.075,914.215,910.895,912.095,1053,1559,0
2024-04-01 09:00:00,912.095,913.585,910.6,912.295,401,1149,0
2024-04-01 10:00:00,912.295,914.745,911.635,913.785,345,1559,0
2024-04-01 11:00:00,913.785,915.385,912.55,915.245,316,1749,0
2024-04-01 12:00:00,915.125,915.495,911.32,911.985,348,1989,0
2024-04-01 13:00:00,911.975,913.235,910.58,912.165,811,1699,0
2024-04-01 14:00:00,911.75,914.315,908.71,909.205,401,1429,0
2024-04-01 15:00:00,909.095,909.095,903.435,904.365,3270,1059,0
2024-04-01 16:00:00,904.405,906.055,899.275,901.925,5543,819,0
2024-04-01 17:00:00,901.225,901.225,892.735,897.635,5548,309,0
2024-04-01 18:00:00,897.635,898.935,896.185,897.935,2261,1819,0
2024-04-01 19:00:00,897.935,902.035,897.285,901.935,1763,1639,0
2024-04-01 20:00:00,901.935,901.935,899.935,901.785,1176,1519,0
2024-04-01 21:00:00,901.835,901.985,899.76,900.385,755,1969,0
2024-04-01 22:00:00,900.285,903.085,899.81,901.025,601,459,0
2024-04-01 23:00:00,902.745,903.87,900.635,903.87,976,309,0
2024-04-02 01:00:00,901.33,905.265,901.32,904.115,898,309,0
2024-04-02 02:00:00,904.115,904.145,901.445,902.255,1044,319,0
2024-04-02 03:00:00,902.235,905.115,901.945,904.385,1874,309,0
2024-04-02 04:00:00,904.385,906.705,903.225,906.065,2851,789,0
2024-04-02 05:00:00,906.085,906.945,904.33,906.685,1562,1019,0
2024-04-02 06:00:00,906.705,906.915,904.52,905.315,1306,889,0
2024-04-02 07:00:00,905.325,907.955,904.61,907.315,979,909,0
2024-04-02 08:00:00,907.295,907.615,905.04,906.375,1692,1219,0
2024-04-02 09:00:00,906.345,909.415,906.01,909.175,1954,329,0
2024-04-02 10:00:00,909.145,912.125,908.455,911.985,2240,389,0
2024-04-02 11:00:00,912.035,913.965,911.635,912.745,2869,819,0
2024-04-02 12:00:00,912.735,916.205,911.96,914.925,2243,1039,0
2024-04-02 13:00:00,915.025,918.455,912.815,916.855,2053,929,0
2024-04-02 14:00:00,916.855,918.365,912.985,917.605,1346,1259,0
2024-04-02 15:00:00,917.605,926.415,917.605,923.905,4963,859,0
2024-04-02 16:00:00,923.895,926.875,922.045,924.115,5489,829,0
2024-04-02 17:00:00,924.035,929.705,923.325,924.805,6095,679,0
2024-04-02 18:00:00,924.835,925.495,917.385,921.085,3953,659,0
2024-04-02 19:00:00,920.935,922.835,920.135,922.385,1564,1189,0
2024-04-02 20:00:00,922.435,924.135,920.75,924.085,1116,1069,0
2024-04-02 21:00:00,924.035,924.235,922.4,922.685,1020,1279,0
2024-04-02 22:00:00,922.735,923.955,922.425,923.805,1093,1459,0
2024-04-02 23:00:00,923.845,924.885,922.83,923.74,361,1450,0
2024-04-03 01:00:00,924.18,926.365,922.525,924.475,1626,899,0
2024-04-03 02:00:00,924.425,925.555,921.76,923.895,708,1379,0
2024-04-03 03:00:00,923.765,926.385,922.87,923.585,1609,889,0
2024-04-03 04:00:00,923.735,926.405,923.175,925.325,3550,1059,0
2024-04-03 05:00:00,925.305,926.145,922.96,924.595,1650,1229,0
2024-04-03 06:00:00,924.615,927.445,924.03,926.745,2090,1169,0
2024-04-03 07:00:00,926.765,928.485,926.09,927.045,770,1289,0
2024-04-03 08:00:00,927.045,928.255,926.365,927.795,761,1339,0
2024-04-03 09:00:00,927.825,927.965,923.63,925.035,695,1049,0
2024-04-03 10:00:00,925.035,925.345,917.065,917.255,2804,1049,0
2024-04-03 11:00:00,917.255,922.135,916.265,920.655,2723,309,0
2024-04-03 12:00:00,920.635,923.485,918.315,920.715,1971,799,0
2024-04-03 13:00:00,920.695,923.965,920.145,922.715,1780,1539,0
2024-04-03 14:00:00,922.685,927.975,917.855,927.795,2346,859,0
2024-04-03 15:00:00,927.745,928.955,923.755,928.665,3683,1169,0
2024-04-03 16:00:00,928.585,932.935,926.165,930.925,3370,1159,0
2024-04-03 17:00:00,931.645,936.225,929.605,933.275,5409,949,0
2024-04-03 18:00:00,933.285,936.375,931.785,933.255,4893,1019,0
2024-04-03 19:00:00,933.285,935.795,930.71,932.835,5392,1029,0
2024-04-03 20:00:00,932.835,934.955,931.665,934.955,2111,1879,0
2024-04-03 21:00:00,935.065,936.835,933.9,936.155,1284,959,0
2024-04-03 22:00:00,936.115,939.655,935.43,939.135,1311,2049,0
2024-04-03 23:00:00,939.185,939.625,936.56,938.07,379,2579,0
2024-04-04 01:00:00,939.16,941.555,937.33,939.755,1591,1189,0
2024-04-04 02:00:00,939.915,941.565,937.66,940.415,1404,349,0
2024-04-04 03:00:00,940.425,941.985,938.3,941.555,2277,699,0
2024-04-04 04:00:00,941.705,942.485,937.835,938.865,2117,1269,0
2024-04-04 05:00:00,938.895,939.315,936.39,938.175,944,959,0
2024-04-04 06:00:00,938.215,939.665,936.5,939.345,680,1319,0
2024-04-04 07:00:00,939.345,939.465,935.55,937.345,446,899,0
2024-04-04 08:00:00,937.345,938.405,935.75,936.935,461,1439,0
2024-04-04 09:00:00,936.935,939.935,935.9,939.025,569,1279,0
2024-04-04 10:00:00,938.965,943.195,938.26,940.065,938,1379,0
2024-04-04 11:00:00,940.015,941.385,936.4,937.945,1394,1529,0
2024-04-04 12:00:00,937.2,940.545,936.7,939.475,1091,1729,0
2024-04-04 13:00:00,939.525,940.935,937.15,939.465,721,1639,0
2024-04-04 14:00:00,939.345,942.12,937.53,937.695,813,1439,0
2024-04-04 15:00:00,937.795,938.705,932.755,935.345,4043,899,0
2024-04-04 16:00:00,935.145,938.635,933.145,937.615,2171,419,0
2024-04-04 17:00:00,937.615,943.045,937.455,941.675,5702,1269,0
2024-04-04 18:00:00,941.695,945.985,940.965,942.875,3178,889,0
2024-04-04 19:00:00,942.825,942.865,939.53,941.005,2103,1079,0
2024-04-04 20:00:00,941.025,942.935,939.21,942.735,1939,1119,0
2024-04-04 21:00:00,942.685,942.785,939.285,941.035,2459,1099,0
2024-04-04 22:00:00,940.985,941.035,930.035,930.585,4303,1059,0
2024-04-04 23:00:00,930.535,933.72,930.15,933.18,1096,889,0
2024-04-05 01:00:00,932.79,935.035,930.14,930.735,802,919,0
2024-04-05 02:00:00,930.735,932.435,928.395,928.675,947,1169,0
2024-04-05 03:00:00,928.715,930.485,927.985,928.935,1413,799,0
2024-04-05 04:00:00,928.935,928.935,923.185,924.985,2639,909,0
2024-04-05 05:00:00,924.885,927.185,922.835,923.385,1471,979,0
2024-04-05 06:00:00,923.385,924.735,922.435,923.585,916,849,0
2024-04-05 07:00:00,923.535,924.935,922.65,924.135,636,1369,0
2024-04-05 08:00:00,924.135,925.835,922.8,925.285,1032,1489,0
2024-04-05 09:00:00,925.335,928.115,924.31,926.725,811,1640,0
2024-04-05 10:00:00,926.675,928.845,923.385,926.485,1103,1279,0
2024-04-05 11:00:00,926.485,927.385,922.835,925.035,1362,1239,0
2024-04-05 12:00:00,925.035,925.085,921.59,923.485,1060,1139,0
2024-04-05 13:00:00,923.385,924.785,921.885,923.835,1033,1419,0
2024-04-05 14:00:00,923.985,924.535,921.01,923.235,972,1289,0
2024-04-05 15:00:00,923.235,924.485,916.285,922.785,4942,309,0
2024-04-05 16:00:00,922.835,924.285,917.485,920.435,4489,1149,0
2024-04-05 17:00:00,920.485,927.085,917.185,923.135,4316,1119,0
2024-04-05 18:00:00,923.185,930.085,922.085,927.585,3336,429,0
2024-04-05 19:00:00,927.585,930.685,926.87,930.535,1423,1459,0
2024-04-05 20:00:00,930.535,930.535,927.65,928.835,1103,1349,0
2024-04-05 21:00:00,928.785,930.305,927.15,928.535,913,1019,0
2024-04-05 22:00:00,928.535,928.785,926.55,927.635,782,1269,0
2024-04-05 23:00:00,927.635,929.14,926.55,929.14,652,1449,0
2024-04-08 01:00:00,928.89,929.635,924.355,925.215,1916,409,0
2024-04-08 02:00:00,925.215,928.135,924.405,925.235,1295,309,0
2024-04-08 03:00:00,925.285,925.485,923.4,923.485,1442,1039,0
2024-04-08 04:00:00,923.535,925.585,921.535,925.085,4160,1529,0
2024-04-08 05:00:00,925.135,933.945,924.685,933.655,2558,2149,0
2024-04-08 06:00:00,933.605,933.985,929.045,931.865,1024,1620,0
2024-04-08 07:00:00,931.915,932.155,928.99,931.135,712,1549,0
2024-04-08 08:00:00,931.205,931.875,927.6,929.575,917,1439,0
2024-04-08 09:00:00,929.505,931.605,927.18,931.035,995,1439,0
2024-04-08 10:00:00,931.095,936.385,928.6,935.485,1103,1299,0
2024-04-08 11:00:00,935.485,938.585,935.035,938.385,1905,779,0
2024-04-08 12:00:00,938.285,943.415,937.685,941.055,939,989,0
2024-04-08 13:00:00,941.125,943.755,939.33,942.835,1332,499,0
2024-04-08 14:00:00,942.785,943.535,938.07,941.285,1742,379,0
2024-04-08 15:00:00,941.385,945.235,937.535,945.235,4346,829,0
2024-04-08 16:00:00,945.265,959.285,945.085,957.345,5536,729,0
2024-04-08 17:00:00,957.345,959.995,950.915,959.995,4110,309,0
2024-04-08 18:00:00,960.015,968.235,959.62,963.425,2436,309,0
2024-04-08 19:00:00,963.425,965.135,958.485,962.435,2152,309,0
2024-04-08 20:00:00,962.485,965.035,961.51,964.185,1521,589,0
2024-04-08 21:00:00,964.135,964.935,962.5,963.785,658,719,0
2024-04-08 22:00:00,963.785,965.135,962.6,964.985,551,749,0
2024-04-08 23:00:00,964.885,965.925,963.56,964.23,293,789,0
2024-04-09 01:00:00,964.26,966.635,963.99,966.635,568,729,0
2024-04-09 02:00:00,965.51,968.045,965.335,967.735,649,309,0
2024-04-09 03:00:00,967.735,971.885,966.485,971.035,1425,309,0
2024-04-09 04:00:00,971.135,977.615,970.435,972.705,2278,1239,0
2024-04-09 05:00:00,972.605,974.835,970.87,974.185,933,1559,0
2024-04-09 06:00:00,974.235,975.575,971.88,975.215,669,1439,0
2024-04-09 07:00:00,975.095,978.615,973.88,976.825,548,1439,0
2024-04-09 08:00:00,976.855,978.915,975.55,977.465,653,1439,0
2024-04-09 09:00:00,977.435,978.065,973.13,974.535,1436,1439,0
2024-04-09 10:00:00,974.485,978.685,973.845,977.535,1769,619,0
2024-04-09 11:00:00,977.585,978.745,974.435,977.445,1885,799,0
2024-04-09 12:00:00,977.485,980.945,976.635,979.845,1161,719,0
2024-04-09 13:00:00,979.845,981.245,976.28,978.645,475,339,0
2024-04-09 14:00:00,978.645,981.645,977.745,979.195,677,519,0
2024-04-09 15:00:00,979.085,986.195,978.435,984.955,1848,819,0
2024-04-09 16:00:00,985.015,988.455,981.445,983.115,2930,509,0
2024-04-09 17:00:00,983.115,985.755,969.945,974.275,9568,309,0
2024-04-09 18:00:00,974.305,975.375,966.145,967.525,8564,329,0
2024-04-09 19:00:00,967.535,972.885,967.485,969.395,1796,1179,0
2024-04-09 20:00:00,969.465,974.935,968.485,974.265,1233,1229,0
2024-04-09 21:00:00,974.315,977.085,972.05,976.865,1715,649,0
2024-04-09 22:00:00,976.745,978.635,974.805,978.535,1366,309,0
2024-04-09 23:00:00,978.485,980.475,977.23,978.54,838,439,0
2024-04-10 01:00:00,977.24,980.185,977.03,980.005,714,459,0
2024-04-10 02:00:00,979.975,979.975,977.5,979.715,818,649,0
2024-04-10 03:00:00,979.715,980.735,977.28,978.835,1067,409,0
2024-04-10 04:00:00,978.885,980.235,974.68,979.685,2391,199,0
2024-04-10 05:00:00,979.705,980.085,976.43,978.835,2159,579,0
2024-04-10 06:00:00,978.885,980.235,978.21,979.325,1007,649,0
2024-04-10 07:00:00,979.305,981.125,977.81,980.855,819,619,0
2024-04-10 08:00:00,980.825,981.935,978.06,979.335,2057,449,0
2024-04-10 09:00:00,979.285,981.285,977.75,979.185,1687,319,0
2024-04-10 10:00:00,979.195,980.415,975.69,978.355,1965,869,0
2024-04-10 11:00:00,978.445,983.365,976.32,983.205,960,939,0
2024-04-10 12:00:00,983.265,984.085,978.635,979.835,1485,959,0
2024-04-10 13:00:00,979.835,983.995,978.535,981.895,963,1099,0
2024-04-10 14:00:00,981.835,984.615,980.7,982.345,787,1069,0
2024-04-10 15:00:00,982.345,983.015,963.025,970.575,6864,309,0
2024-04-10 16:00:00,970.585,970.985,962.875,967.915,12144,309,0
2024-04-10 17:00:00,967.995,975.265,965.915,970.615,4836,769,0
2024-04-10 18:00:00,970.605,971.345,959.185,960.735,4822,579,0
2024-04-10 19:00:00,960.635,966.955,959.985,966.285,2783,509,0
2024-04-10 20:00:00,966.305,968.385,961.945,966.845,7173,559,0
2024-04-10 21:00:00,966.845,969.295,963.495,963.825,2720,1219,0
2024-04-10 22:00:00,963.815,966.255,963.645,965.735,2881,919,0
2024-04-10 23:00:00,965.815,965.825,961.42,963.73,883,849,0
2024-04-11 01:00:00,963.51,965.585,961.605,963.755,713,399,0
2024-04-11 02:00:00,963.755,964.835,961.79,962.795,1027,309,0
2024-04-11 03:00:00,962.815,964.565,962.045,964.105,2024,709,0
2024-04-11 04:00:00,964.105,968.505,963.255,968.225,4259,699,0
2024-04-11 05:00:00,968.225,969.065,966.945,968.285,2007,649,0
2024-04-11 06:00:00,968.325,969.365,967.625,967.975,1532,1449,0
2024-04-11 07:00:00,967.975,969.365,967.44,968.795,562,1649,0
2024-04-11 08:00:00,968.845,970.495,967.755,968.665,648,1299,0
2024-04-11 09:00:00,968.615,970.155,966.085,967.205,1142,1269,0
2024-04-11 10:00:00,967.115,972.825,966.515,972.295,1106,769,0
2024-04-11 11:00:00,972.295,974.205,966.945,967.405,1106,1009,0
2024-04-11 12:00:00,967.555,968.445,964.37,966.275,949,1249,0
2024-04-11 13:00:00,966.135,968.805,963.69,968.605,816,1249,0
2024-04-11 14:00:00,968.675,969.345,965.61,967.795,904,1309,0
2024-04-11 15:00:00,967.845,979.905,965.915,976.655,3108,309,0
2024-04-11 16:00:00,976.835,981.185,975.215,979.715,3106,1109,0
2024-04-11 17:00:00,979.845,981.105,969.165,971.055,3667,839,0
2024-04-11 18:00:00,971.055,975.255,970.905,975.075,5111,629,0
2024-04-11 19:00:00,975.045,976.215,973.705,974.705,4074,659,0
2024-04-11 20:00:00,974.735,978.955,973.805,977.805,3843,569,0
2024-04-11 21:00:00,977.755,980.715,977.575,979.835,2653,899,0
2024-04-11 22:00:00,979.865,982.835,979.3,982.495,1312,899,0
2024-04-11 23:00:00,982.495,982.945,980.57,981.94,418,1069,0
2024-04-12 01:00:00,982.45,985.895,982.0,984.005,793,959,0
2024-04-12 02:00:00,983.06,985.805,981.8,985.415,628,929,0
2024-04-12 03:00:00,985.415,985.415,981.31,984.545,1522,1649,0
2024-04-12 04:00:00,984.645,990.015,984.625,989.145,1075,1299,0
2024-04-12 05:00:00,988.935,991.255,986.74,989.855,720,1359,0
2024-04-12 06:00:00,989.705,990.645,985.14,987.305,608,1439,0
2024-04-12 07:00:00,987.185,988.455,985.67,987.005,420,1620,0
2024-04-12 08:00:00,987.005,992.995,986.95,992.605,505,1620,0
2024-04-12 09:00:00,992.605,997.115,991.605,997.045,783,969,0
2024-04-12 10:00:00,997.065,1001.305,996.06,997.8,2022,859,0
2024-04-12 11:00:00,997.85,1001.34,995.76,997.8,1788,3600,0
2024-04-12 12:00:00,997.75,1000.92,997.11,999.5,1425,1730,0
2024-04-12 13:00:00,999.55,1001.59,997.33,998.22,1625,3600,0
2024-04-12 14:00:00,998.22,998.37,989.67,997.25,1896,3450,0
2024-04-12 15:00:00,997.26,1004.17,996.86,998.76,5920,1570,0
2024-04-12 16:00:00,998.81,1001.68,996.09,1000.52,10438,3450,0
2024-04-12 17:00:00,1000.52,1001.73,996.68,1001.16,8845,3450,0
2024-04-12 18:00:00,1001.2,1007.16,991.02,995.66,8413,1570,0
2024-04-12 19:00:00,995.66,995.74,984.21,985.36,6126,1560,0
2024-04-12 20:00:00,985.3,988.75,983.44,985.21,4137,1560,0
2024-04-12 21:00:00,985.15,986.78,978.96,979.87,2304,1560,0
2024-04-12 22:00:00,979.92,982.36,977.5,977.89,1626,1560,0
2024-04-12 23:00:00,977.95,977.95,973.32,974.79,1319,1640,0
2024-04-15 01:00:00,979.73,985.015,972.62,974.375,2010,1159,0
2024-04-15 02:00:00,973.74,979.205,972.06,976.775,927,359,0
2024-04-15 03:00:00,977.155,977.305,972.54,974.365,2818,1089,0
2024-04-15 04:00:00,974.535,975.155,968.305,972.645,4999,859,0
2024-04-15 05:00:00,972.665,975.985,972.035,973.585,3704,679,0
2024-04-15 06:00:00,973.535,975.475,971.77,974.835,1853,799,0
2024-04-15 07:00:00,974.835,974.835,970.89,972.635,1183,779,0
2024-04-15 08:00:00,972.835,976.755,970.91,976.725,2657,629,0
2024-04-15 09:00:00,976.725,978.375,974.225,976.565,1277,1149,0
2024-04-15 10:00:00,976.565,977.425,968.71,970.675,898,1539,0
2024-04-15 11:00:00,970.785,972.095,965.585,966.965,2831,1649,0
2024-04-15 12:00:00,966.985,967.895,963.11,966.56,664,1339,0
2024-04-15 13:00:00,966.945,974.275,966.26,973.805,498,1239,0
2024-04-15 14:00:00,973.805,976.165,972.35,974.805,753,1109,0
2024-04-15 15:00:00,974.705,976.705,967.285,973.205,1609,1580,0
2024-04-15 16:00:00,973.395,974.875,966.465,968.505,2924,909,0
2024-04-15 17:00:00,968.505,968.875,960.515,964.505,2213,829,0
2024-04-15 18:00:00,964.475,971.235,963.165,970.805,1223,759,0
2024-04-15 19:00:00,970.805,971.445,964.71,969.535,989,979,0
2024-04-15 20:00:00,969.655,969.855,965.43,968.305,884,1029,0
2024-04-15 21:00:00,968.185,971.345,966.5,970.955,874,909,0
2024-04-15 22:00:00,970.955,973.485,969.15,972.605,801,919,0
2024-04-15 23:00:00,972.715,973.255,970.76,972.22,724,1239,0
2024-04-16 01:00:00,971.57,975.665,971.18,973.995,1858,2119,0
2024-04-16 02:00:00,973.5,975.735,970.615,972.765,1126,2129,0
2024-04-16 03:00:00,972.745,973.805,969.145,970.215,2323,349,0
2024-04-16 04:00:00,970.195,971.915,966.935,970.785,5252,399,0
2024-04-16 05:00:00,970.815,971.335,966.635,969.015,3962,1149,0
2024-04-16 06:00:00,968.995,970.775,967.62,970.695,2320,829,0
2024-04-16 07:00:00,970.725,970.745,966.505,969.515,2050,699,0
2024-04-16 08:00:00,969.525,972.565,969.405,971.105,2799,779,0
2024-04-16 09:00:00,971.005,971.155,963.415,963.645,6089,1549,0
2024-04-16 10:00:00,963.665,966.965,962.855,964.685,5184,529,0
2024-04-16 11:00:00,964.695,968.515,962.145,963.835,4493,669,0
2024-04-16 12:00:00,963.855,969.935,963.205,968.045,2215,639,0
2024-04-16 13:00:00,968.045,969.805,965.345,967.745,1123,379,0
2024-04-16 14:00:00,967.745,971.855,964.96,971.325,1137,309,0
2024-04-16 15:00:00,971.325,972.405,961.715,967.315,1503,309,0
2024-04-16 16:00:00,967.315,974.145,961.305,961.735,6225,399,0
2024-04-16 17:00:00,961.715,966.775,957.505,966.695,12047,719,0
2024-04-16 18:00:00,966.715,970.795,965.945,967.895,9536,329,0
2024-04-16 19:00:00,967.915,968.985,963.745,964.095,5891,909,0
2024-04-16 20:00:00,964.065,964.695,958.485,961.015,9530,949,0
2024-04-16 21:00:00,961.055,965.355,959.685,963.425,6957,929,0
2024-04-16 22:00:00,963.445,964.465,961.305,961.775,3512,979,0
2024-04-16 23:00:00,961.795,962.195,956.34,958.4,1586,1069,0
2024-04-17 01:00:00,957.93,959.245,955.89,958.725,852,1189,0
2024-04-17 02:00:00,958.915,960.885,957.75,959.62,834,1109,0
2024-04-17 03:00:00,959.86,961.445,957.585,958.365,2218,929,0
2024-04-17 04:00:00,958.355,958.655,953.905,956.835,5187,609,0
2024-04-17 05:00:00,956.805,957.295,953.89,954.765,2944,719,0
2024-04-17 06:00:00,954.735,955.495,951.61,952.545,1950,699,0
2024-04-17 07:00:00,952.525,953.945,950.76,952.845,1361,579,0
2024-04-17 08:00:00,952.815,952.835,950.31,951.335,2485,979,0
2024-04-17 09:00:00,951.335,954.735,947.1,954.555,1744,309,0
2024-04-17 10:00:00,954.555,955.135,946.145,953.355,839,309,0
2024-04-17 11:00:00,953.455,959.925,951.345,959.925,669,309,0
2024-04-17 12:00:00,959.925,961.165,954.41,958.115,1113,309,0
2024-04-17 13:00:00,958.115,959.725,956.46,959.265,528,329,0
2024-04-17 14:00:00,959.265,962.685,957.95,961.495,854,479,0
2024-04-17 15:00:00,961.565,961.605,948.425,951.095,4641,759,0
2024-04-17 16:00:00,951.075,958.735,949.445,957.225,9867,599,0
2024-04-17 17:00:00,957.235,957.485,952.235,953.635,4601,669,0
2024-04-17 18:00:00,953.635,956.085,948.785,948.935,4166,669,0
2024-04-17 19:00:00,948.985,949.085,941.745,942.685,4883,1009,0
2024-04-17 20:00:00,942.785,946.185,942.685,944.785,3107,809,0
2024-04-17 21:00:00,944.835,946.885,943.05,944.185,1941,1589,0
2024-04-17 22:00:00,944.035,944.085,941.5,942.735,1459,1520,0
2024-04-17 23:00:00,942.785,943.335,941.385,942.02,919,1259,0
2024-04-18 01:00:00,940.92,943.155,939.67,942.045,858,619,0
2024-04-18 02:00:00,942.065,943.265,939.79,941.375,940,1309,0
2024-04-18 03:00:00,941.455,941.895,938.56,941.305,830,1369,0
2024-04-18 04:00:00,939.94,942.535,935.06,936.805,922,579,0
2024-04-18 05:00:00,935.83,940.515,935.78,940.275,835,1650,0
2024-04-18 06:00:00,940.375,941.455,938.39,938.43,619,1639,0
2024-04-18 07:00:00,938.37,940.295,935.83,937.845,376,579,0
2024-04-18 08:00:00,937.845,939.075,935.18,938.285,822,1619,0
2024-04-18 09:00:00,938.365,943.92,937.01,941.91,1049,419,0
2024-04-18 10:00:00,941.86,943.125,937.37,943.115,1141,739,0
2024-04-18 11:00:00,942.955,946.205,941.43,944.355,1642,1009,0
2024-04-18 12:00:00,944.315,946.765,940.8,942.885,995,409,0
2024-04-18 13:00:00,942.875,943.345,938.54,942.435,831,869,0
2024-04-18 14:00:00,942.355,943.105,937.92,939.405,951,459,0
2024-04-18 15:00:00,939.405,941.085,934.635,939.485,2480,979,0
2024-04-18 16:00:00,939.385,944.485,937.085,939.655,5008,819,0
2024-04-18 17:00:00,939.605,950.985,937.185,950.685,3592,359,0
2024-04-18 18:00:00,950.685,951.385,944.285,946.685,2036,439,0
2024-04-18 19:00:00,946.685,946.785,943.46,945.385,1576,549,0
2024-04-18 20:00:00,945.385,945.445,941.9,943.285,1214,789,0
2024-04-18 21:00:00,943.185,943.185,939.14,940.185,976,729,0
2024-04-18 22:00:00,940.185,941.58,939.01,939.985,741,899,0
2024-04-18 23:00:00,939.985,940.185,937.24,938.01,410,759,0
2024-04-19 01:00:00,938.11,938.875,936.74,937.935,503,1199,0
2024-04-19 02:00:00,937.05,939.335,936.74,937.19,325,1479,0
2024-04-19 03:00:00,937.995,938.735,935.33,938.635,744,1460,0
2024-04-19 04:00:00,938.535,950.545,937.23,947.265,2058,1439,0
2024-04-19 05:00:00,947.375,948.625,942.21,946.265,1480,1439,0
2024-04-19 06:00:00,946.385,948.505,940.68,943.685,1520,1449,0
2024-04-19 07:00:00,942.3,943.865,936.94,939.075,807,1439,0
2024-04-19 08:00:00,938.965,939.915,936.69,938.785,652,1549,0
2024-04-19 09:00:00,937.59,943.885,936.84,943.255,1491,569,0
2024-04-19 10:00:00,943.355,946.485,942.26,944.785,1241,1169,0
2024-04-19 11:00:00,944.785,944.785,936.21,939.165,1195,1299,0
2024-04-19 12:00:00,939.115,940.455,935.41,935.79,1048,1359,0
2024-04-19 13:00:00,935.74,935.74,930.21,930.61,1621,1590,0
2024-04-19 14:00:00,930.61,932.45,929.0,929.8,2084,3340,0
2024-04-19 15:00:00,929.87,934.63,926.4,928.16,3002,3340,0
2024-04-19 16:00:00,928.05,932.36,926.7,928.61,4484,3340,0
2024-04-19 17:00:00,928.81,934.76,927.82,932.71,4146,1460,0
2024-04-19 18:00:00,932.8,935.82,931.14,933.19,2807,1460,0
2024-04-19 19:00:00,933.19,934.29,927.8,933.9,2553,1420,0
2024-04-19 20:00:00,934.0,934.75,931.9,931.9,2642,1420,0
2024-04-19 21:00:00,931.85,933.44,930.95,932.3,1974,1420,0
2024-04-19 22:00:00,932.25,933.54,931.1,933.0,1903,1420,0
2024-04-19 23:00:00,932.95,934.64,932.09,934.42,506,1420,0
2024-04-22 01:00:00,935.58,935.58,932.0,933.35,383,1059,0
2024-04-22 02:00:00,933.35,935.955,932.95,935.295,287,1889,0
2024-04-22 03:00:00,935.185,936.275,932.44,934.825,460,1059,0
2024-04-22 04:00:00,934.825,936.985,933.775,936.175,718,789,0
2024-04-22 05:00:00,936.345,937.395,934.51,935.675,775,939,0
2024-04-22 06:00:00,935.665,936.595,932.44,934.18,590,859,0
2024-04-22 07:00:00,934.23,936.215,933.28,934.095,343,1149,0
2024-04-22 08:00:00,934.095,935.225,931.315,932.145,2523,969,0
2024-04-22 09:00:00,932.115,935.355,927.62,930.045,2587,949,0
2024-04-22 10:00:00,929.845,930.275,922.34,924.515,1052,1009,0
2024-04-22 11:00:00,924.515,928.925,922.52,928.645,543,1199,0
2024-04-22 12:00:00,928.645,929.895,925.22,926.31,555,1029,0
2024-04-22 13:00:00,926.31,930.635,923.86,926.685,653,1439,0
2024-04-22 14:00:00,926.575,926.575,920.635,922.155,1125,1320,0
2024-04-22 15:00:00,922.035,926.585,919.435,926.055,2785,1229,0
2024-04-22 16:00:00,925.975,926.885,916.375,925.245,6149,1279,0
2024-04-22 17:00:00,925.255,930.015,923.545,925.715,2950,859,0
2024-04-22 18:00:00,925.715,925.715,919.0,921.395,2937,899,0
2024-04-22 19:00:00,921.475,923.345,919.95,921.645,2087,839,0
2024-04-22 20:00:00,921.545,923.445,920.86,922.585,1423,999,0
2024-04-22 21:00:00,922.785,924.085,921.07,922.785,643,1280,0
2024-04-22 22:00:00,922.785,922.785,920.89,921.645,521,1349,0
2024-04-22 23:00:00,921.615,922.435,920.915,921.67,325,1419,0
2024-04-23 01:00:00,920.88,921.485,919.76,920.785,345,1549,0
2024-04-23 02:00:00,920.16,923.235,920.16,922.835,682,1139,0
2024-04-23 03:00:00,922.845,923.545,918.95,920.635,572,1039,0
2024-04-23 04:00:00,920.535,921.475,913.535,913.835,4830,309,0
2024-04-23 05:00:00,913.835,917.595,913.135,913.135,3259,689,0
2024-04-23 06:00:00,913.235,914.535,912.55,913.335,1092,2210,0
2024-04-23 07:00:00,913.435,914.935,912.35,913.135,563,2389,0
2024-04-23 08:00:00,913.135,914.685,910.15,911.585,1092,509,0
2024-04-23 09:00:00,911.585,913.075,908.45,911.035,1774,309,0
2024-04-23 10:00:00,910.945,915.535,908.57,914.435,1722,1600,0
2024-04-23 11:00:00,914.335,917.035,909.41,911.645,1372,1590,0
2024-04-23 12:00:00,911.535,913.825,909.46,911.215,1399,1339,0
2024-04-23 13:00:00,911.105,913.695,909.81,910.665,611,1400,0
2024-04-23 14:00:00,910.665,910.745,905.935,906.765,850,1180,0
2024-04-23 15:00:00,906.655,909.505,901.66,905.675,1540,909,0
2024-04-23 16:00:00,905.555,914.635,903.28,912.735,3293,1459,0
2024-04-23 17:00:00,912.935,915.735,910.635,915.085,3855,739,0
2024-04-23 18:00:00,915.085,915.885,911.785,913.485,1857,1219,0
2024-04-23 19:00:00,913.385,915.285,911.64,914.285,1270,1240,0
2024-04-23 20:00:00,914.185,915.085,911.71,913.185,857,1369,0
2024-04-23 21:00:00,913.285,913.885,910.71,912.285,535,1629,0
2024-04-23 22:00:00,912.285,912.585,909.89,911.085,454,1240,0
2024-04-23 23:00:00,910.985,912.285,910.29,911.78,290,1759,0
2024-04-24 01:00:00,910.79,912.685,909.315,911.665,586,1829,0
2024-04-24 02:00:00,911.675,913.895,911.33,912.555,705,1529,0
2024-04-24 03:00:00,911.4,914.065,910.01,912.585,803,539,0
2024-04-24 04:00:00,912.385,913.685,909.23,912.785,1197,1249,0
2024-04-24 05:00:00,912.785,915.685,911.5,914.185,855,1109,0
2024-04-24 06:00:00,913.41,917.095,913.3,916.105,1040,389,0
2024-04-24 07:00:00,915.51,917.815,915.5,917.195,807,749,0
2024-04-24 08:00:00,917.105,917.485,913.06,913.385,1023,1059,0
2024-04-24 09:00:00,913.385,914.795,911.4,913.185,1772,369,0
2024-04-24 10:00:00,913.085,920.785,910.7,918.085,1292,609,0
2024-04-24 11:00:00,918.185,919.185,915.71,918.585,852,1079,0
2024-04-24 12:00:00,918.685,920.385,913.41,914.285,917,969,0
2024-04-24 13:00:00,914.185,916.085,910.93,911.18,674,1199,0
2024-04-24 14:00:00,911.18,914.325,911.16,913.375,456,1279,0
2024-04-24 15:00:00,913.515,914.315,906.43,907.555,1503,1500,0
2024-04-24 16:00:00,907.555,908.195,904.185,904.555,2669,789,0
2024-04-24 17:00:00,904.655,909.705,901.8,908.825,1792,859,0
2024-04-24 18:00:00,908.895,910.365,903.745,904.215,2183,989,0
2024-04-24 19:00:00,904.215,908.595,903.715,907.785,1473,1809,0
2024-04-24 20:00:00,907.775,908.395,905.17,907.035,934,1220,0
2024-04-24 21:00:00,907.085,907.555,904.0,904.685,731,1220,0
2024-04-24 22:00:00,904.685,906.475,904.0,904.945,643,1220,0
2024-04-24 23:00:00,904.945,905.145,902.8,903.84,384,2509,0
2024-04-25 01:00:00,903.85,903.85,901.46,903.595,385,1889,0
2024-04-25 02:00:00,903.485,905.305,902.96,905.205,310,1500,0
2024-04-25 03:00:00,905.075,907.165,904.625,905.455,530,789,0
2024-04-25 04:00:00,905.365,905.635,902.98,904.175,686,349,0
2024-04-25 05:00:00,904.085,906.625,903.88,904.685,609,309,0
2024-04-25 06:00:00,904.585,905.735,900.76,902.665,980,369,0
2024-04-25 07:00:00,902.605,903.465,901.88,902.615,398,629,0
2024-04-25 08:00:00,902.515,905.065,902.33,903.99,686,1139,0
2024-04-25 09:00:00,903.99,909.935,903.02,909.205,912,1280,0
2024-04-25 10:00:00,909.075,910.705,907.46,909.135,806,1280,0
2024-04-25 11:00:00,909.205,911.025,908.22,910.325,728,1280,0
2024-04-25 12:00:00,909.42,910.455,907.96,908.375,564,1249,0
2024-04-25 13:00:00,908.16,908.835,904.66,906.325,531,2259,0
2024-04-25 14:00:00,906.195,908.335,903.56,905.125,770,1180,0
2024-04-25 15:00:00,905.275,909.835,902.765,904.875,4038,1049,0
2024-04-25 16:00:00,904.875,905.775,898.025,903.565,6762,1209,0
2024-04-25 17:00:00,903.565,913.765,901.275,909.785,7297,969,0
2024-04-25 18:00:00,909.765,916.425,907.415,912.035,6513,669,0
2024-04-25 19:00:00,912.005,913.735,909.4,912.435,3870,1519,0
2024-04-25 20:00:00,912.415,917.005,911.815,916.975,3033,1469,0
2024-04-25 21:00:00,917.005,917.125,914.2,916.545,894,1319,0
2024-04-25 22:00:00,916.545,918.755,915.55,917.075,876,1220,0
2024-04-25 23:00:00,917.105,918.255,914.96,916.95,822,1749,0
2024-04-26 01:00:00,917.17,919.595,917.095,918.915,525,1389,0
2024-04-26 02:00:00,918.965,919.285,915.89,918.595,419,1669,0
2024-04-26 03:00:00,918.495,920.895,916.72,920.305,763,1629,0
2024-04-26 04:00:00,920.325,920.455,918.135,920.115,1712,1799,0
2024-04-26 05:00:00,920.115,921.245,919.08,920.975,835,1649,0
2024-04-26 06:00:00,920.28,923.555,920.03,922.935,612,1549,0
2024-04-26 07:00:00,923.005,923.005,920.91,922.635,450,1350,0
2024-04-26 08:00:00,922.635,923.975,920.835,923.505,949,969,0
2024-04-26 09:00:00,923.505,926.565,922.47,924.845,1620,799,0
2024-04-26 10:00:00,924.795,924.875,920.915,923.265,849,1280,0
2024-04-26 11:00:00,922.27,923.455,915.445,916.275,1404,1280,0
2024-04-26 12:00:00,916.065,918.055,915.555,917.945,717,1280,0
2024-04-26 13:00:00,917.945,918.965,914.22,916.925,676,1280,0
2024-04-26 14:00:00,916.815,917.125,914.495,915.505,728,1419,0
2024-04-26 15:00:00,915.555,921.745,914.255,917.535,3330,1169,0
2024-04-26 16:00:00,917.635,918.635,913.635,914.755,3407,1039,0
2024-04-26 17:00:00,914.845,917.615,911.085,914.295,6400,899,0
2024-04-26 18:00:00,914.295,915.925,912.345,914.835,5298,649,0
2024-04-26 19:00:00,914.865,916.465,912.95,913.705,2831,939,0
2024-04-26 20:00:00,913.755,916.115,913.55,915.355,1471,969,0
2024-04-26 21:00:00,915.305,915.685,913.9,915.585,462,889,0
2024-04-26 22:00:00,915.585,915.585,912.53,915.185,413,599,0
2024-04-26 23:00:00,915.185,916.585,914.45,915.91,666,1099,0
2024-04-29 01:00:00,916.44,917.235,913.715,915.935,349,2059,0
2024-04-29 02:00:00,915.855,916.995,913.26,914.445,360,2319,0
2024-04-29 03:00:00,914.545,918.975,913.86,918.575,551,2409,0
2024-04-29 04:00:00,918.625,920.155,914.805,919.195,1682,1669,0
2024-04-29 05:00:00,919.265,919.275,916.76,917.915,702,1779,0
2024-04-29 06:00:00,917.845,920.145,916.86,919.525,462,1889,0
2024-04-29 07:00:00,919.425,921.905,918.16,921.905,1047,1609,0
2024-04-29 08:00:00,921.845,922.015,917.06,919.135,1054,1609,0
2024-04-29 09:00:00,919.345,920.495,915.045,915.555,825,1280,0
2024-04-29 10:00:00,915.495,921.925,914.13,921.785,1512,1159,0
2024-04-29 11:00:00,921.635,923.745,919.87,923.265,951,1280,0
2024-04-29 12:00:00,923.125,928.855,922.745,928.115,825,1280,0
2024-04-29 13:00:00,928.065,929.9,926.195,929.505,682,1280,0
2024-04-29 14:00:00,929.575,933.375,928.74,931.925,808,1140,0
2024-04-29 15:00:00,932.065,938.475,932.045,937.535,1568,1529,0
2024-04-29 16:00:00,937.625,939.925,933.855,938.405,2031,1140,0
2024-04-29 17:00:00,938.475,944.715,938.375,944.715,1434,1150,0
2024-04-29 18:00:00,944.745,949.86,942.015,947.415,1156,1150,0
2024-04-29 19:00:00,947.315,953.065,942.645,951.125,1430,2020,0
2024-04-29 20:00:00,951.025,955.165,949.145,949.145,775,1950,0
2024-04-29 21:00:00,949.145,950.8,947.11,949.405,551,1580,0
2024-04-29 22:00:00,949.345,949.685,945.85,948.695,831,1790,0
2024-04-29 23:00:00,948.625,951.185,947.4,949.98,308,2010,0
2024-04-30 01:00:00,949.49,951.025,947.77,950.035,323,1430,0
2024-04-30 02:00:00,948.95,952.125,947.82,951.115,454,2239,0
2024-04-30 03:00:00,951.185,953.815,948.325,950.115,798,1609,0
2024-04-30 04:00:00,950.215,952.805,949.765,950.845,1159,1609,0
2024-04-30 05:00:00,950.895,950.985,947.96,950.185,769,1909,0
2024-04-30 06:00:00,950.105,950.315,947.16,948.475,525,1759,0
2024-04-30 07:00:00,948.605,949.605,947.16,948.725,386,1759,0
2024-04-30 08:00:00,948.575,948.655,942.96,946.085,829,1609,0
2024-04-30 09:00:00,946.115,946.485,942.66,945.445,917,1709,0
2024-04-30 10:00:00,945.535,946.365,940.265,943.205,1001,1709,0
2024-04-30 11:00:00,943.155,943.155,937.315,937.915,865,1609,0
2024-04-30 12:00:00,937.665,940.215,935.995,939.235,928,1260,0
2024-04-30 13:00:00,939.295,941.995,937.98,940.345,719,1260,0
2024-04-30 14:00:00,940.615,941.125,936.85,938.495,804,1609,0
2024-04-30 15:00:00,938.585,944.195,934.525,935.755,2799,1609,0
2024-04-30 16:00:00,935.905,942.785,935.855,937.545,3001,1609,0
2024-04-30 17:00:00,937.395,941.055,931.385,931.825,3065,1609,0
2024-04-30 18:00:00,931.835,936.455,931.755,935.785,1857,1110,0
2024-04-30 19:00:00,935.845,936.695,932.36,935.335,1081,1100,0
2024-04-30 20:00:00,935.465,941.315,935.385,938.26,1247,1100,0
2024-04-30 21:00:00,939.205,939.715,935.51,936.185,643,1100,0
2024-04-30 22:00:00,936.235,939.045,936.075,937.495,692,1100,0
2024-04-30 23:00:00,937.545,939.645,935.86,936.62,552,1100,0
2024-05-01 01:00:00,937.52,937.685,934.125,936.72,482,1319,0
2024-05-01 02:00:00,936.72,937.335,936.02,936.635,310,1249,0
2024-05-01 03:00:00,936.735,938.435,934.135,934.935,686,1439,0
2024-05-01 04:00:00,934.835,936.835,934.49,935.635,645,1379,0
2024-05-01 05:00:00,935.635,935.735,933.84,934.935,382,1440,0
2024-05-01 06:00:00,933.99,936.635,933.89,936.235,445,1409,0
2024-05-01 07:00:00,936.235,936.535,934.43,934.935,438,1419,0
2024-05-01 08:00:00,934.935,936.635,934.19,935.235,387,1539,0
2024-05-01 09:00:00,935.135,936.435,933.05,934.035,482,1220,0
2024-05-01 10:00:00,934.035,938.635,933.735,937.535,649,1220,0
2024-05-01 11:00:00,937.435,940.035,935.29,939.135,708,1220,0
2024-05-01 12:00:00,939.135,942.635,938.74,941.295,531,1230,0
2024-05-01 13:00:00,941.295,946.635,939.8,946.635,974,1230,0
2024-05-01 14:00:00,946.635,950.835,946.155,950.435,744,1100,0
2024-05-01 15:00:00,950.435,954.385,948.325,950.185,3422,1089,0
2024-05-01 16:00:00,950.185,955.135,946.86,953.885,2433,1100,0
2024-05-01 17:00:00,953.965,958.795,952.985,956.485,3484,579,0
2024-05-01 18:00:00,956.765,957.165,950.825,951.26,1545,1200,0
2024-05-01 19:00:00,952.095,952.375,947.86,948.825,1618,1579,0
2024-05-01 20:00:00,948.755,948.825,943.245,943.305,1115,1400,0
2024-05-01 21:00:00,943.115,957.235,941.595,956.415,7561,1149,0
2024-05-01 22:00:00,956.475,957.775,948.115,948.475,3036,1879,0
2024-05-01 23:00:00,948.425,955.235,947.785,952.97,1916,1249,0
2024-05-02 01:00:00,956.155,956.335,952.28,955.085,1031,1379,0
2024-05-02 02:00:00,955.235,958.135,953.65,956.825,1668,1309,0
2024-05-02 03:00:00,956.825,960.325,956.825,958.885,1456,889,0
2024-05-02 04:00:00,958.685,960.235,956.585,960.235,711,779,0
2024-05-02 05:00:00,960.235,961.235,957.2,959.235,704,629,0
2024-05-02 06:00:00,959.235,959.735,956.55,958.635,686,839,0
2024-05-02 07:00:00,958.735,960.235,957.45,959.935,529,759,0
2024-05-02 08:00:00,959.935,960.335,958.1,959.135,1226,849,0
2024-05-02 09:00:00,959.235,961.835,957.5,959.135,1219,1019,0
2024-05-02 10:00:00,959.135,961.565,957.185,958.135,1444,829,0
2024-05-02 11:00:00,958.035,959.535,950.985,952.185,1191,819,0
2024-05-02 12:00:00,952.085,953.325,949.585,952.735,1286,1279,0
2024-05-02 13:00:00,952.735,953.025,946.44,950.645,1997,1139,0
2024-05-02 14:00:00,950.645,953.205,949.355,952.115,1140,949,0
2024-05-02 15:00:00,952.115,955.355,949.755,949.865,2559,1109,0
2024-05-02 16:00:00,949.955,953.885,943.495,945.165,6527,1169,0
2024-05-02 17:00:00,945.165,955.685,943.855,954.375,8613,1169,0
2024-05-02 18:00:00,954.395,957.965,951.875,952.915,4678,839,0
2024-05-02 19:00:00,952.925,955.145,951.635,954.195,2576,1629,0
2024-05-02 20:00:00,954.255,957.955,952.525,956.285,2784,1169,0
2024-05-02 21:00:00,956.305,958.355,955.535,956.985,2197,979,0
2024-05-02 22:00:00,956.955,957.015,953.46,954.515,2235,1009,0
2024-05-02 23:00:00,954.465,954.695,952.025,954.35,1146,1229,0
2024-05-03 01:00:00,953.19,955.895,949.725,954.365,1036,1169,0
2024-05-03 02:00:00,954.395,955.895,953.35,955.075,1054,1489,0
2024-05-03 03:00:00,955.065,957.865,953.705,957.155,1620,1369,0
2024-05-03 04:00:00,957.135,959.905,956.565,957.975,2262,869,0
2024-05-03 05:00:00,957.915,958.835,954.61,955.795,1867,909,0
2024-05-03 06:00:00,955.745,958.505,954.26,958.425,1198,1440,0
2024-05-03 07:00:00,958.425,959.285,956.39,956.49,1210,1299,0
2024-05-03 08:00:00,957.145,959.485,956.37,957.885,1623,1229,0
2024-05-03 09:00:00,957.885,959.115,954.745,955.675,3199,939,0
2024-05-03 10:00:00,955.665,959.695,954.915,958.855,3085,1139,0
2024-05-03 11:00:00,958.805,967.835,957.955,967.085,2879,879,0
2024-05-03 12:00:00,967.105,971.305,964.99,970.355,2277,879,0
2024-05-03 13:00:00,970.385,970.405,964.275,966.665,1977,759,0
2024-05-03 14:00:00,966.665,966.985,962.145,963.895,2092,829,0
2024-05-03 15:00:00,963.915,970.355,959.485,964.605,9165,839,0
2024-05-03 16:00:00,964.495,965.915,953.835,954.965,7450,1179,0
2024-05-03 17:00:00,955.305,960.445,948.985,952.405,9573,1549,0
2024-05-03 18:00:00,952.405,956.435,951.415,952.735,5424,1469,0
2024-05-03 19:00:00,952.815,958.875,951.86,957.515,3363,1399,0
2024-05-03 20:00:00,957.495,958.065,955.565,957.405,2412,1709,0
2024-05-03 21:00:00,957.465,957.835,954.975,955.945,1500,1629,0
2024-05-03 22:00:00,955.915,956.755,954.775,955.695,1563,1709,0
2024-05-03 23:00:00,955.185,958.135,954.65,956.555,604,1779,0
2024-05-06 01:00:00,953.19,960.715,953.19,955.655,456,1470,0
2024-05-06 02:00:00,955.695,957.365,949.355,949.945,737,1470,0
2024-05-06 03:00:00,950.025,951.87,947.235,949.815,982,1470,0
2024-05-06 04:00:00,949.895,954.11,949.345,953.785,3070,1480,0
2024-05-06 05:00:00,953.645,954.195,951.52,952.975,945,1480,0
2024-05-06 06:00:00,952.915,954.71,950.225,954.265,1319,1480,0
2024-05-06 07:00:00,954.295,954.755,951.47,953.415,1157,1480,0
2024-05-06 08:00:00,953.395,956.46,952.62,955.725,2191,1470,0
2024-05-06 09:00:00,955.705,959.1,955.16,958.235,2120,1200,0
2024-05-06 10:00:00,957.61,962.255,957.06,960.235,928,1200,0
2024-05-06 11:00:00,960.305,965.5,959.16,964.245,796,1200,0
2024-05-06 12:00:00,964.175,969.145,963.71,968.265,1314,1200,0
2024-05-06 13:00:00,968.265,969.175,963.415,964.235,1555,1499,0
2024-05-06 14:00:00,964.185,966.635,959.76,961.875,1494,1500,0
2024-05-06 15:00:00,961.825,966.495,960.94,965.665,3716,1399,0
2024-05-06 16:00:00,965.695,966.415,960.345,961.945,2609,549,0
2024-05-06 17:00:00,961.945,965.645,959.545,960.875,996,559,0
2024-05-06 18:00:00,960.885,961.065,953.245,955.795,1175,309,0
2024-05-06 19:00:00,955.795,958.555,954.36,955.775,1313,1140,0
2024-05-06 20:00:00,955.775,958.275,955.06,957.465,881,1140,0
2024-05-06 21:00:00,957.465,958.225,955.84,957.845,504,1069,0
2024-05-06 22:00:00,957.845,957.845,955.11,957.345,636,1140,0
2024-05-06 23:00:00,957.345,958.805,956.29,958.24,521,979,0
2024-05-07 01:00:00,958.03,959.115,957.11,958.635,346,1970,0
2024-05-07 02:00:00,958.35,958.905,956.32,958.155,428,1480,0
2024-05-07 03:00:00,958.245,961.635,956.37,961.635,672,1480,0
2024-05-07 04:00:00,961.585,963.175,958.52,959.785,1293,1480,0
2024-05-07 05:00:00,959.845,962.815,958.77,961.975,788,1480,0
2024-05-07 06:00:00,962.145,964.105,961.22,963.685,616,1480,0
2024-05-07 07:00:00,963.585,964.625,961.12,963.455,724,1470,0
2024-05-07 08:00:00,963.505,963.985,960.87,962.205,752,1480,0
2024-05-07 09:00:00,962.205,962.335,957.41,959.085,781,1190,0
2024-05-07 10:00:00,958.9,959.535,954.36,956.185,922,1200,0
2024-05-07 11:00:00,956.235,957.105,952.46,953.955,1073,1200,0
2024-05-07 12:00:00,953.845,956.525,952.61,953.795,630,1200,0
2024-05-07 13:00:00,953.645,955.26,952.11,954.945,489,1200,0
2024-05-07 14:00:00,955.3,957.345,953.56,955.095,617,1080,0
2024-05-07 15:00:00,954.985,977.2,954.56,975.485,1931,1100,0
2024-05-07 16:00:00,975.585,979.545,972.085,977.905,1648,1239,0
2024-05-07 17:00:00,977.975,982.57,976.945,977.045,768,1070,0
2024-05-07 18:00:00,977.045,979.545,975.445,976.145,379,449,0
2024-05-07 19:00:00,976.145,980.44,975.845,978.945,380,1130,0
2024-05-07 20:00:00,978.945,980.845,977.71,977.845,414,1079,0
2024-05-07 21:00:00,977.845,979.345,976.93,978.445,344,919,0
2024-05-07 22:00:00,978.445,979.545,977.45,979.445,329,1019,0
2024-05-07 23:00:00,979.445,979.645,975.42,976.61,309,1349,0
2024-05-08 01:00:00,974.285,979.1,974.285,978.545,308,1700,0
2024-05-08 02:00:00,978.545,979.145,976.96,978.445,272,2030,0
2024-05-08 03:00:00,978.445,981.6,977.86,980.045,436,1640,0
2024-05-08 04:00:00,980.025,980.7,974.155,975.145,1025,2000,0
2024-05-08 05:00:00,975.005,977.035,973.92,976.475,715,1480,0
2024-05-08 06:00:00,976.96,977.9,975.17,976.835,648,1480,0
2024-05-08 07:00:00,976.32,978.205,976.17,977.185,505,1480,0
2024-05-08 08:00:00,977.195,978.46,975.72,975.945,552,1480,0
2024-05-08 09:00:00,975.945,978.6,974.16,978.165,585,1200,0
2024-05-08 10:00:00,978.285,979.965,970.36,970.645,798,1200,0
2024-05-08 11:00:00,970.635,971.645,967.295,967.575,1248,1200,0
2024-05-08 12:00:00,967.525,969.9,966.045,966.445,722,1200,0
2024-05-08 13:00:00,966.645,972.525,966.645,972.435,690,1190,0
2024-05-08 14:00:00,972.385,973.485,969.05,972.675,783,1020,0
2024-05-08 15:00:00,972.805,974.735,964.955,965.195,1673,1100,0
2024-05-08 16:00:00,965.045,967.375,963.425,966.945,2368,1519,0
2024-05-08 17:00:00,966.885,976.505,966.405,975.175,2059,1100,0
2024-05-08 18:00:00,975.225,978.295,972.4,976.575,1265,1020,0
2024-05-08 19:00:00,976.505,977.035,972.57,973.775,857,1170,0
2024-05-08 20:00:00,973.675,976.86,973.22,976.145,571,1170,0
2024-05-08 21:00:00,976.145,976.945,974.605,976.445,278,1170,0
2024-05-08 22:00:00,976.445,978.21,975.07,976.845,307,1170,0
2024-05-08 23:00:00,976.845,977.045,972.82,974.38,242,2789,0
2024-05-09 01:00:00,972.83,976.635,969.625,974.835,786,1799,0
2024-05-09 02:00:00,975.355,976.735,973.845,974.045,922,1629,0
2024-05-09 03:00:00,974.045,976.715,973.925,975.755,1523,1239,0
2024-05-09 04:00:00,975.785,978.535,975.125,978.225,2366,1499,0
2024-05-09 05:00:00,978.255,979.775,977.445,979.295,1855,1329,0
2024-05-09 06:00:00,979.345,982.27,978.735,981.775,1339,1430,0
2024-05-09 07:00:00,981.685,982.83,981.065,981.345,843,1440,0
2024-05-09 08:00:00,981.365,982.855,980.685,980.945,1942,1949,0
2024-05-09 09:00:00,980.995,982.455,980.005,980.025,1914,1080,0
2024-05-09 10:00:00,980.055,981.005,977.505,978.885,2273,1149,0
2024-05-09 11:00:00,978.805,984.165,978.16,983.835,766,1100,0
2024-05-09 12:00:00,983.725,985.29,981.535,981.625,820,1049,0
2024-05-09 13:00:00,981.715,982.375,979.355,980.145,1727,1600,0
2024-05-09 14:00:00,980.155,982.565,976.985,980.315,2093,1200,0
2024-05-09 15:00:00,980.235,981.215,974.565,975.285,3408,1000,0
2024-05-09 16:00:00,975.195,980.375,973.415,978.945,3172,1649,0
2024-05-09 17:00:00,978.895,988.935,978.565,981.735,3221,1009,0
2024-05-09 18:00:00,981.735,983.835,979.15,981.735,1539,1239,0
2024-05-09 19:00:00,981.735,983.935,981.035,982.635,756,1669,0
2024-05-09 20:00:00,982.635,984.635,981.335,983.735,822,1070,0
2024-05-09 21:00:00,983.735,985.735,982.82,985.535,335,1070,0
2024-05-09 22:00:00,985.635,986.235,984.12,985.935,275,969,0
2024-05-09 23:00:00,985.835,986.585,982.85,983.4,839,1219,0
2024-05-10 01:00:00,984.12,984.535,982.83,983.77,569,1549,0
2024-05-10 02:00:00,983.77,986.835,983.58,986.635,674,1440,0
2024-05-10 03:00:00,986.735,987.775,985.105,985.335,1164,999,0
2024-05-10 04:00:00,985.395,988.685,985.085,986.335,3645,1409,0
2024-05-10 05:00:00,986.315,986.785,984.21,985.785,1461,1629,0
2024-05-10 06:00:00,985.785,987.385,985.11,985.885,780,1440,0
2024-05-10 07:00:00,985.885,985.885,983.44,984.905,872,1619,0
2024-05-10 08:00:00,983.72,986.935,983.72,986.285,2460,1589,0
2024-05-10 09:00:00,986.235,989.425,985.985,989.125,3374,1009,0
2024-05-10 10:00:00,989.195,991.415,987.325,989.085,2916,719,0
2024-05-10 11:00:00,989.185,993.845,988.595,993.755,2076,779,0
2024-05-10 12:00:00,993.785,995.545,988.005,989.625,800,1070,0
2024-05-10 13:00:00,989.575,993.095,988.575,990.395,2830,729,0
2024-05-10 14:00:00,990.405,993.095,989.055,992.045,2917,1239,0
2024-05-10 15:00:00,991.955,998.625,989.345,990.415,6014,459,0
2024-05-10 16:00:00,990.405,997.485,988.655,995.715,2948,519,0
2024-05-10 17:00:00,994.975,999.365,988.485,989.985,4254,1029,0
2024-05-10 18:00:00,989.785,996.085,986.815,995.885,1860,1709,0
2024-05-10 19:00:00,995.885,998.385,994.785,997.385,1121,1379,0
2024-05-10 20:00:00,997.485,999.185,996.185,997.985,1072,1559,0
2024-05-10 21:00:00,997.985,999.285,996.84,999.085,472,1040,0
2024-05-10 22:00:00,999.085,999.285,996.39,996.785,434,1619,0
2024-05-10 23:00:00,996.785,998.185,995.23,995.39,390,1579,0
2024-05-13 01:00:00,996.36,997.49,992.45,995.135,489,1459,0
2024-05-13 02:00:00,995.135,996.035,992.98,993.825,649,1539,0
2024-05-13 03:00:00,993.705,996.235,993.54,995.735,794,1039,0
2024-05-13 04:00:00,995.635,995.635,991.88,993.935,1114,1369,0
2024-05-13 05:00:00,993.735,997.925,992.84,997.515,1112,529,0
2024-05-13 06:00:00,997.455,998.435,995.53,997.235,969,779,0
2024-05-13 07:00:00,997.335,997.835,994.83,996.405,490,1199,0
2024-05-13 08:00:00,996.395,996.905,994.27,996.635,899,1359,0
2024-05-13 09:00:00,996.635,998.215,995.26,997.735,1145,589,0
2024-05-13 10:00:00,997.765,1000.545,995.91,998.455,1688,929,0
2024-05-13 11:00:00,998.505,999.765,996.735,998.625,1310,909,0
2024-05-13 12:00:00,998.645,1001.445,997.005,997.755,2413,1109,0
2024-05-13 13:00:00,997.735,998.965,996.27,997.815,2102,1319,0
2024-05-13 14:00:00,997.765,1000.645,996.505,1000.405,1967,1109,0
2024-05-13 15:00:00,1000.405,1006.015,999.26,1004.645,3631,979,0
2024-05-13 16:00:00,1004.605,1014.605,1002.875,1014.335,3389,1030,0
2024-05-13 17:00:00,1014.435,1016.635,1003.935,1005.035,2507,1299,0
2024-05-13 18:00:00,1005.035,1005.035,998.61,1000.935,3571,1009,0
2024-05-13 19:00:00,1000.935,1003.715,998.835,1001.585,1498,1509,0
2024-05-13 20:00:00,1001.585,1002.525,999.64,1000.935,1202,1040,0
2024-05-13 21:00:00,1000.935,1002.235,1000.04,1000.855,456,1040,0
2024-05-13 22:00:00,1000.855,1002.075,1000.255,1001.475,413,1569,0
2024-05-13 23:00:00,1001.475,1001.535,999.75,1000.06,428,1589,0
2024-05-14 01:00:00,1000.41,1002.375,1000.37,1001.915,431,1720,0
2024-05-14 02:00:00,1001.945,1002.545,1000.905,1001.955,609,1709,0
2024-05-14 03:00:00,1001.845,1003.675,1000.885,1001.715,1246,1729,0
2024-05-14 04:00:00,1001.745,1005.185,1001.745,1003.295,2770,1679,0
2024-05-14 05:00:00,1003.345,1004.275,1000.885,1001.385,1784,1269,0
2024-05-14 06:00:00,1001.285,1002.585,1000.295,1000.875,1143,1710,0
2024-05-14 07:00:00,1000.855,1002.8,1000.3,1001.155,716,1059,0
2024-05-14 08:00:00,1001.155,1003.985,1000.61,1003.685,1244,1099,0
2024-05-14 09:00:00,1003.785,1004.785,1001.76,1003.885,805,1199,0
2024-05-14 10:00:00,1003.785,1006.945,1002.455,1006.935,1190,1330,0
2024-05-14 11:00:00,1006.935,1008.925,1005.225,1007.285,1945,689,0
2024-05-14 12:00:00,1007.365,1013.945,1007.285,1011.845,2104,1109,0
2024-05-14 13:00:00,1012.045,1012.845,1009.555,1012.335,2116,1559,0
2024-05-14 14:00:00,1012.305,1012.515,1005.485,1005.885,1991,1349,0
2024-05-14 15:00:00,1005.885,1017.705,1003.285,1017.195,7416,1119,0
2024-05-14 16:00:00,1017.175,1023.245,1014.785,1023.235,5540,1049,0
2024-05-14 17:00:00,1023.215,1028.075,1017.745,1026.895,5534,769,0
2024-05-14 18:00:00,1026.855,1036.605,1025.845,1032.155,3592,1099,0
2024-05-14 19:00:00,1032.035,1036.415,1029.265,1033.365,4470,1309,0
2024-05-14 20:00:00,1033.365,1035.365,1032.52,1033.875,2384,1489,0
2024-05-14 21:00:00,1033.895,1035.995,1033.66,1035.945,1358,1100,0
2024-05-14 22:00:00,1035.02,1038.135,1035.02,1037.415,1529,1040,0
2024-05-14 23:00:00,1037.465,1038.855,1034.78,1036.31,721,1320,0
2024-05-15 01:00:00,1036.07,1038.535,1035.33,1037.335,651,1370,0
2024-05-15 02:00:00,1037.335,1044.935,1035.58,1044.425,950,629,0
2024-05-15 03:00:00,1044.465,1051.895,1044.035,1049.665,1322,1159,0
2024-05-15 04:00:00,1049.655,1052.445,1048.15,1052.065,808,1679,0
2024-05-15 05:00:00,1052.115,1056.885,1051.57,1055.935,971,2099,0
2024-05-15 06:00:00,1055.935,1059.745,1054.24,1059.005,839,1939,0
2024-05-15 07:00:00,1058.975,1059.255,1054.27,1056.155,691,1869,0
2024-05-15 08:00:00,1056.115,1056.115,1050.89,1053.635,799,1609,0
2024-05-15 09:00:00,1053.635,1054.235,1047.135,1053.125,924,1839,0
2024-05-15 10:00:00,1052.835,1054.005,1046.05,1049.235,1809,1189,0
2024-05-15 11:00:00,1048.25,1051.535,1046.495,1049.985,1036,879,0
2024-05-15 12:00:00,1049.985,1052.065,1043.09,1044.945,1236,1459,0
2024-05-15 13:00:00,1044.955,1048.925,1041.515,1044.265,1641,1139,0
2024-05-15 14:00:00,1044.575,1046.565,1042.85,1045.135,840,1410,0
2024-05-15 15:00:00,1045.195,1057.605,1040.615,1048.995,6709,1099,0
2024-05-15 16:00:00,1048.965,1063.065,1040.835,1045.535,9074,729,0
2024-05-15 17:00:00,1045.635,1054.255,1041.135,1053.925,3566,1309,0
2024-05-15 18:00:00,1054.025,1061.695,1052.175,1054.685,6424,980,0
2024-05-15 19:00:00,1054.665,1061.255,1054.345,1059.725,3657,1149,0
2024-05-15 20:00:00,1059.725,1064.195,1059.16,1062.675,2595,1200,0
2024-05-15 21:00:00,1062.615,1064.365,1061.46,1063.985,842,1129,0
2024-05-15 22:00:00,1063.985,1065.835,1062.41,1065.435,1102,980,0
2024-05-15 23:00:00,1065.235,1067.44,1062.81,1066.77,616,1299,0
2024-05-16 01:00:00,1064.49,1069.195,1063.81,1065.645,486,2169,0
2024-05-16 02:00:00,1064.29,1070.095,1063.445,1068.48,571,2169,0
2024-05-16 03:00:00,1068.14,1074.345,1067.345,1070.375,961,1500,0
2024-05-16 04:00:00,1070.475,1072.32,1067.445,1068.935,1557,1609,0
2024-05-16 05:00:00,1068.805,1071.865,1066.42,1070.065,896,1609,0
2024-05-16 06:00:00,1069.875,1073.155,1068.46,1070.835,714,2319,0
2024-05-16 07:00:00,1070.795,1071.175,1068.195,1068.605,555,2120,0
2024-05-16 08:00:00,1068.705,1072.2,1065.845,1065.945,705,2010,0
2024-05-16 09:00:00,1065.955,1067.66,1058.245,1064.455,1000,1040,0
2024-05-16 10:00:00,1064.565,1070.115,1061.96,1068.495,989,1040,0
2024-05-16 11:00:00,1068.205,1071.225,1061.945,1065.095,1137,1100,0
2024-05-16 12:00:00,1065.185,1072.935,1064.46,1070.375,879,1200,0
2024-05-16 13:00:00,1070.575,1082.175,1069.36,1080.665,823,949,0
2024-05-16 14:00:00,1080.665,1081.085,1064.605,1065.405,953,1229,0
2024-05-16 15:00:00,1065.495,1070.655,1059.155,1063.375,2836,1609,0
2024-05-16 16:00:00,1063.255,1064.495,1048.715,1051.695,2771,1489,0
2024-05-16 17:00:00,1051.855,1054.885,1049.94,1050.855,1492,970,0
2024-05-16 18:00:00,1050.905,1058.945,1049.795,1058.545,1336,980,0
2024-05-16 19:00:00,1058.445,1060.785,1056.91,1059.935,1021,1509,0
2024-05-16 20:00:00,1060.085,1063.815,1057.86,1059.86,1019,980,0
2024-05-16 21:00:00,1059.86,1062.285,1059.06,1062.095,626,1500,0
2024-05-16 22:00:00,1062.015,1063.265,1060.46,1062.155,538,1400,0
2024-05-16 23:00:00,1062.185,1062.735,1060.26,1061.59,341,1500,0
2024-05-17 01:00:00,1062.42,1066.905,1062.25,1064.685,317,2259,0
2024-05-17 02:00:00,1064.535,1065.445,1060.82,1062.585,356,2029,0
2024-05-17 03:00:00,1062.905,1064.225,1058.98,1062.155,738,2019,0
2024-05-17 04:00:00,1062.085,1063.005,1059.52,1062.765,966,1609,0
2024-05-17 05:00:00,1062.905,1063.155,1054.72,1057.915,703,2019,0
2024-05-17 06:00:00,1057.965,1058.815,1054.97,1057.555,571,1610,0
2024-05-17 07:00:00,1056.24,1063.925,1056.24,1063.235,499,1609,0
2024-05-17 08:00:00,1063.155,1068.175,1061.67,1067.695,586,1609,0
2024-05-17 09:00:00,1067.565,1070.145,1065.16,1069.345,818,1609,0
2024-05-17 10:00:00,1069.435,1072.495,1063.66,1064.625,1016,1609,0
2024-05-17 11:00:00,1064.605,1065.345,1055.555,1056.745,770,1609,0
2024-05-17 12:00:00,1056.745,1059.745,1055.345,1059.405,632,1730,0
2024-05-17 13:00:00,1059.325,1060.245,1055.545,1057.145,510,1789,0
2024-05-17 14:00:00,1057.145,1059.255,1052.645,1058.645,753,1339,0
2024-05-17 15:00:00,1058.405,1063.145,1053.36,1062.975,1724,1609,0
2024-05-17 16:00:00,1062.915,1071.375,1062.685,1063.845,3038,1609,0
2024-05-17 17:00:00,1063.945,1077.225,1063.945,1074.425,1875,1609,0
2024-05-17 18:00:00,1074.415,1079.015,1072.185,1075.575,1888,2059,0
2024-05-17 19:00:00,1075.625,1079.945,1075.385,1078.575,1135,2059,0
2024-05-17 20:00:00,1078.405,1084.265,1077.665,1083.945,961,1909,0
2024-05-17 21:00:00,1084.065,1090.065,1083.16,1088.26,709,1600,0
2024-05-17 22:00:00,1089.255,1089.255,1084.26,1085.845,831,1300,0
2024-05-17 23:00:00,1085.845,1086.245,1076.245,1079.155,521,2469,0
2024-05-20 01:00:00,1078.72,1086.325,1078.55,1084.815,2391,499,0
2024-05-20 02:00:00,1085.055,1088.615,1084.385,1085.215,2254,869,0
2024-05-20 03:00:00,1085.215,1086.445,1081.235,1084.035,2050,649,0
2024-05-20 04:00:00,1083.935,1091.635,1083.735,1087.635,2780,1029,0
2024-05-20 05:00:00,1087.835,1092.835,1086.55,1091.235,1372,679,0
2024-05-20 06:00:00,1091.135,1095.235,1088.63,1093.035,879,859,0
2024-05-20 07:00:00,1092.935,1094.835,1087.6,1089.3,644,759,0
2024-05-20 08:00:00,1090.635,1091.235,1087.0,1089.335,1032,319,0
2024-05-20 09:00:00,1089.335,1089.335,1070.735,1077.435,1913,599,0
2024-05-20 10:00:00,1077.435,1081.325,1074.285,1081.225,1618,459,0
2024-05-20 11:00:00,1081.145,1084.765,1078.125,1083.735,1604,899,0
2024-05-20 12:00:00,1083.685,1088.935,1081.95,1083.435,1113,989,0
2024-05-20 13:00:00,1083.535,1084.435,1079.635,1081.435,934,499,0
2024-05-20 14:00:00,1081.435,1081.535,1070.435,1074.035,1529,519,0
2024-05-20 15:00:00,1073.935,1074.135,1055.235,1059.735,4321,1029,0
2024-05-20 16:00:00,1059.735,1063.135,1048.345,1055.535,4225,1109,0
2024-05-20 17:00:00,1055.435,1059.435,1052.035,1059.035,3169,1759,0
2024-05-20 18:00:00,1059.025,1062.135,1052.735,1057.585,2963,1279,0
2024-05-20 19:00:00,1057.665,1059.235,1053.95,1055.535,1783,1020,0
2024-05-20 20:00:00,1055.735,1057.135,1054.35,1055.435,1033,1100,0
2024-05-20 21:00:00,1055.435,1056.7,1051.135,1053.535,990,849,0
2024-05-20 22:00:00,1052.76,1055.135,1052.26,1053.075,888,1020,0
2024-05-20 23:00:00,1053.135,1054.535,1050.39,1050.83,820,1249,0
2024-05-21 01:00:00,1051.77,1053.895,1048.83,1050.585,581,1960,0
2024-05-21 02:00:00,1050.685,1051.245,1047.87,1051.005,663,1299,0
2024-05-21 03:00:00,1051.095,1051.205,1040.145,1043.345,2342,1039,0
2024-05-21 04:00:00,1043.395,1050.905,1040.445,1040.845,4444,1149,0
2024-05-21 05:00:00,1040.845,1042.455,1032.025,1035.325,2748,799,0
2024-05-21 06:00:00,1035.395,1037.615,1032.95,1034.815,974,1509,0
2024-05-21 07:00:00,1034.725,1036.575,1032.13,1035.995,696,1429,0
2024-05-21 08:00:00,1035.925,1041.175,1033.93,1039.775,789,1219,0
2024-05-21 09:00:00,1039.765,1043.075,1036.875,1039.045,1173,1190,0
2024-05-21 10:00:00,1039.135,1044.065,1036.44,1040.755,1284,1059,0
2024-05-21 11:00:00,1041.015,1041.135,1030.06,1035.255,1300,1149,0
2024-05-21 12:00:00,1035.145,1041.485,1034.56,1035.685,1027,1139,0
2024-05-21 13:00:00,1035.555,1043.055,1034.06,1042.075,867,1200,0
2024-05-21 14:00:00,1041.975,1050.385,1038.69,1048.595,1197,1369,0
2024-05-21 15:00:00,1048.475,1055.075,1044.655,1053.155,2483,1189,0
2024-05-21 16:00:00,1053.155,1060.655,1048.155,1057.335,5723,789,0
2024-05-21 17:00:00,1057.325,1060.155,1054.095,1057.565,3651,729,0
2024-05-21 18:00:00,1057.585,1062.195,1048.085,1051.935,4134,949,0
2024-05-21 19:00:00,1051.915,1054.785,1049.385,1052.785,1517,1019,0
2024-05-21 20:00:00,1052.885,1055.625,1051.085,1054.625,2198,999,0
2024-05-21 21:00:00,1054.635,1055.355,1052.16,1054.545,2327,1080,0
2024-05-21 22:00:00,1054.575,1058.065,1054.575,1057.225,1822,1369,0
2024-05-21 23:00:00,1057.275,1057.845,1052.54,1053.0,1034,1189,0
2024-05-22 01:00:00,1053.66,1055.065,1051.18,1053.065,332,1999,0
2024-05-22 02:00:00,1052.935,1053.815,1050.95,1052.835,361,2019,0
2024-05-22 03:00:00,1052.905,1053.575,1048.55,1049.905,605,1599,0
2024-05-22 04:00:00,1049.855,1058.235,1049.18,1057.525,1363,1929,0
2024-05-22 05:00:00,1057.535,1060.765,1050.94,1052.085,1542,729,0
2024-05-22 06:00:00,1052.025,1054.675,1048.71,1049.755,971,1609,0
2024-05-22 07:00:00,1049.645,1050.345,1047.07,1047.75,601,1609,0
2024-05-22 08:00:00,1048.975,1053.565,1047.55,1052.895,1586,309,0
2024-05-22 09:00:00,1052.895,1054.905,1049.96,1052.845,2232,309,0
2024-05-22 10:00:00,1052.885,1052.925,1044.115,1049.915,1241,319,0
2024-05-22 11:00:00,1049.855,1055.935,1049.36,1054.575,1262,1169,0
2024-05-22 12:00:00,1054.575,1058.335,1050.155,1057.505,1387,1339,0
2024-05-22 13:00:00,1057.455,1059.595,1052.385,1056.495,934,1319,0
2024-05-22 14:00:00,1056.495,1057.475,1045.795,1048.745,1743,1000,0
2024-05-22 15:00:00,1048.745,1057.325,1047.695,1055.345,2918,1299,0
2024-05-22 16:00:00,1055.345,1055.895,1048.965,1054.195,5969,1789,0
2024-05-22 17:00:00,1054.015,1055.455,1039.675,1048.785,4833,1200,0
2024-05-22 18:00:00,1048.785,1050.685,1042.41,1043.085,3894,1000,0
2024-05-22 19:00:00,1043.115,1047.605,1043.085,1044.885,1332,1100,0
2024-05-22 20:00:00,1044.685,1045.685,1040.255,1041.415,1597,1100,0
2024-05-22 21:00:00,1041.295,1041.665,1035.725,1037.795,2370,1080,0
2024-05-22 22:00:00,1038.31,1040.605,1037.375,1039.935,976,1080,0
2024-05-22 23:00:00,1039.935,1040.915,1036.8,1038.33,761,2249,0
2024-05-23 01:00:00,1038.34,1041.005,1037.235,1039.455,457,2529,0
2024-05-23 02:00:00,1039.465,1040.655,1036.795,1038.845,597,1639,0
2024-05-23 03:00:00,1038.825,1039.565,1034.335,1035.395,847,2049,0
2024-05-23 04:00:00,1035.455,1037.385,1028.375,1033.165,3749,659,0
2024-05-23 05:00:00,1033.165,1035.315,1030.03,1035.185,1196,1549,0
2024-05-23 06:00:00,1035.125,1037.575,1033.94,1035.445,781,1599,0
2024-05-23 07:00:00,1035.565,1036.115,1032.38,1033.455,831,449,0
2024-05-23 08:00:00,1033.335,1034.145,1024.205,1025.025,1379,309,0
2024-05-23 09:00:00,1025.025,1031.005,1019.735,1030.815,2117,319,0
2024-05-23 10:00:00,1030.815,1032.505,1027.075,1028.615,1697,1129,0
2024-05-23 11:00:00,1028.695,1030.575,1027.5,1029.435,1287,1179,0
2024-05-23 12:00:00,1029.345,1034.905,1027.35,1034.415,918,709,0
2024-05-23 13:00:00,1034.465,1036.405,1030.74,1033.575,802,699,0
2024-05-23 14:00:00,1033.575,1034.455,1029.345,1032.995,1109,1100,0
2024-05-23 15:00:00,1032.935,1040.465,1032.395,1038.725,3307,999,0
2024-05-23 16:00:00,1038.755,1045.715,1031.735,1038.075,6583,489,0
2024-05-23 17:00:00,1038.185,1041.705,1027.025,1027.745,10119,1179,0
2024-05-23 18:00:00,1027.635,1032.445,1027.215,1028.925,6522,1189,0
2024-05-23 19:00:00,1028.945,1031.415,1022.835,1023.335,3129,1049,0
2024-05-23 20:00:00,1023.435,1024.835,1019.435,1020.795,1691,879,0
2024-05-23 21:00:00,1020.795,1023.175,1020.16,1021.565,2262,1239,0
2024-05-23 22:00:00,1021.425,1021.875,1019.12,1020.305,719,1100,0
2024-05-23 23:00:00,1020.305,1020.945,1013.725,1017.07,505,349,0
2024-05-24 01:00:00,1017.61,1022.135,1017.415,1019.665,527,1930,0
2024-05-24 02:00:00,1018.72,1021.315,1017.39,1020.715,482,2199,0
2024-05-24 03:00:00,1020.645,1021.715,1016.7,1019.165,1295,1449,0
2024-05-24 04:00:00,1019.085,1024.945,1017.495,1022.735,3699,369,0
2024-05-24 05:00:00,1022.635,1023.5,1017.84,1022.395,1233,1740,0
2024-05-24 06:00:00,1022.36,1022.495,1018.89,1020.385,794,1740,0
2024-05-24 07:00:00,1020.315,1022.66,1019.89,1022.305,583,1799,0
2024-05-24 08:00:00,1022.215,1025.005,1020.745,1023.805,1803,329,0
2024-05-24 09:00:00,1023.795,1024.495,1019.645,1022.585,1526,389,0
2024-05-24 10:00:00,1022.495,1022.965,1015.835,1019.165,1544,1179,0
2024-05-24 11:00:00,1019.215,1023.685,1015.345,1022.765,1204,1339,0
2024-05-24 12:00:00,1022.685,1026.455,1020.0,1022.695,910,1139,0
2024-05-24 13:00:00,1022.595,1029.085,1021.6,1027.865,849,1029,0
2024-05-24 14:00:00,1027.865,1029.155,1023.82,1028.085,834,1049,0
2024-05-24 15:00:00,1028.085,1031.385,1022.225,1025.525,1937,579,0
2024-05-24 16:00:00,1025.525,1036.115,1024.725,1026.295,2540,689,0
2024-05-24 17:00:00,1026.395,1032.615,1025.615,1029.795,3057,749,0
2024-05-24 18:00:00,1029.795,1034.015,1025.76,1028.205,1993,980,0
2024-05-24 19:00:00,1028.085,1029.395,1026.105,1029.055,999,1040,0
2024-05-24 20:00:00,1029.135,1031.975,1027.845,1028.245,922,1040,0
2024-05-24 21:00:00,1028.045,1030.435,1027.945,1028.505,613,1849,0
2024-05-24 22:00:00,1028.505,1029.685,1026.505,1029.445,523,1559,0
2024-05-24 23:00:00,1029.445,1030.285,1025.33,1026.2,635,1400,0
2024-05-27 01:00:00,1028.12,1034.125,1027.93,1033.765,1007,789,0
2024-05-27 02:00:00,1033.775,1034.805,1030.19,1031.575,1021,639,0
2024-05-27 03:00:00,1031.605,1034.305,1030.74,1033.575,745,449,0
2024-05-27 04:00:00,1033.575,1037.805,1031.865,1037.075,1939,1789,0
2024-05-27 05:00:00,1037.175,1039.235,1035.835,1039.035,913,1919,0
2024-05-27 06:00:00,1039.035,1043.135,1038.84,1041.335,742,1759,0
2024-05-27 07:00:00,1041.335,1041.535,1039.39,1041.035,576,1840,0
2024-05-27 08:00:00,1041.035,1044.345,1040.09,1044.005,874,1119,0
2024-05-27 09:00:00,1044.215,1052.965,1043.925,1049.995,1146,319,0
2024-05-27 10:00:00,1050.075,1055.345,1048.96,1055.225,648,1169,0
2024-05-27 11:00:00,1054.06,1055.945,1052.96,1055.945,545,1059,0
2024-05-27 12:00:00,1055.945,1059.145,1054.245,1056.345,422,1069,0
2024-05-27 13:00:00,1056.345,1059.23,1054.65,1055.835,474,549,0
2024-05-27 14:00:00,1055.835,1057.035,1053.73,1056.035,568,619,0
2024-05-27 15:00:00,1056.135,1059.335,1049.46,1050.235,926,759,0
2024-05-27 16:00:00,1050.235,1055.035,1046.935,1052.145,2605,309,0
2024-05-27 17:00:00,1052.145,1057.06,1051.145,1053.145,1050,1200,0
2024-05-27 18:00:00,1053.045,1056.845,1051.345,1053.245,958,1300,0
2024-05-27 19:00:00,1052.46,1055.625,1052.34,1054.185,864,2109,0
2024-05-27 20:00:00,1053.505,1057.31,1053.505,1057.195,454,1859,0
2024-05-27 21:00:00,1057.175,1057.695,1054.06,1055.1,204,1759,0
2024-05-28 01:00:00,1054.52,1055.835,1053.335,1054.135,820,1920,0
2024-05-28 02:00:00,1054.165,1057.535,1053.965,1056.535,823,2359,0
2024-05-28 03:00:00,1056.635,1058.135,1054.25,1055.335,695,1559,0
2024-05-28 04:00:00,1055.335,1057.335,1053.335,1056.435,1604,959,0
2024-05-28 05:00:00,1056.435,1059.73,1056.19,1058.635,710,1129,0
2024-05-28 06:00:00,1058.435,1059.795,1057.12,1059.355,1070,549,0
2024-05-28 07:00:00,1059.355,1059.65,1057.21,1058.435,482,849,0
2024-05-28 08:00:00,1058.435,1062.035,1054.335,1054.835,760,429,0
2024-05-28 09:00:00,1054.735,1054.935,1048.535,1051.815,1472,869,0
2024-05-28 10:00:00,1051.765,1053.425,1046.945,1050.445,710,1200,0
2024-05-28 11:00:00,1050.505,1051.955,1046.855,1048.445,811,1439,0
2024-05-28 12:00:00,1048.475,1052.405,1047.46,1048.595,655,1400,0
2024-05-28 13:00:00,1048.625,1049.135,1045.36,1046.925,807,1609,0
2024-05-28 14:00:00,1046.975,1055.155,1045.655,1052.595,833,1000,0
2024-05-28 15:00:00,1052.375,1052.535,1045.535,1051.335,1777,829,0
2024-05-28 16:00:00,1051.535,1059.685,1048.285,1051.585,3393,479,0
2024-05-28 17:00:00,1051.485,1055.45,1046.385,1054.55,4471,349,0
2024-05-28 18:00:00,1054.62,1067.005,1052.76,1065.465,5113,619,0
2024-05-28 19:00:00,1065.395,1067.645,1060.035,1061.335,2505,1189,0
2024-05-28 20:00:00,1061.235,1061.835,1057.375,1057.905,1302,1109,0
2024-05-28 21:00:00,1057.815,1058.265,1054.465,1057.265,889,1359,0
2024-05-28 22:00:00,1057.265,1060.095,1055.86,1059.665,692,689,0
2024-05-28 23:00:00,1059.665,1062.91,1059.005,1062.46,512,1599,0
2024-05-29 01:00:00,1059.49,1062.985,1057.95,1059.745,482,1800,0
2024-05-29 02:00:00,1059.855,1063.535,1059.26,1063.435,453,1679,0
2024-05-29 03:00:00,1063.235,1063.235,1056.65,1057.335,910,1659,0
2024-05-29 04:00:00,1057.435,1059.645,1056.135,1058.435,1338,1509,0
2024-05-29 05:00:00,1058.435,1062.835,1056.845,1057.135,1171,1309,0
2024-05-29 06:00:00,1057.035,1060.735,1056.35,1060.435,814,1349,0
2024-05-29 07:00:00,1060.535,1062.025,1058.49,1059.735,453,869,0
2024-05-29 08:00:00,1059.725,1062.945,1057.9,1058.635,1609,1149,0
2024-05-29 09:00:00,1058.635,1063.135,1057.295,1061.475,1399,1159,0
2024-05-29 10:00:00,1061.435,1061.855,1053.235,1055.535,1148,509,0
2024-05-29 11:00:00,1055.595,1056.395,1052.045,1055.055,1408,1349,0
2024-05-29 12:00:00,1055.105,1055.545,1048.315,1051.815,1667,1200,0
2024-05-29 13:00:00,1051.805,1054.685,1049.785,1054.445,1512,999,0
2024-05-29 14:00:00,1054.345,1056.245,1048.745,1049.745,824,829,0
2024-05-29 15:00:00,1049.645,1049.745,1035.945,1037.645,1388,980,0
2024-05-29 16:00:00,1037.695,1045.505,1036.175,1042.045,2925,429,0
2024-05-29 17:00:00,1042.045,1043.845,1037.545,1040.005,1913,1429,0
2024-05-29 18:00:00,1040.015,1043.015,1037.955,1039.985,1846,1289,0
2024-05-29 19:00:00,1039.985,1040.955,1037.905,1040.635,1019,1229,0
2024-05-29 20:00:00,1040.635,1043.285,1039.16,1042.395,859,939,0
2024-05-29 21:00:00,1042.605,1042.955,1038.56,1039.425,626,1200,0
2024-05-29 22:00:00,1039.525,1041.085,1037.56,1039.045,447,1300,0
2024-05-29 23:00:00,1038.975,1039.4,1036.79,1038.13,426,1500,0
2024-05-30 01:00:00,1038.06,1040.985,1036.315,1039.265,363,1899,0
2024-05-30 02:00:00,1039.335,1040.445,1037.09,1038.565,536,1579,0
2024-05-30 03:00:00,1038.365,1039.5,1035.525,1039.215,704,1710,0
2024-05-30 04:00:00,1038.16,1042.365,1031.275,1032.805,1530,1719,0
2024-05-30 05:00:00,1032.845,1034.705,1026.775,1030.485,1359,1649,0
2024-05-30 06:00:00,1030.375,1033.255,1029.825,1032.455,981,1459,0
2024-05-30 07:00:00,1032.425,1034.565,1029.84,1033.255,567,1799,0
2024-05-30 08:00:00,1033.155,1033.195,1024.385,1025.595,1478,1409,0
2024-05-30 09:00:00,1025.535,1030.335,1025.415,1029.275,1194,1459,0
2024-05-30 10:00:00,1029.025,1033.465,1027.635,1031.475,1048,1249,0
2024-05-30 11:00:00,1031.475,1039.605,1030.785,1039.045,1035,809,0
2024-05-30 12:00:00,1039.015,1042.425,1033.43,1035.135,1618,1139,0
2024-05-30 13:00:00,1035.235,1038.935,1031.735,1037.935,987,1160,0
2024-05-30 14:00:00,1037.935,1038.035,1033.06,1033.435,1116,1159,0
2024-05-30 15:00:00,1033.435,1039.895,1027.675,1033.935,2977,529,0
2024-05-30 16:00:00,1033.835,1041.375,1029.925,1038.345,3613,1079,0
2024-05-30 17:00:00,1038.545,1040.795,1032.775,1033.595,2733,889,0
2024-05-30 18:00:00,1033.565,1038.865,1030.935,1035.045,3142,1279,0
2024-05-30 19:00:00,1035.155,1035.945,1029.985,1030.835,1705,1180,0
2024-05-30 20:00:00,1030.895,1032.075,1028.545,1030.705,1146,1180,0
2024-05-30 21:00:00,1030.805,1030.805,1026.02,1027.365,886,1180,0
2024-05-30 22:00:00,1027.365,1027.41,1022.55,1026.725,1313,429,0
2024-05-30 23:00:00,1026.655,1029.355,1025.18,1028.14,1007,439,0
2024-05-31 01:00:00,1027.59,1029.175,1025.85,1026.965,939,929,0
2024-05-31 02:00:00,1026.935,1029.715,1026.36,1029.235,897,929,0
2024-05-31 03:00:00,1029.225,1029.425,1025.565,1027.175,1283,329,0
2024-05-31 04:00:00,1027.255,1027.855,1021.635,1026.235,2365,1469,0
2024-05-31 05:00:00,1026.135,1026.335,1022.735,1023.435,1022,1229,0
2024-05-31 06:00:00,1023.335,1024.655,1021.45,1024.635,1145,1629,0
2024-05-31 07:00:00,1024.735,1024.835,1020.75,1024.235,490,1709,0
2024-05-31 08:00:00,1024.135,1026.845,1021.85,1025.925,1034,1919,0
2024-05-31 09:00:00,1025.925,1029.905,1025.525,1027.755,1187,1499,0
2024-05-31 10:00:00,1027.755,1028.925,1022.605,1023.275,974,669,0
2024-05-31 11:00:00,1023.105,1028.515,1022.565,1026.725,706,1529,0
2024-05-31 12:00:00,1026.675,1029.955,1023.735,1027.83,747,1160,0
2024-05-31 13:00:00,1028.045,1032.275,1027.635,1031.605,862,1160,0
2024-05-31 14:00:00,1031.705,1039.645,1030.915,1039.245,957,920,0
2024-05-31 15:00:00,1039.245,1049.235,1037.65,1048.495,2960,1329,0
2024-05-31 16:00:00,1048.185,1051.335,1035.095,1039.025,3242,1279,0
2024-05-31 17:00:00,1039.105,1040.375,1029.56,1034.945,3904,1409,0
2024-05-31 18:00:00,1034.765,1035.165,1019.935,1024.645,3828,309,0
2024-05-31 19:00:00,1024.495,1037.345,1023.735,1037.005,2187,309,0
2024-05-31 20:00:00,1037.105,1038.465,1034.245,1036.345,2101,309,0
2024-05-31 21:00:00,1036.345,1039.805,1035.845,1036.68,1103,1150,0
2024-05-31 22:00:00,1036.63,1040.195,1035.96,1039.405,1777,1150,0
2024-05-31 23:00:00,1039.465,1040.03,1035.62,1036.36,779,1150,0
2024-06-03 01:00:00,1033.26,1040.46,1030.96,1037.345,772,1690,0
2024-06-03 02:00:00,1037.345,1041.76,1036.885,1037.935,424,1690,0
2024-06-03 03:00:00,1037.845,1043.095,1037.305,1042.745,767,2159,0
2024-06-03 04:00:00,1042.795,1048.715,1042.51,1048.205,1465,309,0
2024-06-03 05:00:00,1048.295,1048.955,1042.41,1044.225,800,1609,0
2024-06-03 06:00:00,1044.135,1045.615,1036.94,1038.375,875,1680,0
2024-06-03 07:00:00,1038.315,1040.465,1036.92,1039.525,496,1549,0
2024-06-03 08:00:00,1039.07,1040.425,1032.35,1035.145,1170,1680,0
2024-06-03 09:00:00,1035.085,1036.185,1030.35,1034.515,1294,1639,0
2024-06-03 10:00:00,1034.715,1037.115,1027.915,1030.035,1141,1300,0
2024-06-03 11:00:00,1030.035,1033.515,1027.815,1028.425,1110,1140,0
2024-06-03 12:00:00,1028.385,1028.385,1023.425,1026.765,1753,1140,0
2024-06-03 13:00:00,1026.785,1029.385,1025.745,1026.345,2201,1140,0
2024-06-03 14:00:00,1026.345,1030.74,1025.795,1028.815,1216,2309,0
2024-06-03 15:00:00,1028.815,1031.955,1024.305,1028.845,2692,389,0
2024-06-03 16:00:00,1028.845,1035.085,1024.085,1024.755,2943,419,0
2024-06-03 17:00:00,1025.955,1030.385,1017.855,1019.535,5223,329,0
2024-06-03 18:00:00,1019.445,1020.585,1014.585,1019.685,2772,759,0
2024-06-03 19:00:00,1019.785,1021.175,1016.885,1018.055,3314,469,0
2024-06-03 20:00:00,1018.055,1020.125,1016.585,1017.865,3056,1269,0
2024-06-03 21:00:00,1017.905,1019.395,1015.785,1016.185,2515,1259,0
2024-06-03 22:00:00,1016.185,1017.785,1015.05,1017.485,800,1120,0
2024-06-03 23:00:00,1017.485,1018.855,1016.92,1017.54,427,939,0
2024-06-04 01:00:00,1016.35,1020.63,1016.35,1019.595,551,2399,0
2024-06-04 02:00:00,1019.695,1021.16,1018.795,1020.835,519,2339,0
2024-06-04 03:00:00,1020.785,1023.475,1018.685,1021.045,1843,509,0
2024-06-04 04:00:00,1021.045,1022.285,1016.305,1019.095,3043,1879,0
2024-06-04 05:00:00,1019.135,1022.285,1018.415,1021.215,870,2299,0
2024-06-04 06:00:00,1021.115,1021.345,1016.955,1017.175,724,1900,0
2024-06-04 07:00:00,1017.305,1019.335,1015.36,1018.975,532,2060,0
2024-06-04 08:00:00,1018.76,1022.535,1016.46,1018.395,799,329,0
2024-06-04 09:00:00,1018.455,1024.515,1018.245,1019.595,1288,1759,0
2024-06-04 10:00:00,1019.695,1019.955,1008.155,1008.925,1462,1169,0
2024-06-04 11:00:00,1008.845,1008.845,1003.185,1003.765,2148,1049,0
2024-06-04 12:00:00,1003.815,1010.415,1000.635,1006.895,1718,579,0
2024-06-04 13:00:00,1006.985,1010.015,1004.235,1005.675,1179,1139,0
2024-06-04 14:00:00,1005.745,1013.025,1004.225,1010.945,1347,479,0
2024-06-04 15:00:00,1010.855,1012.525,1005.945,1010.365,2196,699,0
2024-06-04 16:00:00,1010.365,1015.035,1003.985,1004.185,3692,1199,0
2024-06-04 17:00:00,1004.185,1011.675,1001.565,1002.415,4476,619,0
2024-06-04 18:00:00,1002.405,1003.795,996.8,997.925,1925,729,0
2024-06-04 19:00:00,997.925,999.155,989.555,989.955,1716,749,0
2024-06-04 20:00:00,990.035,997.355,989.67,995.975,1359,309,0
2024-06-04 21:00:00,995.975,997.085,993.47,995.745,785,329,0
2024-06-04 22:00:00,995.745,995.745,991.83,993.665,682,389,0
2024-06-04 23:00:00,993.665,994.025,991.1,991.42,376,709,0
2024-06-05 01:00:00,988.37,993.715,988.29,993.385,315,1969,0
2024-06-05 02:00:00,992.93,994.025,991.26,992.555,310,1659,0
2024-06-05 03:00:00,992.555,994.645,988.82,990.065,764,1559,0
2024-06-05 04:00:00,990.145,991.785,987.01,990.925,1624,609,0
2024-06-05 05:00:00,990.985,994.435,989.5,994.315,893,899,0
2024-06-05 06:00:00,994.315,994.605,989.13,991.225,915,1209,0
2024-06-05 07:00:00,991.275,991.685,987.65,990.835,461,1749,0
2024-06-05 08:00:00,990.775,993.385,989.4,992.015,731,1609,0
2024-06-05 09:00:00,991.985,993.375,987.05,988.175,1155,859,0
2024-06-05 10:00:00,988.405,994.205,986.16,993.885,1507,1319,0
2024-06-05 11:00:00,994.115,1002.075,994.105,996.405,1099,1149,0
2024-06-05 12:00:00,996.475,996.805,990.76,991.625,947,1389,0
2024-06-05 13:00:00,991.565,992.235,986.62,988.765,1447,1269,0
2024-06-05 14:00:00,988.765,994.265,988.115,990.145,1268,1079,0
2024-06-05 15:00:00,990.145,994.005,987.235,989.025,2688,1039,0
2024-06-05 16:00:00,988.925,993.825,984.725,990.795,5544,1079,0
2024-06-05 17:00:00,989.755,996.545,985.635,993.045,7815,1069,0
2024-06-05 18:00:00,993.115,1000.035,991.73,998.035,4308,969,0
2024-06-05 19:00:00,998.035,999.635,995.135,997.035,1453,1059,0
2024-06-05 20:00:00,997.035,997.835,993.76,996.135,890,1480,0
2024-06-05 21:00:00,995.935,998.135,994.66,997.735,721,1610,0
2024-06-05 22:00:00,997.635,998.445,995.945,998.445,1116,1029,0
2024-06-05 23:00:00,998.445,1000.145,997.69,998.14,968,1029,0
2024-06-06 01:00:00,996.21,999.18,996.045,998.715,690,1599,0
2024-06-06 02:00:00,998.745,1000.415,996.935,997.375,704,1089,0
2024-06-06 03:00:00,997.475,999.565,995.565,996.735,1038,1469,0
2024-06-06 04:00:00,996.735,1003.7,996.545,1001.495,2534,1409,0
2024-06-06 05:00:00,1001.535,1004.505,999.035,1003.405,1935,589,0
2024-06-06 06:00:00,1003.305,1004.005,1001.525,1001.965,1352,1129,0
2024-06-06 07:00:00,1001.965,1003.845,1001.965,1003.145,746,1319,0
2024-06-06 08:00:00,1003.135,1004.915,999.835,1001.035,1360,1399,0
2024-06-06 09:00:00,1001.035,1002.105,995.735,999.145,1065,1379,0
2024-06-06 10:00:00,999.195,999.355,993.66,996.315,1103,1159,0
2024-06-06 11:00:00,996.115,998.625,994.26,997.195,692,1649,0
2024-06-06 12:00:00,996.66,1003.025,996.66,999.535,767,1609,0
2024-06-06 13:00:00,999.635,1001.145,996.86,999.545,592,709,0
2024-06-06 14:00:00,999.645,1003.745,998.66,1001.585,773,1019,0
2024-06-06 15:00:00,1001.685,1002.435,995.325,996.415,2416,1319,0
2024-06-06 16:00:00,996.415,1004.055,992.675,998.685,3945,829,0
2024-06-06 17:00:00,998.685,1000.345,995.39,997.705,2085,850,0
2024-06-06 18:00:00,997.525,1008.125,997.185,1007.715,2172,1189,0
2024-06-06 19:00:00,1007.685,1009.585,1005.435,1008.005,1910,1209,0
2024-06-06 20:00:00,1008.055,1012.155,1006.56,1010.685,1444,1029,0
2024-06-06 21:00:00,1010.665,1010.665,1005.76,1007.355,801,1159,0
2024-06-06 22:00:00,1007.315,1008.045,1005.94,1007.925,1353,1659,0
2024-06-06 23:00:00,1007.935,1008.105,1004.75,1006.23,502,1529,0
2024-06-07 01:00:00,1007.0,1009.565,1005.46,1007.845,281,2339,0
2024-06-07 02:00:00,1006.75,1010.615,1006.73,1007.65,483,1900,0
2024-06-07 03:00:00,1008.535,1010.855,1006.84,1008.18,950,1759,0
2024-06-07 04:00:00,1008.27,1010.255,1003.83,1005.725,2117,1629,0
2024-06-07 05:00:00,1005.875,1008.135,1004.72,1006.285,2051,1579,0
2024-06-07 06:00:00,1006.295,1007.775,1003.71,1006.925,1442,1499,0
2024-06-07 07:00:00,1006.945,1010.975,1005.16,1009.485,547,1189,0
2024-06-07 08:00:00,1009.395,1010.945,1006.29,1008.115,1391,519,0
2024-06-07 09:00:00,1008.115,1008.535,1004.87,1007.345,1023,1199,0
2024-06-07 10:00:00,1007.275,1012.275,1006.495,1010.865,994,499,0
2024-06-07 11:00:00,1010.865,1010.865,995.365,997.785,1885,329,0
2024-06-07 12:00:00,997.735,997.735,987.565,993.815,1553,639,0
2024-06-07 13:00:00,993.815,994.185,987.58,989.125,1066,1170,0
2024-06-07 14:00:00,988.965,992.905,987.265,992.075,1275,1130,0
2024-06-07 15:00:00,992.075,992.165,976.865,979.175,5017,870,0
2024-06-07 16:00:00,979.175,987.495,975.925,977.115,3653,1229,0
2024-06-07 17:00:00,977.045,980.385,973.095,975.765,2510,1170,0
2024-06-07 18:00:00,975.785,976.055,964.445,965.57,2190,499,0
2024-06-07 19:00:00,965.57,970.605,964.675,970.305,1642,349,0
2024-06-07 20:00:00,970.305,971.005,967.595,967.845,1051,309,0
2024-06-07 21:00:00,967.895,970.615,966.44,970.105,827,309,0
2024-06-07 22:00:00,970.055,970.645,967.21,968.795,806,709,0
2024-06-07 23:00:00,968.695,969.595,965.48,965.78,550,1149,0
2024-06-10 01:00:00,968.47,971.575,967.585,970.775,555,1339,0
2024-06-10 02:00:00,970.835,972.785,969.15,971.455,511,1209,0
2024-06-10 03:00:00,971.455,972.715,969.53,972.485,788,1149,0
2024-06-10 04:00:00,972.425,975.345,970.41,975.005,691,1759,0
2024-06-10 05:00:00,975.045,975.075,970.95,972.185,560,1779,0
2024-06-10 06:00:00,971.02,973.055,970.06,970.975,435,2289,0
2024-06-10 07:00:00,970.985,974.445,969.44,973.195,528,729,0
2024-06-10 08:00:00,973.135,975.005,970.84,974.265,546,1149,0
2024-06-10 09:00:00,974.335,974.715,969.95,971.285,1061,419,0
2024-06-10 10:00:00,971.465,974.625,970.17,974.435,1221,1569,0
2024-06-10 11:00:00,974.515,974.805,968.65,968.65,888,1489,0
2024-06-10 12:00:00,969.905,971.355,966.32,969.695,909,959,0
2024-06-10 13:00:00,969.755,971.565,966.6,968.505,855,1609,0
2024-06-10 14:00:00,968.475,971.395,964.34,967.735,980,1549,0
2024-06-10 15:00:00,967.775,977.655,967.195,974.835,1933,689,0
2024-06-10 16:00:00,974.635,974.835,969.955,974.345,3041,1119,0
2024-06-10 17:00:00,974.345,974.535,965.665,970.795,2184,809,0
2024-06-10 18:00:00,970.825,978.335,970.685,976.425,1517,829,0
2024-06-10 19:00:00,976.425,977.215,973.16,974.485,3363,1339,0
2024-06-10 20:00:00,974.455,974.705,971.57,973.555,1395,1489,0
2024-06-10 21:00:00,973.555,974.055,971.67,973.485,1022,1469,0
2024-06-10 22:00:00,973.515,974.355,972.35,973.555,1382,1469,0
2024-06-10 23:00:00,973.535,973.725,971.58,973.23,609,1489,0
2024-06-11 01:00:00,970.95,973.645,970.93,971.845,334,2249,0
2024-06-11 02:00:00,971.78,972.275,970.865,971.345,294,2189,0
2024-06-11 03:00:00,971.285,971.545,968.185,968.945,671,1399,0
2024-06-11 04:00:00,968.945,969.645,963.125,964.355,3997,999,0
2024-06-11 05:00:00,964.435,964.435,961.685,962.595,3815,309,0
2024-06-11 06:00:00,962.545,964.685,961.6,963.425,2955,309,0
2024-06-11 07:00:00,963.415,963.435,958.95,960.245,921,819,0
2024-06-11 08:00:00,960.195,960.495,957.2,958.885,808,1439,0
2024-06-11 09:00:00,958.905,962.595,958.785,959.505,1705,869,0
2024-06-11 10:00:00,959.455,964.085,958.855,963.475,1588,1249,0
2024-06-11 11:00:00,963.475,964.565,958.33,959.585,1008,1120,0
2024-06-11 12:00:00,959.585,961.705,955.35,958.56,975,1069,0
2024-06-11 13:00:00,958.66,959.845,955.26,959.015,885,1299,0
2024-06-11 14:00:00,959.235,959.405,954.88,959.095,853,1459,0
2024-06-11 15:00:00,958.885,964.565,958.595,959.765,1676,1369,0
2024-06-11 16:00:00,959.765,963.265,954.095,956.985,3255,1409,0
2024-06-11 17:00:00,956.985,958.865,953.515,958.265,2167,1399,0
2024-06-11 18:00:00,958.265,958.565,950.36,952.435,1334,1150,0
2024-06-11 19:00:00,952.535,956.725,951.36,955.425,1134,1110,0
2024-06-11 20:00:00,955.355,956.975,954.14,956.635,940,970,0
2024-06-11 21:00:00,956.705,957.705,954.36,956.17,601,970,0
2024-06-11 22:00:00,956.14,957.695,955.79,956.895,503,970,0
2024-06-11 23:00:00,956.895,957.575,955.48,956.36,400,1899,0
2024-06-12 01:00:00,956.7,958.995,956.13,958.925,241,1850,0
2024-06-12 02:00:00,957.62,959.015,956.3,958.525,314,1650,0
2024-06-12 03:00:00,958.455,958.455,953.76,954.765,541,1650,0
2024-06-12 04:00:00,954.745,961.505,953.36,960.625,1936,1389,0
2024-06-12 05:00:00,960.675,960.765,957.66,960.515,797,2129,0
2024-06-12 06:00:00,959.41,961.235,958.43,959.645,556,2129,0
2024-06-12 07:00:00,959.595,959.675,956.93,958.875,334,2129,0
2024-06-12 08:00:00,958.825,961.375,957.38,960.595,726,1149,0
2024-06-12 09:00:00,960.645,962.475,956.88,958.005,843,1389,0
2024-06-12 10:00:00,957.955,959.345,955.06,957.975,909,1160,0
2024-06-12 11:00:00,957.975,958.795,951.29,952.375,976,1170,0
2024-06-12 12:00:00,952.275,952.545,948.25,952.385,847,1170,0
2024-06-12 13:00:00,951.63,952.785,949.09,951.245,739,1409,0
2024-06-12 14:00:00,951.305,953.475,949.32,951.415,862,1180,0
2024-06-12 15:00:00,951.505,971.95,949.22,970.75,4059,549,0
2024-06-12 16:00:00,970.85,975.535,961.975,962.645,5462,609,0
2024-06-12 17:00:00,962.645,967.905,959.05,961.835,3969,1310,0
2024-06-12 18:00:00,961.935,968.405,961.35,966.075,3173,1239,0
2024-06-12 19:00:00,966.075,970.715,965.26,969.545,1378,929,0
2024-06-12 20:00:00,969.445,969.765,964.28,965.445,1859,809,0
2024-06-12 21:00:00,963.295,967.635,959.565,962.265,10817,689,0
2024-06-12 22:00:00,962.345,964.545,958.16,960.035,3014,1109,0
2024-06-12 23:00:00,960.035,961.795,959.56,960.75,931,2079,0
2024-06-13 01:00:00,961.26,961.26,956.41,957.605,449,1690,0
2024-06-13 02:00:00,957.535,957.605,953.55,954.335,444,1810,0
2024-06-13 03:00:00,954.335,957.125,952.75,955.165,741,1810,0
2024-06-13 04:00:00,955.075,955.455,947.51,948.505,2948,309,0
2024-06-13 05:00:00,948.445,950.155,946.81,948.595,1017,1609,0
2024-06-13 06:00:00,948.545,950.965,946.98,949.665,2160,399,0
2024-06-13 07:00:00,949.615,950.805,945.33,947.755,618,719,0
2024-06-13 08:00:00,947.875,948.625,945.81,948.145,702,1690,0
2024-06-13 09:00:00,946.97,953.225,946.97,953.195,938,1400,0
2024-06-13 10:00:00,953.105,955.075,950.46,952.525,1013,1400,0
2024-06-13 11:00:00,952.615,952.905,947.435,949.545,842,1259,0
2024-06-13 12:00:00,949.445,952.735,947.71,949.605,901,1290,0
2024-06-13 13:00:00,949.775,951.245,946.83,948.135,1264,1300,0
2024-06-13 14:00:00,948.135,949.755,942.92,943.99,1231,1050,0
2024-06-13 15:00:00,943.88,957.885,943.46,957.185,4200,409,0
2024-06-13 16:00:00,957.285,960.185,950.645,952.655,5103,829,0
2024-06-13 17:00:00,952.535,953.645,949.815,950.455,5386,1159,0
2024-06-13 18:00:00,950.505,951.265,944.725,947.815,2903,1280,0
2024-06-13 19:00:00,947.815,952.465,946.395,951.165,1718,1400,0
2024-06-13 20:00:00,951.165,954.705,951.145,951.485,1239,1200,0
2024-06-13 21:00:00,951.435,953.3,951.005,952.245,834,1300,0
2024-06-13 22:00:00,952.235,953.865,951.76,952.485,839,1200,0
2024-06-13 23:00:00,952.485,952.585,950.25,951.61,339,1919,0
2024-06-14 01:00:00,951.44,952.445,949.5,951.275,376,2179,0
2024-06-14 02:00:00,951.325,951.325,949.1,950.525,305,2279,0
2024-06-14 03:00:00,950.545,952.885,948.5,952.485,614,2169,0
2024-06-14 04:00:00,952.435,956.035,951.26,955.935,1360,1850,0
2024-06-14 05:00:00,955.865,956.435,953.94,955.505,1364,1289,0
2024-06-14 06:00:00,955.555,956.505,953.23,955.945,873,879,0
2024-06-14 07:00:00,956.005,956.705,952.92,954.565,647,709,0
2024-06-14 08:00:00,954.565,959.185,953.8,957.035,861,779,0
2024-06-14 09:00:00,957.215,959.275,955.36,958.945,2175,1359,0
2024-06-14 10:00:00,958.885,959.855,951.15,954.495,2156,1119,0
2024-06-14 11:00:00,954.475,957.355,952.755,955.085,1983,1659,0
2024-06-14 12:00:00,955.065,955.585,947.66,948.765,3499,1259,0
2024-06-14 13:00:00,948.865,954.265,946.505,952.845,2583,1539,0
2024-06-14 14:00:00,952.855,955.135,949.315,951.685,1755,1400,0
2024-06-14 15:00:00,950.96,952.035,945.76,947.805,1996,1300,0
2024-06-14 16:00:00,947.805,955.335,945.245,952.035,3142,859,0
2024-06-14 17:00:00,951.935,955.495,949.145,951.345,2471,849,0
2024-06-14 18:00:00,951.335,955.86,949.26,953.655,1424,1040,0
2024-06-14 19:00:00,953.675,957.845,952.37,955.735,1468,1290,0
2024-06-14 20:00:00,955.735,957.235,955.035,956.135,1074,1649,0
2024-06-14 21:00:00,956.135,957.435,954.55,957.035,780,1799,0
2024-06-14 22:00:00,956.935,958.635,956.05,958.635,599,1400,0
2024-06-14 23:00:00,958.635,959.39,957.35,958.99,298,1749,0
2024-06-17 01:00:00,957.75,959.285,955.36,956.475,928,2409,0
2024-06-17 02:00:00,956.575,958.685,955.985,957.985,314,1720,0
2024-06-17 03:00:00,957.985,963.585,956.52,962.185,683,1969,0
2024-06-17 04:00:00,962.185,962.285,959.185,959.785,1502,2109,0
2024-06-17 05:00:00,959.785,959.985,957.46,959.235,902,1720,0
2024-06-17 06:00:00,959.185,959.345,956.345,957.055,1494,1809,0
2024-06-17 07:00:00,957.255,957.985,955.65,956.05,583,1720,0
2024-06-17 08:00:00,956.555,956.89,952.4,953.525,795,1359,0
2024-06-17 09:00:00,953.505,953.8,950.575,952.105,883,1280,0
2024-06-17 10:00:00,952.045,953.115,947.36,948.105,812,1300,0
2024-06-17 11:00:00,948.035,952.395,946.74,951.395,907,809,0
2024-06-17 12:00:00,951.065,953.525,949.34,950.045,797,1300,0
2024-06-17 13:00:00,949.895,951.495,947.76,950.435,757,1240,0
2024-06-17 14:00:00,950.535,951.645,946.86,949.865,748,1060,0
2024-06-17 15:00:00,949.775,962.545,948.165,960.245,2428,1229,0
2024-06-17 16:00:00,960.245,967.645,959.715,963.215,3636,399,0
2024-06-17 17:00:00,963.295,969.585,959.545,969.415,2457,909,0
2024-06-17 18:00:00,969.405,970.455,959.785,962.745,3027,819,0
2024-06-17 19:00:00,962.745,968.385,962.745,968.265,1056,1079,0
2024-06-17 20:00:00,968.265,969.975,966.84,969.745,982,929,0
2024-06-17 21:00:00,969.815,971.425,968.56,970.505,665,909,0
2024-06-17 22:00:00,970.515,972.765,968.96,972.605,554,1029,0
2024-06-17 23:00:00,972.765,972.855,970.33,971.05,364,1689,0
2024-06-18 01:00:00,969.52,974.915,969.44,972.245,417,1779,0
2024-06-18 02:00:00,972.255,973.295,969.51,971.695,817,1729,0
2024-06-18 03:00:00,971.765,978.585,971.535,977.585,1099,1429,0
2024-06-18 04:00:00,977.585,978.885,973.485,975.445,1387,479,0
2024-06-18 05:00:00,975.425,977.485,973.4,977.185,2625,349,0
2024-06-18 06:00:00,977.185,977.715,974.6,976.985,791,1659,0
2024-06-18 07:00:00,977.085,977.085,973.1,974.385,828,1889,0
2024-06-18 08:00:00,974.185,976.085,972.54,973.285,1033,1779,0
2024-06-18 09:00:00,973.385,974.745,971.15,973.195,2027,519,0
2024-06-18 10:00:00,973.245,975.555,967.435,968.335,2344,569,0
2024-06-18 11:00:00,968.335,969.845,964.6,968.345,907,1129,0
2024-06-18 12:00:00,968.345,972.345,967.645,970.045,549,989,0
2024-06-18 13:00:00,970.145,971.345,963.175,963.175,1072,1220,0
2024-06-18 14:00:00,963.135,963.735,958.96,961.835,1368,1259,0
2024-06-18 15:00:00,961.835,972.735,961.085,966.335,3318,309,0
2024-06-18 16:00:00,966.335,975.935,964.275,972.665,5902,309,0
2024-06-18 17:00:00,972.705,973.405,967.325,968.665,6328,729,0
2024-06-18 18:00:00,968.665,973.095,966.955,969.875,5303,589,0
2024-06-18 19:00:00,969.865,974.595,968.065,974.345,4021,749,0
2024-06-18 20:00:00,974.315,976.645,972.67,974.625,1997,1039,0
2024-06-18 21:00:00,974.585,975.595,972.74,975.595,2226,1130,0
2024-06-18 22:00:00,975.545,976.545,973.87,975.485,1829,1499,0
2024-06-18 23:00:00,975.515,976.725,974.06,974.7,867,1279,0
2024-06-19 01:00:00,970.2,975.895,969.885,974.225,710,1569,0
2024-06-19 02:00:00,974.205,975.815,973.435,974.875,681,1889,0
2024-06-19 03:00:00,974.855,975.525,971.545,973.625,1340,1389,0
2024-06-19 04:00:00,973.625,978.105,970.645,976.165,2949,349,0
2024-06-19 05:00:00,976.195,978.385,974.155,976.255,2003,349,0
2024-06-19 06:00:00,976.255,977.575,973.735,973.925,1137,1759,0
2024-06-19 07:00:00,973.875,975.145,971.67,973.895,882,1439,0
2024-06-19 08:00:00,973.885,976.785,973.145,975.945,887,1309,0
2024-06-19 09:00:00,976.035,978.295,974.36,978.295,592,1289,0
2024-06-19 10:00:00,978.375,984.755,978.06,981.615,1047,1059,0
2024-06-19 11:00:00,981.685,983.295,980.73,983.045,735,1199,0
2024-06-19 12:00:00,983.045,983.335,980.3,980.975,666,969,0
2024-06-19 13:00:00,980.925,982.325,979.89,981.025,1060,1099,0
2024-06-19 14:00:00,981.025,983.695,980.06,983.455,1708,1399,0
2024-06-19 15:00:00,983.455,985.075,981.135,981.775,3072,1069,0
2024-06-19 16:00:00,981.805,984.065,979.145,980.995,4672,1030,0
2024-06-19 17:00:00,980.975,982.635,979.75,981.835,1560,899,0
2024-06-19 18:00:00,981.835,985.635,980.785,981.645,1666,649,0
2024-06-19 19:00:00,981.615,982.285,976.77,978.405,1408,979,0
2024-06-19 20:00:00,978.405,979.925,977.36,979.575,399,1299,0
2024-06-19 21:00:00,979.555,980.075,977.03,977.7,50,1979,0
2024-06-20 01:00:00,977.68,980.585,977.68,978.275,378,1489,0
2024-06-20 02:00:00,978.085,979.185,976.3,978.585,523,1589,0
2024-06-20 03:00:00,978.585,980.315,977.04,980.315,847,499,0
2024-06-20 04:00:00,980.385,984.455,979.36,981.465,1715,1389,0
2024-06-20 05:00:00,981.225,981.835,978.06,980.205,960,1189,0
2024-06-20 06:00:00,980.255,983.455,979.19,982.765,905,1219,0
2024-06-20 07:00:00,982.765,986.155,981.03,985.195,694,989,0
2024-06-20 08:00:00,985.125,987.175,983.01,983.635,1530,1129,0
2024-06-20 09:00:00,983.665,987.555,982.855,985.485,1076,309,0
2024-06-20 10:00:00,985.315,989.885,984.765,985.815,1037,789,0
2024-06-20 11:00:00,985.725,986.045,980.84,982.425,1194,1579,0
2024-06-20 12:00:00,982.365,986.925,981.64,985.46,901,1609,0
2024-06-20 13:00:00,985.975,988.925,984.76,985.915,854,1519,0
2024-06-20 14:00:00,985.655,989.095,984.36,985.515,767,1269,0
2024-06-20 15:00:00,985.585,986.515,972.905,973.365,2528,1379,0
2024-06-20 16:00:00,973.435,981.075,969.875,977.21,4166,799,0
2024-06-20 17:00:00,977.26,985.265,975.745,984.795,3128,1159,0
2024-06-20 18:00:00,984.795,986.935,980.465,981.855,1952,1019,0
2024-06-20 19:00:00,981.765,982.655,978.625,979.255,2236,1159,0
2024-06-20 20:00:00,979.245,982.265,978.845,981.615,2520,1200,0
2024-06-20 21:00:00,981.615,984.795,981.455,984.185,2070,1509,0
2024-06-20 22:00:00,984.195,984.785,982.18,983.905,2186,1589,0
2024-06-20 23:00:00,983.915,984.065,981.18,982.19,871,1999,0
2024-06-21 01:00:00,981.81,983.825,981.71,983.375,243,2059,0
2024-06-21 02:00:00,982.21,984.685,982.06,983.515,269,2109,0
2024-06-21 03:00:00,983.395,985.585,982.16,984.935,643,1649,0
2024-06-21 04:00:00,984.835,985.205,979.76,981.365,1408,999,0
2024-06-21 05:00:00,981.425,983.555,978.51,981.465,804,359,0
2024-06-21 06:00:00,980.46,982.755,979.32,982.4,492,1419,0
2024-06-21 07:00:00,982.45,984.28,980.56,984.145,420,1969,0
2024-06-21 08:00:00,984.145,986.465,983.495,985.345,393,1689,0
2024-06-21 09:00:00,985.345,985.725,978.4,979.805,1132,1859,0
2024-06-21 10:00:00,979.615,981.535,976.095,977.625,1311,1609,0
2024-06-21 11:00:00,977.465,992.025,976.875,991.845,2167,819,0
2024-06-21 12:00:00,991.775,994.345,987.425,990.285,1772,709,0
2024-06-21 13:00:00,990.285,995.545,989.61,995.545,1834,1279,0
2024-06-21 14:00:00,995.545,1001.495,995.545,997.875,1325,1109,0
2024-06-21 15:00:00,997.875,1003.375,996.34,999.055,2460,809,0
2024-06-21 16:00:00,999.035,1001.355,985.395,988.285,5572,859,0
2024-06-21 17:00:00,988.085,999.455,984.985,992.455,4810,809,0
2024-06-21 18:00:00,992.405,995.185,987.745,993.285,3313,1149,0
2024-06-21 19:00:00,993.385,997.685,990.93,994.685,1834,1449,0
2024-06-21 20:00:00,994.685,996.885,993.48,994.885,1894,1359,0
2024-06-21 21:00:00,994.885,995.585,993.33,995.145,1961,1499,0
2024-06-21 22:00:00,995.125,995.825,991.845,993.965,2531,1190,0
2024-06-21 23:00:00,993.985,994.485,990.74,990.94,641,1190,0
2024-06-24 01:00:00,991.88,994.815,986.615,994.205,823,2889,0
2024-06-24 02:00:00,994.265,994.475,986.42,988.785,866,2769,0
2024-06-24 03:00:00,988.985,993.215,988.01,991.765,1209,2409,0
2024-06-24 04:00:00,991.815,993.635,988.865,990.715,3448,2069,0
2024-06-24 05:00:00,990.665,990.855,986.27,990.315,1837,2069,0
2024-06-24 06:00:00,990.345,992.875,988.86,990.675,1402,2099,0
2024-06-24 07:00:00,990.675,992.475,989.13,990.625,657,2230,0
2024-06-24 08:00:00,990.825,994.435,990.28,993.085,1558,2230,0
2024-06-24 09:00:00,993.085,994.435,989.32,992.705,1306,1549,0
2024-06-24 10:00:00,992.755,1001.555,989.69,1000.825,1088,419,0
2024-06-24 11:00:00,1000.825,1006.835,998.83,1005.145,1093,829,0
2024-06-24 12:00:00,1005.075,1005.995,1001.56,1003.125,948,2439,0
2024-06-24 13:00:00,1002.925,1004.335,998.06,999.26,757,2279,0
2024-06-24 14:00:00,999.26,1004.485,998.15,1000.115,751,1180,0
2024-06-24 15:00:00,1000.025,1006.745,997.54,1006.205,1381,1120,0
2024-06-24 16:00:00,1006.165,1008.815,1000.025,1005.095,2208,679,0
2024-06-24 17:00:00,1005.095,1010.795,1003.86,1004.805,1815,1219,0
2024-06-24 18:00:00,1004.945,1006.475,997.595,999.555,1489,1689,0
2024-06-24 19:00:00,999.555,1000.055,996.56,999.895,980,859,0
2024-06-24 20:00:00,999.895,1001.205,995.98,998.335,831,479,0
2024-06-24 21:00:00,997.46,999.885,997.09,998.745,626,1099,0
2024-06-24 22:00:00,998.765,999.385,996.76,998.635,610,959,0
2024-06-24 23:00:00,998.445,998.865,996.48,997.59,358,1029,0
2024-06-25 01:00:00,997.66,999.595,990.095,998.055,213,1910,0
2024-06-25 02:00:00,997.86,999.145,996.26,998.395,277,2210,0
2024-06-25 03:00:00,998.465,1000.135,997.76,999.765,556,2149,0
2024-06-25 04:00:00,999.865,1001.715,997.575,1001.005,1081,1720,0
2024-06-25 05:00:00,1000.945,1003.065,1000.22,1001.875,835,1999,0
2024-06-25 06:00:00,1001.925,1003.63,1001.59,1001.825,682,1710,0
2024-06-25 07:00:00,1001.845,1004.775,1001.08,1004.455,469,1710,0
2024-06-25 08:00:00,1003.76,1006.325,1001.15,1002.615,726,1789,0
2024-06-25 09:00:00,1002.645,1004.915,999.9,1004.845,876,1609,0
2024-06-25 10:00:00,1004.675,1006.525,999.4,1000.695,919,1609,0
2024-06-25 11:00:00,1000.465,1003.515,997.71,999.775,944,1609,0
2024-06-25 12:00:00,999.635,1002.245,996.75,997.055,732,1189,0
2024-06-25 13:00:00,996.995,1000.605,995.06,996.025,1252,1220,0
2024-06-25 14:00:00,996.125,996.345,990.745,996.145,2099,1319,0
2024-06-25 15:00:00,996.245,996.96,987.845,987.845,2050,1539,0
2024-06-25 16:00:00,987.845,992.255,985.735,986.685,6965,1409,0
2024-06-25 17:00:00,986.375,993.875,986.305,989.205,6781,1369,0
2024-06-25 18:00:00,989.235,991.585,986.055,990.935,2834,979,0
2024-06-25 19:00:00,991.015,991.795,986.46,988.105,988,1059,0
2024-06-25 20:00:00,988.205,988.215,982.09,983.785,1352,1160,0
2024-06-25 21:00:00,983.785,988.545,982.85,986.205,1339,1559,0
2024-06-25 22:00:00,986.195,986.865,984.325,984.535,1129,1300,0
2024-06-25 23:00:00,984.555,986.87,984.03,986.79,549,2529,0
2024-06-26 01:00:00,986.45,988.315,980.705,983.985,403,1980,0
2024-06-26 02:00:00,983.26,986.815,983.26,986.645,305,2909,0
2024-06-26 03:00:00,986.785,987.885,983.86,987.885,579,2000,0
2024-06-26 04:00:00,987.815,990.865,985.895,987.185,4218,969,0
2024-06-26 05:00:00,987.205,992.745,987.105,989.905,3776,1029,0
2024-06-26 06:00:00,989.775,992.595,988.535,991.215,2247,699,0
2024-06-26 07:00:00,991.275,992.045,988.895,989.675,1716,1089,0
2024-06-26 08:00:00,989.675,991.515,988.275,991.405,2951,1069,0
2024-06-26 09:00:00,991.385,995.055,989.715,993.325,4233,729,0
2024-06-26 10:00:00,993.315,995.435,990.63,995.335,1083,789,0
2024-06-26 11:00:00,995.335,997.85,994.435,995.325,1177,1200,0
2024-06-26 12:00:00,995.235,997.935,995.105,997.835,1209,1829,0
2024-06-26 13:00:00,997.835,999.035,993.96,994.245,668,1619,0
2024-06-26 14:00:00,994.245,997.125,992.145,996.665,623,1300,0
2024-06-26 15:00:00,996.635,1005.155,995.545,1002.825,2071,899,0
2024-06-26 16:00:00,1002.765,1003.925,991.515,996.225,2780,1170,0
2024-06-26 17:00:00,996.195,1001.415,993.705,1000.065,3568,1229,0
2024-06-26 18:00:00,1000.065,1012.515,999.355,1012.335,4221,979,0
2024-06-26 19:00:00,1012.345,1020.855,1012.295,1019.615,3638,949,0
2024-06-26 20:00:00,1019.645,1021.915,1014.85,1015.995,2611,1170,0
2024-06-26 21:00:00,1015.975,1017.125,1013.95,1015.805,2148,1280,0
2024-06-26 22:00:00,1015.805,1015.965,1013.06,1014.275,1328,1949,0
2024-06-26 23:00:00,1014.175,1015.875,1011.38,1013.13,631,2119,0
2024-06-27 01:00:00,1011.11,1016.495,1007.735,1015.375,709,1209,0
2024-06-27 02:00:00,1015.385,1015.385,1008.66,1009.865,667,959,0
2024-06-27 03:00:00,1009.865,1015.765,1008.91,1013.075,1143,2069,0
2024-06-27 04:00:00,1013.115,1014.405,1009.23,1011.275,1986,1239,0
2024-06-27 05:00:00,1011.325,1012.595,1007.63,1010.645,1501,1219,0
2024-06-27 06:00:00,1010.725,1011.635,1007.42,1009.645,945,949,0
2024-06-27 07:00:00,1008.76,1009.845,1006.67,1008.885,862,1129,0
2024-06-27 08:00:00,1009.085,1010.235,1005.12,1007.055,1128,1449,0
2024-06-27 09:00:00,1007.025,1008.235,1003.76,1006.625,1212,1109,0
2024-06-27 10:00:00,1006.525,1009.945,1003.76,1007.535,1040,819,0
2024-06-27 11:00:00,1007.535,1009.025,1002.26,1004.145,1021,1079,0
2024-06-27 12:00:00,1004.145,1007.515,1002.565,1005.145,824,1359,0
2024-06-27 13:00:00,1005.205,1007.085,1001.76,1003.965,901,1209,0
2024-06-27 14:00:00,1003.965,1007.815,1002.66,1006.405,874,1300,0
2024-06-27 15:00:00,1006.485,1009.925,1000.545,1007.995,2911,1069,0
2024-06-27 16:00:00,1007.915,1008.535,993.875,996.945,3415,1229,0
2024-06-27 17:00:00,996.645,1000.275,994.525,996.485,2741,829,0
2024-06-27 18:00:00,996.485,996.565,988.37,990.125,2059,369,0
2024-06-27 19:00:00,990.005,993.195,988.5,990.895,1081,1629,0
2024-06-27 20:00:00,990.895,992.895,989.01,990.125,807,1419,0
2024-06-27 21:00:00,990.045,990.045,986.07,988.275,630,1619,0
2024-06-27 22:00:00,988.345,990.5,987.09,989.525,470,1470,0
2024-06-27 23:00:00,989.475,990.825,988.12,989.24,380,1979,0
2024-06-28 01:00:00,989.53,990.255,984.835,988.555,487,1979,0
2024-06-28 02:00:00,988.575,994.215,986.94,993.455,823,2059,0
2024-06-28 03:00:00,993.305,995.665,990.07,993.395,1097,619,0
2024-06-28 04:00:00,993.405,997.615,990.02,996.295,2717,489,0
2024-06-28 05:00:00,996.345,999.645,994.89,998.875,1129,1979,0
2024-06-28 06:00:00,998.775,999.445,996.24,998.705,709,1979,0
2024-06-28 07:00:00,998.625,998.625,994.12,997.225,628,1979,0
2024-06-28 08:00:00,997.305,998.405,995.32,996.905,1014,1979,0
2024-06-28 09:00:00,997.005,1000.645,995.62,999.045,806,1619,0
2024-06-28 10:00:00,999.045,1002.805,997.06,1001.085,992,1519,0
2024-06-28 11:00:00,1001.085,1006.235,999.95,1006.035,1046,559,0
2024-06-28 12:00:00,1006.135,1011.025,1002.55,1010.845,1096,399,0
2024-06-28 13:00:00,1010.845,1016.315,1009.34,1016.185,1086,309,0
2024-06-28 14:00:00,1016.115,1016.925,1009.45,1011.445,1176,309,0
2024-06-28 15:00:00,1011.575,1015.985,1009.865,1015.275,2456,319,0
2024-06-28 16:00:00,1015.275,1017.075,1006.725,1008.105,3418,629,0
2024-06-28 17:00:00,1008.775,1009.815,1001.815,1005.995,5359,369,0
2024-06-28 18:00:00,1005.995,1005.995,1000.54,1002.385,2084,709,0
2024-06-28 19:00:00,1002.565,1003.275,998.75,1000.835,1779,559,0
2024-06-28 20:00:00,1000.835,1002.115,996.36,997.245,1078,979,0
2024-06-28 21:00:00,997.245,999.06,995.415,995.415,683,1699,0
2024-06-28 22:00:00,995.505,997.0,994.76,996.295,1216,1200,0
2024-06-28 23:00:00,996.305,996.52,993.56,995.71,1059,1719,0
2024-07-01 01:00:00,994.22,996.015,993.61,994.495,544,2049,0
2024-07-01 02:00:00,994.495,997.835,993.35,995.985,1139,499,0
2024-07-01 03:00:00,995.965,996.135,991.775,993.715,1298,1789,0
2024-07-01 04:00:00,993.615,994.26,991.625,993.835,1132,1739,0
2024-07-01 05:00:00,993.825,994.225,992.425,992.975,824,1920,0
2024-07-01 06:00:00,993.0,995.715,990.74,991.875,780,329,0
2024-07-01 07:00:00,991.72,991.995,989.24,991.195,664,1059,0
2024-07-01 08:00:00,991.105,992.17,988.95,991.045,1097,1359,0
2024-07-01 09:00:00,991.065,996.715,990.815,996.075,1006,769,0
2024-07-01 10:00:00,996.025,1000.355,992.55,993.775,1264,1290,0
2024-07-01 11:00:00,993.725,994.565,990.06,991.025,1150,1299,0
2024-07-01 12:00:00,990.975,990.975,979.16,983.985,1638,779,0
2024-07-01 13:00:00,984.035,985.435,980.46,982.835,917,1290,0
2024-07-01 14:00:00,981.56,987.635,980.03,985.735,1165,979,0
2024-07-01 15:00:00,985.735,986.685,977.4,981.035,1558,389,0
2024-07-01 16:00:00,981.135,992.185,980.735,984.335,3211,309,0
2024-07-01 17:00:00,984.935,988.795,974.835,977.295,3035,329,0
2024-07-01 18:00:00,977.345,977.605,973.91,976.905,1312,1060,0
2024-07-01 19:00:00,976.905,977.945,974.11,976.335,910,1249,0
2024-07-01 20:00:00,976.235,978.915,975.925,977.625,737,1260,0
2024-07-01 21:00:00,977.625,978.055,975.78,977.865,451,1389,0
2024-07-01 22:00:00,977.915,979.485,976.57,979.295,493,919,0
2024-07-01 23:00:00,979.295,981.695,978.21,980.39,300,1270,0
2024-07-02 01:00:00,981.33,982.965,977.84,978.24,492,589,0
2024-07-02 02:00:00,978.23,980.875,978.23,980.655,301,1019,0
2024-07-02 03:00:00,980.605,982.515,975.58,979.415,550,1920,0
2024-07-02 04:00:00,979.655,982.875,976.19,982.635,868,1949,0
2024-07-02 05:00:00,982.705,982.705,978.65,980.215,626,1930,0
2024-07-02 06:00:00,980.165,980.745,977.31,978.205,508,1930,0
2024-07-02 07:00:00,978.255,978.985,976.47,978.385,338,1789,0
2024-07-02 08:00:00,978.355,981.435,975.97,981.205,536,1920,0
2024-07-02 09:00:00,981.205,982.645,977.945,980.855,772,959,0
2024-07-02 10:00:00,980.855,984.825,975.33,978.025,1085,1499,0
2024-07-02 11:00:00,977.945,983.775,975.42,982.935,968,1229,0
2024-07-02 12:00:00,982.935,987.135,982.535,985.335,1980,1579,0
2024-07-02 13:00:00,985.335,987.525,983.355,987.085,1698,1560,0
2024-07-02 14:00:00,986.845,989.385,984.395,985.605,1890,1559,0
2024-07-02 15:00:00,985.605,996.235,985.605,992.935,2557,939,0
2024-07-02 16:00:00,992.935,1002.015,988.535,999.845,4067,309,0
2024-07-02 17:00:00,999.835,1005.085,995.625,1001.755,5217,529,0
2024-07-02 18:00:00,1001.745,1003.245,996.205,997.285,4297,639,0
2024-07-02 19:00:00,997.255,997.805,993.27,995.445,2904,1250,0
2024-07-02 20:00:00,995.475,998.205,993.96,995.045,1722,1219,0
2024-07-02 21:00:00,995.065,998.705,995.015,998.135,1690,1320,0
2024-07-02 22:00:00,998.115,999.775,997.03,999.005,1435,1250,0
2024-07-02 23:00:00,999.035,999.335,996.94,997.62,567,1300,0
2024-07-03 01:00:00,993.99,1001.485,993.99,1000.115,739,1889,0
2024-07-03 02:00:00,1000.105,1001.56,997.53,998.785,931,1419,0
2024-07-03 03:00:00,998.685,999.085,994.56,994.905,2019,1569,0
2024-07-03 04:00:00,994.905,997.775,994.205,996.385,2274,1969,0
2024-07-03 05:00:00,996.385,997.385,993.235,994.685,1839,1319,0
2024-07-03 06:00:00,994.685,997.985,994.685,997.585,631,1649,0
2024-07-03 07:00:00,997.585,998.785,996.25,998.285,321,1860,0
2024-07-03 08:00:00,998.285,998.585,995.1,996.385,568,2189,0
2024-07-03 09:00:00,996.385,999.685,994.085,998.885,926,1999,0
2024-07-03 10:00:00,998.885,1003.865,997.56,1002.985,1284,929,0
2024-07-03 11:00:00,1002.975,1003.685,997.685,997.885,913,529,0
2024-07-03 12:00:00,997.885,997.985,991.745,995.585,1282,309,0
2024-07-03 13:00:00,995.485,997.965,993.045,996.835,1545,309,0
2024-07-03 14:00:00,996.845,1000.075,995.605,998.515,1975,619,0
2024-07-03 15:00:00,998.555,1007.735,996.915,1004.255,3683,809,0
2024-07-03 16:00:00,1004.095,1009.625,999.715,1005.245,5895,1209,0
2024-07-03 17:00:00,1005.995,1010.905,1001.005,1003.445,4727,929,0
2024-07-03 18:00:00,1003.455,1004.905,999.205,1002.905,3053,799,0
2024-07-03 19:00:00,1002.805,1003.295,997.535,999.515,1943,1389,0
2024-07-03 20:00:00,999.505,1001.105,997.625,997.985,1210,1199,0
2024-07-03 21:00:00,997.955,1002.225,997.43,1000.825,529,1130,0
2024-07-03 22:00:00,1000.825,1000.825,998.06,999.125,398,1309,0
2024-07-03 23:00:00,999.125,999.685,996.61,998.27,432,1449,0
2024-07-04 01:00:00,997.39,999.255,995.495,999.205,185,1920,0
2024-07-04 02:00:00,997.89,1001.105,997.4,1000.935,196,2209,0
2024-07-04 03:00:00,1001.035,1003.355,999.24,1002.785,380,1720,0
2024-07-04 04:00:00,1002.855,1006.055,1002.0,1004.895,882,319,0
2024-07-04 05:00:00,1005.005,1005.775,1000.745,1004.365,879,339,0
2024-07-04 06:00:00,1004.365,1006.175,1003.35,1004.915,1065,879,0
2024-07-04 07:00:00,1004.905,1006.835,1003.82,1006.505,363,2129,0
2024-07-04 08:00:00,1006.385,1006.415,1001.645,1005.535,599,789,0
2024-07-04 09:00:00,1005.465,1005.795,1001.16,1004.195,864,1119,0
2024-07-04 10:00:00,1004.065,1010.185,1002.03,1009.385,674,899,0
2024-07-04 11:00:00,1009.485,1012.385,1008.37,1010.705,1135,519,0
2024-07-04 12:00:00,1010.655,1011.395,1008.77,1010.245,900,1449,0
2024-07-04 13:00:00,1010.265,1014.055,1009.94,1012.925,1018,519,0
2024-07-04 14:00:00,1012.925,1015.975,1010.55,1014.685,850,429,0
2024-07-04 15:00:00,1014.715,1016.325,1012.72,1013.685,623,499,0
2024-07-04 16:00:00,1013.685,1013.815,1008.835,1012.635,1075,1509,0
2024-07-04 17:00:00,1012.635,1012.835,1005.85,1006.395,1243,1359,0
2024-07-04 18:00:00,1006.355,1007.495,1002.41,1003.875,791,1200,0
2024-07-04 19:00:00,1003.825,1003.995,1000.89,1003.265,454,1350,0
2024-07-04 20:00:00,1003.335,1003.335,1001.5,1002.555,556,1360,0
2024-07-04 21:00:00,1002.565,1002.645,996.69,997.39,171,2109,0
2024-07-05 01:00:00,1001.76,1003.895,999.875,1002.925,1429,309,0
2024-07-05 02:00:00,1002.925,1003.005,999.25,1001.325,924,309,0
2024-07-05 03:00:00,1001.255,1004.055,1001.255,1003.125,686,1819,0
2024-07-05 04:00:00,1002.46,1004.135,998.08,1001.755,1418,1529,0
2024-07-05 05:00:00,1001.825,1004.345,1001.18,1001.925,1425,989,0
2024-07-05 06:00:00,1001.895,1003.885,1000.15,1002.655,1179,1029,0
2024-07-05 07:00:00,1002.635,1003.505,1000.0,1003.165,672,1609,0
2024-07-05 08:00:00,1003.315,1006.765,1000.5,1006.025,1086,1719,0
2024-07-05 09:00:00,1005.915,1009.355,1004.24,1007.235,1998,529,0
2024-07-05 10:00:00,1007.145,1010.845,1004.93,1009.575,1278,319,0
2024-07-05 11:00:00,1009.625,1010.975,1006.56,1010.695,636,1240,0
2024-07-05 12:00:00,1010.745,1011.255,1005.575,1007.445,539,1300,0
2024-07-05 13:00:00,1007.445,1011.335,1005.56,1011.035,644,849,0
2024-07-05 14:00:00,1011.135,1014.615,1008.65,1013.075,753,679,0
2024-07-05 15:00:00,1013.115,1020.735,1001.155,1020.335,4550,589,0
2024-07-05 16:00:00,1020.325,1028.205,1016.535,1026.435,6519,939,0
2024-07-05 17:00:00,1026.445,1032.055,1023.845,1028.305,4972,659,0
2024-07-05 18:00:00,1028.305,1035.545,1027.045,1034.085,4193,749,0
2024-07-05 19:00:00,1034.055,1034.305,1030.165,1030.625,3141,1309,0
2024-07-05 20:00:00,1030.625,1033.295,1030.345,1030.725,3832,1469,0
2024-07-05 21:00:00,1030.775,1031.315,1029.07,1030.035,2041,1339,0
2024-07-05 22:00:00,1030.005,1030.305,1027.925,1028.115,1596,1249,0
2024-07-05 23:00:00,1028.135,1028.545,1024.35,1024.4,500,1439,0
2024-07-08 01:00:00,1029.13,1029.18,1023.3,1025.765,890,2629,0
2024-07-08 02:00:00,1025.705,1026.055,1023.945,1025.155,494,2069,0
2024-07-08 03:00:00,1025.125,1025.545,1021.92,1022.865,681,309,0
2024-07-08 04:00:00,1022.785,1025.615,1021.385,1024.765,1687,1409,0
2024-07-08 05:00:00,1024.715,1025.325,1021.525,1021.765,969,1629,0
2024-07-08 06:00:00,1021.685,1023.755,1020.66,1023.315,765,1469,0
2024-07-08 07:00:00,1023.435,1025.045,1021.46,1023.905,884,1509,0
2024-07-08 08:00:00,1023.92,1024.105,1019.445,1020.455,1656,459,0
2024-07-08 09:00:00,1020.545,1021.625,1016.14,1018.185,1398,379,0
2024-07-08 10:00:00,1018.185,1018.515,1011.835,1012.475,1617,1369,0
2024-07-08 11:00:00,1012.465,1014.655,1010.83,1012.065,1403,1929,0
2024-07-08 12:00:00,1012.135,1014.675,1010.905,1013.215,923,1399,0
2024-07-08 13:00:00,1013.135,1015.185,1011.18,1013.025,648,1240,0
2024-07-08 14:00:00,1012.915,1016.975,1011.6,1013.825,668,1020,0
2024-07-08 15:00:00,1013.825,1014.495,1005.86,1006.515,2431,659,0
2024-07-08 16:00:00,1006.565,1009.895,1003.195,1007.025,2482,1200,0
2024-07-08 17:00:00,1006.925,1011.165,1002.995,1003.515,2073,509,0
2024-07-08 18:00:00,1003.495,1005.605,999.115,1000.975,2185,849,0
2024-07-08 19:00:00,1000.925,1003.465,999.46,1001.865,1447,1569,0
2024-07-08 20:00:00,1001.815,1002.275,1000.01,1001.715,997,1979,0
2024-07-08 21:00:00,1001.715,1002.515,998.95,1000.515,696,1440,0
2024-07-08 22:00:00,1000.465,1002.555,999.88,1001.965,545,1140,0
2024-07-08 23:00:00,1001.965,1003.385,1000.54,1002.13,432,1909,0
2024-07-09 01:00:00,1003.55,1004.635,1001.385,1004.575,385,1659,0
2024-07-09 02:00:00,1003.8,1008.355,1003.65,1007.685,397,1659,0
2024-07-09 03:00:00,1007.685,1008.255,1004.605,1004.805,622,1359,0
2024-07-09 04:00:00,1004.905,1008.225,1004.26,1007.075,977,1439,0
2024-07-09 05:00:00,1006.995,1008.055,1004.49,1005.825,725,2119,0
2024-07-09 06:00:00,1005.755,1010.345,1004.74,1009.965,534,1999,0
2024-07-09 07:00:00,1010.065,1011.035,1008.01,1010.455,294,1999,0
2024-07-09 08:00:00,1010.495,1011.575,1008.42,1011.105,596,1999,0
2024-07-09 09:00:00,1011.055,1011.565,1004.94,1010.665,818,1609,0
2024-07-09 10:00:00,1010.715,1010.775,1002.25,1004.555,978,649,0
2024-07-09 11:00:00,1004.555,1006.145,998.135,1001.715,1406,529,0
2024-07-09 12:00:00,1001.715,1005.755,999.86,1001.485,1846,909,0
2024-07-09 13:00:00,1000.7,1003.185,999.61,1001.255,1698,1269,0
2024-07-09 14:00:00,1001.275,1001.295,996.135,997.455,1381,1020,0
2024-07-09 15:00:00,997.375,999.625,990.06,991.315,1578,939,0
2024-07-09 16:00:00,991.505,999.825,990.395,996.205,2620,619,0
2024-07-09 17:00:00,996.205,998.175,983.225,983.465,4100,999,0
2024-07-09 18:00:00,983.475,987.795,980.775,987.665,2838,1150,0
2024-07-09 19:00:00,987.665,988.155,984.19,988.005,1450,1200,0
2024-07-09 20:00:00,988.005,988.185,985.46,985.975,707,1300,0
2024-07-09 21:00:00,985.835,986.75,984.78,986.465,787,1060,0
2024-07-09 22:00:00,985.6,987.155,985.1,986.505,515,1060,0
2024-07-09 23:00:00,986.585,988.145,985.43,987.7,381,1609,0
2024-07-10 01:00:00,988.68,989.465,987.095,988.315,349,1920,0
2024-07-10 02:00:00,988.29,990.375,988.19,989.165,277,1609,0
2024-07-10 03:00:00,988.62,989.345,986.585,987.625,693,1489,0
2024-07-10 04:00:00,987.615,989.655,986.515,988.615,2285,849,0
2024-07-10 05:00:00,988.645,988.985,986.09,987.085,1171,449,0
2024-07-10 06:00:00,986.985,987.085,982.03,982.985,457,799,0
2024-07-10 07:00:00,982.985,985.285,982.685,984.985,347,1139,0
2024-07-10 08:00:00,985.085,986.865,983.905,984.325,1806,309,0
2024-07-10 09:00:00,984.325,989.765,982.65,988.405,864,419,0
2024-07-10 10:00:00,988.435,991.565,986.715,989.645,1611,709,0
2024-07-10 11:00:00,989.645,989.785,986.475,989.605,2036,499,0
2024-07-10 12:00:00,989.685,992.625,989.685,991.625,1619,1099,0
2024-07-10 13:00:00,991.445,995.705,991.09,993.495,1595,919,0
2024-07-10 14:00:00,993.495,998.805,992.44,998.775,1373,679,0
2024-07-10 15:00:00,998.775,1001.275,992.765,996.155,1499,369,0
2024-07-10 16:00:00,996.155,998.505,992.965,996.105,2327,319,0
2024-07-10 17:00:00,996.105,996.245,989.96,991.235,2055,1109,0
2024-07-10 18:00:00,991.235,995.635,990.375,993.455,1328,1040,0
2024-07-10 19:00:00,993.455,995.425,992.835,993.775,2185,1379,0
2024-07-10 20:00:00,993.775,996.015,992.745,995.105,993,2189,0
2024-07-10 21:00:00,995.105,996.585,993.75,995.985,516,1389,0
2024-07-10 22:00:00,995.965,998.235,994.99,997.935,617,1399,0
2024-07-10 23:00:00,997.835,998.135,993.2,994.84,273,1559,0
2024-07-11 01:00:00,993.84,996.235,993.17,995.435,310,1969,0
2024-07-11 02:00:00,994.54,996.035,994.04,995.435,150,2079,0
2024-07-11 03:00:00,995.535,996.475,992.99,995.035,490,549,0
2024-07-11 04:00:00,995.035,995.935,992.09,994.035,1942,899,0
2024-07-11 05:00:00,994.005,996.875,992.61,994.445,1171,459,0
2024-07-11 06:00:00,994.335,995.265,992.11,993.635,427,1539,0
2024-07-11 07:00:00,993.545,994.935,991.72,992.17,337,1720,0
2024-07-11 08:00:00,992.19,997.325,992.14,996.525,803,589,0
2024-07-11 09:00:00,996.525,997.945,988.23,989.985,945,869,0
2024-07-11 10:00:00,989.925,990.035,985.42,986.745,722,1029,0
2024-07-11 11:00:00,986.845,986.945,983.07,984.085,671,849,0
2024-07-11 12:00:00,983.15,989.835,982.97,989.485,607,1200,0
2024-07-11 13:00:00,988.65,990.665,987.92,988.985,481,1199,0
2024-07-11 14:00:00,988.795,989.415,986.56,988.975,711,1659,0
2024-07-11 15:00:00,989.115,1012.495,988.695,1007.445,8737,779,0
2024-07-11 16:00:00,1007.365,1010.735,1000.635,1010.335,7083,889,0
2024-07-11 17:00:00,1010.335,1010.765,998.635,1006.005,5932,1449,0
2024-07-11 18:00:00,1006.085,1008.475,1003.795,1005.805,4535,1879,0
2024-07-11 19:00:00,1005.775,1006.065,1001.815,1002.645,4245,1829,0
2024-07-11 20:00:00,1002.575,1004.325,1001.335,1003.835,3346,1579,0
2024-07-11 21:00:00,1003.765,1006.615,1003.715,1006.555,2117,1579,0
2024-07-11 22:00:00,1006.525,1007.535,1004.76,1006.635,900,1439,0
2024-07-11 23:00:00,1006.535,1007.035,1004.01,1005.83,438,1749,0
2024-07-12 01:00:00,1006.12,1006.12,1003.54,1004.725,359,1919,0
2024-07-12 02:00:00,1004.715,1008.045,1003.54,1007.895,723,1409,0
2024-07-12 03:00:00,1007.895,1008.135,1004.07,1005.605,1107,1509,0
2024-07-12 04:00:00,1005.605,1006.645,1000.37,1001.215,1665,819,0
2024-07-12 05:00:00,1001.205,1004.645,1000.19,1004.055,1254,1649,0
2024-07-12 06:00:00,1003.945,1005.085,1001.63,1002.19,645,1719,0
2024-07-12 07:00:00,1002.18,1003.385,1000.39,1000.79,633,1719,0
2024-07-12 08:00:00,1000.86,1002.69,998.38,999.955,1191,1689,0
2024-07-12 09:00:00,999.935,1000.685,994.86,995.385,1133,1599,0
2024-07-12 10:00:00,995.285,996.365,991.86,993.375,932,1400,0
2024-07-12 11:00:00,993.225,997.135,992.875,995.575,834,1609,0
2024-07-12 12:00:00,995.725,997.285,992.66,994.785,637,1390,0
2024-07-12 13:00:00,994.735,995.385,991.515,993.245,661,1500,0
2024-07-12 14:00:00,993.315,994.795,991.2,993.315,678,1609,0
2024-07-12 15:00:00,993.265,993.845,986.845,988.755,2553,1419,0
2024-07-12 16:00:00,988.865,997.565,988.865,994.945,3787,1089,0
2024-07-12 17:00:00,994.825,1003.195,994.655,999.625,3640,999,0
2024-07-12 18:00:00,999.605,1001.055,994.96,998.905,1210,1289,0
2024-07-12 19:00:00,998.825,1002.565,998.825,1001.945,829,1339,0
2024-07-12 20:00:00,1001.885,1003.115,999.15,1002.595,554,1139,0
2024-07-12 21:00:00,1002.625,1002.995,999.26,1000.6,439,909,0
2024-07-12 22:00:00,1000.69,1001.875,999.55,1001.525,448,1050,0
2024-07-12 23:00:00,1001.595,1002.755,999.97,1000.99,412,1399,0
2024-07-15 01:00:00,1002.78,1004.235,995.81,997.155,661,1979,0
2024-07-15 02:00:00,997.135,997.975,994.38,996.865,457,1660,0
2024-07-15 03:00:00,996.865,997.955,993.53,996.395,625,1660,0
2024-07-15 04:00:00,996.315,996.68,993.665,995.905,877,1660,0
2024-07-15 05:00:00,995.84,997.42,994.695,994.725,724,1660,0
2024-07-15 06:00:00,994.655,996.025,993.18,994.745,468,1639,0
2024-07-15 07:00:00,994.785,996.265,993.53,994.655,399,1449,0
2024-07-15 08:00:00,994.655,996.905,993.11,994.375,609,1209,0
2024-07-15 09:00:00,994.345,994.435,989.54,990.975,792,1200,0
2024-07-15 10:00:00,991.025,995.255,987.645,995.255,834,1160,0
2024-07-15 11:00:00,995.355,999.485,992.51,999.025,791,799,0
2024-07-15 12:00:00,999.075,1001.505,997.29,1000.425,692,789,0
2024-07-15 13:00:00,1000.425,1001.105,997.66,999.945,667,1300,0
2024-07-15 14:00:00,999.995,1003.535,999.76,1001.975,936,639,0
2024-07-15 15:00:00,1001.995,1005.205,990.555,990.985,1730,769,0
2024-07-15 16:00:00,991.035,997.885,984.595,997.865,5138,469,0
2024-07-15 17:00:00,998.005,1009.665,993.955,1009.335,2540,619,0
2024-07-15 18:00:00,1009.435,1014.355,1003.78,1006.115,2509,309,0
2024-07-15 19:00:00,1006.015,1006.635,1001.36,1001.445,2041,949,0
2024-07-15 20:00:00,1001.495,1002.175,996.935,998.535,2586,699,0
2024-07-15 21:00:00,998.535,1000.365,997.08,999.635,1324,1050,0
2024-07-15 22:00:00,999.635,1000.515,997.62,999.175,581,909,0
2024-07-15 23:00:00,999.115,999.235,996.37,998.05,395,609,0
2024-07-16 01:00:00,998.59,998.59,994.755,996.215,295,1989,0
2024-07-16 02:00:00,995.01,998.235,995.01,997.235,288,1989,0
2024-07-16 03:00:00,997.295,997.295,994.22,995.955,585,1819,0
2024-07-16 04:00:00,996.095,996.815,992.97,995.295,1002,1800,0
2024-07-16 05:00:00,995.215,999.275,994.03,997.61,2338,899,0
2024-07-16 06:00:00,997.64,999.365,995.7,997.105,1534,859,0
2024-07-16 07:00:00,997.115,997.115,994.64,996.505,851,1079,0
2024-07-16 08:00:00,996.535,997.745,994.75,996.395,2199,1119,0
2024-07-16 09:00:00,996.395,996.395,993.085,994.195,2672,1589,0
2024-07-16 10:00:00,994.165,995.765,991.74,992.425,2360,1549,0
2024-07-16 11:00:00,992.435,992.575,989.28,992.575,3227,1349,0
2024-07-16 12:00:00,992.555,994.855,990.87,994.125,1013,1809,0
2024-07-16 13:00:00,993.46,996.6,993.06,995.535,783,1260,0
2024-07-16 14:00:00,995.535,996.135,990.805,993.425,1203,1299,0
2024-07-16 15:00:00,993.36,994.685,979.645,982.275,4085,319,0
2024-07-16 16:00:00,982.195,991.985,980.515,988.985,3699,979,0
2024-07-16 17:00:00,988.685,993.715,984.385,992.725,3041,959,0
2024-07-16 18:00:00,992.775,998.945,991.925,998.715,6889,1009,0
2024-07-16 19:00:00,998.685,999.225,995.105,998.625,4659,1779,0
2024-07-16 20:00:00,998.595,1001.405,997.21,1001.105,2050,1050,0
2024-07-16 21:00:00,1001.155,1003.255,999.65,1003.195,697,1119,0
2024-07-16 22:00:00,1003.255,1003.445,1000.06,1002.535,642,799,0
2024-07-16 23:00:00,1002.535,1003.785,1001.23,1002.69,476,949,0
2024-07-17 01:00:00,1000.07,1005.525,999.96,1004.285,991,1929,0
2024-07-17 02:00:00,1004.285,1004.615,1001.13,1004.315,419,1709,0
2024-07-17 03:00:00,1004.315,1005.025,1001.77,1003.745,603,359,0
2024-07-17 04:00:00,1003.845,1006.335,1002.57,1004.525,3650,1259,0
2024-07-17 05:00:00,1004.635,1005.505,1002.07,1004.585,1566,1629,0
2024-07-17 06:00:00,1004.505,1004.565,1000.57,1002.905,780,639,0
2024-07-17 07:00:00,1001.47,1003.705,1000.42,1002.395,726,1759,0
2024-07-17 08:00:00,1002.335,1003.595,999.55,1002.005,2076,1229,0
2024-07-17 09:00:00,1002.005,1003.125,998.56,1000.865,3486,1079,0
2024-07-17 10:00:00,1000.775,1010.985,998.8,1009.705,1613,989,0
2024-07-17 11:00:00,1009.705,1019.355,1008.39,1019.005,1573,519,0
2024-07-17 12:00:00,1019.085,1022.135,1016.26,1020.785,1686,479,0
2024-07-17 13:00:00,1020.805,1022.785,1018.245,1019.945,2581,1259,0
2024-07-17 14:00:00,1019.915,1022.265,1013.185,1013.495,2849,1339,0
2024-07-17 15:00:00,1013.545,1029.605,1012.915,1027.285,2174,609,0
2024-07-17 16:00:00,1027.285,1028.225,1012.925,1019.085,6045,419,0
2024-07-17 17:00:00,1018.985,1019.325,998.645,999.245,3427,989,0
2024-07-17 18:00:00,999.245,1001.455,995.885,997.665,5544,1009,0
2024-07-17 19:00:00,997.695,999.575,995.925,997.355,4073,329,0
2024-07-17 20:00:00,997.365,998.095,994.825,995.305,1468,669,0
2024-07-17 21:00:00,995.245,996.67,994.025,995.815,956,1060,0
2024-07-17 22:00:00,995.795,997.535,995.33,996.445,2075,1969,0
2024-07-17 23:00:00,996.465,998.665,995.46,997.34,859,1709,0
2024-07-18 01:00:00,996.17,997.755,993.25,996.055,404,2159,0
2024-07-18 02:00:00,995.965,999.745,995.27,999.745,445,2039,0
2024-07-18 03:00:00,999.845,999.845,996.07,997.455,915,649,0
2024-07-18 04:00:00,997.385,1000.145,995.895,998.285,2554,549,0
2024-07-18 05:00:00,998.135,999.105,995.62,998.605,800,629,0
2024-07-18 06:00:00,998.465,1000.065,997.885,999.745,698,1339,0
2024-07-18 07:00:00,999.865,1002.255,998.66,999.715,1377,319,0
2024-07-18 08:00:00,999.735,1002.175,998.675,999.385,1283,319,0
2024-07-18 09:00:00,999.395,1005.705,998.72,1005.585,846,1319,0
2024-07-18 10:00:00,1005.505,1010.755,1003.86,1009.055,865,1749,0
2024-07-18 11:00:00,1009.055,1010.675,1005.545,1005.925,884,1369,0
2024-07-18 12:00:00,1005.915,1006.605,1003.16,1003.255,563,1300,0
2024-07-18 13:00:00,1003.235,1003.885,999.975,1002.465,2395,979,0
2024-07-18 14:00:00,1002.485,1002.555,994.785,997.965,2285,889,0
2024-07-18 15:00:00,997.935,998.865,991.215,993.565,4819,399,0
2024-07-18 16:00:00,993.585,999.025,991.045,992.195,2871,479,0
2024-07-18 17:00:00,992.195,993.995,984.875,987.625,3860,859,0
2024-07-18 18:00:00,987.645,988.715,976.765,977.705,4197,519,0
2024-07-18 19:00:00,977.645,981.435,973.975,977.015,1855,809,0
2024-07-18 20:00:00,976.945,978.115,973.425,976.865,2058,749,0
2024-07-18 21:00:00,976.935,976.935,969.94,971.305,1027,1669,0
2024-07-18 22:00:00,971.315,971.745,964.5,970.145,1042,649,0
2024-07-18 23:00:00,970.215,971.865,968.66,970.71,359,809,0
2024-07-19 01:00:00,970.44,972.775,969.7,970.285,519,2069,0
2024-07-19 02:00:00,970.215,971.545,967.475,967.475,371,1709,0
2024-07-19 03:00:00,967.475,967.635,961.42,966.415,1084,1349,0
2024-07-19 04:00:00,966.365,966.555,962.415,965.735,1906,1359,0
2024-07-19 05:00:00,965.745,970.545,964.595,967.585,4560,409,0
2024-07-19 06:00:00,967.535,970.625,967.505,968.795,2467,729,0
2024-07-19 07:00:00,968.785,970.765,967.4,969.165,2441,349,0
2024-07-19 08:00:00,969.165,969.685,964.385,965.245,4038,649,0
2024-07-19 09:00:00,965.245,968.675,963.545,965.585,3103,379,0
2024-07-19 10:00:00,965.655,968.795,963.555,967.925,1583,1429,0
2024-07-19 11:00:00,967.925,970.135,964.67,965.405,1106,1659,0
2024-07-19 12:00:00,965.365,966.105,961.235,964.075,821,1240,0
2024-07-19 13:00:00,963.955,964.735,960.78,961.645,808,1300,0
2024-07-19 14:00:00,961.645,962.145,956.695,957.445,1073,1609,0
2024-07-19 15:00:00,957.445,964.115,954.315,959.985,2179,1200,0
2024-07-19 16:00:00,959.895,968.535,958.115,966.535,3568,1039,0
2024-07-19 17:00:00,966.635,969.515,962.825,966.415,2543,1019,0
2024-07-19 18:00:00,966.395,969.345,962.47,966.935,1517,990,0
2024-07-19 19:00:00,967.135,968.405,962.85,964.635,1096,1030,0
2024-07-19 20:00:00,964.635,966.195,962.46,964.595,953,1180,0
2024-07-19 21:00:00,964.545,965.175,962.85,964.375,921,1040,0
2024-07-19 22:00:00,964.425,967.855,963.44,965.74,1635,1160,0
2024-07-19 23:00:00,965.66,966.765,962.54,963.73,341,1609,0
2024-07-22 01:00:00,965.24,972.055,964.605,971.825,565,1609,0
2024-07-22 02:00:00,971.615,974.335,970.66,973.325,1094,509,0
2024-07-22 03:00:00,973.255,973.255,968.365,969.535,1292,479,0
2024-07-22 04:00:00,969.505,972.385,964.55,965.505,1378,479,0
2024-07-22 05:00:00,965.455,966.135,962.47,964.565,1899,689,0
2024-07-22 06:00:00,964.565,966.535,963.11,964.885,1562,899,0
2024-07-22 07:00:00,964.885,964.99,962.54,964.105,1745,1579,0
2024-07-22 08:00:00,964.125,965.235,958.585,959.145,2180,1539,0
2024-07-22 09:00:00,959.145,965.405,958.295,962.285,2754,1139,0
2024-07-22 10:00:00,962.285,964.135,959.785,961.335,1559,1079,0
2024-07-22 11:00:00,961.335,964.435,959.615,960.665,2460,669,0
2024-07-22 12:00:00,960.745,961.465,955.55,957.335,1410,819,0
2024-07-22 13:00:00,957.335,959.035,954.75,955.785,885,1119,0
2024-07-22 14:00:00,955.785,957.255,952.95,954.45,979,1459,0
2024-07-22 15:00:00,954.53,955.45,943.445,943.735,2382,899,0
2024-07-22 16:00:00,943.835,948.485,942.215,943.425,2112,1479,0
2024-07-22 17:00:00,943.345,947.845,942.835,945.905,2106,1209,0
2024-07-22 18:00:00,945.925,950.695,942.295,948.905,1563,1099,0
2024-07-22 19:00:00,948.945,949.855,946.62,948.755,1153,1079,0
2024-07-22 20:00:00,948.805,949.735,946.24,949.605,787,1169,0
2024-07-22 21:00:00,949.615,951.135,947.65,950.335,676,1469,0
2024-07-22 22:00:00,950.335,952.235,949.55,951.835,645,1409,0
2024-07-22 23:00:00,951.835,952.135,948.77,949.04,383,1239,0
2024-07-23 01:00:00,947.51,949.825,946.68,948.495,840,2369,0
2024-07-23 02:00:00,948.495,949.185,946.79,948.615,591,2229,0
2024-07-23 03:00:00,948.615,949.805,946.42,948.895,1257,1689,0
2024-07-23 04:00:00,948.975,952.985,948.255,951.855,4224,879,0
2024-07-23 05:00:00,951.785,953.685,950.09,951.835,4060,629,0
2024-07-23 06:00:00,951.915,953.125,949.57,952.155,896,499,0
2024-07-23 07:00:00,952.165,952.505,950.07,950.535,2720,899,0
2024-07-23 08:00:00,950.535,951.625,946.83,947.935,1216,449,0
2024-07-23 09:00:00,948.025,948.085,944.91,945.775,1024,1560,0
2024-07-23 10:00:00,945.885,950.145,944.77,949.305,1845,319,0
2024-07-23 11:00:00,949.385,949.915,946.18,946.18,1138,1220,0
2024-07-23 12:00:00,947.145,953.295,946.26,952.205,960,989,0
2024-07-23 13:00:00,952.175,958.825,951.395,957.585,1459,839,0
2024-07-23 14:00:00,957.585,959.845,954.285,955.885,904,1160,0
2024-07-23 15:00:00,955.985,956.885,948.685,949.085,1385,1049,0
2024-07-23 16:00:00,949.085,951.885,944.435,945.075,2625,1199,0
2024-07-23 17:00:00,945.075,949.645,943.255,944.445,3123,429,0
2024-07-23 18:00:00,944.475,951.685,943.25,950.245,1665,569,0
2024-07-23 19:00:00,950.075,951.035,947.42,948.285,931,869,0
2024-07-23 20:00:00,948.215,949.505,946.52,948.525,740,859,0
2024-07-23 21:00:00,948.575,949.295,947.38,949.295,568,1109,0
2024-07-23 22:00:00,949.215,950.805,947.66,948.645,454,1010,0
2024-07-23 23:00:00,948.605,949.285,946.34,947.44,374,1409,0
2024-07-24 01:00:00,945.55,948.745,944.45,947.955,900,1279,0
2024-07-24 02:00:00,947.785,948.955,945.34,945.925,954,939,0
2024-07-24 03:00:00,945.925,946.445,943.54,945.345,686,1259,0
2024-07-24 04:00:00,945.345,946.005,943.7,944.555,3141,729,0
2024-07-24 05:00:00,944.565,947.315,943.705,945.425,1446,1499,0
2024-07-24 06:00:00,945.525,948.195,944.63,947.705,802,1049,0
2024-07-24 07:00:00,947.755,948.125,944.14,946.655,1434,879,0
2024-07-24 08:00:00,946.655,947.405,942.85,945.745,1363,1439,0
2024-07-24 09:00:00,945.725,952.445,945.535,951.805,1196,1649,0
2024-07-24 10:00:00,951.715,961.135,950.195,960.245,1752,1329,0
2024-07-24 11:00:00,960.245,961.045,956.335,957.435,1303,899,0
2024-07-24 12:00:00,957.535,959.425,953.145,959.115,840,1529,0
2024-07-24 13:00:00,959.175,962.115,958.16,959.635,743,969,0
2024-07-24 14:00:00,959.635,962.345,957.79,961.965,1273,819,0
2024-07-24 15:00:00,962.205,964.055,958.365,961.545,3370,659,0
2024-07-24 16:00:00,961.345,962.545,954.045,955.535,2669,1179,0
2024-07-24 17:00:00,955.535,959.905,955.155,959.035,2276,889,0
2024-07-24 18:00:00,959.095,963.855,956.4,959.625,1535,1139,0
2024-07-24 19:00:00,959.575,960.865,958.76,960.105,1979,1100,0
2024-07-24 20:00:00,960.155,960.7,954.66,955.125,1244,1100,0
2024-07-24 21:00:00,955.125,955.225,951.435,952.705,1008,1100,0
2024-07-24 22:00:00,952.625,952.875,949.96,951.465,780,1200,0
2024-07-24 23:00:00,951.465,952.525,949.02,949.82,675,1289,0
2024-07-25 01:00:00,951.14,951.725,947.155,949.365,390,1549,0
2024-07-25 02:00:00,949.455,949.875,947.73,948.385,371,1499,0
2024-07-25 03:00:00,948.385,948.505,945.42,946.27,703,1079,0
2024-07-25 04:00:00,946.24,950.595,941.805,943.735,3933,309,0
2024-07-25 05:00:00,943.625,945.635,938.025,939.525,2660,319,0
2024-07-25 06:00:00,939.575,943.145,937.41,941.425,2623,379,0
2024-07-25 07:00:00,941.365,944.755,938.88,940.955,1220,489,0
2024-07-25 08:00:00,940.855,944.035,938.51,940.735,2015,919,0
2024-07-25 09:00:00,940.785,942.665,937.37,938.605,1178,1320,0
2024-07-25 10:00:00,938.605,941.445,936.29,940.815,2508,1269,0
2024-07-25 11:00:00,940.865,945.065,939.93,940.405,1060,1649,0
2024-07-25 12:00:00,940.405,940.555,932.15,935.275,1026,959,0
2024-07-25 13:00:00,935.275,938.445,933.535,937.925,788,1449,0
2024-07-25 14:00:00,937.925,940.245,934.46,934.515,957,1249,0
2024-07-25 15:00:00,934.435,934.845,929.315,932.225,2931,1130,0
2024-07-25 16:00:00,932.315,939.755,931.185,936.235,4108,969,0
2024-07-25 17:00:00,936.135,940.685,933.65,938.455,3117,1059,0
2024-07-25 18:00:00,938.355,940.045,934.475,936.635,3281,1689,0
2024-07-25 19:00:00,936.535,939.775,935.225,938.105,2929,1109,0
2024-07-25 20:00:00,938.185,939.335,935.585,937.665,2566,1269,0
2024-07-25 21:00:00,937.655,938.385,935.86,936.535,2554,1100,0
2024-07-25 22:00:00,936.465,940.145,935.285,937.725,1689,1220,0
2024-07-25 23:00:00,937.805,937.905,934.035,936.1,514,1350,0
2024-07-26 01:00:00,934.04,935.735,932.75,934.605,385,2399,0
2024-07-26 02:00:00,933.72,936.495,933.72,935.545,418,2139,0
2024-07-26 03:00:00,935.545,937.08,934.56,935.235,935,1780,0
2024-07-26 04:00:00,935.235,941.515,932.835,941.275,1558,1969,0
2024-07-26 05:00:00,941.345,941.875,939.36,939.935,882,1649,0
2024-07-26 06:00:00,939.885,941.565,938.76,939.445,751,1900,0
2024-07-26 07:00:00,939.495,940.705,938.76,939.445,507,2100,0
2024-07-26 08:00:00,939.395,942.885,937.86,941.115,1625,319,0
2024-07-26 09:00:00,941.085,941.445,934.64,934.835,832,1320,0
2024-07-26 10:00:00,934.915,935.955,931.74,934.215,897,1249,0
2024-07-26 11:00:00,934.265,935.975,932.49,934.475,705,1600,0
2024-07-26 12:00:00,934.325,937.755,931.69,935.975,762,929,0
2024-07-26 13:00:00,936.025,936.295,932.415,932.415,708,1320,0
2024-07-26 14:00:00,932.16,933.7,930.18,932.005,657,1300,0
2024-07-26 15:00:00,931.925,936.165,928.065,935.685,3368,1119,0
2024-07-26 16:00:00,935.865,937.015,931.875,931.975,3140,599,0
2024-07-26 17:00:00,932.035,935.585,927.415,930.355,3060,849,0
2024-07-26 18:00:00,930.295,935.995,929.955,934.945,1479,1200,0
2024-07-26 19:00:00,934.895,938.635,933.74,938.535,939,1100,0
2024-07-26 20:00:00,938.535,939.035,933.76,935.225,1690,1090,0
2024-07-26 21:00:00,935.245,936.705,934.06,935.015,1839,1509,0
2024-07-26 22:00:00,935.035,939.835,934.01,938.895,1682,309,0
2024-07-26 23:00:00,938.845,940.605,936.68,937.64,1098,1919,0
2024-07-29 01:00:00,933.18,943.675,933.18,941.965,2247,1859,0
2024-07-29 02:00:00,941.965,943.535,940.18,941.845,435,1669,0
2024-07-29 03:00:00,941.845,946.265,941.685,945.855,704,1079,0
2024-07-29 04:00:00,945.855,946.845,940.77,943.565,1404,829,0
2024-07-29 05:00:00,943.505,945.385,941.13,942.935,782,1319,0
2024-07-29 06:00:00,942.955,946.975,940.98,946.095,1130,839,0
2024-07-29 07:00:00,946.095,947.455,943.75,945.515,549,769,0
2024-07-29 08:00:00,945.575,947.605,944.01,945.895,977,779,0
2024-07-29 09:00:00,945.925,947.555,943.56,945.205,1205,1179,0
2024-07-29 10:00:00,945.135,947.755,942.855,945.475,2412,899,0
2024-07-29 11:00:00,945.395,946.035,940.945,944.155,1876,999,0
2024-07-29 12:00:00,944.055,949.2,943.135,948.315,986,1300,0
2024-07-29 13:00:00,948.175,948.7,945.26,946.165,1088,1300,0
2024-07-29 14:00:00,946.155,946.255,942.76,944.815,1332,1300,0
2024-07-29 15:00:00,944.955,947.605,943.33,944.425,2500,1070,0
2024-07-29 16:00:00,944.425,951.225,941.805,950.325,4801,669,0
2024-07-29 17:00:00,950.325,955.165,946.825,950.455,3992,309,0
2024-07-29 18:00:00,950.385,952.705,946.975,951.355,3770,469,0
2024-07-29 19:00:00,951.375,951.675,948.475,950.185,4158,829,0
2024-07-29 20:00:00,950.215,953.915,949.015,952.895,3637,939,0
2024-07-29 21:00:00,952.925,953.51,951.545,952.335,2380,1110,0
2024-07-29 22:00:00,952.355,953.345,951.755,952.195,2128,1389,0
2024-07-29 23:00:00,952.205,953.0,950.39,951.19,551,1110,0
2024-07-30 01:00:00,950.18,952.89,950.18,952.615,278,1720,0
2024-07-30 02:00:00,952.45,953.75,950.02,950.455,256,1720,0
2024-07-30 03:00:00,950.585,952.14,949.26,950.96,454,1720,0
2024-07-30 04:00:00,951.135,951.335,947.16,948.885,1034,1720,0
2024-07-30 05:00:00,948.955,950.605,946.95,949.285,799,1890,0
2024-07-30 06:00:00,949.355,952.34,948.26,951.515,679,1720,0
2024-07-30 07:00:00,951.605,954.92,951.4,953.24,407,1720,0
2024-07-30 08:00:00,954.295,956.54,951.255,952.495,713,1720,0
2024-07-30 09:00:00,952.435,953.495,949.235,952.995,1009,1300,0
2024-07-30 10:00:00,952.895,956.4,951.675,952.655,1003,1300,0
2024-07-30 11:00:00,952.545,958.255,950.96,953.315,949,1310,0
2024-07-30 12:00:00,953.245,956.465,951.56,954.645,711,1349,0
2024-07-30 13:00:00,954.545,957.665,953.225,954.325,682,1300,0
2024-07-30 14:00:00,954.435,954.845,950.245,951.745,552,1189,0
2024-07-30 15:00:00,951.845,957.935,948.665,954.445,1546,1159,0
2024-07-30 16:00:00,954.545,959.815,953.935,955.545,2104,1509,0
2024-07-30 17:00:00,954.515,961.525,953.245,957.705,3019,1609,0
2024-07-30 18:00:00,957.655,960.645,954.76,955.645,1412,1099,0
2024-07-30 19:00:00,955.645,962.485,955.06,960.785,1078,1269,0
2024-07-30 20:00:00,960.835,965.265,960.705,963.995,1231,1400,0
2024-07-30 21:00:00,963.945,964.155,960.86,962.075,702,1300,0
2024-07-30 22:00:00,962.055,963.045,960.46,961.325,593,1200,0
2024-07-30 23:00:00,961.235,962.625,960.05,960.69,655,1400,0
2024-07-31 01:00:00,953.07,964.235,953.02,963.485,263,2439,0
2024-07-31 02:00:00,963.675,967.285,962.13,964.895,315,1979,0
2024-07-31 03:00:00,964.805,965.425,962.13,964.105,571,1979,0
2024-07-31 04:00:00,964.165,968.215,962.36,965.805,1380,1979,0
2024-07-31 05:00:00,965.695,967.405,963.855,967.245,953,1789,0
2024-07-31 06:00:00,967.185,969.075,965.66,968.595,731,1609,0
2024-07-31 07:00:00,968.495,970.025,966.66,968.575,685,1609,0
2024-07-31 08:00:00,968.655,968.995,966.34,968.265,704,1609,0
2024-07-31 09:00:00,968.305,971.075,967.06,969.36,1019,1520,0
2024-07-31 10:00:00,969.36,972.915,968.79,971.245,888,709,0
2024-07-31 11:00:00,970.945,970.945,964.26,968.46,867,959,0
2024-07-31 12:00:00,968.39,969.225,966.56,968.825,830,1320,0
2024-07-31 13:00:00,968.585,969.505,964.86,969.345,633,1600,0
2024-07-31 14:00:00,969.7,971.855,967.36,969.185,771,1300,0
2024-07-31 15:00:00,969.245,975.635,964.885,974.135,1850,1500,0
2024-07-31 16:00:00,974.175,976.295,970.615,972.745,2462,1909,0
2024-07-31 17:00:00,972.745,980.285,970.215,977.485,2658,1300,0
2024-07-31 18:00:00,977.535,978.105,972.335,974.745,1550,1200,0
2024-07-31 19:00:00,974.46,976.16,973.245,975.945,1017,1200,0
2024-07-31 20:00:00,975.925,978.525,967.085,969.845,874,1200,0
2024-07-31 21:00:00,969.945,978.315,969.945,977.115,2805,2359,0
2024-07-31 22:00:00,976.965,980.325,976.46,978.145,2024,1100,0
2024-07-31 23:00:00,978.195,979.005,974.96,977.31,685,1200,0
2024-08-01 01:00:00,974.23,980.135,974.23,978.825,1803,1510,0
2024-08-01 02:00:00,978.855,979.365,976.66,978.085,911,1699,0
2024-08-01 03:00:00,978.075,978.835,975.56,976.295,2489,419,0
2024-08-01 04:00:00,976.255,979.765,975.585,976.435,4624,459,0
2024-08-01 05:00:00,976.335,976.935,973.05,974.905,3026,359,0
2024-08-01 06:00:00,974.875,976.235,973.24,974.635,1580,1289,0
2024-08-01 07:00:00,974.64,976.935,973.02,974.745,719,1179,0
2024-08-01 08:00:00,973.56,976.535,972.72,975.235,1803,819,0
2024-08-01 09:00:00,975.235,975.435,971.22,972.145,1583,1129,0
2024-08-01 10:00:00,972.145,974.715,969.055,969.515,2724,1079,0
2024-08-01 11:00:00,969.525,969.635,963.8,965.915,2864,1199,0
2024-08-01 12:00:00,965.815,967.975,963.09,965.995,770,1480,0
2024-08-01 13:00:00,965.815,969.175,965.16,968.875,961,1590,0
2024-08-01 14:00:00,968.935,974.535,967.65,973.485,1350,1370,0
2024-08-01 15:00:00,973.615,976.135,971.245,973.145,3649,1019,0
2024-08-01 16:00:00,973.145,976.485,968.865,971.755,3343,989,0
2024-08-01 17:00:00,972.705,976.305,964.255,965.625,5059,1309,0
2024-08-01 18:00:00,965.575,968.465,960.995,965.305,9440,1139,0
2024-08-01 19:00:00,965.335,967.625,962.185,963.505,7435,1019,0
2024-08-01 20:00:00,963.485,964.535,961.705,963.585,5944,569,0
2024-08-01 21:00:00,963.565,964.4,959.685,962.315,4365,479,0
2024-08-01 22:00:00,962.305,963.76,961.16,963.025,3538,669,0
2024-08-01 23:00:00,963.035,963.585,960.13,962.13,2006,929,0
2024-08-02 01:00:00,961.39,964.425,959.35,960.335,562,1619,0
2024-08-02 02:00:00,960.435,962.135,957.85,958.935,513,1409,0
2024-08-02 03:00:00,959.235,961.07,957.85,959.055,1153,1660,0
2024-08-02 04:00:00,959.015,967.235,957.235,965.635,2417,1579,0
2024-08-02 05:00:00,965.635,966.635,963.415,966.015,1534,1660,0
2024-08-02 06:00:00,965.995,968.265,965.695,967.065,1004,589,0
2024-08-02 07:00:00,967.065,970.77,966.305,969.17,916,929,0
2024-08-02 08:00:00,969.23,971.335,966.15,971.095,1013,979,0
2024-08-02 09:00:00,971.125,975.435,969.51,974.535,1410,1359,0
2024-08-02 10:00:00,974.535,976.035,972.0,974.845,1500,1199,0
2024-08-02 11:00:00,974.745,975.945,971.35,973.035,866,1109,0
2024-08-02 12:00:00,973.075,976.135,971.95,973.235,1578,1219,0
2024-08-02 13:00:00,973.235,973.325,969.135,970.125,2102,1079,0
2024-08-02 14:00:00,970.225,972.775,966.835,968.565,3096,1099,0
2024-08-02 15:00:00,968.605,975.645,965.535,973.605,2560,319,0
2024-08-02 16:00:00,973.545,974.355,966.905,968.645,3985,1150,0
2024-08-02 17:00:00,968.645,970.545,954.245,955.445,6354,309,0
2024-08-02 18:00:00,955.445,964.715,952.845,964.405,12058,1359,0
2024-08-02 19:00:00,964.405,965.405,959.685,960.035,3000,509,0
2024-08-02 20:00:00,960.065,960.425,957.56,958.585,1077,1200,0
2024-08-02 21:00:00,958.505,961.545,957.945,959.005,961,1400,0
2024-08-02 22:00:00,959.075,960.5,957.26,957.675,871,1200,0
2024-08-02 23:00:00,957.675,958.3,953.87,956.39,658,1230,0
2024-08-05 01:00:00,954.73,959.005,954.38,958.805,1753,2219,0
2024-08-05 02:00:00,958.805,958.935,951.36,952.475,1343,1089,0
2024-08-05 03:00:00,952.475,952.475,943.975,945.715,2239,419,0
2024-08-05 04:00:00,945.615,952.135,944.575,949.285,6056,1399,0
2024-08-05 05:00:00,949.295,953.675,945.795,953.375,8300,309,0
2024-08-05 06:00:00,953.375,956.285,951.015,954.675,8069,309,0
2024-08-05 07:00:00,954.675,957.555,948.665,949.925,3705,309,0
2024-08-05 08:00:00,949.975,951.885,935.555,937.185,5721,449,0
2024-08-05 09:00:00,936.395,937.385,931.145,932.425,4504,849,0
2024-08-05 10:00:00,932.425,941.125,931.025,932.605,4851,899,0
2024-08-05 11:00:00,932.675,933.335,923.745,925.915,4179,559,0
2024-08-05 12:00:00,925.915,927.61,922.375,924.545,2730,1370,0
2024-08-05 13:00:00,924.545,925.91,919.345,919.755,1413,1320,0
2024-08-05 14:00:00,919.755,922.895,915.545,915.965,5198,329,0
2024-08-05 15:00:00,914.715,917.835,907.215,907.745,5563,1019,0
2024-08-05 16:00:00,907.745,921.065,907.745,915.785,8811,379,0
2024-08-05 17:00:00,915.535,922.315,914.475,916.745,10626,1019,0
2024-08-05 18:00:00,916.745,924.255,915.945,916.635,6130,1319,0
2024-08-05 19:00:00,916.595,918.765,906.885,907.625,4492,1649,0
2024-08-05 20:00:00,907.525,913.3,907.06,910.975,1930,1459,0
2024-08-05 21:00:00,910.895,913.1,909.795,909.915,1671,1410,0
2024-08-05 22:00:00,910.085,913.4,909.285,912.135,1291,1340,0
2024-08-05 23:00:00,912.005,914.3,910.45,911.74,743,1400,0
2024-08-06 01:00:00,912.76,915.165,911.805,914.895,859,1529,0
2024-08-06 02:00:00,914.915,916.365,913.3,915.155,1543,1349,0
2024-08-06 03:00:00,915.215,921.235,914.135,921.235,1990,899,0
2024-08-06 04:00:00,921.335,921.795,913.735,915.425,1626,1609,0
2024-08-06 05:00:00,915.375,916.965,912.285,916.965,1890,719,0
2024-08-06 06:00:00,916.505,920.695,914.735,916.46,4977,349,0
2024-08-06 07:00:00,916.585,918.695,914.195,915.925,3721,509,0
2024-08-06 08:00:00,915.965,916.985,911.185,911.885,5632,329,0
2024-08-06 09:00:00,911.885,920.095,910.515,916.895,6979,309,0
2024-08-06 10:00:00,916.875,921.175,914.925,917.725,6047,699,0
2024-08-06 11:00:00,917.885,918.775,914.935,915.425,4491,779,0
2024-08-06 12:00:00,915.245,916.845,911.245,915.465,2432,809,0
2024-08-06 13:00:00,915.365,917.095,912.395,914.635,1329,309,0
2024-08-06 14:00:00,914.685,916.065,910.53,913.685,2277,369,0
2024-08-06 15:00:00,913.635,918.305,908.185,908.785,4538,1229,0
2024-08-06 16:00:00,908.665,918.375,908.625,916.485,9129,349,0
2024-08-06 17:00:00,916.535,926.475,915.145,923.355,9999,319,0
2024-08-06 18:00:00,923.365,923.985,913.835,917.605,7739,1599,0
2024-08-06 19:00:00,917.605,918.645,915.565,917.105,5785,1609,0
2024-08-06 20:00:00,917.095,917.515,911.985,916.075,4685,1879,0
2024-08-06 21:00:00,916.085,918.515,915.695,916.025,3089,2009,0
2024-08-06 22:00:00,916.065,916.505,913.695,916.205,4617,1090,0
2024-08-06 23:00:00,916.275,916.595,913.35,913.48,1775,1059,0
2024-08-07 01:00:00,913.64,915.135,911.96,914.275,785,1069,0
2024-08-07 02:00:00,914.365,914.815,909.22,911.915,1071,669,0
2024-08-07 03:00:00,911.905,916.565,910.935,914.145,2819,419,0
2024-08-07 04:00:00,914.175,916.035,910.835,915.835,3485,1489,0
2024-08-07 05:00:00,915.835,917.425,911.595,917.275,6120,1379,0
2024-08-07 06:00:00,917.275,919.955,915.525,919.435,3247,459,0
2024-08-07 07:00:00,919.535,923.835,918.935,921.76,1601,959,0
2024-08-07 08:00:00,922.635,924.135,919.305,921.535,1700,1519,0
2024-08-07 09:00:00,921.535,922.625,919.625,921.775,1563,1179,0
2024-08-07 10:00:00,921.775,921.865,917.385,921.005,3432,579,0
2024-08-07 11:00:00,921.065,921.635,918.515,919.435,2847,679,0
2024-08-07 12:00:00,919.405,922.485,918.035,920.685,1629,1290,0
2024-08-07 13:00:00,920.685,920.885,917.75,920.285,2001,989,0
2024-08-07 14:00:00,920.385,926.925,919.38,925.745,2290,1009,0
2024-08-07 15:00:00,925.745,932.185,924.215,931.275,4073,1009,0
2024-08-07 16:00:00,931.375,932.405,920.045,922.845,4034,1370,0
2024-08-07 17:00:00,922.945,930.365,918.745,928.085,5951,679,0
2024-08-07 18:00:00,928.045,932.015,924.645,927.235,3755,919,0
2024-08-07 19:00:00,927.215,927.655,923.8,924.125,4264,519,0
2024-08-07 20:00:00,924.035,925.025,919.395,919.455,3794,1140,0
2024-08-07 21:00:00,919.445,919.735,915.18,916.325,3450,919,0
2024-08-07 22:00:00,916.295,919.475,916.295,918.435,3144,1149,0
2024-08-07 23:00:00,918.495,919.2,915.615,916.68,1250,1300,0
2024-08-08 01:00:00,915.95,919.4,913.715,917.195,792,1520,0
2024-08-08 02:00:00,917.195,918.76,915.8,917.915,774,1699,0
2024-08-08 03:00:00,917.905,920.125,917.095,917.805,2100,1729,0
2024-08-08 04:00:00,917.805,921.195,916.495,917.155,4932,1319,0
2024-08-08 05:00:00,917.155,921.715,916.715,920.885,3869,1279,0
2024-08-08 06:00:00,920.985,925.155,919.625,923.905,3564,889,0
2024-08-08 07:00:00,923.925,925.255,923.165,924.655,2955,819,0
2024-08-08 08:00:00,924.675,927.815,923.465,926.145,5628,419,0
2024-08-08 09:00:00,926.145,928.535,924.145,926.685,4283,559,0
2024-08-08 10:00:00,926.685,927.475,922.37,926.165,4717,949,0
2024-08-08 11:00:00,926.255,927.895,923.13,924.665,3691,1009,0
2024-08-08 12:00:00,924.655,925.6,920.46,921.475,1806,1400,0
2024-08-08 13:00:00,921.325,923.385,920.3,921.985,1450,1079,0
2024-08-08 14:00:00,921.985,923.085,916.8,919.385,1524,1569,0
2024-08-08 15:00:00,919.485,923.385,916.985,922.185,2949,1200,0
2024-08-08 16:00:00,922.285,931.185,920.485,931.145,5255,1269,0
2024-08-08 17:00:00,931.135,935.485,930.075,934.225,6531,729,0
2024-08-08 18:00:00,934.235,936.335,932.275,933.175,5369,1259,0
2024-08-08 19:00:00,933.145,934.375,931.165,933.775,5293,1519,0
2024-08-08 20:00:00,933.805,936.835,932.835,935.075,4822,1150,0
2024-08-08 21:00:00,935.095,936.525,934.18,936.035,2935,1129,0
2024-08-08 22:00:00,936.035,938.345,934.79,935.235,3812,1209,0
2024-08-08 23:00:00,935.285,936.495,934.62,935.79,1362,1659,0
2024-08-09 01:00:00,935.4,939.245,935.095,936.83,773,819,0
2024-08-09 02:00:00,936.83,939.175,936.68,938.875,416,1719,0
2024-08-09 03:00:00,938.875,939.305,936.32,939.035,809,479,0
2024-08-09 04:00:00,939.035,942.895,937.875,941.955,1483,1609,0
2024-08-09 05:00:00,941.875,942.865,939.81,941.215,819,1599,0
2024-08-09 06:00:00,941.165,941.565,937.76,940.095,715,719,0
2024-08-09 07:00:00,940.075,940.485,936.81,937.455,473,979,0
2024-08-09 08:00:00,937.455,937.495,934.465,935.165,1001,1019,0
2024-08-09 09:00:00,935.135,936.565,933.45,936.175,882,889,0
2024-08-09 10:00:00,936.225,939.085,931.38,932.655,963,1389,0
2024-08-09 11:00:00,932.695,935.025,930.06,932.625,1125,1049,0
2024-08-09 12:00:00,932.625,933.365,929.385,930.595,752,1579,0
2024-08-09 13:00:00,930.595,931.105,927.16,930.435,774,1789,0
2024-08-09 14:00:00,930.435,931.755,925.795,927.195,1002,1399,0
2024-08-09 15:00:00,927.195,927.195,922.545,925.325,1482,1269,0
2024-08-09 16:00:00,925.325,929.145,921.615,925.505,5916,1029,0
2024-08-09 17:00:00,925.485,929.575,924.635,926.785,8156,1159,0
2024-08-09 18:00:00,926.745,928.365,923.245,924.86,4457,1300,0
2024-08-09 19:00:00,924.86,926.145,921.385,922.745,1293,839,0
2024-08-09 20:00:00,922.655,926.2,922.565,922.695,1357,1069,0
2024-08-09 21:00:00,922.765,923.4,920.73,921.645,1659,1300,0
2024-08-09 22:00:00,921.545,924.01,920.775,923.345,512,2309,0
2024-08-09 23:00:00,923.345,925.14,922.935,923.79,424,2229,0
2024-08-12 01:00:00,924.6,926.955,923.155,924.255,562,1749,0
2024-08-12 02:00:00,924.255,924.305,921.935,922.735,445,1570,0
2024-08-12 03:00:00,922.795,926.495,922.045,924.225,1054,1339,0
2024-08-12 04:00:00,924.055,926.655,923.075,923.775,2445,1079,0
2024-08-12 05:00:00,923.685,925.095,922.785,924.325,1580,849,0
2024-08-12 06:00:00,924.325,924.845,920.365,921.945,1090,1109,0
2024-08-12 07:00:00,921.945,926.055,921.11,925.425,1574,319,0
2024-08-12 08:00:00,925.435,927.925,924.33,927.605,1885,309,0
2024-08-12 09:00:00,927.605,932.965,926.815,931.895,2396,319,0
2024-08-12 10:00:00,931.905,937.935,931.575,937.825,1950,819,0
2024-08-12 11:00:00,937.905,941.605,937.055,939.56,1675,439,0
2024-08-12 12:00:00,939.475,940.745,937.94,939.045,487,1280,0
2024-08-12 13:00:00,939.145,940.045,937.21,938.645,426,1280,0
2024-08-12 14:00:00,938.645,939.945,935.14,936.635,494,2109,0
2024-08-12 15:00:00,936.635,939.805,936.445,939.585,2478,929,0
2024-08-12 16:00:00,939.635,948.275,937.055,944.035,4221,399,0
2024-08-12 17:00:00,944.085,945.595,939.545,945.345,3114,309,0
2024-08-12 18:00:00,945.375,949.405,938.885,941.635,2338,769,0
2024-08-12 19:00:00,941.635,942.735,937.745,939.385,1269,1150,0
2024-08-12 20:00:00,939.385,942.195,938.115,941.445,1065,1659,0
2024-08-12 21:00:00,941.505,943.175,940.26,941.36,625,1300,0
2024-08-12 22:00:00,941.775,944.065,941.16,943.125,422,1429,0
2024-08-12 23:00:00,943.055,943.215,941.06,942.18,332,1400,0
2024-08-13 01:00:00,939.47,943.335,939.47,942.355,299,2429,0
2024-08-13 02:00:00,942.36,943.195,941.46,942.255,231,1349,0
2024-08-13 03:00:00,942.255,943.085,937.31,939.905,614,569,0
2024-08-13 04:00:00,939.835,941.555,936.88,937.365,1026,599,0
2024-08-13 05:00:00,937.365,938.835,935.27,936.495,558,1249,0
2024-08-13 06:00:00,936.495,938.575,935.36,938.155,495,1539,0
2024-08-13 07:00:00,938.155,938.545,935.66,937.375,381,1159,0
2024-08-13 08:00:00,937.375,937.665,934.79,936.465,755,639,0
2024-08-13 09:00:00,936.475,939.905,933.55,938.355,765,1599,0
2024-08-13 10:00:00,938.355,940.445,936.35,938.355,794,1729,0
2024-08-13 11:00:00,938.465,938.475,934.96,936.945,483,1460,0
2024-08-13 12:00:00,936.945,937.855,934.545,937.045,331,1369,0
2024-08-13 13:00:00,936.845,937.045,932.545,933.645,467,1529,0
2024-08-13 14:00:00,933.645,936.045,933.16,935.245,469,1749,0
2024-08-13 15:00:00,935.245,940.275,932.545,939.335,1486,1349,0
2024-08-13 16:00:00,939.335,940.275,933.615,935.965,3425,1589,0
2024-08-13 17:00:00,936.035,939.585,932.86,937.045,3690,1539,0
2024-08-13 18:00:00,937.045,938.395,935.145,936.105,1163,1469,0
2024-08-13 19:00:00,936.145,939.845,935.02,939.845,1448,1150,0
2024-08-13 20:00:00,939.865,941.145,937.66,939.945,553,1400,0
2024-08-13 21:00:00,939.945,942.765,939.16,940.555,1029,1300,0
2024-08-13 22:00:00,940.545,941.435,937.87,939.905,1017,1150,0
2024-08-13 23:00:00,939.905,940.625,937.84,940.09,490,1350,0
2024-08-14 01:00:00,939.48,940.335,937.02,938.855,270,1770,0
2024-08-14 02:00:00,937.72,939.465,936.97,938.705,256,2709,0
2024-08-14 03:00:00,938.735,941.625,937.77,940.325,571,1570,0
2024-08-14 04:00:00,940.275,942.635,937.21,938.495,955,1349,0
2024-08-14 05:00:00,938.605,938.605,932.55,934.985,1037,1649,0
2024-08-14 06:00:00,934.885,935.185,932.5,933.895,543,1399,0
2024-08-14 07:00:00,933.885,935.585,932.8,934.585,506,1379,0
2024-08-14 08:00:00,934.575,934.995,930.74,932.325,905,1099,0
2024-08-14 09:00:00,932.325,934.415,931.54,933.705,1047,1349,0
2024-08-14 10:00:00,933.805,935.215,932.82,933.715,799,1289,0
2024-08-14 11:00:00,933.615,941.315,933.615,941.215,1173,1589,0
2024-08-14 12:00:00,940.98,945.915,940.14,942.815,1078,1319,0
2024-08-14 13:00:00,942.795,945.155,939.92,944.745,922,1310,0
2024-08-14 14:00:00,944.685,944.845,940.16,941.725,1554,1130,0
2024-08-14 15:00:00,941.745,942.485,934.605,936.025,2802,1019,0
2024-08-14 16:00:00,936.075,940.465,928.065,932.025,7664,359,0
2024-08-14 17:00:00,932.005,933.515,927.695,930.135,7667,1009,0
2024-08-14 18:00:00,930.105,931.965,927.25,928.005,4511,1119,0
2024-08-14 19:00:00,928.015,928.195,922.72,926.385,3520,509,0
2024-08-14 20:00:00,926.325,926.445,922.885,925.795,2185,319,0
2024-08-14 21:00:00,925.815,927.285,923.96,927.015,1545,1200,0
2024-08-14 22:00:00,927.085,927.215,924.56,926.615,1222,1150,0
2024-08-14 23:00:00,926.585,928.085,924.885,926.33,936,779,0
2024-08-15 01:00:00,925.62,925.835,922.445,924.885,364,2819,0
2024-08-15 02:00:00,924.16,925.3,923.41,924.885,364,2760,0
2024-08-15 03:00:00,924.985,927.735,923.18,924.635,587,2249,0
2024-08-15 04:00:00,924.635,926.835,922.56,925.335,895,2269,0
2024-08-15 05:00:00,925.335,930.7,923.7,930.535,1001,749,0
2024-08-15 06:00:00,930.535,933.085,929.23,932.785,1514,309,0
2024-08-15 07:00:00,932.785,934.025,931.36,933.135,1134,309,0
2024-08-15 08:00:00,933.125,933.295,929.475,932.465,2023,309,0
2024-08-15 09:00:00,932.465,937.435,931.725,936.415,2561,309,0
2024-08-15 10:00:00,936.405,939.255,935.945,938.685,2058,719,0
2024-08-15 11:00:00,938.715,939.995,936.45,936.755,1679,689,0
2024-08-15 12:00:00,936.725,938.085,934.52,935.64,1292,1089,0
2024-08-15 13:00:00,936.245,939.635,935.23,936.045,896,1609,0
2024-08-15 14:00:00,936.045,940.655,936.045,939.905,1627,1299,0
2024-08-15 15:00:00,939.905,947.825,938.545,940.035,3713,879,0
2024-08-15 16:00:00,940.035,954.625,938.055,950.845,3980,1059,0
2024-08-15 17:00:00,950.845,960.525,949.425,958.835,2192,1039,0
2024-08-15 18:00:00,958.835,963.495,957.74,959.815,3205,1119,0
2024-08-15 19:00:00,959.845,962.745,959.105,960.445,1407,1499,0
2024-08-15 20:00:00,960.445,960.545,955.76,956.745,1195,1849,0
2024-08-15 21:00:00,956.745,958.055,956.46,957.265,596,2129,0
2024-08-15 22:00:00,957.245,958.145,954.78,955.535,1069,1779,0
2024-08-15 23:00:00,955.565,956.035,953.54,954.84,519,1119,0
2024-08-16 01:00:00,954.03,955.655,951.92,955.625,313,1750,0
2024-08-16 02:00:00,955.625,956.415,953.61,955.525,297,1560,0
2024-08-16 03:00:00,955.525,957.025,952.5,955.515,493,1759,0
2024-08-16 04:00:00,955.575,955.825,952.4,955.075,669,1339,0
2024-08-16 05:00:00,954.995,955.055,950.7,952.955,593,1560,0
2024-08-16 06:00:00,952.955,952.955,950.33,951.005,510,1419,0
2024-08-16 07:00:00,951.005,952.025,949.25,951.575,390,1559,0
2024-08-16 08:00:00,951.575,954.815,949.85,954.515,599,679,0
2024-08-16 09:00:00,954.495,958.565,954.285,957.765,800,349,0
2024-08-16 10:00:00,957.765,957.925,951.83,955.48,761,879,0
2024-08-16 11:00:00,956.635,957.125,949.41,951.145,803,829,0
2024-08-16 12:00:00,951.095,953.205,949.22,952.585,972,769,0
2024-08-16 13:00:00,952.685,953.135,948.73,950.635,734,539,0
2024-08-16 14:00:00,950.635,953.395,948.255,953.035,777,739,0
2024-08-16 15:00:00,952.915,958.785,950.475,957.185,2191,779,0
2024-08-16 16:00:00,957.185,958.145,952.325,952.945,3553,859,0
2024-08-16 17:00:00,952.545,955.345,947.09,947.745,3440,309,0
2024-08-16 18:00:00,947.745,952.745,943.635,951.125,1688,679,0
2024-08-16 19:00:00,951.235,958.435,950.34,958.315,1003,1129,0
2024-08-16 20:00:00,958.175,958.285,951.76,954.615,745,1359,0
2024-08-16 21:00:00,954.635,954.895,952.36,953.665,592,1609,0
2024-08-16 22:00:00,953.665,956.125,952.56,955.825,471,1439,0
2024-08-16 23:00:00,955.805,956.885,954.35,956.39,313,1479,0
2024-08-19 01:00:00,950.25,958.425,950.19,954.835,507,2529,0
2024-08-19 02:00:00,954.935,955.335,951.85,953.635,354,1919,0
2024-08-19 03:00:00,953.635,956.435,952.55,954.55,807,1419,0
2024-08-19 04:00:00,954.65,957.835,953.25,957.315,1687,1789,0
2024-08-19 05:00:00,957.255,958.035,955.67,957.735,1281,1419,0
2024-08-19 06:00:00,957.735,959.305,955.32,957.005,736,1289,0
2024-08-19 07:00:00,956.935,957.235,953.77,955.595,331,1419,0
2024-08-19 08:00:00,955.535,956.335,953.635,955.025,616,1609,0
2024-08-19 09:00:00,954.23,957.495,954.06,956.695,747,1480,0
2024-08-19 10:00:00,956.795,957.295,950.93,952.035,735,1559,0
2024-08-19 11:00:00,951.935,955.2,948.945,950.335,789,1099,0
2024-08-19 12:00:00,950.225,952.035,949.16,950.905,688,1260,0
2024-08-19 13:00:00,950.835,952.64,949.56,950.135,564,1270,0
2024-08-19 14:00:00,950.185,951.7,949.66,951.045,619,1530,0
2024-08-19 15:00:00,951.045,951.045,945.045,947.095,1153,1529,0
2024-08-19 16:00:00,947.045,952.085,945.735,950.525,1979,1439,0
2024-08-19 17:00:00,950.525,960.375,950.455,958.165,2119,1120,0
2024-08-19 18:00:00,958.065,960.725,956.21,956.965,1255,1329,0
2024-08-19 19:00:00,956.965,958.285,955.56,957.995,782,889,0
2024-08-19 20:00:00,957.995,958.455,955.44,957.325,635,1129,0
2024-08-19 21:00:00,957.375,961.075,956.29,960.565,582,1069,0
2024-08-19 22:00:00,960.565,961.805,958.63,960.465,429,1130,0
2024-08-19 23:00:00,960.465,960.465,957.06,959.07,339,1279,0
2024-08-20 01:00:00,958.43,960.095,957.065,959.575,197,1739,0
2024-08-20 02:00:00,958.32,959.595,957.35,958.925,247,1599,0
2024-08-20 03:00:00,958.925,960.07,957.72,959.925,468,879,0
2024-08-20 04:00:00,959.995,961.615,959.165,960.725,738,429,0
2024-08-20 05:00:00,960.735,960.845,957.9,959.055,810,529,0
2024-08-20 06:00:00,959.105,961.265,957.41,959.495,1850,889,0
2024-08-20 07:00:00,959.325,960.625,957.44,958.685,1237,849,0
2024-08-20 08:00:00,958.685,961.025,956.72,958.065,1418,629,0
2024-08-20 09:00:00,958.085,961.785,956.625,960.515,2430,329,0
2024-08-20 10:00:00,960.535,961.555,956.63,960.245,1632,1129,0
2024-08-20 11:00:00,960.325,965.845,959.485,965.265,1488,1059,0
2024-08-20 12:00:00,965.275,966.215,961.375,962.375,723,989,0
2024-08-20 13:00:00,962.485,964.275,960.86,964.255,543,1300,0
2024-08-20 14:00:00,964.255,964.875,962.355,963.635,1186,1340,0
2024-08-20 15:00:00,963.635,966.055,957.695,962.775,1625,1440,0
2024-08-20 16:00:00,962.695,963.445,955.245,957.525,2328,1449,0
2024-08-20 17:00:00,957.525,957.605,948.86,950.945,2196,1159,0
2024-08-20 18:00:00,950.86,952.845,948.36,951.345,1638,829,0
2024-08-20 19:00:00,951.245,951.345,948.345,951.045,989,1120,0
2024-08-20 20:00:00,950.945,952.5,949.245,950.845,699,1200,0
2024-08-20 21:00:00,950.745,952.3,950.1,952.045,603,1500,0
2024-08-20 22:00:00,951.845,953.4,951.06,951.345,502,1200,0
2024-08-20 23:00:00,951.345,952.3,950.35,950.85,362,1910,0
2024-08-21 01:00:00,950.82,952.55,949.905,951.56,429,1660,0
2024-08-21 02:00:00,951.56,953.005,950.69,952.475,887,1479,0
2024-08-21 03:00:00,952.495,954.445,952.045,953.885,1764,1169,0
2024-08-21 04:00:00,953.885,955.335,950.95,953.035,3452,389,0
2024-08-21 05:00:00,953.14,955.35,952.645,954.675,1354,1660,0
2024-08-21 06:00:00,954.705,954.945,952.59,953.245,870,1650,0
2024-08-21 07:00:00,953.14,953.295,949.94,951.145,576,2049,0
2024-08-21 08:00:00,950.83,954.155,950.53,952.455,1960,879,0
2024-08-21 09:00:00,952.455,953.195,949.46,951.395,1673,1599,0
2024-08-21 10:00:00,951.405,953.645,949.96,950.665,1538,1919,0
2024-08-21 11:00:00,950.665,954.8,950.285,953.335,1373,1220,0
2024-08-21 12:00:00,953.315,968.495,952.86,968.235,1176,1110,0
2024-08-21 13:00:00,968.135,969.795,965.34,969.435,813,899,0
2024-08-21 14:00:00,969.435,972.145,966.75,970.645,935,869,0
2024-08-21 15:00:00,970.645,974.445,967.835,971.335,1127,1199,0
2024-08-21 16:00:00,971.335,971.535,963.145,964.865,2842,949,0
2024-08-21 17:00:00,964.875,971.745,961.745,968.645,2440,1289,0
2024-08-21 18:00:00,968.545,973.765,968.545,970.745,1552,1100,0
2024-08-21 19:00:00,970.815,970.895,963.935,965.845,1155,1200,0
2024-08-21 20:00:00,965.745,968.945,963.135,965.245,968,1180,0
2024-08-21 21:00:00,965.245,971.765,965.245,969.925,1013,1179,0
2024-08-21 22:00:00,970.025,970.025,967.25,968.245,619,1219,0
2024-08-21 23:00:00,968.295,969.165,967.0,967.64,326,1539,0
2024-08-22 01:00:00,966.23,969.155,966.23,968.175,443,2049,0
2024-08-22 02:00:00,968.235,969.385,966.97,969.045,575,1879,0
2024-08-22 03:00:00,969.205,969.335,965.65,968.085,584,1919,0
2024-08-22 04:00:00,967.1,969.565,964.45,965.825,995,1979,0
2024-08-22 05:00:00,965.935,965.995,960.75,963.965,743,1609,0
2024-08-22 06:00:00,964.045,964.895,962.35,963.425,616,2189,0
2024-08-22 07:00:00,963.375,965.265,962.15,964.735,708,2139,0
2024-08-22 08:00:00,964.835,966.535,963.55,965.76,786,1779,0
2024-08-22 09:00:00,965.76,967.435,963.645,964.095,1119,1150,0
2024-08-22 10:00:00,964.095,964.565,958.46,961.115,995,989,0
2024-08-22 11:00:00,961.215,961.925,958.495,959.845,686,1600,0
2024-08-22 12:00:00,959.845,962.7,959.045,961.745,621,1350,0
2024-08-22 13:00:00,961.745,964.365,960.635,963.845,1354,1150,0
2024-08-22 14:00:00,963.845,963.865,954.545,956.725,2641,309,0
2024-08-22 15:00:00,956.735,960.115,954.265,959.285,4047,309,0
2024-08-22 16:00:00,959.285,962.305,955.645,959.985,4751,389,0
2024-08-22 17:00:00,959.985,959.985,943.005,943.835,5959,309,0
2024-08-22 18:00:00,943.855,948.295,940.175,947.435,4644,309,0
2024-08-22 19:00:00,947.435,951.675,946.15,951.575,3280,419,0
2024-08-22 20:00:00,951.565,951.575,946.46,947.515,3130,519,0
2024-08-22 21:00:00,947.505,949.445,945.85,948.485,2178,939,0
2024-08-22 22:00:00,948.465,949.245,945.87,948.325,1581,879,0
2024-08-22 23:00:00,948.315,949.455,946.94,948.03,968,1170,0
2024-08-23 01:00:00,948.88,948.9,946.135,947.04,294,1800,0
2024-08-23 02:00:00,947.04,948.765,946.74,948.695,364,1899,0
2024-08-23 03:00:00,948.635,950.295,947.93,949.735,492,979,0
2024-08-23 04:00:00,949.775,951.885,948.885,951.085,1892,1179,0
2024-08-23 05:00:00,951.085,951.48,949.525,950.645,566,1579,0
2024-08-23 06:00:00,950.645,954.145,950.39,953.745,523,1379,0
2024-08-23 07:00:00,953.645,954.33,952.99,953.345,368,1479,0
2024-08-23 08:00:00,953.365,954.545,951.88,953.585,612,1600,0
2024-08-23 09:00:00,953.585,954.985,952.7,954.225,960,1759,0
2024-08-23 10:00:00,954.225,955.095,950.36,953.585,895,1140,0
2024-08-23 11:00:00,953.685,954.345,949.6,951.595,741,1140,0
2024-08-23 12:00:00,950.3,951.645,947.3,949.345,682,1269,0
2024-08-23 13:00:00,949.405,949.555,945.16,948.425,648,1379,0
2024-08-23 14:00:00,948.495,949.455,944.4,948.515,646,1300,0
2024-08-23 15:00:00,946.8,949.705,945.6,947.555,2816,949,0
2024-08-23 16:00:00,947.665,948.645,942.115,942.525,5115,1029,0
2024-08-23 17:00:00,942.505,959.275,942.025,953.785,7302,459,0
2024-08-23 18:00:00,953.775,959.805,952.935,956.785,1978,1329,0
2024-08-23 19:00:00,956.885,960.815,956.085,960.215,2325,1339,0
2024-08-23 20:00:00,960.215,963.505,959.965,962.155,884,679,0
2024-08-23 21:00:00,962.045,963.985,960.78,963.375,681,1159,0
2024-08-23 22:00:00,963.395,965.595,961.31,964.685,729,879,0
2024-08-23 23:00:00,964.685,965.475,962.26,963.55,619,939,0
2024-08-26 01:00:00,962.95,965.41,960.34,961.615,399,1299,0
2024-08-26 02:00:00,961.25,962.515,959.34,961.655,348,1349,0
2024-08-26 03:00:00,961.725,963.135,959.6,962.405,575,999,0
2024-08-26 04:00:00,962.405,964.335,960.665,962.435,1542,1589,0
2024-08-26 05:00:00,962.335,963.535,960.94,961.305,599,1610,0
2024-08-26 06:00:00,961.535,962.135,959.085,960.235,562,1399,0
2024-08-26 07:00:00,960.235,961.235,959.435,959.735,471,1839,0
2024-08-26 08:00:00,959.735,962.335,959.01,961.935,503,2049,0
2024-08-26 09:00:00,961.935,968.085,961.935,967.165,722,1309,0
2024-08-26 10:00:00,967.115,967.815,964.215,967.13,1569,1470,0
2024-08-26 11:00:00,967.765,969.77,966.06,969.375,714,1140,0
2024-08-26 12:00:00,969.315,972.045,967.27,971.345,953,1360,0
2024-08-26 13:00:00,971.345,972.245,967.76,971.595,665,2309,0
2024-08-26 14:00:00,971.595,974.435,969.08,974.435,1316,909,0
2024-08-26 15:00:00,974.435,978.215,967.16,977.865,3204,1239,0
2024-08-26 16:00:00,977.865,981.165,970.025,970.725,3970,739,0
2024-08-26 17:00:00,970.725,972.775,967.01,968.015,4841,1529,0
2024-08-26 18:00:00,967.995,967.995,961.95,963.765,2712,1219,0
2024-08-26 19:00:00,963.795,966.8,962.31,965.835,2490,1019,0
2024-08-26 20:00:00,965.745,967.535,962.33,962.735,1283,1519,0
2024-08-26 21:00:00,962.735,963.835,961.46,963.735,798,1400,0
2024-08-26 22:00:00,963.735,964.135,961.46,962.035,662,1300,0
2024-08-26 23:00:00,962.035,962.535,960.36,961.14,519,2089,0
2024-08-27 01:00:00,961.3,962.135,958.725,960.77,332,1769,0
2024-08-27 02:00:00,960.77,962.535,960.66,961.495,291,1809,0
2024-08-27 03:00:00,961.595,961.945,957.17,957.875,1515,1719,0
2024-08-27 04:00:00,957.905,959.245,956.49,958.365,3501,579,0
2024-08-27 05:00:00,958.355,958.705,955.45,956.0,1155,1029,0
2024-08-27 06:00:00,956.05,957.275,954.4,954.99,520,1909,0
2024-08-27 07:00:00,955.855,956.025,953.24,955.085,383,1609,0
2024-08-27 08:00:00,954.11,959.655,953.97,959.645,711,1609,0
2024-08-27 09:00:00,959.645,962.015,956.235,957.785,1911,1189,0
2024-08-27 10:00:00,957.835,959.975,954.76,955.335,2318,1329,0
2024-08-27 11:00:00,954.66,963.305,954.46,960.445,707,1549,0
2024-08-27 12:00:00,960.445,963.295,959.155,959.695,693,1160,0
2024-08-27 13:00:00,959.635,961.375,957.56,959.46,607,1160,0
2024-08-27 14:00:00,959.46,962.155,958.56,961.285,554,1609,0
2024-08-27 15:00:00,961.545,963.705,957.695,958.925,3517,819,0
2024-08-27 16:00:00,958.905,959.975,951.91,954.835,3036,1319,0
2024-08-27 17:00:00,954.855,962.285,952.715,960.965,3804,1509,0
2024-08-27 18:00:00,961.065,961.065,954.96,956.975,1683,1039,0
2024-08-27 19:00:00,956.975,958.625,955.04,958.125,741,979,0
2024-08-27 20:00:00,958.125,961.335,955.94,961.335,721,1189,0
2024-08-27 21:00:00,961.375,963.835,960.2,962.48,539,1189,0
2024-08-27 22:00:00,962.48,963.755,960.36,962.045,491,1469,0
2024-08-27 23:00:00,962.045,962.355,959.5,960.61,327,1649,0
2024-08-28 01:00:00,959.25,961.985,959.16,961.575,533,2189,0
2024-08-28 02:00:00,961.575,962.695,959.98,961.535,856,2029,0
2024-08-28 03:00:00,961.495,962.135,959.99,961.845,1008,2010,0
2024-08-28 04:00:00,961.795,961.795,957.5,958.785,905,1759,0
2024-08-28 05:00:00,958.785,958.855,955.22,956.345,674,1339,0
2024-08-28 06:00:00,956.345,956.765,953.73,956.055,519,1439,0
2024-08-28 07:00:00,956.105,956.505,952.53,954.155,622,1249,0
2024-08-28 08:00:00,954.055,954.435,947.9,949.305,793,1609,0
2024-08-28 09:00:00,949.175,950.545,946.86,948.585,1411,1609,0
2024-08-28 10:00:00,948.555,948.815,945.46,946.955,2793,1160,0
2024-08-28 11:00:00,946.49,946.965,943.21,944.045,2511,1529,0
2024-08-28 12:00:00,944.015,946.53,943.66,944.135,1781,1270,0
2024-08-28 13:00:00,944.105,944.985,938.965,940.785,1965,1549,0
2024-08-28 14:00:00,940.825,941.095,935.285,935.605,1890,1639,0
2024-08-28 15:00:00,935.855,938.395,930.485,937.975,3790,1049,0
2024-08-28 16:00:00,937.955,941.875,935.685,936.805,3279,1099,0
2024-08-28 17:00:00,937.035,938.535,934.035,935.935,1424,2349,0
2024-08-28 18:00:00,935.845,940.085,934.535,937.995,1714,609,0
2024-08-28 19:00:00,938.015,938.4,931.245,933.845,1018,1170,0
2024-08-28 20:00:00,933.845,935.1,931.345,931.345,465,1160,0
2024-08-28 21:00:00,931.345,935.52,931.245,934.345,298,1160,0
2024-08-28 22:00:00,934.345,937.0,934.145,934.945,305,1160,0
2024-08-28 23:00:00,935.045,936.3,933.18,933.81,488,1200,0
2024-08-29 01:00:00,933.92,934.225,931.325,932.305,630,1099,0
2024-08-29 02:00:00,932.0,932.955,931.28,932.535,252,2299,0
2024-08-29 03:00:00,932.535,935.035,932.15,934.635,664,2100,0
2024-08-29 04:00:00,934.535,936.135,932.035,935.535,998,2260,0
2024-08-29 05:00:00,935.435,938.545,933.67,937.925,1567,1049,0
2024-08-29 06:00:00,937.925,939.805,936.54,939.435,1765,769,0
2024-08-29 07:00:00,939.405,940.325,937.865,939.875,1467,1109,0
2024-08-29 08:00:00,939.845,942.455,937.48,941.585,2003,1009,0
2024-08-29 09:00:00,941.585,943.915,940.965,942.905,1297,839,0
2024-08-29 10:00:00,943.005,945.975,941.56,945.735,1761,779,0
2024-08-29 11:00:00,945.595,945.745,939.25,940.125,2968,1160,0
2024-08-29 12:00:00,940.285,942.485,938.44,941.925,552,1310,0
2024-08-29 13:00:00,942.105,942.715,939.16,940.155,564,1400,0
2024-08-29 14:00:00,940.215,941.725,938.325,940.645,923,1500,0
2024-08-29 15:00:00,940.645,941.985,937.135,940.155,1788,1329,0
2024-08-29 16:00:00,940.155,947.995,937.45,944.615,4012,1100,0
2024-08-29 17:00:00,944.635,949.265,940.74,945.135,3066,719,0
2024-08-29 18:00:00,945.135,946.015,942.235,944.825,2863,819,0
2024-08-29 19:00:00,944.805,946.265,942.07,943.055,3568,1449,0
2024-08-29 20:00:00,943.075,945.305,942.005,945.035,2487,939,0
2024-08-29 21:00:00,945.115,945.195,939.65,940.05,1193,719,0
2024-08-29 22:00:00,940.26,942.29,939.65,941.235,863,1019,0
2024-08-29 23:00:00,941.235,941.435,939.0,940.12,653,1129,0
2024-08-30 01:00:00,939.6,940.925,938.935,940.485,427,1489,0
2024-08-30 02:00:00,940.465,940.665,938.94,940.085,459,1449,0
2024-08-30 03:00:00,940.085,941.775,938.2,940.735,1475,1469,0
2024-08-30 04:00:00,940.735,943.535,939.325,940.935,1484,1679,0
2024-08-30 05:00:00,940.935,941.635,939.14,940.535,1035,1570,0
2024-08-30 06:00:00,940.535,941.335,938.535,940.835,1460,1389,0
2024-08-30 07:00:00,940.885,942.945,939.36,942.505,1212,1159,0
2024-08-30 08:00:00,942.535,946.235,941.4,945.035,1237,1189,0
2024-08-30 09:00:00,945.135,945.835,942.935,944.735,1142,1389,0
2024-08-30 10:00:00,944.835,948.635,943.75,948.035,621,1429,0
2024-08-30 11:00:00,948.135,950.235,942.935,943.135,822,1349,0
2024-08-30 12:00:00,943.135,943.235,939.45,941.035,702,1319,0
2024-08-30 13:00:00,941.135,941.535,937.95,940.605,1215,669,0
2024-08-30 14:00:00,940.705,942.445,938.66,940.275,1594,959,0
2024-08-30 15:00:00,940.175,944.975,939.39,939.915,4356,1079,0
2024-08-30 16:00:00,939.895,940.185,935.635,935.875,6977,1739,0
2024-08-30 17:00:00,935.875,939.325,929.805,932.585,7797,439,0
2024-08-30 18:00:00,932.555,932.96,928.755,932.475,5233,179,0
2024-08-30 19:00:00,932.425,933.325,930.255,930.435,4108,1109,0
2024-08-30 20:00:00,930.455,930.715,926.45,928.235,3127,1279,0
2024-08-30 21:00:00,928.245,929.725,927.53,929.155,2221,1009,0
2024-08-30 22:00:00,929.185,929.205,926.75,928.325,1806,1529,0
2024-08-30 23:00:00,928.315,928.995,927.18,928.51,1039,1979,0
2024-09-02 01:00:00,927.24,928.535,926.68,926.93,484,1769,0
2024-09-02 02:00:00,927.805,929.215,927.17,928.565,599,1799,0
2024-09-02 03:00:00,928.565,930.095,926.09,928.895,1464,1179,0
2024-09-02 04:00:00,928.935,930.455,926.205,927.725,4328,739,0
2024-09-02 05:00:00,927.775,928.775,923.725,927.195,3732,1499,0
2024-09-02 06:00:00,927.185,928.825,925.035,927.405,2251,2269,0
2024-09-02 07:00:00,927.465,928.185,925.84,926.745,1311,1809,0
2024-09-02 08:00:00,926.725,929.705,925.62,927.265,2083,1870,0
2024-09-02 09:00:00,927.275,930.555,926.615,926.615,2205,1750,0
2024-09-02 10:00:00,926.495,929.755,926.495,929.745,1142,1609,0
2024-09-02 11:00:00,928.85,931.355,928.645,929.765,1695,1389,0
2024-09-02 12:00:00,929.765,929.865,925.125,925.53,1959,1879,0
2024-09-02 13:00:00,925.51,927.985,924.13,924.895,1027,1859,0
2024-09-02 14:00:00,924.945,926.545,923.28,924.645,639,1909,0
2024-09-02 15:00:00,924.01,927.125,922.645,926.405,1168,1659,0
2024-09-02 16:00:00,926.355,928.555,924.97,927.055,3169,1649,0
2024-09-02 17:00:00,927.035,928.225,923.945,927.785,2402,1709,0
2024-09-02 18:00:00,927.795,928.925,926.79,928.745,1833,1569,0
2024-09-02 19:00:00,928.735,931.475,928.21,929.825,646,1689,0
2024-09-02 20:00:00,929.825,930.385,927.78,929.065,416,1489,0
2024-09-02 21:00:00,929.105,929.545,927.63,927.88,148,1849,0
2024-09-03 01:00:00,927.5,929.865,926.86,926.86,323,1779,0
2024-09-03 02:00:00,926.86,928.325,925.69,927.275,366,1570,0
2024-09-03 03:00:00,927.275,928.295,924.05,925.145,702,1639,0
2024-09-03 04:00:00,925.125,926.735,923.165,925.945,3096,689,0
2024-09-03 05:00:00,925.935,926.935,923.74,924.765,2510,459,0
2024-09-03 06:00:00,924.715,925.125,921.0,922.435,2223,999,0
2024-09-03 07:00:00,922.435,923.675,919.675,922.985,1315,1399,0
2024-09-03 08:00:00,922.955,923.115,918.57,920.435,1210,1459,0
2024-09-03 09:00:00,920.435,922.785,919.0,919.635,1793,899,0
2024-09-03 10:00:00,919.535,922.155,918.635,920.685,2530,829,0
2024-09-03 11:00:00,920.685,924.465,920.525,923.705,2731,1309,0
2024-09-03 12:00:00,923.655,924.235,917.64,918.295,1874,979,0
2024-09-03 13:00:00,918.275,918.515,913.61,915.735,2574,479,0
2024-09-03 14:00:00,915.705,916.915,912.855,913.745,2250,309,0
2024-09-03 15:00:00,913.725,918.035,912.145,915.455,3609,589,0
2024-09-03 16:00:00,915.545,916.085,908.865,909.525,3939,339,0
2024-09-03 17:00:00,909.485,911.015,901.345,901.495,8324,309,0
2024-09-03 18:00:00,901.515,910.965,900.345,909.735,2728,1200,0
2024-09-03 19:00:00,909.625,911.325,906.955,907.185,2481,1360,0
2024-09-03 20:00:00,907.155,911.02,906.475,908.795,2158,1160,0
2024-09-03 21:00:00,908.835,909.82,906.525,908.375,1675,1160,0
2024-09-03 22:00:00,908.295,909.82,907.305,907.725,721,1160,0
2024-09-03 23:00:00,907.775,908.56,905.56,907.71,530,2019,0
2024-09-04 01:00:00,907.12,907.12,905.11,906.075,620,1780,0
2024-09-04 02:00:00,905.44,908.205,905.44,907.335,1345,769,0
2024-09-04 03:00:00,907.665,908.725,902.65,903.115,1115,699,0
2024-09-04 04:00:00,903.145,906.455,901.8,905.215,2927,1399,0
2024-09-04 05:00:00,905.215,907.655,903.575,906.575,2903,1029,0
2024-09-04 06:00:00,906.595,909.36,906.235,907.935,2045,1319,0
2024-09-04 07:00:00,907.955,909.975,907.095,908.205,1401,999,0
2024-09-04 08:00:00,908.185,908.185,905.045,907.415,1855,1479,0
2024-09-04 09:00:00,907.435,907.475,903.72,904.675,1588,1660,0
2024-09-04 10:00:00,904.665,906.275,900.645,901.325,2917,679,0
2024-09-04 11:00:00,901.315,904.205,899.935,900.965,3566,2119,0
2024-09-04 12:00:00,900.995,904.985,900.995,903.235,2149,1920,0
2024-09-04 13:00:00,903.205,905.995,901.925,904.495,1808,1949,0
2024-09-04 14:00:00,904.515,913.255,903.985,913.245,2253,1629,0
2024-09-04 15:00:00,913.245,915.735,908.935,909.245,1568,1109,0
2024-09-04 16:00:00,909.245,910.245,903.515,904.525,3190,739,0
2024-09-04 17:00:00,904.545,915.425,904.215,914.045,8876,1149,0
2024-09-04 18:00:00,914.045,915.785,908.005,908.195,4675,509,0
2024-09-04 19:00:00,908.165,910.325,906.645,908.895,2847,559,0
2024-09-04 20:00:00,908.915,909.265,906.65,908.035,2145,879,0
2024-09-04 21:00:00,908.035,908.835,905.56,907.565,974,1329,0
2024-09-04 22:00:00,907.465,909.105,906.18,907.815,758,1330,0
2024-09-04 23:00:00,907.805,909.645,907.37,909.0,573,329,0
2024-09-05 01:00:00,907.38,908.935,905.795,908.835,216,1709,0
2024-09-05 02:00:00,907.95,909.535,907.25,908.535,301,1709,0
2024-09-05 03:00:00,908.435,910.635,906.51,908.74,604,349,0
2024-09-05 04:00:00,908.73,912.535,908.19,910.985,1626,519,0
2024-09-05 05:00:00,910.985,914.485,910.095,913.575,2387,339,0
2024-09-05 06:00:00,913.575,914.075,909.73,911.325,2113,689,0
2024-09-05 07:00:00,911.285,912.195,908.93,910.735,1594,309,0
2024-09-05 08:00:00,910.675,913.515,909.045,912.065,2241,309,0
2024-09-05 09:00:00,912.065,915.515,911.03,912.635,2410,309,0
2024-09-05 10:00:00,912.635,919.445,911.25,918.805,3182,629,0
2024-09-05 11:00:00,918.805,926.535,918.805,924.735,1748,979,0
2024-09-05 12:00:00,924.735,926.735,922.795,923.76,1317,1029,0
2024-09-05 13:00:00,923.66,929.005,923.35,928.955,907,1129,0
2024-09-05 14:00:00,928.935,930.585,926.75,929.685,1030,1399,0
2024-09-05 15:00:00,929.785,934.085,928.055,931.485,2133,799,0
2024-09-05 16:00:00,931.385,935.665,927.685,931.775,2205,329,0
2024-09-05 17:00:00,932.035,936.135,927.935,930.735,2589,769,0
2024-09-05 18:00:00,930.715,931.295,926.39,928.205,1771,1249,0
2024-09-05 19:00:00,928.205,931.155,927.565,929.175,2514,1209,0
2024-09-05 20:00:00,929.135,929.475,925.83,928.475,2127,1460,0
2024-09-05 21:00:00,928.485,930.355,928.0,929.425,959,1329,0
2024-09-05 22:00:00,929.545,929.725,926.56,927.985,1781,1439,0
2024-09-05 23:00:00,927.965,929.205,926.81,927.9,864,1469,0
2024-09-06 01:00:00,926.37,929.685,926.37,928.825,1088,1419,0
2024-09-06 02:00:00,928.795,930.935,928.36,930.375,1324,1409,0
2024-09-06 03:00:00,930.375,931.675,928.61,930.615,1731,1379,0
2024-09-06 04:00:00,930.435,931.225,928.265,930.055,3073,1249,0
2024-09-06 05:00:00,930.275,931.485,928.77,931.385,2901,1379,0
2024-09-06 06:00:00,931.385,932.425,929.0,930.945,2662,1199,0
2024-09-06 07:00:00,930.945,932.935,929.63,931.045,1427,489,0
2024-09-06 08:00:00,930.31,932.905,928.185,931.995,2595,869,0
2024-09-06 09:00:00,931.995,935.535,930.305,933.755,3863,899,0
2024-09-06 10:00:00,933.745,934.275,929.895,931.115,3422,679,0
2024-09-06 11:00:00,931.105,933.815,928.275,928.395,2793,819,0
2024-09-06 12:00:00,928.375,933.245,925.86,933.135,2301,1129,0
2024-09-06 13:00:00,933.095,933.095,929.67,930.405,1774,1679,0
2024-09-06 14:00:00,930.405,932.625,929.445,931.225,2277,1210,0
2024-09-06 15:00:00,930.76,939.025,924.705,938.735,9661,1029,0
2024-09-06 16:00:00,938.735,940.135,928.375,929.915,15050,1169,0
2024-09-06 17:00:00,929.985,930.235,920.845,921.835,5288,1429,0
2024-09-06 18:00:00,921.835,928.235,917.435,918.035,5576,1639,0
2024-09-06 19:00:00,918.235,919.535,913.71,914.285,3829,1360,0
2024-09-06 20:00:00,914.285,922.885,914.285,919.995,3620,1599,0
2024-09-06 21:00:00,919.995,920.895,917.53,919.485,3742,889,0
2024-09-06 22:00:00,919.415,924.115,918.3,923.755,2714,909,0
2024-09-06 23:00:00,923.885,925.55,921.475,923.6,1147,769,0
2024-09-09 01:00:00,916.42,926.215,916.11,925.625,2457,1069,0
2024-09-09 02:00:00,925.685,928.895,925.095,928.115,3440,659,0
2024-09-09 03:00:00,928.105,930.695,926.52,929.145,2092,839,0
2024-09-09 04:00:00,929.315,933.265,928.515,932.965,5330,769,0
2024-09-09 05:00:00,933.035,933.525,931.045,931.275,2578,1069,0
2024-09-09 06:00:00,931.345,935.505,931.115,934.445,1821,1289,0
2024-09-09 07:00:00,934.395,935.525,932.58,933.365,1405,919,0
2024-09-09 08:00:00,933.425,934.545,926.555,926.925,3164,1519,0
2024-09-09 09:00:00,926.905,932.3,926.905,929.485,1836,919,0
2024-09-09 10:00:00,929.475,934.265,928.845,934.175,2398,1569,0
2024-09-09 11:00:00,934.155,937.375,932.69,936.655,1764,1370,0
2024-09-09 12:00:00,936.645,942.715,936.235,941.195,1394,979,0
2024-09-09 13:00:00,941.215,942.135,939.145,940.925,2017,1520,0
2024-09-09 14:00:00,940.965,944.865,939.205,943.865,1005,1049,0
2024-09-09 15:00:00,943.865,945.575,939.235,939.605,1768,1029,0
2024-09-09 16:00:00,939.595,945.295,938.825,943.045,2303,1029,0
2024-09-09 17:00:00,943.045,945.755,937.89,938.995,1671,779,0
2024-09-09 18:00:00,938.945,941.975,935.59,941.445,3363,1419,0
2024-09-09 19:00:00,941.425,944.375,940.58,944.365,2871,1209,0
2024-09-09 20:00:00,944.375,945.405,940.92,941.825,2291,999,0
2024-09-09 21:00:00,941.845,943.995,941.29,943.715,2114,1159,0
2024-09-09 22:00:00,943.695,944.275,941.88,943.985,1832,1079,0
2024-09-09 23:00:00,943.965,944.285,942.38,942.44,902,1349,0
2024-09-10 01:00:00,941.96,944.845,941.89,944.32,689,1419,0
2024-09-10 02:00:00,944.32,945.185,943.22,944.785,265,1639,0
2024-09-10 03:00:00,944.785,945.245,942.17,943.825,770,1419,0
2024-09-10 04:00:00,943.825,946.175,942.155,942.695,1123,1419,0
2024-09-10 05:00:00,942.695,943.705,939.19,941.82,821,1399,0
2024-09-10 06:00:00,941.77,943.945,941.37,943.445,446,1680,0
2024-09-10 07:00:00,943.395,943.495,941.12,941.805,314,2169,0
2024-09-10 08:00:00,940.86,944.52,940.66,943.835,571,1680,0
2024-09-10 09:00:00,943.865,946.615,942.66,944.275,1577,1219,0
2024-09-10 10:00:00,944.155,947.005,941.06,943.545,1657,1329,0
2024-09-10 11:00:00,943.745,945.085,941.25,942.475,1551,1459,0
2024-09-10 12:00:00,942.475,943.395,937.075,942.435,1480,1329,0
2024-09-10 13:00:00,942.465,944.285,940.84,943.545,1604,1429,0
2024-09-10 14:00:00,943.575,945.965,942.255,945.015,1645,1259,0
2024-09-10 15:00:00,945.135,950.025,945.085,949.635,2498,1210,0
2024-09-10 16:00:00,949.555,949.555,938.705,940.635,3353,1349,0
2024-09-10 17:00:00,940.535,944.595,937.435,943.645,4837,1359,0
2024-09-10 18:00:00,943.655,946.935,941.365,941.825,2965,1539,0
2024-09-10 19:00:00,941.835,943.845,940.325,942.185,2853,1409,0
2024-09-10 20:00:00,942.215,942.815,939.78,941.925,2157,979,0
2024-09-10 21:00:00,941.905,943.68,941.32,943.445,1257,1420,0
2024-09-10 22:00:00,943.515,944.295,941.31,943.485,1148,1230,0
2024-09-10 23:00:00,943.485,943.485,940.75,942.83,546,1819,0
2024-09-11 01:00:00,941.33,942.935,940.82,942.125,411,1429,0
2024-09-11 02:00:00,942.125,942.795,940.99,942.635,230,1699,0
2024-09-11 03:00:00,942.465,943.605,939.52,941.835,1136,1839,0
2024-09-11 04:00:00,941.775,947.705,941.075,944.885,3014,1069,0
2024-09-11 05:00:00,944.885,947.865,944.615,944.905,1989,799,0
2024-09-11 06:00:00,944.915,945.185,942.38,943.735,1620,819,0
2024-09-11 07:00:00,943.735,944.215,942.11,943.515,1054,1049,0
2024-09-11 08:00:00,943.485,946.48,943.015,945.62,1093,1229,0
2024-09-11 09:00:00,945.965,949.105,945.735,947.525,1747,1330,0
2024-09-11 10:00:00,947.545,949.775,944.055,944.475,2035,1219,0
2024-09-11 11:00:00,944.455,945.085,939.945,941.345,2071,1249,0
2024-09-11 12:00:00,941.345,941.645,937.45,938.745,540,1340,0
2024-09-11 13:00:00,938.725,941.57,937.415,940.345,513,1330,0
2024-09-11 14:00:00,940.145,942.505,939.745,941.285,933,1129,0
2024-09-11 15:00:00,941.285,941.285,930.585,939.755,7815,869,0
2024-09-11 16:00:00,939.735,945.855,939.155,941.805,8703,689,0
2024-09-11 17:00:00,941.805,945.395,936.055,944.675,9749,1279,0
2024-09-11 18:00:00,944.705,958.555,943.745,955.005,7022,1559,0
2024-09-11 19:00:00,955.005,956.845,954.14,955.275,3662,1679,0
2024-09-11 20:00:00,955.275,957.095,953.715,956.065,3284,1469,0
2024-09-11 21:00:00,956.035,956.995,953.895,954.075,2544,1580,0
2024-09-11 22:00:00,953.955,956.745,953.0,956.305,2505,1679,0
2024-09-11 23:00:00,956.355,957.215,954.37,955.33,1025,1049,0
2024-09-12 01:00:00,955.3,957.785,955.2,957.685,298,1780,0
2024-09-12 02:00:00,957.36,958.895,956.045,957.245,2053,1779,0
2024-09-12 03:00:00,957.305,959.685,955.625,955.765,3027,1089,0
2024-09-12 04:00:00,955.695,958.885,954.805,955.805,2629,1059,0
2024-09-12 05:00:00,955.975,957.985,954.835,956.675,3121,1129,0
2024-09-12 06:00:00,956.695,960.455,956.265,960.195,2437,1159,0
2024-09-12 07:00:00,960.025,960.985,958.705,960.685,2192,909,0
2024-09-12 08:00:00,960.685,962.185,959.745,960.255,2283,1009,0
2024-09-12 09:00:00,960.345,962.275,955.525,956.835,1359,1099,0
2024-09-12 10:00:00,956.845,958.77,953.815,957.155,2919,1340,0
2024-09-12 11:00:00,957.335,958.795,954.075,955.445,2799,1139,0
2024-09-12 12:00:00,955.525,958.155,954.165,955.54,1412,1330,0
2024-09-12 13:00:00,956.645,961.115,956.07,958.675,1416,1330,0
2024-09-12 14:00:00,958.705,960.945,957.39,960.415,1598,1240,0
2024-09-12 15:00:00,960.445,967.485,958.445,966.935,4695,489,0
2024-09-12 16:00:00,966.935,970.635,962.835,965.945,7306,1079,0
2024-09-12 17:00:00,965.915,973.105,964.875,971.785,6387,1039,0
2024-09-12 18:00:00,971.785,974.535,969.02,974.145,4347,1169,0
2024-09-12 19:00:00,974.115,978.295,972.87,977.695,3605,1369,0
2024-09-12 20:00:00,977.745,981.945,977.495,981.735,2622,1229,0
2024-09-12 21:00:00,981.665,982.665,980.115,981.635,2354,1139,0
2024-09-12 22:00:00,981.655,982.295,980.2,981.985,1466,1240,0
2024-09-12 23:00:00,981.985,982.085,979.25,981.5,863,1530,0
2024-09-13 01:00:00,980.5,982.655,980.195,981.185,1490,1159,0
2024-09-13 02:00:00,980.54,982.685,980.125,982.185,1098,1509,0
2024-09-13 03:00:00,982.175,987.595,982.175,986.125,1983,1509,0
2024-09-13 04:00:00,986.015,989.065,984.715,988.115,4229,889,0
2024-09-13 05:00:00,987.995,988.375,985.86,987.585,2797,1409,0
2024-09-13 06:00:00,987.645,988.695,985.735,987.115,2355,539,0
2024-09-13 07:00:00,987.135,988.935,985.795,988.045,1785,999,0
2024-09-13 08:00:00,988.045,989.105,985.325,985.785,2371,629,0
2024-09-13 09:00:00,985.785,987.995,982.89,986.745,3636,339,0
2024-09-13 10:00:00,986.845,987.465,982.835,983.605,3380,1179,0
2024-09-13 11:00:00,983.635,989.245,983.335,988.185,2681,539,0
2024-09-13 12:00:00,988.185,995.185,987.41,993.195,2066,619,0
2024-09-13 13:00:00,993.205,994.885,990.715,994.115,2232,1079,0
2024-09-13 14:00:00,993.03,994.545,983.735,985.745,3059,1249,0
2024-09-13 15:00:00,985.765,997.055,985.595,996.565,4313,599,0
2024-09-13 16:00:00,996.645,1004.295,995.335,996.035,5245,909,0
2024-09-13 17:00:00,996.095,1004.335,995.795,1003.635,5451,1299,0
2024-09-13 18:00:00,1003.835,1005.455,998.335,1005.255,1918,1150,0
2024-09-13 19:00:00,1005.155,1005.455,1001.96,1004.51,2847,1299,0
2024-09-13 20:00:00,1004.49,1004.49,997.4,1000.55,1745,1220,0
2024-09-13 21:00:00,1000.26,1001.8,998.25,998.55,1577,1220,0
2024-09-13 22:00:00,998.65,1000.78,997.86,998.94,1120,1220,0
2024-09-13 23:00:00,998.94,999.27,996.52,998.53,542,1220,0
2024-09-16 01:00:00,996.86,999.465,995.375,995.945,1291,859,0
2024-09-16 02:00:00,995.915,999.855,995.645,996.995,3256,819,0
2024-09-16 03:00:00,996.675,998.205,995.845,996.845,1262,1359,0
2024-09-16 04:00:00,996.845,997.465,994.745,996.165,1833,1179,0
2024-09-16 05:00:00,996.175,1000.2,995.895,999.835,2381,1189,0
2024-09-16 06:00:00,999.735,1001.735,998.985,1000.135,1587,1339,0
2024-09-16 07:00:00,1000.195,1001.6,999.435,1000.855,1230,1309,0
2024-09-16 08:00:00,1000.785,1005.165,1000.245,1005.165,1370,1189,0
2024-09-16 09:00:00,1005.165,1005.165,1001.795,1002.375,2093,1239,0
2024-09-16 10:00:00,1002.385,1002.785,989.555,990.385,2046,1029,0
2024-09-16 11:00:00,990.435,995.975,990.325,994.715,1938,1309,0
2024-09-16 12:00:00,994.715,996.04,987.835,989.975,1571,1330,0
2024-09-16 13:00:00,990.005,993.535,989.46,992.575,2181,1330,0
2024-09-16 14:00:00,992.595,995.235,991.47,994.915,1884,1350,0
2024-09-16 15:00:00,994.935,994.975,986.405,991.795,3576,1339,0
2024-09-16 16:00:00,991.795,995.875,988.065,995.585,5142,799,0
2024-09-16 17:00:00,995.485,995.985,986.245,986.745,2611,1539,0
2024-09-16 18:00:00,986.745,987.645,982.48,983.535,1803,1140,0
2024-09-16 19:00:00,983.535,985.745,982.3,984.945,1535,1210,0
2024-09-16 20:00:00,984.945,986.815,984.135,986.515,1867,739,0
2024-09-16 21:00:00,986.545,987.385,985.12,987.385,1153,789,0
2024-09-16 22:00:00,987.385,987.805,986.05,987.405,1257,889,0
2024-09-16 23:00:00,987.345,988.285,986.34,986.52,637,519,0
2024-09-17 01:00:00,985.61,987.535,985.16,986.145,425,1689,0
2024-09-17 02:00:00,986.235,987.255,984.56,986.155,701,1479,0
2024-09-17 03:00:00,986.195,987.865,984.825,985.245,1169,1399,0
2024-09-17 04:00:00,985.245,991.035,984.715,990.055,1450,1269,0
2024-09-17 05:00:00,990.235,991.9,988.82,989.16,809,1309,0
2024-09-17 06:00:00,989.535,990.635,987.645,987.745,1505,1009,0
2024-09-17 07:00:00,987.745,988.735,985.285,987.335,2068,1169,0
2024-09-17 08:00:00,987.435,990.235,985.775,989.375,2105,1339,0
2024-09-17 09:00:00,989.375,992.735,988.41,990.145,1238,849,0
2024-09-17 10:00:00,990.145,991.945,985.68,986.855,981,1419,0
2024-09-17 11:00:00,986.855,986.855,980.045,984.165,1403,1419,0
2024-09-17 12:00:00,984.245,984.645,978.26,981.055,968,1099,0
2024-09-17 13:00:00,981.025,984.195,980.245,981.475,2127,1349,0
2024-09-17 14:00:00,981.445,984.775,979.96,984.045,1945,1400,0
2024-09-17 15:00:00,984.065,985.845,978.875,984.205,3636,1149,0
2024-09-17 16:00:00,984.235,985.685,980.355,981.765,5197,1269,0
2024-09-17 17:00:00,981.715,985.855,979.28,980.38,4189,1220,0
2024-09-17 18:00:00,980.55,981.75,977.85,979.2,1712,1220,0
2024-09-17 19:00:00,980.04,982.08,977.89,981.46,1996,1200,0
2024-09-17 20:00:00,981.28,983.36,977.52,982.66,2426,1200,0
2024-09-17 21:00:00,982.66,985.7,982.32,984.16,1079,1200,0
2024-09-17 22:00:00,984.16,985.7,982.76,984.66,858,1200,0
2024-09-17 23:00:00,984.66,986.27,983.23,986.19,506,1230,0
2024-09-18 01:00:00,983.05,984.32,982.58,982.58,412,1650,0
2024-09-18 02:00:00,982.58,984.79,981.96,983.625,1519,1490,0
2024-09-18 03:00:00,983.325,986.535,982.765,984.225,2240,1539,0
2024-09-18 04:00:00,984.215,986.335,981.105,983.225,4969,1559,0
2024-09-18 05:00:00,983.635,983.835,981.67,983.115,3058,1609,0
2024-09-18 06:00:00,983.535,983.735,979.34,979.655,2036,1330,0
2024-09-18 07:00:00,979.675,982.345,978.7,980.055,1763,1330,0
2024-09-18 08:00:00,979.855,980.575,976.665,978.515,2511,1399,0
2024-09-18 09:00:00,978.685,984.815,978.615,984.805,2636,1279,0
2024-09-18 10:00:00,984.805,987.225,981.755,983.725,3092,1229,0
2024-09-18 11:00:00,983.755,985.555,979.92,981.535,2477,1309,0
2024-09-18 12:00:00,981.525,981.525,975.955,978.555,1539,1299,0
2024-09-18 13:00:00,978.585,981.325,977.84,980.785,1725,1470,0
2024-09-18 14:00:00,980.815,983.175,979.235,979.725,1709,1549,0
2024-09-18 15:00:00,979.775,982.425,974.56,976.035,2245,1139,0
2024-09-18 16:00:00,976.135,977.135,967.845,972.415,1522,659,0
2024-09-18 17:00:00,972.445,974.135,968.555,973.645,4121,539,0
2024-09-18 18:00:00,973.645,974.645,970.96,973.445,1199,1689,0
2024-09-18 19:00:00,973.345,974.845,971.28,973.015,876,1300,0
2024-09-18 20:00:00,972.945,973.725,966.36,967.275,1332,1200,0
2024-09-18 21:00:00,967.795,986.555,967.495,978.945,7236,1569,0
2024-09-18 22:00:00,978.945,978.945,966.335,968.345,2981,1410,0
2024-09-18 23:00:00,968.245,972.195,967.785,971.41,2021,2080,0
2024-09-19 01:00:00,971.95,973.455,968.695,971.465,1366,1580,0
2024-09-19 02:00:00,971.335,971.685,967.745,970.935,822,1340,0
2024-09-19 03:00:00,971.035,973.68,969.145,969.345,971,1330,0
2024-09-19 04:00:00,969.255,970.635,964.935,968.435,1803,1259,0
2024-09-19 05:00:00,968.335,973.935,968.135,972.545,1605,1469,0
2024-09-19 06:00:00,972.545,977.145,971.36,976.835,999,1459,0
2024-09-19 07:00:00,976.835,977.515,975.06,977.015,817,1530,0
2024-09-19 08:00:00,977.015,981.945,975.84,981.945,618,459,0
2024-09-19 09:00:00,982.045,986.345,981.76,985.645,570,1059,0
2024-09-19 10:00:00,985.685,990.985,984.28,990.895,1568,1119,0
2024-09-19 11:00:00,990.965,993.145,988.91,990.775,1159,1380,0
2024-09-19 12:00:00,990.775,991.085,985.96,987.215,1063,1150,0
2024-09-19 13:00:00,987.215,990.075,985.86,989.325,710,1270,0
2024-09-19 14:00:00,989.325,990.985,985.84,989.975,825,1200,0
2024-09-19 15:00:00,989.975,993.66,985.46,985.96,2372,1199,0
2024-09-19 16:00:00,985.96,988.61,982.06,985.26,3972,1900,0
2024-09-19 17:00:00,985.06,988.76,982.36,986.15,2700,3010,0
2024-09-19 18:00:00,986.25,991.3,985.29,990.86,1503,1300,0
2024-09-19 19:00:00,990.86,992.7,989.96,991.56,1057,1160,0
2024-09-19 20:00:00,991.56,992.2,987.86,988.36,1004,1900,0
2024-09-19 21:00:00,988.36,990.0,985.96,986.86,957,1900,0
2024-09-19 22:00:00,986.76,987.5,985.16,986.56,935,1600,0
2024-09-19 23:00:00,986.66,987.2,985.2,986.49,317,1800,0
2024-09-20 01:00:00,984.72,987.3,984.11,985.46,221,1660,0
2024-09-20 02:00:00,986.4,986.4,982.96,983.77,341,3050,0
2024-09-20 03:00:00,983.76,986.34,983.06,985.15,541,2190,0
2024-09-20 04:00:00,985.23,985.805,982.245,984.715,1248,2240,0
2024-09-20 05:00:00,984.565,987.935,984.205,987.035,1275,1829,0
2024-09-20 06:00:00,987.035,989.95,987.035,988.455,1177,1990,0
2024-09-20 07:00:00,988.385,989.425,986.77,987.825,379,1229,0
2024-09-20 08:00:00,987.825,988.595,985.39,988.295,573,1049,0
2024-09-20 09:00:00,988.335,991.695,987.22,988.545,953,359,0
2024-09-20 10:00:00,988.775,992.025,988.775,989.065,1058,1119,0
2024-09-20 11:00:00,989.025,989.575,986.78,988.455,791,1159,0
2024-09-20 12:00:00,988.455,990.215,986.565,989.345,743,1019,0
2024-09-20 13:00:00,989.345,991.745,987.66,991.535,475,1119,0
2024-09-20 14:00:00,991.495,992.4,986.75,989.575,680,1170,0
2024-09-20 15:00:00,989.495,995.905,989.105,989.815,1261,329,0
2024-09-20 16:00:00,989.745,989.945,979.175,981.715,2928,1089,0
2024-09-20 17:00:00,981.715,981.805,976.845,979.275,2056,2219,0
2024-09-20 18:00:00,979.275,980.065,973.76,976.36,1871,1200,0
2024-09-20 19:00:00,976.36,982.3,975.76,980.445,516,1200,0
2024-09-20 20:00:00,980.445,981.145,977.46,977.71,505,1200,0
2024-09-20 21:00:00,977.76,981.045,976.06,980.345,545,1559,0
2024-09-20 22:00:00,979.66,981.145,977.26,978.045,439,1539,0
2024-09-20 23:00:00,977.945,978.6,975.77,977.12,269,1779,0
2024-09-23 01:00:00,976.37,977.765,973.05,973.375,1491,1539,0
2024-09-23 02:00:00,973.405,975.095,972.42,972.545,1280,1229,0
2024-09-23 03:00:00,972.545,974.615,970.745,972.685,1966,639,0
2024-09-23 04:00:00,972.675,976.365,971.595,974.275,3689,999,0
2024-09-23 05:00:00,974.335,974.395,970.45,971.665,2633,339,0
2024-09-23 06:00:00,971.605,974.395,970.425,971.725,2936,309,0
2024-09-23 07:00:00,971.745,974.305,970.945,973.135,1950,329,0
2024-09-23 08:00:00,973.065,975.895,971.145,972.935,4158,309,0
2024-09-23 09:00:00,972.915,972.915,966.545,967.145,804,639,0
2024-09-23 10:00:00,967.145,968.045,958.045,959.055,1159,1500,0
2024-09-23 11:00:00,958.945,959.745,954.545,956.045,941,1480,0
2024-09-23 12:00:00,956.045,957.545,954.26,956.145,682,1559,0
2024-09-23 13:00:00,956.06,960.86,955.845,959.045,560,1180,0
2024-09-23 14:00:00,959.045,962.545,958.445,961.445,603,1330,0
2024-09-23 15:00:00,961.545,965.645,958.445,962.995,1006,1269,0
2024-09-23 16:00:00,962.995,967.395,960.895,964.665,2037,1309,0
2024-09-23 17:00:00,964.485,970.235,963.525,966.745,2164,1619,0
2024-09-23 18:00:00,966.695,966.935,960.145,960.795,1334,1679,0
2024-09-23 19:00:00,960.745,961.245,958.16,960.245,846,1759,0
2024-09-23 20:00:00,960.345,962.145,958.76,960.945,708,1300,0
2024-09-23 21:00:00,960.745,960.845,957.76,959.345,623,1569,0
2024-09-23 22:00:00,959.245,960.4,957.76,959.245,442,1290,0
2024-09-23 23:00:00,959.145,960.5,957.45,958.33,406,1300,0
2024-09-24 01:00:00,959.07,960.07,957.585,958.035,429,1580,0
2024-09-24 02:00:00,958.26,959.8,957.735,959.535,392,1539,0
2024-09-24 03:00:00,959.535,961.335,958.34,960.435,797,979,0
2024-09-24 04:00:00,960.015,964.435,960.015,963.535,1358,1209,0
2024-09-24 05:00:00,963.245,966.435,962.36,965.535,1994,309,0
2024-09-24 06:00:00,965.315,968.405,964.345,967.355,2023,969,0
2024-09-24 07:00:00,967.285,970.535,965.53,970.435,2239,1169,0
2024-09-24 08:00:00,970.435,970.735,963.335,963.435,2257,1729,0
2024-09-24 09:00:00,963.435,967.875,961.955,967.275,1500,569,0
2024-09-24 10:00:00,967.275,970.045,964.95,969.295,1453,719,0
2024-09-24 11:00:00,969.185,972.535,965.81,970.935,684,1609,0
2024-09-24 12:00:00,970.935,971.725,966.25,969.535,657,1510,0
2024-09-24 13:00:00,969.535,974.715,967.46,971.39,571,1580,0
2024-09-24 14:00:00,971.39,973.115,969.46,971.985,635,1509,0
2024-09-24 15:00:00,971.985,977.035,970.79,975.165,1368,1649,0
2024-09-24 16:00:00,975.135,978.855,972.895,977.545,3342,1200,0
2024-09-24 17:00:00,977.515,983.805,975.025,981.745,1820,1500,0
2024-09-24 18:00:00,981.745,984.915,980.005,981.045,1466,1479,0
2024-09-24 19:00:00,981.045,988.335,980.845,987.315,1879,1399,0
2024-09-24 20:00:00,987.08,987.815,985.16,986.475,654,1289,0
2024-09-24 21:00:00,986.475,988.715,985.66,987.295,675,759,0
2024-09-24 22:00:00,987.225,990.675,986.18,990.435,926,1370,0
2024-09-24 23:00:00,990.435,990.735,987.72,989.62,281,1370,0
2024-09-25 01:00:00,989.39,991.135,986.865,990.605,469,1619,0
2024-09-25 02:00:00,989.67,991.235,988.96,990.435,326,1490,0
2024-09-25 03:00:00,990.435,990.835,988.19,990.485,567,1369,0
2024-09-25 04:00:00,990.485,991.985,985.13,988.765,1340,789,0
2024-09-25 05:00:00,988.665,990.135,985.51,989.925,691,729,0
2024-09-25 06:00:00,989.805,989.805,985.76,988.465,484,889,0
2024-09-25 07:00:00,988.615,989.145,984.59,986.755,383,1309,0
2024-09-25 08:00:00,986.645,987.605,982.17,983.555,521,689,0
2024-09-25 09:00:00,983.675,984.805,978.75,980.605,719,729,0
2024-09-25 10:00:00,980.605,983.345,979.06,982.785,704,989,0
2024-09-25 11:00:00,982.66,985.86,981.72,984.635,844,1210,0
2024-09-25 12:00:00,984.535,986.39,979.86,982.185,554,1210,0
2024-09-25 13:00:00,982.27,984.785,982.175,984.485,494,1410,0
2024-09-25 14:00:00,984.54,990.795,983.27,990.545,637,1210,0
2024-09-25 15:00:00,990.545,998.725,988.745,990.985,1229,1220,0
2024-09-25 16:00:00,991.075,993.975,989.315,993.195,1493,749,0
2024-09-25 17:00:00,993.165,998.345,990.285,994.135,1562,1129,0
2024-09-25 18:00:00,994.135,995.785,990.62,992.145,1222,759,0
2024-09-25 19:00:00,992.135,994.175,986.935,990.275,1428,769,0
2024-09-25 20:00:00,990.285,994.735,988.65,993.305,731,319,0
2024-09-25 21:00:00,993.315,994.085,988.45,990.085,494,309,0
2024-09-25 22:00:00,990.085,991.435,988.86,990.955,479,549,0
2024-09-25 23:00:00,990.925,991.77,988.5,989.75,426,1129,0
2024-09-26 01:00:00,988.2,992.64,987.71,991.365,432,2020,0
2024-09-26 02:00:00,991.365,992.385,989.7,991.985,409,2179,0
2024-09-26 03:00:00,991.985,1000.53,991.6,998.045,1013,959,0
2024-09-26 04:00:00,998.4,1001.645,995.55,1000.445,676,309,0
2024-09-26 05:00:00,1000.445,1000.645,994.6,996.545,584,309,0
2024-09-26 06:00:00,996.545,998.045,995.19,997.445,392,1209,0
2024-09-26 07:00:00,997.445,998.72,996.89,997.545,246,1019,0
2024-09-26 08:00:00,997.545,1004.145,996.93,1004.145,520,1440,0
2024-09-26 09:00:00,1004.145,1005.085,1000.985,1004.685,789,1949,0
2024-09-26 10:00:00,1004.585,1005.485,1000.86,1001.585,1554,1410,0
2024-09-26 11:00:00,1001.585,1008.625,1000.46,1008.255,1165,999,0
2024-09-26 12:00:00,1008.245,1015.085,1006.96,1012.815,2404,1210,0
2024-09-26 13:00:00,1012.915,1015.125,1011.34,1014.745,2840,1210,0
2024-09-26 14:00:00,1014.685,1018.145,1013.0,1014.235,2779,1240,0
2024-09-26 15:00:00,1014.345,1015.365,1007.005,1012.135,7660,1659,0
2024-09-26 16:00:00,1012.135,1013.185,1000.845,1008.545,6689,1259,0
2024-09-26 17:00:00,1008.445,1017.075,1008.145,1009.185,5081,999,0
2024-09-26 18:00:00,1009.285,1015.645,1007.085,1013.645,1626,1669,0
2024-09-26 19:00:00,1013.745,1013.845,1009.06,1010.645,1085,1829,0
2024-09-26 20:00:00,1010.545,1011.645,1007.26,1010.745,828,1300,0
2024-09-26 21:00:00,1009.96,1012.55,1009.51,1010.945,444,1300,0
2024-09-26 22:00:00,1010.845,1012.445,1007.86,1012.145,350,1300,0
2024-09-26 23:00:00,1012.145,1012.345,1008.77,1009.18,221,2019,0
2024-09-27 01:00:00,1010.3,1012.285,1008.765,1009.285,1063,1489,0
2024-09-27 02:00:00,1009.305,1010.065,1006.95,1009.335,1176,1569,0
2024-09-27 03:00:00,1009.355,1010.115,1006.43,1006.735,2204,979,0
2024-09-27 04:00:00,1006.795,1009.195,1001.245,1003.225,5344,769,0
2024-09-27 05:00:00,1002.865,1005.085,1000.835,1001.365,3719,1239,0
2024-09-27 06:00:00,1001.425,1005.585,1000.865,1003.995,3414,1149,0
2024-09-27 07:00:00,1003.935,1005.285,1002.225,1004.635,2055,1139,0
2024-09-27 08:00:00,1004.695,1006.695,997.035,998.935,5702,379,0
2024-09-27 09:00:00,998.955,1004.155,998.275,1002.585,4671,489,0
2024-09-27 10:00:00,1002.475,1003.395,997.975,1002.245,3444,2049,0
2024-09-27 11:00:00,1002.285,1010.285,1000.735,1007.525,1801,1969,0
2024-09-27 12:00:00,1007.525,1010.685,1004.845,1009.125,1933,2079,0
2024-09-27 13:00:00,1009.215,1010.115,1007.04,1008.105,1310,1729,0
2024-09-27 14:00:00,1008.095,1018.255,1008.015,1016.895,2262,1969,0
2024-09-27 15:00:00,1016.905,1018.205,1011.005,1012.485,2182,1599,0
2024-09-27 16:00:00,1012.485,1018.275,1011.795,1012.385,2080,339,0
2024-09-27 17:00:00,1012.405,1013.135,1006.405,1006.785,1760,1859,0
2024-09-27 18:00:00,1006.785,1011.485,1003.085,1009.975,2072,2299,0
2024-09-27 19:00:00,1009.975,1010.715,1006.085,1010.185,1510,1500,0
2024-09-27 20:00:00,1010.185,1010.405,1003.205,1004.995,1053,2189,0
2024-09-27 21:00:00,1004.995,1005.725,1001.805,1004.085,821,1700,0
2024-09-27 22:00:00,1004.2,1004.785,1002.7,1003.585,520,1660,0
2024-09-27 23:00:00,1003.385,1003.385,1000.7,1001.18,527,1949,0
2024-09-30 01:00:00,1004.24,1007.935,1004.24,1006.555,439,1599,0
2024-09-30 02:00:00,1006.555,1008.345,1005.69,1006.295,521,1809,0
2024-09-30 03:00:00,1006.295,1006.545,1002.895,1003.285,567,999,0
2024-09-30 04:00:00,1003.285,1004.905,997.905,999.225,2473,1479,0
2024-09-30 05:00:00,999.095,1002.445,997.64,1000.445,2104,889,0
2024-09-30 06:00:00,1000.495,1002.395,998.3,1000.035,1603,1359,0
2024-09-30 07:00:00,999.965,1000.075,996.37,998.355,369,1440,0
2024-09-30 08:00:00,998.465,999.555,993.95,998.505,1237,1179,0
2024-09-30 09:00:00,998.565,999.245,995.06,995.285,747,1179,0
2024-09-30 10:00:00,995.365,1000.515,989.655,990.685,1300,1219,0
2024-09-30 11:00:00,990.635,994.325,990.055,992.035,3973,1509,0
2024-09-30 12:00:00,991.995,992.385,988.16,989.155,2134,1009,0
2024-09-30 13:00:00,989.035,989.6,981.935,982.045,1921,809,0
2024-09-30 14:00:00,982.095,986.705,981.05,984.615,3124,939,0
2024-09-30 15:00:00,984.565,987.295,981.445,983.765,4208,1079,0
2024-09-30 16:00:00,983.735,985.435,976.225,977.935,6933,379,0
2024-09-30 17:00:00,977.835,980.185,972.145,976.615,6714,379,0
2024-09-30 18:00:00,976.515,978.315,972.355,975.945,3545,849,0
2024-09-30 19:00:00,975.915,981.185,975.905,980.985,3956,669,0
2024-09-30 20:00:00,980.965,981.835,978.6,980.765,3284,739,0
2024-09-30 21:00:00,980.755,981.115,975.435,980.575,6417,399,0
2024-09-30 22:00:00,980.565,982.375,978.84,981.515,3105,309,0
2024-09-30 23:00:00,981.505,982.505,980.56,981.74,1023,399,0
2024-10-01 01:00:00,979.8,981.165,978.79,980.075,760,2399,0
2024-10-01 02:00:00,980.285,982.855,979.19,982.855,710,1859,0
2024-10-01 03:00:00,982.835,987.045,979.59,985.575,2213,309,0
2024-10-01 04:00:00,985.585,987.465,984.895,987.465,2106,669,0
2024-10-01 05:00:00,987.465,987.565,983.16,985.085,1241,1500,0
2024-10-01 06:00:00,985.085,985.285,981.4,984.455,717,1700,0
2024-10-01 07:00:00,983.76,985.535,982.02,983.585,1812,1360,0
2024-10-01 08:00:00,983.585,985.485,982.985,985.085,1120,1900,0
2024-10-01 09:00:00,985.085,987.185,983.555,984.105,2332,949,0
2024-10-01 10:00:00,984.175,987.035,978.555,985.635,2779,799,0
2024-10-01 11:00:00,985.735,986.235,981.06,983.935,1214,1349,0
2024-10-01 12:00:00,984.035,985.035,979.235,981.935,1014,1160,0
2024-10-01 13:00:00,981.935,983.135,979.73,982.735,1029,1160,0
2024-10-01 14:00:00,982.935,984.835,977.735,982.535,1193,1180,0
2024-10-01 15:00:00,982.535,996.235,982.335,992.735,1781,1149,0
2024-10-01 16:00:00,992.635,1002.635,990.035,996.395,4021,899,0
2024-10-01 17:00:00,996.395,1000.965,991.835,994.335,5693,1049,0
2024-10-01 18:00:00,994.335,994.845,988.145,992.845,2575,889,0
2024-10-01 19:00:00,992.745,995.345,990.335,991.435,3149,1069,0
2024-10-01 20:00:00,991.335,992.335,986.93,989.785,4590,989,0
2024-10-01 21:00:00,989.755,993.785,988.645,992.255,3238,1300,0
2024-10-01 22:00:00,992.305,994.285,991.23,992.985,1608,1159,0
2024-10-01 23:00:00,993.085,993.785,991.68,992.31,911,1239,0
2024-10-02 01:00:00,992.05,993.335,989.35,993.235,230,1439,0
2024-10-02 02:00:00,992.35,993.435,990.55,991.835,180,1229,0
2024-10-02 03:00:00,991.935,993.725,989.52,991.815,1150,909,0
2024-10-02 04:00:00,991.805,998.305,991.41,996.935,3371,1189,0
2024-10-02 05:00:00,996.935,998.535,995.375,998.335,1241,1229,0
2024-10-02 06:00:00,998.235,999.2,994.35,995.835,819,1360,0
2024-10-02 07:00:00,995.735,996.135,990.24,991.525,1079,1509,0
2024-10-02 08:00:00,991.485,994.955,986.235,988.395,3521,339,0
2024-10-02 09:00:00,988.335,990.835,986.03,990.435,1759,309,0
2024-10-02 10:00:00,990.535,1000.135,990.335,999.335,1491,819,0
2024-10-02 11:00:00,999.235,1000.235,993.93,995.835,1010,819,0
2024-10-02 12:00:00,995.835,997.535,992.93,996.235,764,1119,0
2024-10-02 13:00:00,996.335,998.335,993.78,997.335,912,1160,0
2024-10-02 14:00:00,997.435,998.335,993.79,996.235,1072,939,0
2024-10-02 15:00:00,996.335,1012.835,995.835,1010.135,3358,659,0
2024-10-02 16:00:00,1010.185,1014.585,1005.235,1011.825,3040,1339,0
2024-10-02 17:00:00,1012.085,1012.565,1005.045,1005.185,2495,1339,0
2024-10-02 18:00:00,1005.345,1008.985,1000.145,1007.085,1998,1140,0
2024-10-02 19:00:00,1007.085,1008.885,1005.285,1005.385,1373,1369,0
2024-10-02 20:00:00,1005.385,1006.785,1003.28,1006.385,1001,1260,0
2024-10-02 21:00:00,1006.385,1006.785,1003.58,1006.285,809,1260,0
2024-10-02 22:00:00,1006.285,1008.885,1005.63,1008.385,1044,1260,0
2024-10-02 23:00:00,1008.385,1009.285,1007.29,1008.03,575,1769,0
2024-10-03 01:00:00,1008.45,1009.825,1004.615,1008.71,382,1819,0
2024-10-03 02:00:00,1008.71,1011.295,1007.55,1008.435,451,2499,0
2024-10-03 03:00:00,1008.335,1008.635,1003.75,1004.725,828,2000,0
2024-10-03 04:00:00,1004.675,1005.935,998.57,1002.235,1502,929,0
2024-10-03 05:00:00,1002.135,1002.635,998.02,999.935,930,859,0
2024-10-03 06:00:00,999.835,1000.635,996.57,999.535,887,949,0
2024-10-03 07:00:00,999.435,999.935,995.22,996.735,554,889,0
2024-10-03 08:00:00,996.635,1000.135,995.42,998.535,1001,939,0
2024-10-03 09:00:00,998.635,1000.635,996.29,1000.435,936,639,0
2024-10-03 10:00:00,999.14,1000.835,991.08,992.515,4553,709,0
2024-10-03 11:00:00,992.565,993.605,988.54,989.925,3289,1429,0
2024-10-03 12:00:00,989.915,990.935,987.96,988.06,1760,1049,0
2024-10-03 13:00:00,988.235,989.935,983.635,984.635,1161,1299,0
2024-10-03 14:00:00,984.635,986.6,983.915,984.135,1043,1200,0
2024-10-03 15:00:00,984.135,986.8,981.135,981.145,1901,1059,0
2024-10-03 16:00:00,981.145,989.295,980.345,986.465,2605,579,0
2024-10-03 17:00:00,986.445,991.325,983.235,988.165,3906,1249,0
2024-10-03 18:00:00,987.46,992.455,987.045,991.335,2323,569,0
2024-10-03 19:00:00,991.345,996.125,990.68,995.465,2427,759,0
2024-10-03 20:00:00,995.545,996.695,993.38,994.715,2525,1239,0
2024-10-03 21:00:00,994.815,996.805,993.32,995.28,1378,1399,0
2024-10-03 22:00:00,995.905,996.545,994.58,995.315,962,1160,0
2024-10-03 23:00:00,995.315,995.605,993.05,993.53,483,1569,0
2024-10-04 01:00:00,993.89,995.235,992.75,994.135,340,1999,0
2024-10-04 02:00:00,994.235,995.235,992.85,994.935,388,1819,0
2024-10-04 03:00:00,994.935,996.2,992.76,995.845,520,1400,0
2024-10-04 04:00:00,995.46,1001.245,995.46,1000.165,3572,1009,0
2024-10-04 05:00:00,1000.235,1004.335,999.355,1003.135,2260,959,0
2024-10-04 06:00:00,1003.135,1004.435,1001.35,1003.535,761,1519,0
2024-10-04 07:00:00,1003.535,1005.835,1002.15,1003.935,548,1489,0
2024-10-04 08:00:00,1003.935,1006.635,1003.65,1006.435,929,1749,0
2024-10-04 09:00:00,1006.435,1006.735,1001.845,1002.145,1216,929,0
2024-10-04 10:00:00,1002.145,1008.525,1001.645,1007.425,794,1109,0
2024-10-04 11:00:00,1007.465,1007.575,1000.695,1000.995,1673,1709,0
2024-10-04 12:00:00,1000.925,1003.385,1000.565,1002.305,2591,1519,0
2024-10-04 13:00:00,1002.325,1003.415,1000.86,1001.755,2102,1120,0
2024-10-04 14:00:00,1001.725,1004.495,1000.84,1004.395,2165,1199,0
2024-10-04 15:00:00,1004.435,1006.515,990.245,993.715,7222,1359,0
2024-10-04 16:00:00,993.785,1000.015,992.445,996.395,2052,1809,0
2024-10-04 17:00:00,996.265,1000.025,990.845,1000.025,2784,1359,0
2024-10-04 18:00:00,1000.025,1008.135,992.835,997.145,3278,1119,0
2024-10-04 19:00:00,997.145,997.445,990.535,990.835,1839,1729,0
2024-10-04 20:00:00,990.935,993.245,989.835,992.845,666,1789,0
2024-10-04 21:00:00,992.845,993.145,990.16,992.545,249,1600,0
2024-10-04 22:00:00,992.445,994.545,990.535,991.945,230,1689,0
2024-10-04 23:00:00,991.845,992.045,988.16,990.79,247,1809,0
2024-10-07 01:00:00,990.79,993.425,989.84,991.54,611,1959,0
2024-10-07 02:00:00,992.425,992.635,989.915,990.115,667,2519,0
2024-10-07 03:00:00,990.125,993.435,989.26,992.785,759,1959,0
2024-10-07 04:00:00,992.785,996.385,991.985,992.885,1111,2069,0
2024-10-07 05:00:00,992.785,993.885,987.445,987.445,915,1539,0
2024-10-07 06:00:00,987.385,988.485,985.315,985.865,645,1669,0
2024-10-07 07:00:00,985.745,988.685,984.515,985.445,1007,309,0
2024-10-07 08:00:00,985.385,986.545,980.785,981.105,1815,319,0
2024-10-07 09:00:00,981.105,983.825,980.915,982.115,2339,389,0
2024-10-07 10:00:00,982.115,983.375,978.485,982.895,3938,629,0
2024-10-07 11:00:00,982.915,988.835,982.815,987.085,1975,449,0
2024-10-07 12:00:00,987.185,987.885,984.085,984.885,836,1199,0
2024-10-07 13:00:00,984.885,987.135,983.735,984.535,854,979,0
2024-10-07 14:00:00,984.525,987.725,984.235,984.985,2120,989,0
2024-10-07 15:00:00,984.885,984.985,976.085,978.875,2610,519,0
2024-10-07 16:00:00,978.815,984.025,977.925,980.805,7490,779,0
2024-10-07 17:00:00,980.915,985.325,974.115,974.355,6062,909,0
2024-10-07 18:00:00,974.365,978.185,971.915,976.155,4365,1019,0
2024-10-07 19:00:00,976.135,978.155,974.305,976.885,2190,809,0
2024-10-07 20:00:00,976.885,978.745,976.705,978.165,2321,1209,0
2024-10-07 21:00:00,978.185,978.365,975.365,975.435,2799,1229,0
2024-10-07 22:00:00,975.415,977.545,974.885,976.985,2323,1309,0
2024-10-07 23:00:00,976.925,977.185,974.87,976.01,787,1589,0
2024-10-08 01:00:00,975.42,975.43,973.075,973.995,631,1719,0
2024-10-08 02:00:00,974.005,975.425,972.835,973.585,2101,1609,0
2024-10-08 03:00:00,973.525,977.965,972.735,976.685,1620,2169,0
2024-10-08 04:00:00,976.715,977.585,970.105,974.585,8467,389,0
2024-10-08 05:00:00,974.585,975.255,963.585,965.655,8646,719,0
2024-10-08 06:00:00,965.815,970.165,965.505,968.395,5262,359,0
2024-10-08 07:00:00,968.465,970.935,966.815,968.585,2071,539,0
2024-10-08 08:00:00,968.565,969.505,965.395,968.185,5184,1109,0
2024-10-08 09:00:00,968.145,969.405,963.435,965.535,4704,309,0
2024-10-08 10:00:00,965.635,967.245,960.895,962.255,5432,309,0
2024-10-08 11:00:00,962.305,965.525,959.645,964.995,3991,309,0
2024-10-08 12:00:00,965.105,973.275,964.185,969.525,2764,849,0
2024-10-08 13:00:00,969.505,971.295,967.735,970.515,1281,1349,0
2024-10-08 14:00:00,970.405,973.435,969.805,971.385,1988,1249,0
2024-10-08 15:00:00,971.485,971.585,960.585,964.255,2385,1479,0
2024-10-08 16:00:00,964.245,965.745,959.545,962.345,8650,739,0
2024-10-08 17:00:00,962.365,963.375,953.185,955.805,7650,639,0
2024-10-08 18:00:00,955.805,956.475,952.445,954.595,4840,1409,0
2024-10-08 19:00:00,954.605,957.535,953.965,954.485,3966,1339,0
2024-10-08 20:00:00,954.455,956.135,953.435,954.965,3658,1279,0
2024-10-08 21:00:00,954.915,956.345,954.595,955.975,2324,1699,0
2024-10-08 22:00:00,956.145,959.575,955.395,959.275,2228,1109,0
2024-10-08 23:00:00,959.305,959.565,957.055,957.47,1501,1579,0
2024-10-09 01:00:00,956.75,959.325,950.335,959.015,592,1869,0
2024-10-09 02:00:00,959.205,959.325,957.625,958.265,924,2339,0
2024-10-09 03:00:00,958.265,958.485,955.405,955.905,1768,1949,0
2024-10-09 04:00:00,955.895,959.265,954.795,955.625,6341,849,0
2024-10-09 05:00:00,955.655,956.555,952.275,954.405,4453,309,0
2024-10-09 06:00:00,954.345,955.165,951.825,953.735,3863,309,0
2024-10-09 07:00:00,953.715,954.745,950.635,952.715,1382,499,0
2024-10-09 08:00:00,952.745,962.285,952.355,958.175,6443,309,0
2024-10-09 09:00:00,958.175,959.185,952.965,953.875,3110,309,0
2024-10-09 10:00:00,953.845,955.755,950.965,954.125,3789,629,0
2024-10-09 11:00:00,954.085,955.695,951.935,953.135,2472,309,0
2024-10-09 12:00:00,953.135,954.135,951.035,953.385,911,1589,0
2024-10-09 13:00:00,953.485,953.585,950.885,952.335,1024,1059,0
2024-10-09 14:00:00,952.335,954.835,948.485,951.185,1012,1089,0
2024-10-09 15:00:00,951.285,953.185,947.085,947.545,1298,699,0
2024-10-09 16:00:00,947.645,951.275,944.745,949.205,3218,1549,0
2024-10-09 17:00:00,949.245,950.435,946.895,949.745,2083,1519,0
2024-10-09 18:00:00,949.715,954.935,949.165,953.535,1696,1549,0
2024-10-09 19:00:00,953.435,954.435,949.545,950.045,1350,1189,0
2024-10-09 20:00:00,950.045,952.635,949.045,950.905,909,1719,0
2024-10-09 21:00:00,950.815,953.635,950.785,952.435,668,1600,0
2024-10-09 22:00:00,952.335,954.035,952.335,952.835,669,1529,0
2024-10-09 23:00:00,952.835,952.935,950.62,951.7,4379,1619,0
2024-10-10 00:00:00,951.71,951.71,951.7,951.7,32220,2630,0
2024-10-10 01:00:00,951.73,952.405,950.335,952.3,930,1829,0
2024-10-10 02:00:00,952.3,955.695,952.185,953.665,833,709,0
2024-10-10 03:00:00,954.035,957.935,953.205,956.845,525,1419,0
2024-10-10 04:00:00,956.935,958.735,955.245,955.945,1679,1039,0
2024-10-10 05:00:00,955.945,959.235,955.645,958.935,1245,2029,0
2024-10-10 06:00:00,958.835,960.935,958.735,960.335,884,1739,0
2024-10-10 07:00:00,960.235,962.235,959.65,961.845,498,2069,0
2024-10-10 08:00:00,961.835,962.945,960.835,961.335,1310,1229,0
2024-10-10 09:00:00,961.255,962.445,959.675,960.535,813,1399,0
2024-10-10 10:00:00,960.565,964.235,959.945,961.485,798,859,0
2024-10-10 11:00:00,961.485,961.485,955.085,955.085,822,889,0
2024-10-10 12:00:00,955.285,960.285,954.485,959.285,649,1269,0
2024-10-10 13:00:00,959.385,959.885,956.385,957.385,550,1169,0
2024-10-10 14:00:00,957.385,957.885,953.585,954.5,700,1049,0
2024-10-10 15:00:00,955.385,964.085,952.695,961.685,3208,1149,0
2024-10-10 16:00:00,961.685,961.985,954.585,958.345,3923,949,0
2024-10-10 17:00:00,958.785,966.075,957.735,964.515,6548,1139,0
2024-10-10 18:00:00,964.515,969.455,964.415,968.695,2426,859,0
2024-10-10 19:00:00,968.695,970.945,966.245,966.445,950,1199,0
2024-10-10 20:00:00,966.445,970.385,965.345,969.525,1730,1559,0
2024-10-10 21:00:00,969.525,972.185,968.385,971.685,1356,1060,0
2024-10-10 22:00:00,971.685,974.285,971.685,973.185,557,1469,0
2024-10-10 23:00:00,973.185,973.795,970.01,970.19,949,1629,0
2024-10-11 01:00:00,971.57,973.235,966.305,972.405,1193,1559,0
2024-10-11 02:00:00,972.425,975.735,972.265,974.185,1432,1729,0
2024-10-11 03:00:00,974.085,974.885,973.205,973.635,973,1649,0
2024-10-11 04:00:00,973.635,975.885,972.975,975.445,1973,1829,0
2024-10-11 05:00:00,975.405,977.185,973.935,976.545,2354,1659,0
2024-10-11 06:00:00,976.545,978.185,975.42,977.845,1056,1549,0
2024-10-11 07:00:00,977.845,978.685,977.16,977.845,583,1639,0
2024-10-11 08:00:00,977.845,978.585,975.845,976.445,1347,1639,0
2024-10-11 09:00:00,976.445,976.445,972.655,973.695,2019,1749,0
2024-10-11 10:00:00,973.695,977.885,972.395,977.495,844,1469,0
2024-10-11 11:00:00,977.415,978.645,973.105,973.785,750,1369,0
2024-10-11 12:00:00,973.805,976.025,973.35,974.195,534,1339,0
2024-10-11 13:00:00,974.195,976.615,972.135,974.135,691,1549,0
2024-10-11 14:00:00,974.235,975.365,970.85,975.135,635,1189,0
2024-10-11 15:00:00,975.135,977.785,971.785,975.585,1714,1169,0
2024-10-11 16:00:00,975.685,980.335,974.455,975.935,4372,1469,0
2024-10-11 17:00:00,975.975,979.745,974.535,976.165,1970,1349,0
2024-10-11 18:00:00,976.145,983.255,976.145,983.115,1433,1449,0
2024-10-11 19:00:00,983.165,986.745,982.485,984.895,1866,1379,0
2024-10-11 20:00:00,984.895,986.955,983.115,986.045,2350,1219,0
2024-10-11 21:00:00,986.045,986.435,984.635,985.835,873,1199,0
2024-10-11 22:00:00,985.835,987.345,984.555,987.015,1365,1199,0
2024-10-11 23:00:00,986.945,987.555,984.36,985.44,365,1369,0
2024-10-14 01:00:00,977.99,981.0,972.21,974.935,948,1579,0
2024-10-14 02:00:00,974.935,976.235,974.475,975.645,621,1179,0
2024-10-14 03:00:00,975.665,977.335,972.645,976.075,1127,1109,0
2024-10-14 04:00:00,975.965,976.915,971.385,972.815,4670,1249,0
2024-10-14 05:00:00,972.705,976.075,967.785,974.825,5168,429,0
2024-10-14 06:00:00,974.815,978.285,973.865,976.165,2604,829,0
2024-10-14 07:00:00,976.165,978.165,976.015,976.845,730,1809,0
2024-10-14 08:00:00,976.845,979.015,975.72,978.305,1352,1769,0
2024-10-14 09:00:00,978.325,982.875,977.565,981.455,677,1589,0
2024-10-14 10:00:00,981.445,985.015,979.98,983.885,687,1229,0
2024-10-14 11:00:00,983.995,987.635,983.285,984.755,903,989,0
2024-10-14 12:00:00,984.785,985.835,980.985,981.615,640,1029,0
2024-10-14 13:00:00,981.725,982.165,977.155,977.415,1142,549,0
2024-10-14 14:00:00,977.415,979.075,975.675,978.715,1402,959,0
2024-10-14 15:00:00,978.375,985.255,977.925,982.795,3043,969,0
2024-10-14 16:00:00,982.905,1000.205,980.435,996.635,5335,589,0
2024-10-14 17:00:00,996.725,1000.705,990.935,994.935,3041,869,0
2024-10-14 18:00:00,995.035,996.235,988.535,992.935,1591,1519,0
2024-10-14 19:00:00,992.835,996.135,991.235,996.035,759,1619,0
2024-10-14 20:00:00,996.035,996.035,993.06,993.835,689,1289,0
2024-10-14 21:00:00,993.835,996.005,993.06,995.095,678,1400,0
2024-10-14 22:00:00,994.905,996.715,993.785,996.625,801,1639,0
2024-10-14 23:00:00,996.625,997.385,994.835,995.16,3473,469,0
2024-10-15 00:00:00,995.18,995.18,995.16,995.18,34567,2520,0
2024-10-15 01:00:00,995.16,998.415,992.435,998.335,1093,1069,0
2024-10-15 02:00:00,998.405,1001.075,993.985,994.285,2108,879,0
2024-10-15 03:00:00,994.345,997.555,993.375,994.525,2616,1359,0
2024-10-15 04:00:00,994.425,996.135,992.745,992.745,3681,539,0
2024-10-15 05:00:00,992.745,994.935,990.345,991.445,2566,439,0
2024-10-15 06:00:00,991.445,992.275,988.845,989.045,2226,719,0
2024-10-15 07:00:00,989.045,989.485,987.845,987.845,1170,899,0
2024-10-15 08:00:00,987.845,987.865,980.92,983.645,1028,449,0
2024-10-15 09:00:00,983.645,987.145,981.0,986.245,1160,1509,0
2024-10-15 10:00:00,986.195,987.655,981.225,983.445,3498,1309,0
2024-10-15 11:00:00,983.445,984.685,980.335,984.565,2621,1109,0
2024-10-15 12:00:00,984.545,984.945,980.755,984.895,1943,909,0
2024-10-15 13:00:00,984.925,986.585,981.42,983.035,1330,1179,0
2024-10-15 14:00:00,983.015,985.645,982.605,985.145,1710,1039,0
2024-10-15 15:00:00,985.245,990.065,975.045,978.475,1172,1119,0
2024-10-15 16:00:00,978.385,984.175,977.645,979.045,3030,1069,0
2024-10-15 17:00:00,979.045,988.585,978.245,987.365,5895,569,0
2024-10-15 18:00:00,987.435,991.015,986.575,986.885,4011,1119,0
2024-10-15 19:00:00,986.965,990.385,986.575,988.905,2528,1839,0
2024-10-15 20:00:00,988.905,988.985,987.005,988.405,1682,1849,0
2024-10-15 21:00:00,988.405,989.515,987.325,988.835,1273,1769,0
2024-10-15 22:00:00,988.915,989.115,987.185,987.585,997,1050,0
2024-10-15 23:00:00,987.385,987.485,985.985,986.52,2801,2059,0
2024-10-16 00:00:00,986.47,986.52,986.47,986.52,36810,2530,0
2024-10-16 01:00:00,986.47,987.605,984.315,987.605,793,2079,0
2024-10-16 02:00:00,986.72,989.105,986.345,986.445,1136,1579,0
2024-10-16 03:00:00,986.445,988.485,986.065,987.945,1499,1049,0
2024-10-16 04:00:00,987.945,992.485,987.845,992.085,1087,1619,0
2024-10-16 05:00:00,992.085,994.785,991.425,994.585,995,1459,0
2024-10-16 06:00:00,994.685,995.985,992.76,994.275,1813,1359,0
2024-10-16 07:00:00,994.375,996.125,993.46,996.015,646,1899,0
2024-10-16 08:00:00,995.985,997.425,994.845,996.025,1879,2069,0
2024-10-16 09:00:00,996.575,1002.155,994.225,1000.375,1059,1229,0
2024-10-16 10:00:00,1000.365,1002.815,997.745,999.825,1327,1309,0
2024-10-16 11:00:00,999.925,1000.305,995.285,995.825,1448,1359,0
2024-10-16 12:00:00,995.795,998.025,995.045,996.525,1847,1659,0
2024-10-16 13:00:00,996.555,997.125,991.955,992.565,1803,1699,0
2024-10-16 14:00:00,992.565,994.885,991.885,994.585,777,1010,0
2024-10-16 15:00:00,994.685,998.535,992.835,993.985,1057,1449,0
2024-10-16 16:00:00,994.085,1002.465,991.275,999.335,1893,1119,0
2024-10-16 17:00:00,999.335,1002.005,997.245,998.385,2566,1279,0
2024-10-16 18:00:00,998.335,998.395,991.535,992.135,3403,1619,0
2024-10-16 19:00:00,992.235,993.535,990.335,993.035,889,1619,0
2024-10-16 20:00:00,993.035,994.435,992.16,993.025,573,1609,0
2024-10-16 21:00:00,992.935,995.935,992.36,995.335,771,1200,0
2024-10-16 22:00:00,995.335,997.235,994.935,997.135,486,1559,0
2024-10-16 23:00:00,997.135,997.635,995.85,996.6,1408,1929,0
2024-10-17 01:00:00,996.24,998.66,994.545,997.775,1498,1260,0
2024-10-17 02:00:00,997.795,1001.145,996.71,999.665,1587,1129,0
2024-10-17 03:00:00,999.655,1005.535,999.415,1004.605,1524,549,0
2024-10-17 04:00:00,1004.735,1006.275,1003.565,1005.725,1554,469,0
2024-10-17 05:00:00,1005.795,1007.325,1001.155,1004.145,4575,1029,0
2024-10-17 06:00:00,1004.145,1005.835,1001.995,1002.535,2272,439,0
2024-10-17 07:00:00,1002.635,1004.525,1001.46,1004.415,807,1129,0
2024-10-17 08:00:00,1004.365,1007.335,1003.745,1006.235,1875,939,0
2024-10-17 09:00:00,1006.235,1006.335,1001.135,1001.935,1139,589,0
2024-10-17 10:00:00,1002.035,1002.035,996.835,998.035,1018,1559,0
2024-10-17 11:00:00,998.035,1000.635,997.66,999.035,830,1419,0
2024-10-17 12:00:00,999.035,1000.235,997.26,998.235,1626,1000,0
2024-10-17 13:00:00,998.335,1005.315,998.335,1004.975,680,1119,0
2024-10-17 14:00:00,1004.875,1009.175,1004.56,1006.735,531,1319,0
2024-10-17 15:00:00,1006.64,1012.695,1005.4,1006.755,1589,849,0
2024-10-17 16:00:00,1006.765,1006.805,1000.645,1002.325,1159,1749,0
2024-10-17 17:00:00,1002.445,1007.845,998.645,1006.655,1037,1899,0
2024-10-17 18:00:00,1006.525,1008.025,996.705,996.855,857,1509,0
2024-10-17 19:00:00,996.855,996.855,989.965,994.155,1187,609,0
2024-10-17 20:00:00,994.155,996.235,993.405,994.945,689,1559,0
2024-10-17 21:00:00,994.945,995.345,992.795,993.675,458,1809,0
2024-10-17 22:00:00,993.675,995.085,993.475,994.605,521,2669,0
2024-10-17 23:00:00,994.655,994.99,993.485,994.71,249,2680,0
2024-10-18 01:00:00,994.92,995.555,989.615,993.695,1203,1609,0
2024-10-18 02:00:00,993.705,997.255,992.315,996.035,1120,599,0
2024-10-18 03:00:00,995.975,996.805,990.76,992.225,1753,309,0
2024-10-18 04:00:00,992.145,1000.235,992.045,997.745,3293,809,0
2024-10-18 05:00:00,997.745,1001.445,996.345,1001.245,387,739,0
2024-10-18 06:00:00,1001.045,1001.145,997.945,999.345,200,379,0
2024-10-18 07:00:00,999.345,1000.645,998.56,1000.445,150,859,0
2024-10-18 08:00:00,1000.445,1005.355,1000.045,1004.495,4546,339,0
2024-10-18 09:00:00,1004.485,1006.695,1000.885,1003.225,4913,689,0
2024-10-18 10:00:00,1003.295,1009.145,1002.715,1008.365,1756,1209,0
2024-10-18 11:00:00,1008.475,1011.075,1008.375,1010.215,1697,1419,0
2024-10-18 12:00:00,1010.275,1012.085,1007.675,1008.295,2105,1479,0
2024-10-18 13:00:00,1008.295,1011.485,1006.845,1010.795,1692,1299,0
2024-10-18 14:00:00,1010.785,1012.245,1007.335,1008.345,2317,1519,0
2024-10-18 15:00:00,1008.355,1013.745,1007.945,1011.645,1811,1049,0
2024-10-18 16:00:00,1011.545,1012.955,1005.245,1007.445,3411,769,0
2024-10-18 17:00:00,1007.445,1007.645,1001.235,1004.545,1515,1259,0
2024-10-18 18:00:00,1004.545,1008.545,1002.245,1007.615,2163,1319,0
2024-10-18 19:00:00,1007.725,1015.035,1007.725,1014.835,1681,1369,0
2024-10-18 20:00:00,1014.935,1015.935,1012.665,1014.365,3287,1439,0
2024-10-18 21:00:00,1014.365,1017.545,1013.805,1016.185,686,819,0
2024-10-18 22:00:00,1016.185,1016.495,1015.335,1015.445,233,1209,0
2024-10-18 23:00:00,1015.425,1016.105,1014.0,1014.01,4615,1429,0
2024-10-21 01:00:00,1014.76,1022.155,1014.76,1019.245,419,1909,0
2024-10-21 02:00:00,1019.245,1020.645,1017.845,1018.675,594,2189,0
2024-10-21 03:00:00,1018.725,1019.555,1016.065,1017.845,2119,1819,0
2024-10-21 04:00:00,1017.845,1021.445,1017.345,1019.545,582,2039,0
2024-10-21 05:00:00,1019.545,1021.545,1019.345,1020.545,369,1559,0
2024-10-21 06:00:00,1020.545,1021.385,1019.785,1020.585,974,1790,0
2024-10-21 07:00:00,1020.585,1021.385,1019.985,1021.185,532,2179,0
2024-10-21 08:00:00,1021.185,1022.385,1018.585,1020.085,1897,2009,0
2024-10-21 09:00:00,1020.085,1020.885,1016.985,1018.085,1272,1849,0
2024-10-21 10:00:00,1018.085,1019.685,1013.085,1017.465,872,1609,0
2024-10-21 11:00:00,1017.575,1020.985,1016.185,1018.885,955,1859,0
2024-10-21 12:00:00,1018.895,1021.885,1016.745,1017.455,2022,1000,0
2024-10-21 13:00:00,1017.455,1017.455,1013.685,1017.455,1212,900,0
2024-10-21 14:00:00,1017.575,1021.705,1016.65,1021.085,694,1020,0
2024-10-21 15:00:00,1020.985,1025.385,1019.205,1024.095,1214,1020,0
2024-10-21 16:00:00,1024.305,1024.815,1012.095,1014.175,1645,1449,0
2024-10-21 17:00:00,1014.075,1015.145,1008.255,1012.085,2013,1409,0
2024-10-21 18:00:00,1012.085,1013.085,1006.465,1006.545,1876,1769,0
2024-10-21 19:00:00,1006.545,1008.705,1004.445,1005.295,904,1649,0
2024-10-21 20:00:00,1005.445,1007.745,1005.14,1006.08,1622,1040,0
2024-10-21 21:00:00,1006.13,1007.53,1004.745,1005.045,3520,1040,0
2024-10-21 22:00:00,1005.165,1007.6,1004.935,1006.415,1876,1350,0
2024-10-21 23:00:00,1006.295,1007.4,1005.18,1006.36,7309,1400,0
2024-10-22 01:00:00,1006.33,1007.795,1003.865,1006.575,1124,689,0
2024-10-22 02:00:00,1006.575,1007.435,1004.595,1007.435,1462,709,0
2024-10-22 03:00:00,1007.485,1010.345,1006.245,1006.275,2316,309,0
2024-10-22 04:00:00,1006.295,1010.125,1005.485,1007.385,3096,1449,0
2024-10-22 05:00:00,1007.385,1008.985,1005.225,1005.685,1514,1369,0
2024-10-22 06:00:00,1005.685,1008.585,1005.485,1007.395,1185,1619,0
2024-10-22 07:00:00,1007.425,1012.095,1007.425,1010.815,2428,1469,0
2024-10-22 08:00:00,1010.875,1011.195,1005.505,1007.475,3394,2069,0
2024-10-22 09:00:00,1007.495,1012.445,1007.435,1012.375,2401,1429,0
2024-10-22 10:00:00,1012.355,1019.975,1011.895,1018.285,720,1159,0
2024-10-22 11:00:00,1018.285,1021.595,1017.76,1021.285,432,1439,0
2024-10-22 12:00:00,1021.285,1023.155,1017.735,1018.925,526,769,0
2024-10-22 13:00:00,1018.925,1021.805,1018.005,1020.125,322,1149,0
2024-10-22 14:00:00,1020.125,1021.605,1016.325,1017.965,389,1249,0
2024-10-22 15:00:00,1017.965,1020.345,1015.575,1017.345,707,1169,0
2024-10-22 16:00:00,1017.345,1024.115,1015.345,1020.335,1393,1149,0
2024-10-22 17:00:00,1020.335,1025.325,1017.325,1024.355,3468,1209,0
2024-10-22 18:00:00,1024.265,1029.565,1023.265,1027.655,857,779,0
2024-10-22 19:00:00,1027.675,1031.285,1027.375,1031.185,2381,1549,0
2024-10-22 20:00:00,1031.085,1032.575,1030.645,1032.085,720,1329,0
2024-10-22 21:00:00,1032.185,1032.185,1029.785,1030.185,745,1889,0
2024-10-22 22:00:00,1030.085,1031.685,1029.785,1031.185,513,1949,0
2024-10-22 23:00:00,1031.185,1031.385,1029.62,1029.64,670,2189,0
2024-10-23 01:00:00,1029.96,1032.175,1026.045,1031.385,529,1999,0
2024-10-23 02:00:00,1031.385,1031.785,1029.235,1030.085,197,2059,0
2024-10-23 03:00:00,1030.085,1036.285,1029.685,1034.335,684,1969,0
2024-10-23 04:00:00,1034.275,1035.035,1028.43,1028.43,394,1629,0
2024-10-23 05:00:00,1029.425,1033.735,1029.315,1033.655,789,1739,0
2024-10-23 06:00:00,1033.935,1034.735,1032.285,1034.535,1211,2279,0
2024-10-23 07:00:00,1034.635,1036.635,1033.775,1035.735,796,1719,0
2024-10-23 08:00:00,1035.635,1037.735,1034.935,1036.835,1208,1819,0
2024-10-23 09:00:00,1036.735,1037.435,1030.865,1033.655,1466,1419,0
2024-10-23 10:00:00,1033.765,1036.435,1031.415,1034.335,977,1609,0
2024-10-23 11:00:00,1034.335,1038.545,1034.335,1034.935,1756,1489,0
2024-10-23 12:00:00,1034.935,1037.175,1033.155,1036.555,1852,1759,0
2024-10-23 13:00:00,1036.485,1038.255,1034.285,1034.925,1938,1899,0
2024-10-23 14:00:00,1034.965,1035.975,1031.365,1032.575,2933,2079,0
2024-10-23 15:00:00,1032.625,1032.625,1024.935,1026.135,2298,1239,0
2024-10-23 16:00:00,1026.135,1026.935,1021.035,1022.285,2633,1099,0
2024-10-23 17:00:00,1022.295,1025.535,1015.735,1018.855,3688,999,0
2024-10-23 18:00:00,1018.885,1020.035,1013.615,1019.175,5538,1059,0
2024-10-23 19:00:00,1019.195,1020.775,1016.945,1020.635,2101,819,0
2024-10-23 20:00:00,1020.665,1020.665,1018.095,1018.645,3637,869,0
2024-10-23 21:00:00,1018.845,1021.015,1017.505,1020.195,3680,309,0
2024-10-23 22:00:00,1020.175,1020.785,1018.485,1020.385,808,309,0
2024-10-23 23:00:00,1020.485,1021.905,1018.9,1020.71,2883,419,0
2024-10-24 00:00:00,1020.7,1020.71,1020.7,1020.71,1314,2590,0
2024-10-24 01:00:00,1019.74,1022.845,1017.325,1022.625,968,309,0
2024-10-24 02:00:00,1022.615,1025.935,1022.415,1023.665,1503,309,0
2024-10-24 03:00:00,1023.635,1027.145,1021.485,1027.065,2562,309,0
2024-10-24 04:00:00,1027.075,1027.925,1024.565,1025.655,5318,459,0
2024-10-24 05:00:00,1025.585,1028.805,1023.435,1027.925,3792,309,0
2024-10-24 06:00:00,1027.675,1029.635,1026.645,1027.815,1939,309,0
2024-10-24 07:00:00,1027.825,1030.245,1027.045,1029.605,1558,609,0
2024-10-24 08:00:00,1029.585,1030.635,1027.605,1028.925,2198,349,0
2024-10-24 09:00:00,1029.005,1034.335,1028.475,1032.135,2253,309,0
2024-10-24 10:00:00,1032.235,1035.255,1032.035,1033.905,2535,1019,0
2024-10-24 11:00:00,1033.945,1038.505,1033.645,1038.435,2470,1059,0
2024-10-24 12:00:00,1038.535,1040.935,1036.135,1039.735,1187,1019,0
2024-10-24 13:00:00,1039.835,1043.735,1039.635,1039.855,1506,1519,0
2024-10-24 14:00:00,1039.905,1041.305,1034.045,1035.735,3135,1639,0
2024-10-24 15:00:00,1035.635,1037.785,1032.435,1035.885,2621,1439,0
2024-10-24 16:00:00,1035.875,1041.215,1033.045,1033.135,5103,1309,0
2024-10-24 17:00:00,1033.285,1034.955,1023.455,1026.685,7650,999,0
2024-10-24 18:00:00,1026.915,1029.605,1020.705,1022.495,4639,829,0
2024-10-24 19:00:00,1022.525,1025.085,1020.075,1023.625,4403,1199,0
2024-10-24 20:00:00,1023.585,1026.965,1023.425,1026.085,3393,849,0
2024-10-24 21:00:00,1026.205,1028.355,1025.755,1027.26,1837,389,0
2024-10-24 22:00:00,1027.385,1029.435,1026.165,1029.235,936,769,0
2024-10-24 23:00:00,1029.135,1030.235,1028.14,1028.24,3193,749,0
2024-10-25 00:00:00,1028.19,1028.24,1028.19,1028.19,34793,2590,0
2024-10-25 01:00:00,1028.24,1029.425,1027.245,1029.155,1057,669,0
2024-10-25 02:00:00,1029.155,1029.395,1027.105,1028.825,1045,309,0
2024-10-25 03:00:00,1029.155,1029.46,1026.165,1026.405,1970,309,0
2024-10-25 04:00:00,1026.385,1028.125,1017.505,1018.155,2927,1939,0
2024-10-25 05:00:00,1018.165,1020.805,1014.315,1014.915,4026,1079,0
2024-10-25 06:00:00,1014.795,1016.795,1010.97,1011.555,1507,1489,0
2024-10-25 07:00:00,1011.555,1013.685,1010.29,1012.935,540,1359,0
2024-10-25 08:00:00,1012.935,1015.445,1012.04,1014.405,1925,1119,0
2024-10-25 09:00:00,1014.405,1014.865,1009.445,1012.815,2352,819,0
2024-10-25 10:00:00,1012.805,1012.905,1008.075,1008.735,2342,1449,0
2024-10-25 11:00:00,1008.675,1009.535,1003.465,1004.785,1917,559,0
2024-10-25 12:00:00,1004.795,1009.315,1003.84,1008.085,1170,1319,0
2024-10-25 13:00:00,1007.965,1008.125,1005.695,1007.175,549,980,0
2024-10-25 14:00:00,1007.175,1014.235,1005.55,1011.995,2201,1040,0
2024-10-25 15:00:00,1011.975,1018.745,1011.205,1018.275,1993,1129,0
2024-10-25 16:00:00,1018.155,1023.635,1015.535,1016.595,1891,889,0
2024-10-25 17:00:00,1016.565,1028.655,1016.045,1026.625,972,569,0
2024-10-25 18:00:00,1026.655,1029.575,1025.275,1025.625,1079,689,0
2024-10-25 19:00:00,1025.625,1026.775,1022.805,1026.135,2826,1279,0
2024-10-25 20:00:00,1026.155,1027.395,1023.955,1024.335,2809,1189,0
2024-10-25 21:00:00,1024.315,1024.485,1022.455,1023.705,1213,1269,0
2024-10-25 22:00:00,1023.705,1025.335,1022.365,1022.495,1609,1489,0
2024-10-25 23:00:00,1022.495,1024.805,1022.495,1024.2,3556,1769,0
2024-10-28 00:00:00,1018.14,1023.065,1018.14,1021.535,1011,1919,0
2024-10-28 01:00:00,1021.555,1027.965,1021.555,1025.505,2060,1989,0
2024-10-28 02:00:00,1025.365,1027.605,1023.33,1024.715,528,1939,0
2024-10-28 03:00:00,1024.715,1025.215,1019.535,1022.855,650,729,0
2024-10-28 04:00:00,1022.855,1023.965,1021.015,1021.815,341,659,0
2024-10-28 05:00:00,1021.815,1022.355,1016.735,1016.955,1664,1219,0
2024-10-28 06:00:00,1016.885,1018.445,1016.205,1017.925,983,999,0
2024-10-28 07:00:00,1017.935,1021.735,1016.695,1021.265,2271,1369,0
2024-10-28 08:00:00,1021.035,1026.645,1020.005,1024.515,2871,1809,0
2024-10-28 09:00:00,1024.535,1027.455,1023.135,1023.935,1184,1519,0
2024-10-28 10:00:00,1023.935,1024.235,1020.505,1022.605,1612,1609,0
2024-10-28 11:00:00,1022.605,1023.685,1016.995,1019.115,1839,1000,0
2024-10-28 12:00:00,1019.015,1022.705,1018.135,1021.315,1856,1819,0
2024-10-28 13:00:00,1021.285,1021.835,1018.075,1020.025,1733,1949,0
2024-10-28 14:00:00,1020.045,1025.475,1016.315,1024.865,3110,1579,0
2024-10-28 15:00:00,1024.865,1034.075,1024.295,1032.935,2312,1169,0
2024-10-28 16:00:00,1032.935,1038.545,1028.735,1037.915,3833,1269,0
2024-10-28 17:00:00,1038.105,1039.045,1033.185,1033.435,3357,1199,0
2024-10-28 18:00:00,1033.435,1040.325,1032.835,1038.205,1639,1119,0
2024-10-28 19:00:00,1038.225,1038.765,1035.56,1037.835,1732,1400,0
2024-10-28 20:00:00,1037.835,1037.835,1034.19,1034.685,1634,1040,0
2024-10-28 21:00:00,1034.565,1035.385,1033.335,1034.645,5761,1040,0
2024-10-28 22:00:00,1034.745,1035.48,1031.98,1032.81,9507,1040,0
2024-10-28 23:00:00,1032.82,1032.82,1032.81,1032.81,80996,2600,0
2024-10-29 00:00:00,1032.82,1035.915,1032.345,1035.045,1725,659,0
2024-10-29 01:00:00,1035.045,1035.315,1032.565,1034.815,671,1569,0
2024-10-29 02:00:00,1034.775,1040.215,1034.605,1039.085,1418,889,0
2024-10-29 03:00:00,1038.985,1041.945,1037.885,1041.745,899,1539,0
2024-10-29 04:00:00,1041.745,1048.155,1041.745,1044.925,3182,1099,0
2024-10-29 05:00:00,1044.925,1045.085,1042.045,1042.675,2706,1669,0
2024-10-29 06:00:00,1042.745,1046.045,1042.175,1045.575,1280,1849,0
2024-10-29 07:00:00,1045.535,1046.075,1042.515,1045.015,3161,1489,0
2024-10-29 08:00:00,1045.015,1048.805,1044.105,1047.655,2499,1309,0
2024-10-29 09:00:00,1047.705,1048.145,1042.155,1044.175,1504,1209,0
2024-10-29 10:00:00,1044.195,1051.905,1042.465,1050.605,3833,1209,0
2024-10-29 11:00:00,1050.605,1053.615,1047.285,1049.295,1841,1359,0
2024-10-29 12:00:00,1049.295,1050.995,1047.195,1050.735,503,1409,0
2024-10-29 13:00:00,1050.745,1052.685,1049.565,1049.775,567,1399,0
2024-10-29 14:00:00,1049.775,1051.315,1044.845,1045.445,2067,1179,0
2024-10-29 15:00:00,1045.355,1050.765,1044.065,1048.875,6606,1439,0
2024-10-29 16:00:00,1048.905,1053.575,1047.055,1049.915,4570,1199,0
2024-10-29 17:00:00,1049.935,1052.265,1044.845,1049.615,1726,1179,0
2024-10-29 18:00:00,1049.615,1050.875,1046.775,1048.905,2398,1589,0
2024-10-29 19:00:00,1048.905,1050.515,1048.465,1049.935,1780,1839,0
2024-10-29 20:00:00,1049.835,1050.735,1047.75,1048.335,831,2019,0
2024-10-29 21:00:00,1048.335,1049.365,1047.865,1048.565,871,1819,0
2024-10-29 22:00:00,1048.565,1050.895,1048.565,1049.71,4243,1759,0
2024-10-29 23:00:00,1049.7,1049.71,1049.7,1049.71,35408,2530,0
2024-10-30 00:00:00,1049.7,1052.235,1045.355,1051.175,1110,2039,0
2024-10-30 01:00:00,1051.205,1052.295,1049.55,1052.165,674,1720,0
2024-10-30 02:00:00,1052.165,1054.735,1051.275,1051.275,1591,969,0
2024-10-30 03:00:00,1051.275,1052.735,1050.325,1052.405,2847,1639,0
2024-10-30 04:00:00,1052.565,1052.685,1046.055,1049.245,3134,1239,0
2024-10-30 05:00:00,1049.265,1050.105,1046.475,1047.385,2336,1239,0
2024-10-30 06:00:00,1047.385,1048.965,1046.345,1048.365,1230,1809,0
2024-10-30 07:00:00,1048.325,1050.525,1046.625,1048.005,2391,1699,0
2024-10-30 08:00:00,1047.985,1050.145,1046.145,1047.485,3323,1689,0
2024-10-30 09:00:00,1047.435,1048.415,1034.335,1036.635,2198,1399,0
2024-10-30 10:00:00,1036.635,1039.135,1035.375,1036.335,1704,1059,0
2024-10-30 11:00:00,1036.145,1038.835,1033.635,1034.535,1047,1539,0
2024-10-30 12:00:00,1034.435,1035.635,1030.645,1031.145,812,1679,0
2024-10-30 13:00:00,1031.145,1033.335,1028.335,1028.935,942,1719,0
2024-10-30 14:00:00,1028.835,1029.135,1023.735,1025.285,2207,1689,0
2024-10-30 15:00:00,1025.285,1025.485,1010.005,1016.945,2382,479,0
2024-10-30 16:00:00,1016.845,1023.145,1014.545,1015.745,1713,999,0
2024-10-30 17:00:00,1015.645,1018.445,1012.445,1015.545,730,1719,0
2024-10-30 18:00:00,1015.445,1018.245,1011.935,1011.935,1321,1819,0
2024-10-30 19:00:00,1012.035,1014.945,1012.035,1013.535,1408,1590,0
2024-10-30 20:00:00,1013.535,1015.145,1011.835,1013.845,1107,1619,0
2024-10-30 21:00:00,1013.845,1013.845,1011.46,1012.545,488,2150,0
2024-10-30 22:00:00,1012.545,1013.26,1011.27,1013.26,244,2479,0
2024-10-30 23:00:00,1013.26,1013.26,1013.26,1013.26,60,3310,0
2024-10-31 00:00:00,1013.26,1013.26,1006.645,1011.125,751,1819,0
2024-10-31 01:00:00,1011.125,1011.235,1009.55,1010.535,255,2499,0
2024-10-31 02:00:00,1010.535,1010.935,1007.335,1010.875,548,1669,0
2024-10-31 03:00:00,1010.845,1014.335,1010.335,1011.435,1279,1379,0
2024-10-31 04:00:00,1011.335,1012.835,1009.05,1011.625,1312,1319,0
2024-10-31 05:00:00,1011.725,1013.035,1009.445,1009.565,1190,1199,0
2024-10-31 06:00:00,1009.565,1010.075,1004.645,1005.895,1209,1209,0
2024-10-31 07:00:00,1005.895,1009.105,1004.945,1007.215,2684,779,0
2024-10-31 08:00:00,1007.235,1010.425,1005.645,1006.015,2960,919,0
2024-10-31 09:00:00,1006.045,1010.9,1005.105,1009.025,4321,309,0
2024-10-31 10:00:00,1009.085,1009.37,1002.835,1003.335,2835,309,0
2024-10-31 11:00:00,1003.435,1006.535,999.895,1006.335,1888,1209,0
2024-10-31 12:00:00,1006.235,1006.235,1002.235,1004.645,1431,1729,0
2024-10-31 13:00:00,1004.645,1004.995,1001.535,1003.135,1018,1999,0
2024-10-31 14:00:00,1002.935,1007.545,1001.835,1006.345,1776,859,0
2024-10-31 15:00:00,1006.345,1011.375,996.645,997.335,2599,659,0
2024-10-31 16:00:00,997.335,997.335,987.685,989.205,2324,1429,0
2024-10-31 17:00:00,989.145,990.535,985.545,988.645,5623,979,0
2024-10-31 18:00:00,988.645,993.975,987.445,992.085,3740,1439,0
2024-10-31 19:00:00,992.085,995.195,991.985,994.105,2216,1089,0
2024-10-31 20:00:00,994.115,996.025,993.725,995.285,1680,1060,0
2024-10-31 21:00:00,995.385,996.385,993.235,994.335,1658,1829,0
2024-10-31 22:00:00,994.355,994.875,991.77,992.83,1098,819,0
2024-11-01 00:00:00,992.25,992.27,989.68,991.005,744,2189,0
2024-11-01 01:00:00,991.105,992.695,989.56,991.895,2596,1980,0
2024-11-01 02:00:00,991.895,994.565,990.985,993.235,735,1350,0
2024-11-01 03:00:00,993.235,994.935,992.235,993.135,1283,2859,0
2024-11-01 04:00:00,993.035,993.035,988.635,990.865,709,1999,0
2024-11-01 05:00:00,990.975,991.835,989.25,991.235,667,1829,0
2024-11-01 06:00:00,991.235,993.135,990.06,991.835,1939,2000,0
2024-11-01 07:00:00,991.935,992.035,987.835,989.735,796,2369,0
2024-11-01 08:00:00,989.635,993.26,989.035,991.835,1999,309,0
2024-11-01 09:00:00,991.835,991.835,987.015,990.295,1739,309,0
2024-11-01 10:00:00,990.235,995.665,989.675,994.325,1621,1389,0
2024-11-01 11:00:00,994.325,995.735,992.435,992.935,1003,2529,0
2024-11-01 12:00:00,993.135,993.835,991.635,993.065,1552,1750,0
2024-11-01 13:00:00,993.165,994.235,991.335,993.335,874,1630,0
2024-11-01 14:00:00,993.435,999.655,990.575,997.815,1356,1539,0
2024-11-01 15:00:00,997.685,1006.435,997.565,1003.435,1520,699,0
2024-11-01 16:00:00,1003.435,1004.635,996.035,1002.935,2314,1499,0
2024-11-01 17:00:00,1002.935,1003.835,997.535,997.755,1115,1619,0
2024-11-01 18:00:00,997.715,1000.555,994.035,995.365,827,1369,0
2024-11-01 19:00:00,995.255,995.735,989.545,989.745,882,1419,0
2024-11-01 20:00:00,989.745,992.145,988.945,990.845,897,2419,0
2024-11-01 21:00:00,990.945,992.545,990.045,990.335,835,1440,0
2024-11-01 22:00:00,990.335,994.215,990.335,993.04,2072,1909,0
2024-11-04 01:00:00,993.25,995.195,987.415,994.115,1118,2179,0
2024-11-04 02:00:00,994.105,998.685,994.105,998.295,2450,2099,0
2024-11-04 03:00:00,998.275,1000.135,995.295,996.475,4359,909,0
2024-11-04 04:00:00,996.475,997.605,993.055,997.015,3231,309,0
2024-11-04 05:00:00,997.085,1002.065,996.435,1000.805,2823,309,0
2024-11-04 06:00:00,1000.785,1001.515,999.685,1000.595,1248,1389,0
2024-11-04 07:00:00,1000.665,1002.615,997.925,1002.195,3145,1059,0
2024-11-04 08:00:00,1002.245,1002.355,999.565,1001.635,3356,969,0
2024-11-04 09:00:00,1001.695,1003.545,996.825,997.105,2406,769,0
2024-11-04 10:00:00,997.105,1000.245,995.165,996.365,512,2139,0
2024-11-04 11:00:00,996.365,1000.375,994.73,999.56,1586,1550,0
2024-11-04 12:00:00,1000.445,1002.255,997.66,999.805,306,1599,0
2024-11-04 13:00:00,999.705,1001.615,997.325,1001.265,335,1560,0
2024-11-04 14:00:00,1001.375,1002.015,997.915,1000.615,1140,1460,0
2024-11-04 15:00:00,1000.385,1001.085,986.745,996.585,2566,1129,0
2024-11-04 16:00:00,996.385,998.985,990.085,990.715,2036,1429,0
2024-11-04 17:00:00,990.735,993.685,985.085,986.185,3410,939,0
2024-11-04 18:00:00,986.185,986.585,979.745,981.115,2482,679,0
2024-11-04 19:00:00,981.195,984.795,980.405,984.395,2430,1379,0
2024-11-04 20:00:00,984.395,984.795,981.785,982.415,2299,1489,0
2024-11-04 21:00:00,982.415,985.775,982.415,985.045,1476,1459,0
2024-11-04 22:00:00,985.125,985.375,983.495,984.005,1110,1549,0
2024-11-04 23:00:00,984.015,985.205,983.415,983.65,654,1589,0
2024-11-05 01:00:00,983.06,984.045,978.435,982.975,1400,1979,0
2024-11-05 02:00:00,982.975,983.335,980.645,981.035,2616,1749,0
2024-11-05 03:00:00,981.035,983.485,979.645,981.605,4699,1359,0
2024-11-05 04:00:00,981.625,986.505,980.245,982.445,5682,309,0
2024-11-05 05:00:00,982.475,988.395,982.405,985.715,5839,469,0
2024-11-05 06:00:00,985.705,988.505,984.125,984.585,3358,749,0
2024-11-05 07:00:00,983.995,987.935,983.745,983.985,3805,1449,0
2024-11-05 08:00:00,983.975,988.025,983.705,986.265,3914,829,0
2024-11-05 09:00:00,986.205,990.41,985.755,989.055,3402,309,0
2024-11-05 10:00:00,989.095,994.125,986.765,993.835,2948,769,0
2024-11-05 11:00:00,993.905,995.735,992.835,994.735,1200,1309,0
2024-11-05 12:00:00,994.635,997.035,993.135,996.035,547,1489,0
2024-11-05 13:00:00,996.035,997.335,994.835,994.835,565,1439,0
2024-11-05 14:00:00,994.935,995.735,992.135,992.235,694,1319,0
2024-11-05 15:00:00,992.335,1005.035,992.235,1000.795,2336,649,0
2024-11-05 16:00:00,1000.825,1004.295,997.905,1001.535,2570,1269,0
2024-11-05 17:00:00,1001.535,1003.225,995.595,998.045,5612,1059,0
2024-11-05 18:00:00,998.045,999.945,995.345,996.275,2017,1259,0
2024-11-05 19:00:00,996.225,1001.465,996.125,999.825,3448,1119,0
2024-11-05 20:00:00,999.805,1000.045,996.645,997.745,782,1399,0
2024-11-05 21:00:00,997.645,998.045,995.945,997.445,386,1600,0
2024-11-05 22:00:00,997.345,1000.145,996.16,999.745,694,2200,0
2024-11-05 23:00:00,999.645,999.685,997.97,999.08,502,2239,0
2024-11-06 01:00:00,998.61,1000.615,996.815,999.595,1228,1959,0
2024-11-06 02:00:00,999.675,1001.625,993.135,993.955,7895,309,0
2024-11-06 03:00:00,994.015,997.235,991.545,993.635,2958,309,0
2024-11-06 04:00:00,993.635,994.435,988.785,989.385,2186,1689,0
2024-11-06 05:00:00,989.285,989.585,983.385,984.285,2042,1559,0
2024-11-06 06:00:00,984.185,988.585,983.585,988.085,1353,1649,0
2024-11-06 07:00:00,988.085,989.385,985.485,986.585,1834,1639,0
2024-11-06 08:00:00,986.585,987.585,976.585,984.685,1843,1269,0
2024-11-06 09:00:00,984.685,990.605,983.685,987.485,3424,309,0
2024-11-06 10:00:00,987.385,993.875,985.385,991.975,1726,1629,0
2024-11-06 11:00:00,991.775,992.595,985.455,989.085,1303,1199,0
2024-11-06 12:00:00,988.985,992.385,987.385,989.885,698,1029,0
2024-11-06 13:00:00,989.785,990.985,977.685,979.385,1255,1569,0
2024-11-06 14:00:00,979.085,983.885,974.385,976.585,1376,769,0
2024-11-06 15:00:00,976.585,976.585,964.415,970.455,6631,1369,0
2024-11-06 16:00:00,970.425,975.035,964.585,967.245,6170,1369,0
2024-11-06 17:00:00,967.745,987.625,966.455,986.735,3951,1259,0
2024-11-06 18:00:00,986.815,988.485,978.945,987.685,1973,1949,0
2024-11-06 19:00:00,987.785,989.135,984.575,985.885,2533,1339,0
2024-11-06 20:00:00,985.985,990.465,984.585,989.865,2347,2449,0
2024-11-06 21:00:00,989.875,991.755,987.965,989.165,1356,2099,0
2024-11-06 22:00:00,989.065,989.775,986.745,988.115,948,1979,0
2024-11-06 23:00:00,987.945,988.805,985.16,986.32,3017,1070,0
2024-11-07 00:00:00,986.29,986.32,986.29,986.32,34404,2920,0
2024-11-07 01:00:00,986.29,988.935,985.655,986.535,995,1859,0
2024-11-07 02:00:00,986.535,988.835,985.545,986.055,789,2129,0
2024-11-07 03:00:00,985.995,988.135,981.335,983.635,2192,1719,0
2024-11-07 04:00:00,983.735,987.635,983.235,985.635,1616,1989,0
2024-11-07 05:00:00,985.635,987.035,984.735,986.335,1017,2129,0
2024-11-07 06:00:00,986.115,986.235,980.68,981.335,951,2309,0
2024-11-07 07:00:00,981.335,983.735,980.695,982.135,1147,2299,0
2024-11-07 08:00:00,982.135,982.135,977.735,978.635,1302,1339,0
2024-11-07 09:00:00,978.735,983.735,977.335,981.035,1317,979,0
2024-11-07 10:00:00,980.935,983.135,978.035,978.235,1213,1119,0
2024-11-07 11:00:00,978.135,982.135,978.135,979.835,1003,1059,0
2024-11-07 12:00:00,979.835,980.935,977.45,980.135,771,1059,0
2024-11-07 13:00:00,980.235,980.435,974.935,975.935,871,879,0
2024-11-07 14:00:00,975.835,983.335,975.135,983.035,1344,1219,0
2024-11-07 15:00:00,983.235,994.265,981.035,989.025,4822,989,0
2024-11-07 16:00:00,989.035,993.615,985.335,991.635,2969,749,0
2024-11-07 17:00:00,992.265,996.485,988.945,993.585,3918,1009,0
2024-11-07 18:00:00,993.585,996.485,989.985,993.285,1717,889,0
2024-11-07 19:00:00,993.185,994.985,991.385,991.685,1083,1109,0
2024-11-07 20:00:00,991.585,993.485,990.785,991.035,944,1469,0
2024-11-07 21:00:00,991.025,995.285,989.685,992.495,2466,1089,0
2024-11-07 22:00:00,992.625,997.935,992.205,997.015,1562,1499,0
2024-11-07 23:00:00,997.035,997.905,995.47,996.75,3273,1799,0
2024-11-08 00:00:00,996.77,996.77,996.75,996.75,35436,2930,0
2024-11-08 01:00:00,996.77,1000.135,996.475,998.935,958,1879,0
2024-11-08 02:00:00,998.835,1000.235,997.655,998.025,850,1719,0
2024-11-08 03:00:00,998.085,998.635,996.035,996.835,1240,1909,0
2024-11-08 04:00:00,996.935,997.135,994.24,994.955,1095,2049,0
2024-11-08 05:00:00,994.955,996.235,990.645,990.735,1696,1859,0
2024-11-08 06:00:00,990.835,991.945,989.49,990.545,922,1499,0
2024-11-08 07:00:00,990.645,992.415,990.645,991.115,1805,1539,0
2024-11-08 08:00:00,991.115,991.315,987.335,987.335,1561,1379,0
2024-11-08 09:00:00,987.335,989.085,984.735,988.465,1307,1089,0
2024-11-08 10:00:00,988.555,989.865,983.525,986.755,7394,309,0
2024-11-08 11:00:00,986.805,989.965,986.025,987.135,2429,819,0
2024-11-08 12:00:00,987.135,987.135,980.455,981.735,1339,899,0
2024-11-08 13:00:00,981.765,985.035,980.835,982.835,1773,829,0
2024-11-08 14:00:00,982.735,982.835,977.165,979.33,962,1349,0
2024-11-08 15:00:00,978.035,987.445,975.645,985.435,6304,689,0
2024-11-08 16:00:00,985.465,987.685,977.845,977.865,4210,709,0
2024-11-08 17:00:00,977.845,978.785,974.085,977.985,2725,1189,0
2024-11-08 18:00:00,977.985,977.985,965.785,965.985,3153,1519,0
2024-11-08 19:00:00,966.085,971.285,965.785,970.585,1787,2639,0
2024-11-08 20:00:00,970.585,973.185,969.225,970.365,1544,2799,0
2024-11-08 21:00:00,970.375,971.585,968.495,971.125,2217,2209,0
2024-11-08 22:00:00,971.105,971.935,969.345,970.095,1484,1999,0
2024-11-08 23:00:00,970.095,971.875,969.6,971.5,4996,1849,0
2024-11-11 01:00:00,970.45,976.805,968.625,975.885,2141,1779,0
2024-11-11 02:00:00,975.835,977.195,973.115,974.135,3204,1409,0
2024-11-11 03:00:00,974.105,976.065,972.195,973.055,7212,2129,0
2024-11-11 04:00:00,973.435,977.875,972.525,976.375,5115,1929,0
2024-11-11 05:00:00,976.355,977.115,973.905,975.155,2880,1769,0
2024-11-11 06:00:00,975.135,977.365,974.555,976.845,1498,2119,0
2024-11-11 07:00:00,976.915,981.675,976.615,980.915,3486,1839,0
2024-11-11 08:00:00,980.965,984.305,980.395,983.915,3350,1259,0
2024-11-11 09:00:00,983.865,984.625,979.755,981.775,3216,1929,0
2024-11-11 10:00:00,981.845,988.055,981.705,982.525,1391,1359,0
2024-11-11 11:00:00,982.525,983.175,974.115,976.995,741,1479,0
2024-11-11 12:00:00,976.995,983.805,976.175,978.075,2573,1139,0
2024-11-11 13:00:00,978.125,978.295,975.545,975.905,1650,1300,0
2024-11-11 14:00:00,975.935,976.275,972.605,972.665,2846,1789,0
2024-11-11 15:00:00,972.645,975.765,970.755,972.885,6073,1379,0
2024-11-11 16:00:00,972.945,977.945,972.305,973.515,3784,719,0
2024-11-11 17:00:00,973.665,975.475,965.805,967.345,4602,1479,0
2024-11-11 18:00:00,967.355,968.105,962.395,965.855,4032,1519,0
2024-11-11 19:00:00,965.835,966.805,963.665,964.655,2344,1739,0
2024-11-11 20:00:00,964.655,965.515,961.545,962.615,2268,1239,0
2024-11-11 21:00:00,962.625,963.385,961.065,962.075,1518,1279,0
2024-11-11 22:00:00,962.095,965.885,962.055,965.125,1387,1819,0
2024-11-11 23:00:00,965.105,966.755,964.64,964.64,13854,1430,0
2024-11-12 01:00:00,963.79,964.665,962.245,964.555,613,1929,0
2024-11-12 02:00:00,964.555,964.555,961.765,963.245,2947,1520,0
2024-11-12 03:00:00,963.445,965.465,962.545,963.645,3992,1079,0
2024-11-12 04:00:00,963.675,963.675,960.115,961.985,4688,559,0
2024-11-12 05:00:00,961.915,963.375,958.235,958.315,3196,1009,0
2024-11-12 06:00:00,958.285,958.475,955.835,956.575,2399,1379,0
2024-11-12 07:00:00,956.575,957.645,954.645,955.615,5398,439,0
2024-11-12 08:00:00,955.415,956.605,953.575,955.695,5321,519,0
2024-11-12 09:00:00,955.695,955.835,952.575,953.985,4172,719,0
2024-11-12 10:00:00,953.915,957.165,951.795,955.285,5529,719,0
2024-11-12 11:00:00,955.205,955.205,951.215,951.525,4982,1719,0
2024-11-12 12:00:00,951.425,953.345,948.175,951.275,4041,639,0
2024-11-12 13:00:00,951.255,953.305,950.185,951.825,4289,989,0
2024-11-12 14:00:00,951.775,956.585,951.775,954.315,5537,1759,0
2024-11-12 15:00:00,954.335,960.625,954.005,956.175,6023,1349,0
2024-11-12 16:00:00,956.165,957.715,950.535,950.535,3443,1349,0
2024-11-12 17:00:00,950.535,951.335,943.435,943.635,2281,1589,0
2024-11-12 18:00:00,943.535,944.835,940.34,940.835,1779,1619,0
2024-11-12 19:00:00,940.735,942.825,939.955,941.635,3591,799,0
2024-11-12 20:00:00,941.635,948.395,941.52,947.715,2834,629,0
2024-11-12 21:00:00,947.615,948.835,947.535,947.685,1645,719,0
2024-11-12 22:00:00,947.665,949.645,947.065,948.995,1738,309,0
2024-11-12 23:00:00,948.985,949.395,947.67,947.68,858,879,0
2024-11-13 01:00:00,947.7,947.775,945.745,946.675,1031,1699,0
2024-11-13 02:00:00,946.805,949.445,946.355,948.975,1534,1829,0
2024-11-13 03:00:00,948.915,955.445,948.915,953.295,5825,709,0
2024-11-13 04:00:00,953.545,955.145,951.445,954.775,5453,1399,0
2024-11-13 05:00:00,954.705,956.335,953.215,954.265,3926,619,0
2024-11-13 06:00:00,954.245,955.575,953.145,954.295,2644,1339,0
2024-11-13 07:00:00,954.315,955.845,950.955,952.525,3864,989,0
2024-11-13 08:00:00,952.355,953.535,951.005,951.355,3894,1209,0
2024-11-13 09:00:00,951.015,952.895,950.125,951.105,2687,1249,0
2024-11-13 10:00:00,951.135,951.185,947.475,949.055,3945,919,0
2024-11-13 11:00:00,949.005,951.425,947.275,949.735,3337,1159,0
2024-11-13 12:00:00,949.715,950.585,948.025,949.265,2644,1199,0
2024-11-13 13:00:00,949.215,950.005,945.635,947.565,3253,839,0
2024-11-13 14:00:00,947.595,949.735,944.315,944.445,3898,1009,0
2024-11-13 15:00:00,944.445,950.635,942.995,943.955,9149,379,0
2024-11-13 16:00:00,943.975,948.905,937.645,937.885,8492,309,0
2024-11-13 17:00:00,938.415,942.705,937.275,942.505,7353,309,0
2024-11-13 18:00:00,942.485,943.555,938.285,938.785,3830,969,0
2024-11-13 19:00:00,938.885,941.685,938.045,940.385,1726,989,0
2024-11-13 20:00:00,940.385,940.585,937.825,939.035,1533,1149,0
2024-11-13 21:00:00,939.035,941.585,938.22,938.885,1037,1109,0
2024-11-13 22:00:00,938.685,938.885,936.37,936.585,1635,1180,0
2024-11-13 23:00:00,936.485,937.885,936.26,936.66,3365,1039,0
2024-11-14 00:00:00,936.65,936.66,936.65,936.66,35464,2590,0
2024-11-14 01:00:00,936.65,937.555,933.905,935.895,2122,609,0
2024-11-14 02:00:00,935.955,939.525,935.585,938.995,1487,309,0
2024-11-14 03:00:00,938.935,938.935,934.725,935.465,4194,309,0
2024-11-14 04:00:00,935.425,936.54,933.205,934.555,4277,309,0
2024-11-14 05:00:00,934.525,937.735,933.465,934.855,2508,309,0
2024-11-14 06:00:00,934.835,936.215,933.105,935.595,1487,319,0
2024-11-14 07:00:00,935.635,935.635,932.325,934.185,4565,319,0
2024-11-14 08:00:00,934.135,935.805,932.455,933.575,4229,489,0
2024-11-14 09:00:00,933.605,934.035,928.065,933.035,2967,469,0
2024-11-14 10:00:00,933.035,938.365,931.735,937.115,2431,309,0
2024-11-14 11:00:00,937.085,939.285,931.345,933.435,3959,449,0
2024-11-14 12:00:00,933.335,934.335,930.635,932.535,1056,1699,0
2024-11-14 13:00:00,932.735,934.735,929.835,933.735,1317,1619,0
2024-11-14 14:00:00,933.935,935.035,932.435,933.035,1324,1619,0
2024-11-14 15:00:00,933.035,936.535,930.135,933.035,3105,1219,0
2024-11-14 16:00:00,932.995,939.945,931.635,932.845,1893,1419,0
2024-11-14 17:00:00,932.945,942.845,932.645,937.145,2754,1499,0
2024-11-14 18:00:00,937.245,938.855,933.865,934.805,1764,1259,0
2024-11-14 19:00:00,934.785,941.345,933.385,940.085,1544,309,0
2024-11-14 20:00:00,940.155,941.155,938.215,938.34,2024,839,0
2024-11-14 21:00:00,939.3,943.945,938.34,943.545,1211,1200,0
2024-11-14 22:00:00,943.445,943.445,938.045,939.235,1771,1140,0
2024-11-14 23:00:00,939.355,940.3,937.83,938.97,2652,1340,0
2024-11-15 00:00:00,939.02,939.02,938.97,939.02,35467,2430,0
2024-11-15 01:00:00,938.97,939.735,933.735,938.735,1294,1419,0
2024-11-15 02:00:00,938.635,940.365,936.95,937.845,851,599,0
2024-11-15 03:00:00,937.835,941.815,936.885,940.125,4257,309,0
2024-11-15 04:00:00,940.175,943.655,939.825,943.325,3751,309,0
2024-11-15 05:00:00,943.355,944.985,942.215,942.915,1950,309,0
2024-11-15 06:00:00,942.885,944.92,941.745,944.095,1176,309,0
2024-11-15 07:00:00,944.08,944.645,940.695,941.415,2722,309,0
2024-11-15 08:00:00,941.445,942.06,937.285,938.135,3449,309,0
2024-11-15 09:00:00,938.135,940.245,936.99,938.955,1446,609,0
2024-11-15 10:00:00,938.945,947.955,938.755,946.935,1684,609,0
2024-11-15 11:00:00,946.835,950.915,945.935,948.135,1530,1049,0
2024-11-15 12:00:00,948.035,952.435,947.435,950.335,1401,519,0
2024-11-15 13:00:00,950.335,952.935,948.135,952.335,1240,309,0
2024-11-15 14:00:00,952.335,952.735,947.435,948.435,1216,309,0
2024-11-15 15:00:00,948.435,950.785,942.595,944.685,3290,639,0
2024-11-15 16:00:00,944.685,951.875,943.785,949.745,6028,529,0
2024-11-15 17:00:00,949.475,951.515,944.115,945.625,6787,769,0
2024-11-15 18:00:00,945.675,946.235,941.095,942.305,5675,1119,0
2024-11-15 19:00:00,942.305,944.275,940.585,940.785,3966,879,0
2024-11-15 20:00:00,940.785,942.905,940.485,941.825,1736,849,0
2024-11-15 21:00:00,941.855,941.865,938.48,940.265,1708,1110,0
2024-11-15 22:00:00,940.305,940.935,938.765,940.575,2460,969,0
2024-11-15 23:00:00,940.545,942.335,940.505,941.26,3241,1089,0
2024-11-18 01:00:00,941.26,946.835,939.785,946.335,712,1839,0
2024-11-18 02:00:00,946.335,950.675,945.535,950.305,992,1210,0
2024-11-18 03:00:00,950.275,953.355,948.415,949.645,4500,1149,0
2024-11-18 04:00:00,949.615,954.095,948.365,952.535,3186,1069,0
2024-11-18 05:00:00,952.635,953.835,950.285,952.485,1381,1469,0
2024-11-18 06:00:00,952.455,955.805,952.265,955.405,1708,1319,0
2024-11-18 07:00:00,955.395,955.575,951.365,951.565,2605,1189,0
2024-11-18 08:00:00,951.505,953.765,949.285,952.365,3829,1189,0
2024-11-18 09:00:00,952.195,953.595,949.335,950.535,1956,639,0
2024-11-18 10:00:00,950.435,957.235,950.235,954.355,1429,1559,0
2024-11-18 11:00:00,954.355,957.095,952.455,956.895,1494,1080,0
2024-11-18 12:00:00,956.895,958.915,955.62,958.325,356,1070,0
2024-11-18 13:00:00,958.135,959.195,954.145,955.545,525,1070,0
2024-11-18 14:00:00,955.495,959.445,954.085,956.955,1485,1100,0
2024-11-18 15:00:00,957.015,961.835,955.545,960.465,835,879,0
2024-11-18 16:00:00,960.305,964.385,958.015,961.535,1468,1059,0
2024-11-18 17:00:00,961.635,966.915,960.735,966.635,1978,1679,0
2024-11-18 18:00:00,966.655,970.465,963.775,967.635,4044,1289,0
2024-11-18 19:00:00,967.605,970.285,966.215,969.135,3048,1079,0
2024-11-18 20:00:00,969.145,969.645,967.215,968.285,2378,1479,0
2024-11-18 21:00:00,968.385,968.685,967.285,967.485,655,1639,0
2024-11-18 22:00:00,967.585,968.685,967.485,967.795,632,1589,0
2024-11-18 23:00:00,967.825,968.435,967.0,967.06,826,1659,0
2024-11-19 01:00:00,966.85,969.465,961.915,968.325,1014,1759,0
2024-11-19 02:00:00,968.355,969.135,965.195,965.365,2123,1329,0
2024-11-19 03:00:00,965.375,969.855,964.755,969.695,4625,1459,0
2024-11-19 04:00:00,969.725,970.235,966.545,969.975,2748,1819,0
2024-11-19 05:00:00,970.005,972.675,969.725,972.505,4360,1749,0
2024-11-19 06:00:00,972.735,972.885,970.535,971.635,1616,1629,0
2024-11-19 07:00:00,971.635,971.875,968.835,971.605,2310,1639,0
2024-11-19 08:00:00,971.565,973.095,970.265,970.635,5148,2029,0
2024-11-19 09:00:00,970.705,970.885,966.725,967.655,3114,1749,0
2024-11-19 10:00:00,967.675,969.655,963.895,967.085,4837,1319,0
2024-11-19 11:00:00,967.075,968.635,962.775,964.715,7198,1689,0
2024-11-19 12:00:00,964.575,969.275,964.445,968.025,4122,889,0
2024-11-19 13:00:00,967.965,968.795,964.655,964.945,3282,829,0
2024-11-19 14:00:00,964.895,970.265,964.895,969.435,2955,1189,0
2024-11-19 15:00:00,969.435,974.745,966.525,972.735,4965,929,0
2024-11-19 16:00:00,972.735,974.615,967.935,970.165,4769,829,0
2024-11-19 17:00:00,970.055,976.045,969.815,972.725,6664,1349,0
2024-11-19 18:00:00,972.805,974.695,970.975,972.145,4450,1069,0
2024-11-19 19:00:00,972.145,975.825,972.045,973.555,2864,1309,0
2024-11-19 20:00:00,973.575,975.365,972.245,975.155,2105,1459,0
2024-11-19 21:00:00,975.155,975.595,974.225,974.375,2147,1539,0
2024-11-19 22:00:00,974.385,976.745,974.385,975.325,1562,1299,0
2024-11-19 23:00:00,975.295,975.475,973.44,973.44,893,1709,0
2024-11-20 01:00:00,972.62,974.985,972.025,973.455,1148,1429,0
2024-11-20 02:00:00,973.395,974.775,972.025,972.575,1090,1329,0
2024-11-20 03:00:00,972.675,974.445,972.17,974.015,1487,1699,0
2024-11-20 04:00:00,974.025,976.045,973.415,975.625,1812,1679,0
2024-11-20 05:00:00,975.715,976.255,974.025,974.025,1454,1729,0
2024-11-20 06:00:00,974.125,974.825,973.835,974.825,715,1400,0
2024-11-20 07:00:00,975.015,975.255,973.385,973.845,1465,1520,0
2024-11-20 08:00:00,973.825,973.915,970.335,972.135,1709,1110,0
2024-11-20 09:00:00,972.035,972.935,968.805,969.145,1755,1050,0
2024-11-20 10:00:00,969.145,969.145,964.245,966.735,1232,1579,0
2024-11-20 11:00:00,966.635,966.935,963.575,964.085,1419,1099,0
2024-11-20 12:00:00,964.055,965.895,962.685,963.615,1967,1219,0
2024-11-20 13:00:00,963.565,965.425,961.555,965.135,2590,1139,0
2024-11-20 14:00:00,965.105,970.835,964.945,970.235,1752,1219,0
2024-11-20 15:00:00,970.135,973.035,968.235,971.235,1900,1519,0
2024-11-20 16:00:00,971.235,971.235,963.455,964.035,3559,1169,0
2024-11-20 17:00:00,964.045,965.945,960.745,965.545,3646,589,0
2024-11-20 18:00:00,965.435,967.155,961.745,963.255,3601,409,0
2024-11-20 19:00:00,963.165,964.365,958.945,960.335,2317,309,0
2024-11-20 20:00:00,960.325,961.605,959.345,960.445,1979,1459,0
2024-11-20 21:00:00,960.375,960.985,959.185,960.085,814,1300,0
2024-11-20 22:00:00,959.985,960.785,959.185,960.585,916,1000,0
2024-11-20 23:00:00,960.685,962.155,960.085,961.49,3783,1000,0
2024-11-21 00:00:00,961.56,961.56,961.49,961.49,35622,2190,0
2024-11-21 01:00:00,961.56,963.175,959.615,962.985,1853,1509,0
2024-11-21 02:00:00,962.985,964.195,961.455,962.995,2097,1529,0
2024-11-21 03:00:00,963.005,965.205,961.815,964.175,3224,1569,0
2024-11-21 04:00:00,964.165,965.985,963.175,963.775,2940,1529,0
2024-11-21 05:00:00,963.755,966.235,962.175,966.065,1728,1629,0
2024-11-21 06:00:00,966.065,966.865,965.365,965.735,1237,1159,0
2024-11-21 07:00:00,965.725,967.815,965.005,965.485,2851,369,0
2024-11-21 08:00:00,965.515,968.015,964.605,967.565,2786,309,0
2024-11-21 09:00:00,967.545,969.44,966.305,967.935,2487,309,0
2024-11-21 10:00:00,967.935,968.035,962.815,963.205,3006,309,0
2024-11-21 11:00:00,963.135,964.61,955.435,959.745,3817,309,0
2024-11-21 12:00:00,959.765,960.595,956.08,958.455,1837,589,0
2024-11-21 13:00:00,958.455,961.085,957.045,959.085,1894,309,0
2024-11-21 14:00:00,959.175,960.795,958.275,959.105,1792,329,0
2024-11-21 15:00:00,959.075,962.505,956.955,959.835,5052,699,0
2024-11-21 16:00:00,959.855,962.025,955.735,957.195,3037,1099,0
2024-11-21 17:00:00,957.225,968.215,956.935,966.195,4703,969,0
2024-11-21 18:00:00,966.245,967.545,961.745,963.235,3841,1219,0
2024-11-21 19:00:00,963.335,965.685,961.335,965.285,1405,1949,0
2024-11-21 20:00:00,965.385,967.03,964.585,965.29,1166,880,0
2024-11-21 21:00:00,965.445,966.19,964.885,965.085,621,880,0
2024-11-21 22:00:00,965.085,965.485,963.485,964.085,747,2059,0
2024-11-21 23:00:00,964.185,964.285,961.21,962.96,1827,2060,0
2024-11-22 00:00:00,962.91,962.96,962.91,962.96,35588,2060,0
2024-11-22 01:00:00,962.91,964.785,961.665,963.585,1485,2060,0
2024-11-22 02:00:00,963.545,966.105,963.085,963.585,1317,1089,0
2024-11-22 03:00:00,963.585,966.185,963.085,965.285,1357,1689,0
2024-11-22 04:00:00,965.285,968.085,964.785,967.075,2681,859,0
2024-11-22 05:00:00,966.645,968.985,963.905,965.185,1794,899,0
2024-11-22 06:00:00,965.185,966.185,962.975,963.565,2507,869,0
2024-11-22 07:00:00,963.585,963.945,958.165,960.065,1475,939,0
2024-11-22 08:00:00,960.065,964.045,960.065,963.815,487,1769,0
2024-11-22 09:00:00,963.945,972.525,962.435,970.015,693,1399,0
2024-11-22 10:00:00,970.115,971.235,967.485,968.505,3658,1609,0
2024-11-22 11:00:00,968.565,968.605,956.725,960.935,6033,549,0
2024-11-22 12:00:00,960.805,964.815,959.505,963.405,4834,309,0
2024-11-22 13:00:00,963.365,964.455,959.215,960.245,4772,559,0
2024-11-22 14:00:00,960.245,965.085,959.405,964.445,4043,619,0
2024-11-22 15:00:00,964.635,966.885,961.175,964.515,5748,789,0
2024-11-22 16:00:00,964.525,968.015,960.785,967.485,3801,1189,0
2024-11-22 17:00:00,967.485,969.985,966.185,967.385,2497,989,0
2024-11-22 18:00:00,967.485,969.085,964.485,968.685,1476,1659,0
2024-11-22 19:00:00,968.685,970.085,967.285,969.485,1145,1409,0
2024-11-22 20:00:00,969.485,969.985,965.985,966.385,1128,1439,0
2024-11-22 21:00:00,966.385,966.785,964.985,965.385,725,1609,0
2024-11-22 22:00:00,965.285,965.485,962.385,962.985,713,1409,0
2024-11-22 23:00:00,962.985,964.84,962.26,964.84,800,1100,0
2024-11-25 01:00:00,965.29,970.985,965.005,970.485,415,1059,0
2024-11-25 02:00:00,970.485,971.145,966.495,967.765,2435,1339,0
2024-11-25 03:00:00,967.795,968.685,963.445,963.665,3630,939,0
2024-11-25 04:00:00,963.645,965.085,959.995,960.585,4823,1119,0
2024-11-25 05:00:00,960.585,961.185,956.125,957.085,3629,999,0
2024-11-25 06:00:00,957.085,957.585,955.115,956.225,1873,929,0
2024-11-25 07:00:00,956.285,956.585,952.345,953.775,4314,649,0
2024-11-25 08:00:00,953.775,956.495,952.085,955.115,4042,309,0
2024-11-25 09:00:00,955.115,955.115,949.945,950.985,3881,309,0
2024-11-25 10:00:00,951.045,951.615,945.835,949.935,2375,309,0
2024-11-25 11:00:00,949.935,954.935,949.635,952.035,1586,689,0
2024-11-25 12:00:00,952.035,954.235,950.335,954.135,1374,959,0
2024-11-25 13:00:00,954.135,956.035,953.58,954.735,1303,989,0
2024-11-25 14:00:00,954.735,954.835,951.335,952.535,1440,1019,0
2024-11-25 15:00:00,952.225,958.535,950.735,954.135,2390,1259,0
2024-11-25 16:00:00,954.235,955.235,946.455,951.765,4874,309,0
2024-11-25 17:00:00,952.045,952.045,941.215,942.595,6607,309,0
2024-11-25 18:00:00,942.615,945.435,938.695,942.885,8451,309,0
2024-11-25 19:00:00,942.865,944.035,939.035,939.265,3902,1439,0
2024-11-25 20:00:00,939.335,941.285,938.395,940.575,4248,1939,0
2024-11-25 21:00:00,940.575,942.045,939.275,941.625,2093,1209,0
2024-11-25 22:00:00,941.645,941.645,938.7,938.945,1610,1859,0
2024-11-25 23:00:00,938.955,940.095,938.55,939.85,807,1739,0
2024-11-26 01:00:00,938.67,939.335,932.535,933.455,2456,309,0
2024-11-26 02:00:00,933.525,938.635,932.035,932.365,4902,309,0
2024-11-26 03:00:00,932.315,939.775,931.715,938.245,5047,309,0
2024-11-26 04:00:00,938.39,940.375,937.265,939.245,4479,309,0
2024-11-26 05:00:00,938.935,942.805,938.805,942.015,2925,1009,0
2024-11-26 06:00:00,941.945,942.505,938.175,938.895,1760,1169,0
2024-11-26 07:00:00,938.875,940.185,936.815,938.885,3278,309,0
2024-11-26 08:00:00,938.895,940.065,936.085,937.285,3856,1029,0
2024-11-26 09:00:00,937.485,938.06,930.785,931.585,1664,309,0
2024-11-26 10:00:00,931.685,932.605,926.735,928.265,2294,619,0
2024-11-26 11:00:00,928.155,934.175,928.135,933.965,3019,1039,0
2024-11-26 12:00:00,934.015,935.265,931.955,935.165,2288,1079,0
2024-11-26 13:00:00,935.225,936.125,932.625,934.445,1476,1039,0
2024-11-26 14:00:00,934.445,938.695,934.075,937.385,2573,769,0
2024-11-26 15:00:00,937.275,939.655,931.075,931.895,4485,319,0
2024-11-26 16:00:00,931.845,933.255,926.785,929.395,4549,309,0
2024-11-26 17:00:00,929.425,934.585,928.715,931.815,3758,309,0
2024-11-26 18:00:00,931.815,935.695,930.355,934.465,2790,309,0
2024-11-26 19:00:00,934.395,934.395,928.205,928.715,2211,469,0
2024-11-26 20:00:00,928.755,928.875,925.005,925.325,3051,309,0
2024-11-26 21:00:00,925.305,929.115,925.055,928.075,1811,1049,0
2024-11-26 22:00:00,927.33,928.715,926.41,928.045,1040,840,0
2024-11-26 23:00:00,928.075,929.785,927.645,928.65,623,769,0
2024-11-27 01:00:00,927.27,929.395,926.885,929.075,597,1949,0
2024-11-27 02:00:00,929.085,929.525,925.615,926.305,1748,1839,0
2024-11-27 03:00:00,926.315,927.205,924.565,926.595,4629,1299,0
2024-11-27 04:00:00,926.595,931.835,925.755,930.165,2966,559,0
2024-11-27 05:00:00,930.315,931.245,928.185,930.685,2245,879,0
2024-11-27 06:00:00,930.625,931.015,928.425,929.315,1480,1679,0
2024-11-27 07:00:00,929.305,932.165,928.405,930.925,2592,1019,0
2024-11-27 08:00:00,930.875,934.085,930.475,934.065,2972,1089,0
2024-11-27 09:00:00,934.085,938.06,933.135,936.355,2426,309,0
2024-11-27 10:00:00,936.355,937.105,932.425,933.205,3561,309,0
2024-11-27 11:00:00,933.185,933.82,929.665,932.655,3113,309,0
2024-11-27 12:00:00,932.685,935.245,931.865,933.705,2618,309,0
2024-11-27 13:00:00,933.685,936.035,930.795,934.785,2390,309,0
2024-11-27 14:00:00,934.685,936.235,930.235,930.435,1015,309,0
2024-11-27 15:00:00,930.235,931.595,926.845,931.035,2305,359,0
2024-11-27 16:00:00,931.135,940.535,929.575,939.785,2740,309,0
2024-11-27 17:00:00,939.735,939.835,929.895,931.335,2172,1039,0
2024-11-27 18:00:00,931.235,933.135,929.935,930.035,1549,1149,0
2024-11-27 19:00:00,930.035,931.835,928.135,929.135,1171,1159,0
2024-11-27 20:00:00,929.135,930.435,927.535,929.635,723,1200,0
2024-11-27 21:00:00,929.635,930.1,927.87,928.435,450,1200,0
2024-11-27 22:00:00,928.435,929.845,928.335,929.405,637,1419,0
2024-11-27 23:00:00,929.495,930.865,927.82,928.89,1996,2309,0
2024-11-28 00:00:00,928.99,928.99,928.89,928.89,29594,3150,0
2024-11-28 01:00:00,928.99,931.985,922.395,931.775,758,1499,0
2024-11-28 02:00:00,931.775,932.945,931.165,931.495,864,1549,0
2024-11-28 03:00:00,931.475,931.875,927.775,929.605,5172,1039,0
2024-11-28 04:00:00,929.665,930.705,928.465,929.925,2492,1229,0
2024-11-28 05:00:00,929.915,931.775,928.325,930.855,1663,1339,0
2024-11-28 06:00:00,930.855,932.365,930.055,931.035,899,1409,0
2024-11-28 07:00:00,931.005,932.515,930.615,931.985,1735,1319,0
2024-11-28 08:00:00,932.015,932.915,930.065,931.725,1751,709,0
2024-11-28 09:00:00,931.725,932.905,929.395,932.145,898,699,0
2024-11-28 10:00:00,931.985,937.595,929.755,936.925,1531,1059,0
2024-11-28 11:00:00,936.885,938.985,935.695,936.985,1562,309,0
2024-11-28 12:00:00,936.985,937.685,933.76,935.985,635,309,0
2024-11-28 13:00:00,936.085,936.085,932.82,935.285,542,309,0
2024-11-28 14:00:00,935.385,935.385,932.525,932.525,1192,359,0
2024-11-28 15:00:00,932.555,937.205,932.145,937.205,2586,759,0
2024-11-28 16:00:00,937.255,938.415,934.725,934.865,1960,649,0
2024-11-28 17:00:00,935.525,936.355,933.385,934.445,1838,1379,0
2024-11-28 18:00:00,934.325,935.155,932.63,934.965,2281,1579,0
2024-11-28 19:00:00,934.9,935.725,933.24,934.355,5646,1609,0
2024-11-28 20:00:00,934.245,934.275,932.54,933.4,139,1969,0
2024-11-28 21:00:00,933.4,934.015,932.05,932.05,30442,1969,0
2024-11-28 22:00:00,933.4,933.4,932.05,933.4,28330,2750,0
2024-11-28 23:00:00,932.17,933.4,932.05,933.4,42147,2750,0
2024-11-29 00:00:00,932.17,933.4,932.05,932.05,50528,2750,0
2024-11-29 01:00:00,933.4,934.765,932.05,934.225,1433,1239,0
2024-11-29 02:00:00,934.225,934.545,932.25,933.355,1252,1179,0
2024-11-29 03:00:00,933.365,938.605,932.305,937.635,2844,389,0
2024-11-29 04:00:00,937.635,940.635,937.435,940.335,1305,1359,0
2024-11-29 05:00:00,940.335,943.435,939.41,943.035,696,1369,0
2024-11-29 06:00:00,943.335,944.045,942.55,943.735,758,1759,0
2024-11-29 07:00:00,943.735,944.075,942.135,942.855,1288,1619,0
2024-11-29 08:00:00,942.865,945.36,942.305,944.365,2812,309,0
2024-11-29 09:00:00,944.295,944.745,941.165,941.735,1908,429,0
2024-11-29 10:00:00,941.635,945.285,941.365,942.575,1821,859,0
2024-11-29 11:00:00,942.525,944.845,941.735,944.455,1069,1609,0
2024-11-29 12:00:00,944.455,945.035,940.71,942.135,878,970,0
2024-11-29 13:00:00,942.035,944.835,941.835,942.835,945,1339,0
2024-11-29 14:00:00,942.935,943.235,939.16,941.535,820,1349,0
2024-11-29 15:00:00,941.735,947.035,938.485,940.585,2172,309,0
2024-11-29 16:00:00,940.595,941.735,937.435,940.235,1943,969,0
2024-11-29 17:00:00,940.235,948.515,939.835,948.155,3716,909,0
2024-11-29 18:00:00,948.205,952.495,945.495,950.835,3943,1409,0
2024-11-29 19:00:00,950.785,951.035,948.095,950.435,1661,2089,0
2024-11-29 20:00:00,950.435,950.835,948.435,949.435,624,1939,0
2024-11-29 21:00:00,949.435,949.735,947.095,947.48,16493,1949,0
2024-11-29 22:00:00,947.79,947.79,947.48,947.79,34417,2130,0
2024-11-29 23:00:00,947.48,947.79,947.48,947.48,35219,2130,0
2024-12-02 01:00:00,948.52,948.52,944.49,946.035,1043,1440,0
2024-12-02 02:00:00,946.135,946.795,943.275,943.795,2128,309,0
2024-12-02 03:00:00,943.795,947.535,942.325,947.165,5639,309,0
2024-12-02 04:00:00,947.135,947.325,941.735,941.785,3658,309,0
2024-12-02 05:00:00,941.785,944.495,941.645,943.575,2419,309,0
2024-12-02 06:00:00,943.565,943.665,940.07,940.775,1136,879,0
2024-12-02 07:00:00,940.775,940.965,938.39,938.695,1766,999,0
2024-12-02 08:00:00,938.605,941.135,938.575,940.535,1793,1109,0
2024-12-02 09:00:00,940.535,941.935,939.335,940.035,877,769,0
2024-12-02 10:00:00,939.935,940.635,937.535,939.535,1221,1069,0
2024-12-02 11:00:00,939.635,943.135,939.635,942.035,998,1219,0
2024-12-02 12:00:00,942.035,945.535,941.435,944.335,914,1439,0
2024-12-02 13:00:00,944.435,948.635,944.335,947.835,898,1049,0
2024-12-02 14:00:00,947.935,949.435,943.635,944.035,1058,1059,0
2024-12-02 15:00:00,943.935,945.535,940.665,943.935,2361,979,0
2024-12-02 16:00:00,943.835,947.635,940.745,940.745,2637,309,0
2024-12-02 17:00:00,940.745,944.495,937.705,939.215,5033,959,0
2024-12-02 18:00:00,939.285,947.775,937.505,946.065,3345,969,0
2024-12-02 19:00:00,946.125,947.115,944.685,945.485,1898,2099,0
2024-12-02 20:00:00,945.485,946.085,943.985,945.085,634,1560,0
2024-12-02 21:00:00,945.085,946.185,944.41,945.185,372,2860,0
2024-12-02 22:00:00,945.185,947.085,944.45,945.885,608,2460,0
2024-12-02 23:00:00,945.45,946.285,944.74,945.74,264,2460,0
2024-12-03 01:00:00,945.04,948.735,939.055,947.985,459,2019,0
2024-12-03 02:00:00,948.085,949.285,946.155,946.325,621,1600,0
2024-12-03 03:00:00,946.295,948.485,944.085,944.485,932,1380,0
2024-12-03 04:00:00,944.485,944.485,939.825,941.985,1761,1769,0
2024-12-03 05:00:00,941.885,945.585,941.585,944.045,1208,1460,0
2024-12-03 06:00:00,944.055,945.435,942.68,943.655,1234,1669,0
2024-12-03 07:00:00,943.905,944.985,941.41,944.885,1638,1669,0
2024-12-03 08:00:00,944.885,948.835,944.885,948.235,1735,1469,0
2024-12-03 09:00:00,948.335,954.135,947.635,953.635,1167,1379,0
2024-12-03 10:00:00,953.535,958.635,951.945,957.135,1191,1149,0
2024-12-03 11:00:00,957.235,957.635,954.335,955.135,1154,1349,0
2024-12-03 12:00:00,955.235,958.115,954.535,956.635,1059,1179,0
2024-12-03 13:00:00,956.635,957.335,954.72,955.335,1545,2019,0
2024-12-03 14:00:00,955.335,955.835,951.935,952.135,1831,1909,0
2024-12-03 15:00:00,952.135,956.235,949.395,955.125,3019,1019,0
2024-12-03 16:00:00,954.975,960.435,953.545,953.545,2965,939,0
2024-12-03 17:00:00,953.535,955.535,951.535,954.435,1915,919,0
2024-12-03 18:00:00,954.435,957.535,953.435,955.235,1152,629,0
2024-12-03 19:00:00,955.335,955.835,951.935,954.735,1167,879,0
2024-12-03 20:00:00,954.635,956.335,954.135,956.135,815,1239,0
2024-12-03 21:00:00,956.135,956.135,953.635,953.935,510,1399,0
2024-12-03 22:00:00,953.935,954.835,951.85,952.935,504,1570,0
2024-12-03 23:00:00,952.835,953.335,951.4,952.14,552,1579,0
2024-12-04 00:00:00,952.14,952.14,952.14,952.14,60,2310,0
2024-12-04 01:00:00,952.14,952.515,950.015,951.465,300,1399,0
2024-12-04 02:00:00,951.475,952.835,948.09,949.735,1190,889,0
2024-12-04 03:00:00,949.835,950.735,948.645,949.735,1295,1179,0
2024-12-04 04:00:00,949.635,953.135,949.535,952.085,1761,589,0
2024-12-04 05:00:00,952.085,952.555,948.035,949.305,2125,309,0
2024-12-04 06:00:00,949.205,951.875,948.655,951.875,1385,1209,0
2024-12-04 07:00:00,951.865,953.605,951.095,953.135,2101,709,0
2024-12-04 08:00:00,953.185,954.145,950.885,953.975,2649,559,0
2024-12-04 09:00:00,953.975,954.315,952.095,952.725,1653,809,0
2024-12-04 10:00:00,952.715,954.365,946.625,949.325,2931,309,0
2024-12-04 11:00:00,949.315,950.185,942.375,943.515,2298,309,0
2024-12-04 12:00:00,943.595,944.405,938.525,940.715,2163,309,0
2024-12-04 13:00:00,940.735,942.465,937.955,939.565,2144,309,0
2024-12-04 14:00:00,939.505,940.875,932.335,932.735,1717,309,0
2024-12-04 15:00:00,932.175,941.345,930.635,939.215,2951,739,0
2024-12-04 16:00:00,939.115,944.16,937.235,937.235,4058,309,0
2024-12-04 17:00:00,937.505,947.435,937.505,946.935,4026,699,0
2024-12-04 18:00:00,947.035,950.015,944.235,944.935,1328,309,0
2024-12-04 19:00:00,944.935,947.215,944.535,945.615,990,879,0
2024-12-04 20:00:00,945.665,946.125,939.005,939.865,1030,979,0
2024-12-04 21:00:00,939.975,942.605,938.175,940.665,1105,1729,0
2024-12-04 22:00:00,940.665,941.575,939.835,940.825,1011,1579,0
2024-12-04 23:00:00,940.825,941.285,939.97,939.97,263,1869,0
2024-12-05 01:00:00,938.94,941.635,938.785,940.975,522,1499,0
2024-12-05 02:00:00,940.975,944.735,940.255,943.545,550,1309,0
2024-12-05 03:00:00,943.545,946.935,941.135,942.165,2199,309,0
2024-12-05 04:00:00,942.235,943.575,941.245,941.665,848,1589,0
2024-12-05 05:00:00,941.665,943.6,941.645,943.045,287,1979,0
2024-12-05 06:00:00,943.01,944.495,940.345,940.705,190,1159,0
2024-12-05 07:00:00,940.645,944.905,940.645,944.305,1503,309,0
2024-12-05 08:00:00,944.255,945.15,942.415,943.795,2449,309,0
2024-12-05 09:00:00,943.775,946.845,943.695,946.445,1144,609,0
2024-12-05 10:00:00,946.385,950.315,946.235,947.285,1171,699,0
2024-12-05 11:00:00,947.335,949.025,945.935,947.095,1144,1669,0
2024-12-05 12:00:00,947.095,948.705,944.975,945.675,610,1619,0
2024-12-05 13:00:00,945.675,946.775,944.54,946.345,572,1579,0
2024-12-05 14:00:00,946.355,946.675,941.585,944.395,1083,1079,0
2024-12-05 15:00:00,944.455,946.245,938.745,943.945,3002,599,0
2024-12-05 16:00:00,943.945,944.625,937.285,939.955,2445,479,0
2024-12-05 17:00:00,939.955,940.555,934.555,938.715,4314,309,0
2024-12-05 18:00:00,938.765,940.675,935.665,938.345,3783,309,0
2024-12-05 19:00:00,938.395,940.17,934.135,937.59,2692,309,0
2024-12-05 20:00:00,937.49,939.05,934.795,937.745,2302,309,0
2024-12-05 21:00:00,937.765,941.355,937.625,939.825,2024,309,0
2024-12-05 22:00:00,939.875,941.525,938.985,939.685,1483,309,0
2024-12-05 23:00:00,939.735,940.225,937.58,939.1,649,1299,0
2024-12-06 01:00:00,937.76,939.535,936.17,939.225,315,1290,0
2024-12-06 02:00:00,939.135,939.235,937.345,937.915,1153,1689,0
2024-12-06 03:00:00,937.785,938.885,933.985,935.285,4594,389,0
2024-12-06 04:00:00,935.445,943.115,934.905,942.385,2927,899,0
2024-12-06 05:00:00,942.385,946.925,942.185,945.965,1999,1329,0
2024-12-06 06:00:00,945.975,946.645,942.885,943.385,767,2079,0
2024-12-06 07:00:00,943.485,943.485,940.085,941.585,822,1769,0
2024-12-06 08:00:00,941.685,943.58,940.055,941.895,2721,1330,0
2024-12-06 09:00:00,941.775,941.775,938.485,940.385,468,1420,0
2024-12-06 10:00:00,940.295,941.785,934.465,936.025,716,1319,0
2024-12-06 11:00:00,936.025,938.09,935.215,936.275,441,1609,0
2024-12-06 12:00:00,936.145,936.345,933.055,935.165,561,409,0
2024-12-06 13:00:00,935.105,936.17,933.675,934.535,675,1280,0
2024-12-06 14:00:00,934.485,938.145,933.765,935.595,1221,2470,0
2024-12-06 15:00:00,935.485,939.245,930.845,936.275,3788,1389,0
2024-12-06 16:00:00,936.265,936.875,929.165,930.135,3687,309,0
2024-12-06 17:00:00,930.135,935.145,929.735,932.815,1425,1909,0
2024-12-06 18:00:00,932.785,935.1,931.435,931.505,899,2020,0
2024-12-06 19:00:00,931.405,931.525,927.175,927.245,973,2219,0
2024-12-06 20:00:00,927.115,929.625,926.915,928.415,1570,1659,0
2024-12-06 21:00:00,928.475,931.665,926.805,928.835,1329,309,0
2024-12-06 22:00:00,928.935,930.37,928.735,929.665,742,2460,0
2024-12-06 23:00:00,929.765,932.395,928.8,931.15,3709,309,0
2024-12-09 01:00:00,930.93,933.1,929.175,931.735,524,1620,0
2024-12-09 02:00:00,931.735,932.825,928.07,930.825,1468,309,0
2024-12-09 03:00:00,930.875,936.325,929.665,934.975,4046,849,0
2024-12-09 04:00:00,935.055,938.375,934.075,937.585,3175,659,0
2024-12-09 05:00:00,937.555,937.685,932.355,932.755,1994,959,0
2024-12-09 06:00:00,932.705,934.125,931.215,932.815,1863,429,0
2024-12-09 07:00:00,932.735,934.265,932.055,933.265,2303,449,0
2024-12-09 08:00:00,933.255,937.425,933.055,935.615,2593,309,0
2024-12-09 09:00:00,935.615,940.935,935.065,939.535,1341,789,0
2024-12-09 10:00:00,939.135,944.905,938.735,944.905,1369,1589,0
2024-12-09 11:00:00,945.015,950.565,944.205,950.435,644,1609,0
2024-12-09 12:00:00,950.435,952.235,949.735,951.175,854,1979,0
2024-12-09 13:00:00,951.475,952.375,947.835,948.035,630,309,0
2024-12-09 14:00:00,948.035,951.835,946.275,951.335,2415,1029,0
2024-12-09 15:00:00,951.585,954.905,949.065,953.335,5201,919,0
2024-12-09 16:00:00,953.335,956.405,950.505,953.935,4486,899,0
2024-12-09 17:00:00,954.645,955.145,948.485,951.285,2992,1179,0
2024-12-09 18:00:00,951.385,951.385,946.215,948.165,2462,1109,0
2024-12-09 19:00:00,948.135,949.345,946.435,946.845,2708,1039,0
2024-12-09 20:00:00,946.695,946.885,943.73,944.065,2517,759,0
2024-12-09 21:00:00,943.965,944.165,941.305,941.715,1644,1569,0
2024-12-09 22:00:00,941.685,941.715,939.185,940.495,1518,1099,0
2024-12-09 23:00:00,940.465,941.175,939.905,940.72,2505,1449,0
2024-12-10 00:00:00,940.91,940.91,940.72,940.72,34152,2170,0
2024-12-10 01:00:00,940.91,941.055,934.595,940.855,2204,329,0
2024-12-10 02:00:00,940.895,944.645,939.015,944.155,1210,309,0
2024-12-10 03:00:00,944.235,944.955,937.935,940.89,2615,309,0
2024-12-10 04:00:00,940.815,943.445,938.545,938.945,3677,309,0
2024-12-10 05:00:00,938.975,939.785,936.065,938.515,2556,309,0
2024-12-10 06:00:00,938.545,940.685,938.025,938.335,1803,399,0
2024-12-10 07:00:00,938.335,939.305,936.985,938.205,2679,1329,0
2024-12-10 08:00:00,938.145,939.525,936.925,937.645,2532,1099,0
2024-12-10 09:00:00,937.695,937.785,934.035,934.645,2154,309,0
2024-12-10 10:00:00,934.715,938.325,932.735,938.275,2798,549,0
2024-12-10 11:00:00,938.275,941.655,937.545,940.125,2998,1439,0
2024-12-10 12:00:00,940.055,942.065,938.705,941.435,3091,1779,0
2024-12-10 13:00:00,941.445,943.945,939.415,942.675,1805,1679,0
2024-12-10 14:00:00,942.675,944.39,940.085,943.235,960,1849,0
2024-12-10 15:00:00,943.235,943.235,936.085,937.655,1219,1419,0
2024-12-10 16:00:00,937.655,939.475,933.155,933.925,1251,1659,0
2024-12-10 17:00:00,934.045,939.855,932.945,938.405,952,1400,0
2024-12-10 18:00:00,938.475,942.865,937.445,942.735,631,1210,0
2024-12-10 19:00:00,942.735,943.735,940.345,941.545,317,1419,0
2024-12-10 20:00:00,941.445,944.145,941.145,942.485,209,1579,0
2024-12-10 21:00:00,942.585,943.685,941.38,941.985,614,2569,0
2024-12-10 22:00:00,941.985,941.985,940.0,940.985,434,1149,0
2024-12-10 23:00:00,941.085,941.585,939.86,940.53,2267,1739,0
2024-12-11 00:00:00,940.51,940.53,940.51,940.51,35509,3010,0
2024-12-11 01:00:00,940.53,941.485,940.285,941.085,788,2260,0
2024-12-11 02:00:00,941.185,945.16,940.385,944.185,1160,809,0
2024-12-11 03:00:00,944.185,947.265,942.805,946.195,438,1669,0
2024-12-11 04:00:00,946.295,948.195,945.995,947.415,373,309,0
2024-12-11 05:00:00,947.275,948.185,944.935,945.925,310,1019,0
2024-12-11 06:00:00,945.95,946.125,938.095,940.205,506,309,0
2024-12-11 07:00:00,940.295,941.34,938.67,939.025,836,2400,0
2024-12-11 08:00:00,939.035,940.445,937.435,940.395,527,1589,0
2024-12-11 09:00:00,940.585,941.205,930.035,930.735,2206,2089,0
2024-12-11 10:00:00,930.735,936.995,929.435,933.995,2109,3029,0
2024-12-11 11:00:00,933.905,934.185,930.785,932.465,1708,3539,0
2024-12-11 12:00:00,932.525,935.635,931.775,934.635,1180,1309,0
2024-12-11 13:00:00,934.625,937.565,934.575,936.695,1197,759,0
2024-12-11 14:00:00,936.705,940.035,933.235,933.435,1726,1049,0
2024-12-11 15:00:00,933.535,939.935,932.535,939.545,2037,1669,0
2024-12-11 16:00:00,939.515,940.365,933.215,938.155,2119,2119,0
2024-12-11 17:00:00,938.165,941.045,934.445,937.835,2379,3369,0
2024-12-11 18:00:00,937.835,942.335,936.535,938.935,1308,2929,0
2024-12-11 19:00:00,939.035,940.135,936.035,936.535,845,2460,0
2024-12-11 20:00:00,936.535,939.905,936.135,938.335,1429,959,0
2024-12-11 21:00:00,938.335,940.475,938.035,939.965,1031,859,0
2024-12-11 22:00:00,940.015,940.545,939.335,939.435,860,1119,0
2024-12-11 23:00:00,939.435,940.575,938.61,938.63,2976,1999,0
2024-12-12 00:00:00,938.64,938.64,938.63,938.64,35261,4040,0
2024-12-12 01:00:00,938.63,944.5,932.415,941.735,1029,2350,0
2024-12-12 02:00:00,941.735,945.525,941.645,945.035,736,2540,0
2024-12-12 03:00:00,944.935,947.705,944.435,945.455,1030,2459,0
2024-12-12 04:00:00,945.505,946.315,941.625,943.265,825,309,0
2024-12-12 05:00:00,943.315,946.925,943.315,946.775,1678,2089,0
2024-12-12 06:00:00,946.815,948.075,945.955,946.755,1221,1619,0
2024-12-12 07:00:00,946.805,949.135,945.445,948.695,2247,2079,0
2024-12-12 08:00:00,948.745,949.865,946.535,949.435,1991,2239,0
2024-12-12 09:00:00,949.485,951.315,944.105,947.455,1855,2389,0
2024-12-12 10:00:00,947.435,949.935,946.445,949.035,1684,1559,0
2024-12-12 11:00:00,949.235,949.435,943.295,945.345,1517,309,0
2024-12-12 12:00:00,945.325,945.865,940.835,942.455,1337,309,0
2024-12-12 13:00:00,942.435,943.665,936.745,939.485,2502,779,0
2024-12-12 14:00:00,939.385,942.135,934.045,935.585,2279,449,0
2024-12-12 15:00:00,935.575,938.855,933.145,935.845,4221,3289,0
2024-12-12 16:00:00,935.765,943.045,932.095,939.075,5793,309,0
2024-12-12 17:00:00,939.075,939.895,928.145,934.635,6204,479,0
2024-12-12 18:00:00,934.575,937.975,923.145,933.035,5207,999,0
2024-12-12 19:00:00,933.015,934.705,930.495,931.795,3814,2529,0
2024-12-12 20:00:00,931.775,934.645,930.855,933.665,2760,1609,0
2024-12-12 21:00:00,935.265,935.455,931.275,933.815,2115,639,0
2024-12-12 22:00:00,933.835,934.685,928.455,933.585,1567,959,0
2024-12-12 23:00:00,933.605,934.095,932.895,932.98,3075,1439,0
2024-12-13 00:00:00,933.03,933.03,932.98,932.98,10656,2110,0
2024-12-13 01:00:00,929.39,930.215,925.645,928.935,580,2350,0
2024-12-13 02:00:00,929.035,929.55,927.635,928.235,443,2350,0
2024-12-13 03:00:00,928.235,935.735,928.135,933.765,3802,1969,0
2024-12-13 04:00:00,933.745,936.765,931.655,933.135,2234,1169,0
2024-12-13 05:00:00,933.235,934.035,931.83,933.435,685,2410,0
2024-12-13 06:00:00,933.335,933.835,931.67,932.835,340,2840,0
2024-12-13 07:00:00,932.935,933.135,931.19,933.035,677,2720,0
2024-12-13 08:00:00,933.135,933.835,931.335,933.435,847,4179,0
2024-12-13 09:00:00,933.435,937.365,932.535,935.195,1869,2639,0
2024-12-13 10:00:00,935.205,936.225,932.105,932.525,2825,2369,0
2024-12-13 11:00:00,932.475,934.245,928.605,929.635,1732,1599,0
2024-12-13 12:00:00,929.635,940.235,929.295,938.075,2046,1289,0
2024-12-13 13:00:00,937.885,939.735,932.975,933.035,2114,1379,0
2024-12-13 14:00:00,933.055,939.165,932.335,936.285,2220,1589,0
2024-12-13 15:00:00,936.375,936.975,929.485,929.955,3643,309,0
2024-12-13 16:00:00,929.935,929.955,922.915,925.215,5046,309,0
2024-12-13 17:00:00,925.355,925.355,917.395,923.475,3895,309,0
2024-12-13 18:00:00,923.545,923.555,919.245,920.945,3346,2069,0
2024-12-13 19:00:00,920.915,924.795,916.345,922.995,2160,729,0
2024-12-13 20:00:00,923.025,925.095,918.545,923.535,2433,1429,0
2024-12-13 21:00:00,923.585,924.715,921.995,922.525,1694,1359,0
2024-12-13 22:00:00,922.575,923.035,921.335,922.535,1143,309,0
2024-12-13 23:00:00,922.55,924.395,921.16,922.95,876,309,0
2024-12-16 01:00:00,920.27,926.225,920.27,925.135,578,1669,0
2024-12-16 02:00:00,925.135,925.235,921.355,921.635,632,2089,0
2024-12-16 03:00:00,921.625,924.485,921.285,922.495,1546,1799,0
2024-12-16 04:00:00,922.585,924.005,920.475,920.815,2346,309,0
2024-12-16 05:00:00,920.865,922.775,919.535,919.985,1449,1769,0
2024-12-16 06:00:00,919.895,920.365,918.03,918.245,812,2350,0
2024-12-16 07:00:00,918.155,922.985,918.055,920.535,922,2279,0
2024-12-16 08:00:00,920.635,922.6,919.445,920.145,1099,2329,0
2024-12-16 09:00:00,920.055,925.865,919.105,922.145,2033,1819,0
2024-12-16 10:00:00,922.145,928.335,922.045,925.575,1187,2059,0
2024-12-16 11:00:00,925.525,926.825,922.445,926.525,1054,2029,0
2024-12-16 12:00:00,926.545,927.655,921.725,922.055,1959,1719,0
2024-12-16 13:00:00,922.145,923.555,921.115,922.805,575,2280,0
2024-12-16 14:00:00,922.935,935.025,922.045,934.295,1068,2069,0
2024-12-16 15:00:00,934.295,945.065,932.805,940.925,2429,309,0
2024-12-16 16:00:00,941.025,942.985,937.295,941.415,2006,309,0
2024-12-16 17:00:00,941.475,944.845,937.545,944.445,1746,1209,0
2024-12-16 18:00:00,944.445,944.645,939.645,939.705,553,1229,0
2024-12-16 19:00:00,939.655,941.235,937.485,940.715,685,1989,0
2024-12-16 20:00:00,940.815,940.925,936.065,937.025,911,1640,0
2024-12-16 21:00:00,936.925,938.33,936.52,937.475,390,1770,0
2024-12-16 22:00:00,937.475,938.65,936.645,937.825,336,2460,0
2024-12-16 23:00:00,937.835,938.465,936.44,937.92,9593,2049,0
2024-12-17 00:00:00,936.87,937.92,936.87,936.87,14445,3160,0
2024-12-17 01:00:00,937.66,941.375,932.855,938.665,776,1440,0
2024-12-17 02:00:00,938.655,943.465,938.655,943.365,367,1529,0
2024-12-17 03:00:00,943.365,944.065,938.945,940.475,1125,309,0
2024-12-17 04:00:00,940.465,940.675,936.015,937.255,1075,469,0
2024-12-17 05:00:00,937.255,938.365,935.795,936.815,641,1109,0
2024-12-17 06:00:00,936.845,938.225,934.485,934.485,545,1419,0
2024-12-17 07:00:00,934.625,937.125,933.365,933.675,853,1859,0
2024-12-17 08:00:00,933.675,934.675,931.825,932.485,741,2159,0
2024-12-17 09:00:00,932.315,936.765,931.655,934.285,1399,2240,0
2024-12-17 10:00:00,934.265,934.455,924.485,925.095,1284,2469,0
2024-12-17 11:00:00,925.095,928.645,924.095,926.705,2244,2629,0
2024-12-17 12:00:00,926.695,929.36,925.045,925.755,1417,2290,0
2024-12-17 13:00:00,925.605,931.415,924.925,930.495,1152,3989,0
2024-12-17 14:00:00,930.495,936.425,930.275,933.425,1792,2089,0
2024-12-17 15:00:00,933.335,936.525,929.475,932.035,1990,479,0
2024-12-17 16:00:00,931.945,935.845,930.555,931.445,3146,309,0
2024-12-17 17:00:00,931.965,941.125,930.825,933.515,2735,309,0
2024-12-17 18:00:00,933.465,936.305,930.555,934.095,2715,2199,0
2024-12-17 19:00:00,933.965,939.165,933.035,938.625,2270,1119,0
2024-12-17 20:00:00,938.625,941.775,938.285,938.695,879,1059,0
2024-12-17 21:00:00,938.695,939.765,938.155,938.635,1799,1719,0
2024-12-17 22:00:00,938.655,938.965,937.975,938.555,1504,1819,0
2024-12-17 23:00:00,938.525,940.375,938.425,939.36,736,1679,0
2024-12-18 01:00:00,938.7,941.235,938.34,939.485,1757,869,0
2024-12-18 02:00:00,939.485,940.895,939.055,940.495,342,1359,0
2024-12-18 03:00:00,940.595,942.735,937.745,942.335,804,1109,0
2024-12-18 04:00:00,942.335,942.425,939.885,940.255,503,609,0
2024-12-18 05:00:00,940.145,940.255,937.24,937.655,425,1499,0
2024-12-18 06:00:00,937.655,940.74,936.62,939.975,808,1240,0
2024-12-18 07:00:00,939.915,942.15,938.81,940.075,461,2350,0
2024-12-18 08:00:00,940.115,941.445,939.605,940.275,582,2119,0
2024-12-18 09:00:00,940.315,941.235,935.845,937.265,1123,2089,0
2024-12-18 10:00:00,937.215,937.235,932.495,934.145,1706,1519,0
2024-12-18 11:00:00,934.115,935.325,932.895,933.615,1562,2129,0
2024-12-18 12:00:00,933.665,936.095,932.835,935.075,1204,1369,0
2024-12-18 13:00:00,935.255,936.825,934.23,934.295,485,1440,0
2024-12-18 14:00:00,934.255,935.965,931.535,931.835,1326,2179,0
2024-12-18 15:00:00,931.735,932.075,928.025,931.255,2079,739,0
2024-12-18 16:00:00,931.195,931.865,924.135,927.355,2511,579,0
2024-12-18 17:00:00,927.175,929.525,925.195,925.505,2377,2199,0
2024-12-18 18:00:00,925.495,930.535,923.915,929.735,1682,3239,0
2024-12-18 19:00:00,929.635,931.455,928.635,931.435,775,2399,0
2024-12-18 20:00:00,931.165,933.88,931.045,931.105,952,2139,0
2024-12-18 21:00:00,931.035,931.635,922.385,922.845,3957,1539,0
2024-12-18 22:00:00,922.845,924.855,919.145,921.055,4908,2209,0
2024-12-18 23:00:00,921.035,924.645,919.68,919.98,3363,2180,0
2024-12-19 01:00:00,921.68,921.68,915.355,916.705,872,2350,0
2024-12-19 02:00:00,916.705,924.975,916.705,924.645,1607,2089,0
2024-12-19 03:00:00,924.285,928.065,924.055,926.225,4540,629,0
2024-12-19 04:00:00,926.205,927.805,924.985,927.225,2628,1119,0
2024-12-19 05:00:00,927.095,927.855,926.115,926.795,1905,1569,0
2024-12-19 06:00:00,926.795,927.505,925.485,927.185,1332,1849,0
2024-12-19 07:00:00,927.115,928.445,926.175,926.425,2361,2339,0
2024-12-19 08:00:00,926.375,929.485,925.515,929.195,3081,2459,0
2024-12-19 09:00:00,929.265,930.815,927.945,928.445,1840,2239,0
2024-12-19 10:00:00,928.445,929.965,924.645,929.645,2206,2149,0
2024-12-19 11:00:00,929.635,932.845,926.675,926.715,2799,759,0
2024-12-19 12:00:00,926.715,929.875,925.835,925.945,2237,879,0
2024-12-19 13:00:00,925.945,931.015,925.945,930.455,2006,2220,0
2024-12-19 14:00:00,930.405,932.535,927.175,928.765,2691,1869,0
2024-12-19 15:00:00,928.765,930.685,923.965,925.935,2303,929,0
2024-12-19 16:00:00,925.935,930.405,923.575,923.605,2885,349,0
2024-12-19 17:00:00,924.465,927.325,921.035,921.035,2470,859,0
2024-12-19 18:00:00,921.055,926.135,920.095,921.265,2023,1249,0
2024-12-19 19:00:00,921.175,922.825,920.905,921.175,1052,939,0
2024-12-19 20:00:00,921.225,926.265,921.225,925.825,936,2509,0
2024-12-19 21:00:00,925.725,926.165,924.575,925.025,546,2589,0
2024-12-19 22:00:00,925.075,927.455,925.075,926.515,519,2029,0
2024-12-19 23:00:00,926.535,926.635,923.63,924.27,295,2029,0
2024-12-20 01:00:00,923.66,925.565,920.61,921.875,633,989,0
2024-12-20 02:00:00,921.875,922.455,918.365,918.425,569,939,0
2024-12-20 03:00:00,918.405,926.915,918.295,924.505,1379,1139,0
2024-12-20 04:00:00,924.505,924.505,920.225,921.935,2225,1269,0
2024-12-20 05:00:00,921.935,924.525,920.175,921.65,1875,309,0
2024-12-20 06:00:00,921.75,923.25,920.3,921.72,1466,309,0
2024-12-20 07:00:00,921.76,922.49,918.465,918.785,1408,309,0
2024-12-20 08:00:00,918.785,923.245,917.145,921.165,1726,1379,0
2024-12-20 09:00:00,921.165,922.225,915.905,918.445,1218,789,0
2024-12-20 10:00:00,918.445,923.725,917.155,922.725,1894,2679,0
2024-12-20 11:00:00,922.795,925.025,920.895,923.655,2456,1849,0
2024-12-20 12:00:00,923.655,930.695,923.555,927.905,1196,1349,0
2024-12-20 13:00:00,928.065,930.945,927.515,929.945,414,989,0
2024-12-20 14:00:00,929.945,931.895,927.025,929.015,757,379,0
2024-12-20 15:00:00,928.985,931.775,926.305,929.835,2826,759,0
2024-12-20 16:00:00,930.135,931.965,926.405,928.405,5952,1869,0
2024-12-20 17:00:00,928.435,933.485,928.435,930.785,3538,1479,0
2024-12-20 18:00:00,930.785,932.185,929.105,930.975,1938,2409,0
2024-12-20 19:00:00,930.965,933.695,930.165,931.695,2489,2909,0
2024-12-20 20:00:00,931.745,933.155,927.825,927.915,1234,1569,0
2024-12-20 21:00:00,927.915,930.995,927.915,929.985,713,1749,0
2024-12-20 22:00:00,929.985,930.575,926.155,927.465,1542,459,0
2024-12-20 23:00:00,927.435,928.225,924.465,925.13,4366,2309,0
2024-12-23 01:00:00,924.47,933.075,924.47,930.955,1938,1279,0
2024-12-23 02:00:00,931.015,932.435,929.575,931.355,1582,1679,0
2024-12-23 03:00:00,931.355,933.855,930.675,932.585,553,1099,0
2024-12-23 04:00:00,932.585,938.325,931.585,937.735,424,1769,0
2024-12-23 05:00:00,937.845,938.375,934.0,934.635,331,2009,0
2024-12-23 06:00:00,934.635,937.335,934.635,936.935,422,2139,0
2024-12-23 07:00:00,936.935,939.135,936.435,936.515,665,1989,0
2024-12-23 08:00:00,936.525,936.825,934.095,935.175,2285,1049,0
2024-12-23 09:00:00,935.225,938.135,934.665,936.635,1188,1169,0
2024-12-23 10:00:00,936.635,939.735,934.955,939.035,1095,1419,0
2024-12-23 11:00:00,939.035,941.215,937.035,938.505,1556,1509,0
2024-12-23 12:00:00,938.455,941.035,935.925,937.375,2127,1429,0
2024-12-23 13:00:00,937.375,938.735,935.405,937.035,741,409,0
2024-12-23 14:00:00,937.235,937.515,934.565,936.335,970,2869,0
2024-12-23 15:00:00,936.505,942.695,934.505,938.545,2624,1369,0
2024-12-23 16:00:00,938.545,945.895,936.915,937.575,2103,309,0
2024-12-23 17:00:00,937.545,939.685,933.945,936.745,3932,1809,0
2024-12-23 18:00:00,936.745,941.245,934.945,941.245,572,1979,0
2024-12-23 19:00:00,941.245,944.4,937.905,941.16,1048,309,0
2024-12-23 20:00:00,941.185,941.245,935.325,937.375,589,309,0
2024-12-23 21:00:00,937.325,942.845,937.205,941.645,377,6959,0
2024-12-23 22:00:00,941.645,941.945,935.445,940.745,823,7619,0
2024-12-23 23:00:00,940.745,941.345,938.5,939.2,96,7520,0
2024-12-24 01:00:00,933.73,943.445,933.73,941.67,870,309,0
2024-12-24 02:00:00,941.645,943.485,939.56,942.53,653,309,0
2024-12-24 03:00:00,942.56,943.07,938.505,941.765,1633,309,0
2024-12-24 04:00:00,941.795,942.635,940.155,940.475,1792,2830,0
2024-12-24 05:00:00,940.505,942.77,939.655,941.545,527,309,0
2024-12-24 06:00:00,941.545,942.96,940.525,941.705,327,2350,0
2024-12-24 07:00:00,941.705,943.31,938.895,939.745,1171,2769,0
2024-12-24 08:00:00,939.775,941.415,938.545,941.195,1336,2359,0
2024-12-24 09:00:00,941.225,943.435,939.035,939.135,1438,1589,0
2024-12-24 10:00:00,939.135,942.135,937.845,940.535,1276,2249,0
2024-12-24 11:00:00,940.535,942.745,939.295,940.325,958,309,0
2024-12-24 12:00:00,940.405,944.06,939.245,943.945,1020,2520,0
2024-12-24 13:00:00,943.945,944.68,942.445,943.045,711,2220,0
2024-12-24 14:00:00,943.045,943.8,940.6,942.345,151,2460,0
2024-12-24 15:00:00,942.345,945.045,941.37,943.745,907,309,0
2024-12-24 16:00:00,943.75,944.445,941.175,941.745,2671,309,0
2024-12-24 17:00:00,941.985,944.275,941.045,942.475,1100,2669,0
2024-12-24 18:00:00,942.465,946.26,941.345,941.575,1337,1019,0
2024-12-24 19:00:00,941.565,943.785,941.125,942.145,883,3279,0
2024-12-24 20:00:00,942.145,943.76,940.19,940.29,46074,2460,0
2024-12-26 01:00:00,933.07,944.39,933.07,944.39,296338,4560,0
2024-12-26 02:00:00,942.94,944.44,940.53,940.53,415628,1240,0
2024-12-26 03:00:00,940.85,946.04,940.53,943.9,348236,2350,0
2024-12-26 04:00:00,945.02,945.02,936.1,941.8,57844,1240,0
2024-12-26 05:00:00,942.36,943.8,941.8,942.93,353555,1250,0
2024-12-26 06:00:00,942.91,943.8,941.27,943.75,136624,1890,0
2024-12-26 07:00:00,943.8,943.8,942.09,943.3,393797,2180,0
2024-12-26 08:00:00,943.41,943.41,940.42,942.0,349367,2090,0
2024-12-26 09:00:00,938.245,944.045,935.345,938.145,121,949,0
2024-12-26 10:00:00,938.145,938.145,933.645,933.745,113,7119,0
2024-12-26 11:00:00,933.745,936.215,933.335,935.495,1021,11129,0
2024-12-26 12:00:00,935.475,939.095,933.715,935.035,1197,8859,0
2024-12-26 13:00:00,935.015,939.485,932.345,932.845,1298,10059,0
2024-12-26 14:00:00,932.825,935.735,931.935,935.175,1685,10159,0
2024-12-26 15:00:00,935.165,939.285,934.445,935.965,2171,9859,0
2024-12-26 16:00:00,935.935,941.225,935.645,940.005,3565,5289,0
2024-12-26 17:00:00,940.045,940.875,931.425,938.035,2241,2349,0
2024-12-26 18:00:00,938.075,941.075,936.045,939.195,2177,3229,0
2024-12-26 19:00:00,939.195,939.525,935.735,936.965,1818,3239,0
2024-12-26 20:00:00,936.635,937.155,934.535,935.805,1079,2480,0
2024-12-26 21:00:00,935.815,937.465,935.095,936.745,1236,5149,0
2024-12-26 22:00:00,936.725,938.74,936.165,937.205,1162,2460,0
2024-12-26 23:00:00,937.245,937.65,934.28,934.61,528,2460,0
2024-12-27 01:00:00,934.98,939.23,929.775,938.175,642,2350,0
2024-12-27 02:00:00,938.145,940.945,938.055,939.085,1196,4939,0
2024-12-27 03:00:00,939.065,940.255,935.645,937.495,1783,3609,0
2024-12-27 04:00:00,937.435,938.305,935.145,938.185,1943,5169,0
2024-12-27 05:00:00,938.155,940.845,936.795,938.665,1995,4229,0
2024-12-27 06:00:00,938.675,940.18,937.77,938.245,178,2350,0
2024-12-27 07:00:00,938.245,938.89,936.065,936.085,755,2350,0
2024-12-27 08:00:00,936.035,938.755,935.645,936.155,1789,3459,0
2024-12-27 09:00:00,935.905,942.245,935.275,941.765,1713,309,0
2024-12-27 10:00:00,941.76,942.155,934.005,934.495,1165,309,0
2024-12-27 11:00:00,934.505,937.945,934.505,936.755,1237,3839,0
2024-12-27 12:00:00,936.735,937.71,934.065,937.075,1065,2270,0
2024-12-27 13:00:00,937.105,939.045,936.345,936.445,535,1269,0
2024-12-27 14:00:00,936.445,937.645,933.245,934.045,161,2449,0
2024-12-27 15:00:00,933.745,933.745,926.015,927.865,898,1409,0
2024-12-27 16:00:00,927.855,931.595,924.385,924.995,4790,889,0
2024-12-27 17:00:00,925.095,925.255,918.235,921.615,5540,2299,0
2024-12-27 18:00:00,921.505,924.085,919.335,919.805,3257,2179,0
2024-12-27 19:00:00,919.845,922.035,916.845,919.665,2843,2119,0
2024-12-27 20:00:00,919.655,924.465,919.195,924.465,1603,2319,0
2024-12-27 21:00:00,924.485,924.835,922.035,922.155,599,1809,0
2024-12-27 22:00:00,922.235,922.695,920.855,921.205,688,2979,0
2024-12-27 23:00:00,921.145,923.795,920.165,922.15,635,1879,0
2024-12-30 01:00:00,903.675,907.845,903.675,907.795,366,24149,0
2024-12-30 02:00:00,907.745,920.045,906.005,918.845,161,10389,0
2024-12-30 03:00:00,918.845,920.945,918.445,918.545,102,9289,0
2024-12-30 04:00:00,918.545,922.73,917.645,922.16,1188,2350,0
2024-12-30 05:00:00,919.445,923.48,918.445,919.445,8082,2350,0
2024-12-30 06:00:00,922.18,923.41,918.545,918.845,3279,2350,0
2024-12-30 07:00:00,921.54,923.23,917.545,921.85,207,2350,0
2024-12-30 08:00:00,917.845,922.68,913.545,918.52,2727,2350,0
2024-12-30 09:00:00,918.51,928.41,907.535,928.41,1539,2450,0
2024-12-30 10:00:00,924.545,928.645,918.26,921.145,235,2220,0
2024-12-30 11:00:00,920.845,923.16,917.345,918.545,262,2490,0
2024-12-30 12:00:00,918.245,923.14,918.245,918.785,311,2220,0
2024-12-30 13:00:00,918.805,924.32,918.665,921.045,464,2220,0
2024-12-30 14:00:00,921.045,921.94,917.545,918.945,191,2619,0
2024-12-30 15:00:00,918.945,920.425,910.775,910.895,660,2879,0
2024-12-30 16:00:00,910.945,917.115,909.945,912.105,1782,2509,0
2024-12-30 17:00:00,912.245,914.105,900.795,902.845,1682,3399,0
2024-12-30 18:00:00,902.845,906.445,902.545,903.845,217,2939,0
2024-12-30 19:00:00,903.845,910.92,903.845,906.445,155,2580,0
2024-12-30 20:00:00,906.445,908.67,904.645,905.845,118,2460,0
2024-12-30 21:00:00,905.845,909.21,905.245,905.245,110,2460,0
2024-12-30 22:00:00,905.245,908.94,900.355,900.685,182,2460,0
2024-12-30 23:00:00,900.735,905.36,899.995,903.12,246,2460,0
2024-12-31 01:00:00,902.79,904.81,898.615,902.145,204,2350,0
2024-12-31 02:00:00,902.145,903.71,900.445,900.845,128,2350,0
2024-12-31 03:00:00,900.845,905.24,898.585,901.095,503,2350,0
2024-12-31 04:00:00,901.015,908.1,900.805,903.695,548,2880,0
2024-12-31 05:00:00,903.745,909.26,899.745,904.125,443,2350,0
2024-12-31 06:00:00,904.005,908.81,903.125,907.095,277,2350,0
2024-12-31 07:00:00,907.095,909.73,902.975,904.425,385,2350,0
2024-12-31 08:00:00,904.315,909.715,904.215,909.715,553,2430,0
2024-12-31 09:00:00,909.645,916.04,909.325,913.065,509,2340,0
2024-12-31 10:00:00,912.915,916.24,912.015,912.485,773,2220,0
2024-12-31 11:00:00,912.485,913.01,908.775,911.615,766,2220,0
2024-12-31 12:00:00,911.665,911.815,908.705,908.865,626,2220,0
2024-12-31 13:00:00,908.815,909.79,903.995,904.405,634,2250,0
2024-12-31 14:00:00,904.295,906.2,899.345,902.185,788,2910,0
2024-12-31 15:00:00,902.235,907.325,901.705,906.545,1208,2259,0
2024-12-31 16:00:00,906.545,909.145,903.795,908.445,1135,1179,0
2024-12-31 17:00:00,908.445,912.745,906.845,907.845,312,1889,0
2024-12-31 18:00:00,907.845,908.945,905.645,906.645,267,3049,0
2024-12-31 19:00:00,906.645,907.545,904.445,904.545,188,2880,0
2024-12-31 20:00:00,904.545,907.42,903.745,904.145,138,2460,0
2024-12-31 21:00:00,904.145,907.05,902.945,903.245,115,2460,0
2024-12-31 22:00:00,903.245,906.36,901.335,902.585,430,2790,0
2024-12-31 23:00:00,902.795,907.07,902.565,904.8,212,2460,0
2025-01-02 01:00:00,904.99,909.895,904.53,909.545,15058,2890,0
2025-01-02 02:00:00,909.595,911.515,905.145,910.675,1781,899,0
2025-01-02 03:00:00,910.675,917.925,909.555,916.075,3910,309,0
2025-01-02 04:00:00,916.055,917.095,913.735,915.295,2085,309,0
2025-01-02 05:00:00,915.295,916.955,914.05,914.895,1461,1769,0
2025-01-02 06:00:00,914.935,915.175,913.865,915.175,736,2669,0
2025-01-02 07:00:00,915.175,915.915,914.205,914.615,550,2350,0
2025-01-02 08:00:00,914.615,916.015,913.84,915.915,1476,2489,0
2025-01-02 09:00:00,915.915,915.915,912.355,913.505,1642,2899,0
2025-01-02 10:00:00,913.555,914.085,910.365,911.875,1379,2339,0
2025-01-02 11:00:00,911.875,914.595,907.995,912.425,1268,309,0
2025-01-02 12:00:00,912.565,922.195,911.885,916.145,1221,1699,0
2025-01-02 13:00:00,916.145,917.945,914.115,915.745,369,3739,0
2025-01-02 14:00:00,915.745,918.645,913.915,917.145,864,3009,0
2025-01-02 15:00:00,917.145,924.265,916.375,922.635,2772,909,0
2025-01-02 16:00:00,922.595,924.795,919.545,920.945,1404,1459,0
2025-01-02 17:00:00,920.945,923.135,916.045,921.595,1524,1449,0
2025-01-02 18:00:00,921.705,925.045,919.485,924.745,1553,1669,0
2025-01-02 19:00:00,924.735,924.975,919.185,921.255,1240,309,0
2025-01-02 20:00:00,921.205,922.245,919.545,920.345,492,2819,0
2025-01-02 21:00:00,920.345,923.045,919.945,922.405,715,2419,0
2025-01-02 22:00:00,922.395,925.595,922.245,924.245,703,2469,0
2025-01-02 23:00:00,924.245,924.815,921.92,921.92,473,2460,0
2025-01-03 00:00:00,921.92,921.92,921.92,921.92,60,4360,0
2025-01-03 01:00:00,921.92,925.075,914.925,924.665,353,2920,0
2025-01-03 02:00:00,924.555,928.545,924.275,928.545,256,2529,0
2025-01-03 03:00:00,928.545,928.845,924.735,926.295,783,2779,0
2025-01-03 04:00:00,926.315,929.235,925.725,928.565,801,2309,0
2025-01-03 05:00:00,928.565,928.695,926.245,926.645,274,2350,0
2025-01-03 06:00:00,927.38,927.38,925.745,927.145,184,2350,0
2025-01-03 07:00:00,927.145,927.145,924.145,924.545,140,2390,0
2025-01-03 08:00:00,924.545,926.44,923.845,925.925,729,2350,0
2025-01-03 09:00:00,925.895,925.925,922.445,924.065,633,2550,0
2025-01-03 10:00:00,924.185,933.135,924.185,931.125,929,1239,0
2025-01-03 11:00:00,931.075,934.785,930.895,931.895,660,2109,0
2025-01-03 12:00:00,931.715,932.24,929.025,931.455,491,2220,0
2025-01-03 13:00:00,931.455,935.065,931.455,933.115,473,2220,0
2025-01-03 14:00:00,933.115,934.405,931.135,933.745,553,2059,0
2025-01-03 15:00:00,933.745,939.635,932.545,939.535,1369,579,0
2025-01-03 16:00:00,939.535,941.445,936.045,936.045,458,739,0
2025-01-03 17:00:00,936.045,941.755,935.645,939.545,784,1679,0
2025-01-03 18:00:00,939.545,940.545,936.045,939.145,342,3089,0
2025-01-03 19:00:00,939.145,941.645,938.945,939.945,197,2509,0
2025-01-03 20:00:00,939.945,941.345,937.635,938.835,262,2460,0
2025-01-03 21:00:00,938.735,940.39,938.035,939.135,443,2460,0
2025-01-03 22:00:00,939.135,940.52,937.935,938.435,559,2460,0
2025-01-03 23:00:00,938.335,940.0,934.67,934.77,237,2460,0
2025-01-06 01:00:00,929.625,936.045,929.565,932.845,386,5139,0
2025-01-06 02:00:00,932.845,935.135,932.515,934.865,386,3589,0
2025-01-06 03:00:00,934.865,937.665,933.385,933.975,975,2409,0
2025-01-06 04:00:00,933.895,937.86,933.075,936.775,623,1350,0
2025-01-06 05:00:00,936.675,936.675,933.435,934.265,455,1360,0
2025-01-06 06:00:00,934.125,935.61,933.245,933.92,313,1240,0
2025-01-06 07:00:00,933.475,935.06,930.245,930.545,554,1250,0
2025-01-06 08:00:00,930.695,933.47,930.345,932.195,360,2159,0
2025-01-06 09:00:00,932.145,935.72,931.915,934.025,643,2220,0
2025-01-06 10:00:00,933.915,944.605,933.145,943.925,1081,1669,0
2025-01-06 11:00:00,944.015,948.265,943.775,945.595,1202,459,0
2025-01-06 12:00:00,945.595,946.125,941.875,942.035,1139,2629,0
2025-01-06 13:00:00,942.005,951.365,941.475,946.005,5893,1509,0
2025-01-06 14:00:00,945.785,947.315,941.015,945.335,2482,1609,0
2025-01-06 15:00:00,945.195,946.795,934.735,938.425,2517,1339,0
2025-01-06 16:00:00,938.525,942.825,934.725,940.345,2919,1109,0
2025-01-06 17:00:00,940.215,946.135,934.805,936.705,2985,3089,0
2025-01-06 18:00:00,936.755,937.865,935.355,936.365,1490,3089,0
2025-01-06 19:00:00,936.345,937.225,931.835,933.975,1267,2119,0
2025-01-06 20:00:00,934.005,935.285,932.765,932.995,3514,2049,0
2025-01-06 21:00:00,932.965,933.815,932.325,932.545,2545,2179,0
2025-01-06 22:00:00,932.525,935.655,931.955,935.475,2332,2079,0
2025-01-06 23:00:00,935.505,936.505,934.49,935.87,659,1890,0
2025-01-07 01:00:00,935.56,937.385,934.185,934.435,1057,879,0
2025-01-07 02:00:00,934.435,935.675,933.425,935.175,345,2189,0
2025-01-07 03:00:00,935.175,937.095,935.03,936.375,942,2350,0
2025-01-07 04:00:00,936.375,937.665,936.365,937.265,58,2529,0
2025-01-07 07:00:00,939.245,941.745,939.245,940.145,126,999,0
2025-01-07 08:00:00,940.145,941.645,938.21,938.335,167,2069,0
2025-01-07 09:00:00,938.335,942.795,937.845,941.915,867,2509,0
2025-01-07 10:00:00,941.915,947.545,941.865,946.045,730,2219,0
2025-01-07 11:00:00,945.615,946.515,945.295,946.215,144,1169,0
2025-01-07 12:00:00,946.185,948.295,945.695,947.835,1195,629,0
2025-01-07 13:00:00,947.755,948.935,944.605,947.345,510,1159,0
2025-01-07 14:00:00,947.345,949.045,945.345,947.845,367,1099,0
2025-01-07 15:00:00,947.845,954.265,945.945,954.125,1479,1089,0
2025-01-07 16:00:00,954.175,956.655,949.095,949.215,4154,1109,0
2025-01-07 17:00:00,949.275,953.355,943.485,949.465,9367,1299,0
2025-01-07 18:00:00,949.495,955.845,948.605,951.735,2894,389,0
2025-01-07 19:00:00,951.745,953.985,948.605,953.745,4290,2469,0
2025-01-07 20:00:00,953.765,953.895,949.665,951.905,3696,2549,0
2025-01-07 21:00:00,951.895,955.555,951.775,953.935,2559,1069,0
2025-01-07 22:00:00,953.925,954.285,951.785,951.935,2747,2089,0
2025-01-07 23:00:00,951.955,952.255,947.86,947.93,953,2259,0
2025-01-08 01:00:00,950.69,955.775,950.085,950.775,1615,1059,0
2025-01-08 02:00:00,950.775,951.105,947.295,947.295,1193,2129,0
2025-01-08 03:00:00,947.255,949.265,946.745,948.055,3109,2829,0
2025-01-08 04:00:00,948.315,949.395,945.355,948.705,2082,2819,0
2025-01-08 05:00:00,948.685,949.465,947.115,948.005,1756,2379,0
2025-01-08 06:00:00,948.005,948.495,945.725,946.545,1134,2379,0
2025-01-08 07:00:00,946.585,949.985,946.145,949.925,2282,2509,0
2025-01-08 08:00:00,949.875,954.505,949.745,952.815,2284,2039,0
2025-01-08 09:00:00,952.835,955.695,950.245,955.595,1601,309,0
2025-01-08 10:00:00,955.56,956.175,948.895,951.015,1546,309,0
2025-01-08 11:00:00,951.035,958.025,950.755,957.765,2306,649,0
2025-01-08 12:00:00,957.775,960.265,954.955,957.855,2327,1069,0
2025-01-08 13:00:00,957.915,958.695,950.475,955.295,4404,309,0
2025-01-08 14:00:00,955.195,956.555,952.405,955.245,2220,1399,0
2025-01-08 15:00:00,955.345,959.345,952.035,956.295,5131,309,0
2025-01-08 16:00:00,956.315,958.845,949.935,951.195,5607,1379,0
2025-01-08 17:00:00,951.785,956.795,951.245,955.495,4936,1529,0
2025-01-08 18:00:00,955.445,960.765,954.425,959.595,4159,1649,0
2025-01-08 19:00:00,959.605,961.335,955.035,958.365,4397,1419,0
2025-01-08 20:00:00,958.435,959.355,952.525,952.525,3591,1849,0
2025-01-08 21:00:00,952.565,957.925,952.285,957.015,3514,1589,0
2025-01-08 22:00:00,957.075,957.865,956.625,957.355,2050,1859,0
2025-01-08 23:00:00,957.325,959.005,952.54,952.6,3002,2460,0
2025-01-09 00:00:00,952.55,952.6,952.55,952.55,34423,7720,0
2025-01-09 01:00:00,952.6,960.675,952.55,954.395,3123,1239,0
2025-01-09 02:00:00,954.395,955.365,952.875,953.115,1429,2439,0
2025-01-09 03:00:00,953.115,956.445,953.115,954.535,3435,2459,0
2025-01-09 04:00:00,954.525,956.085,951.135,952.445,2082,1479,0
2025-01-09 05:00:00,952.445,956.945,952.095,953.735,1501,3509,0
2025-01-09 06:00:00,953.605,953.795,951.425,953.225,1277,4099,0
2025-01-09 07:00:00,953.135,954.135,951.245,951.745,1813,3329,0
2025-01-09 08:00:00,951.745,954.625,950.945,952.975,1440,1649,0
2025-01-09 09:00:00,952.985,955.545,952.325,952.775,1724,2589,0
2025-01-09 10:00:00,952.675,956.075,951.025,955.285,1974,309,0
2025-01-09 11:00:00,955.345,958.845,954.945,955.895,525,1099,0
2025-01-09 12:00:00,955.925,956.295,952.365,954.275,874,2789,0
2025-01-09 13:00:00,954.275,958.225,953.965,955.545,1390,2749,0
2025-01-09 14:00:00,955.545,957.855,953.645,957.045,371,2569,0
2025-01-09 15:00:00,957.045,959.015,951.535,954.175,1919,1079,0
2025-01-09 16:00:00,954.155,958.295,948.535,953.745,3064,1049,0
2025-01-09 17:00:00,955.255,959.515,954.855,957.135,3015,2129,0
2025-01-09 18:00:00,956.995,958.715,953.995,957.945,2177,2249,0
2025-01-09 19:00:00,957.975,959.935,955.435,958.955,1380,2179,0
2025-01-09 20:00:00,958.955,961.345,957.045,959.675,1431,2229,0
2025-01-09 21:00:00,959.675,963.845,958.855,961.505,975,1479,0
2025-01-09 22:00:00,961.475,961.945,959.585,960.095,761,2460,0
2025-01-09 23:00:00,960.065,960.545,958.7,958.88,1173,2440,0
2025-01-10 01:00:00,958.56,962.755,957.655,958.575,1355,1519,0
2025-01-10 02:00:00,958.575,960.185,957.575,958.835,482,1709,0
2025-01-10 03:00:00,958.955,963.555,957.975,960.675,1072,309,0
2025-01-10 04:00:00,960.675,964.215,959.735,963.595,682,309,0
2025-01-10 05:00:00,963.595,964.415,961.365,961.645,707,309,0
2025-01-10 06:00:00,961.645,963.715,959.465,963.395,585,309,0
2025-01-10 07:00:00,963.405,964.255,960.435,961.045,499,309,0
2025-01-10 08:00:00,961.045,962.365,958.665,960.305,1096,949,0
2025-01-10 09:00:00,960.255,960.305,956.785,958.235,1125,3709,0
2025-01-10 10:00:00,958.235,967.145,958.035,966.165,1579,949,0
2025-01-10 11:00:00,966.105,967.605,961.675,962.205,1673,1219,0
2025-01-10 12:00:00,962.235,964.155,961.275,962.365,2174,4109,0
2025-01-10 13:00:00,962.345,964.715,961.585,963.645,1862,2319,0
2025-01-10 14:00:00,963.645,963.645,960.095,962.395,2442,2879,0
2025-01-10 15:00:00,962.365,963.445,949.985,963.215,8203,309,0
2025-01-10 16:00:00,963.195,968.475,958.015,960.995,9948,1319,0
2025-01-10 17:00:00,961.065,965.945,957.405,960.505,9514,1789,0
2025-01-10 18:00:00,960.435,960.945,956.265,958.785,6519,1949,0
2025-01-10 19:00:00,958.835,963.615,957.125,963.255,3575,1609,0
2025-01-10 20:00:00,963.185,964.355,959.625,961.735,3599,1229,0
2025-01-10 21:00:00,961.755,963.515,961.035,962.185,2714,309,0
2025-01-10 22:00:00,962.255,962.355,960.225,961.295,1893,309,0
2025-01-10 23:00:00,961.295,962.96,960.54,962.86,721,309,0
2025-01-13 01:00:00,959.81,962.785,957.825,962.105,1649,309,0
2025-01-13 02:00:00,962.325,964.845,960.585,963.035,1697,2209,0
2025-01-13 03:00:00,963.035,963.475,959.475,960.185,4925,2059,0
2025-01-13 04:00:00,960.195,964.555,953.755,963.965,2845,2859,0
2025-01-13 05:00:00,963.965,965.085,962.435,964.765,2334,2499,0
2025-01-13 06:00:00,964.775,966.125,962.675,963.125,1720,3609,0
2025-01-13 07:00:00,963.015,964.865,962.375,964.555,2377,3549,0
2025-01-13 08:00:00,964.505,965.785,962.475,964.305,2354,4519,0
2025-01-13 09:00:00,964.265,965.135,960.875,962.605,2923,2339,0
2025-01-13 10:00:00,962.725,969.005,961.085,962.235,1291,2310,0
2025-01-13 11:00:00,962.235,963.435,958.035,958.215,1831,1219,0
2025-01-13 12:00:00,958.115,963.505,956.035,961.965,1305,3139,0
2025-01-13 13:00:00,961.965,964.045,959.335,960.535,1328,2159,0
2025-01-13 14:00:00,960.555,961.335,954.635,955.485,1646,2729,0
2025-01-13 15:00:00,955.485,962.405,953.735,960.835,3460,2259,0
2025-01-13 16:00:00,960.735,964.295,958.105,964.115,5551,1689,0
2025-01-13 17:00:00,964.015,964.265,956.045,957.325,6228,979,0
2025-01-13 18:00:00,957.225,960.315,955.535,958.315,3445,969,0
2025-01-13 19:00:00,958.415,959.015,956.735,958.495,1859,1259,0
2025-01-13 20:00:00,958.385,959.425,955.165,955.615,2243,419,0
2025-01-13 21:00:00,955.615,956.295,953.675,954.715,1937,309,0
2025-01-13 22:00:00,954.755,956.285,953.375,953.575,1809,819,0
2025-01-13 23:00:00,953.615,954.775,952.13,954.35,3707,1319,0
2025-01-14 00:00:00,954.3,954.35,954.3,954.35,37874,2220,0
2025-01-14 01:00:00,954.3,956.635,950.345,956.205,2634,2220,0
2025-01-14 02:00:00,956.155,956.305,953.475,954.725,1888,419,0
2025-01-14 03:00:00,954.715,959.395,954.385,957.885,1252,3509,0
2025-01-14 04:00:00,957.925,958.57,955.47,957.255,391,2350,0
2025-01-14 05:00:00,957.165,960.29,956.775,957.835,866,2350,0
2025-01-14 06:00:00,959.26,961.265,957.355,958.335,1110,859,0
2025-01-14 07:00:00,958.335,961.085,958.235,959.445,1863,1039,0
2025-01-14 08:00:00,959.525,960.885,958.745,959.375,1366,2789,0
2025-01-14 09:00:00,959.435,961.475,957.425,959.645,718,2239,0
2025-01-14 10:00:00,959.745,962.295,956.145,960.525,1264,2899,0
2025-01-14 11:00:00,960.535,962.235,953.335,953.635,955,1689,0
2025-01-14 12:00:00,953.635,955.135,952.435,953.295,798,2930,0
2025-01-14 13:00:00,953.285,953.765,949.745,951.645,481,2349,0
2025-01-14 14:00:00,951.535,952.245,949.535,952.045,581,619,0
2025-01-14 15:00:00,952.045,953.535,945.735,946.245,2391,309,0
2025-01-14 16:00:00,946.335,947.035,939.935,940.525,2717,2639,0
2025-01-14 17:00:00,940.375,943.835,940.065,943.235,2245,2439,0
2025-01-14 18:00:00,943.335,945.605,938.425,939.185,1374,2499,0
2025-01-14 19:00:00,939.185,940.235,937.135,937.735,1213,2590,0
2025-01-14 20:00:00,937.635,940.435,937.635,940.035,967,2460,0
2025-01-14 21:00:00,940.035,940.335,937.335,937.535,683,2260,0
2025-01-14 22:00:00,937.635,939.6,937.035,937.235,627,2460,0
2025-01-14 23:00:00,937.235,941.07,937.135,941.06,3393,1959,0
2025-01-15 00:00:00,941.07,941.07,941.06,941.07,38823,2910,0
2025-01-15 01:00:00,941.06,941.325,936.735,940.775,1508,2050,0
2025-01-15 02:00:00,940.775,943.515,939.165,939.235,1216,309,0
2025-01-15 03:00:00,939.295,941.995,938.465,938.855,2827,1599,0
2025-01-15 04:00:00,939.005,940.385,937.195,938.005,1153,2140,0
2025-01-15 05:00:00,938.22,938.865,936.74,937.065,635,1940,0
2025-01-15 06:00:00,937.165,937.845,935.63,936.055,856,2350,0
2025-01-15 07:00:00,936.045,936.325,934.755,936.055,735,2350,0
2025-01-15 08:00:00,935.845,938.05,934.815,934.815,1038,1949,0
2025-01-15 09:00:00,934.465,938.555,934.065,936.445,1411,2279,0
2025-01-15 10:00:00,936.625,939.395,934.855,937.335,2120,3169,0
2025-01-15 11:00:00,937.335,943.905,936.795,940.725,2192,1589,0
2025-01-15 12:00:00,940.665,942.815,939.895,941.065,1327,4039,0
2025-01-15 13:00:00,941.165,943.395,938.385,940.495,1082,3309,0
2025-01-15 14:00:00,940.595,942.095,937.235,938.035,1108,3799,0
2025-01-15 15:00:00,938.065,948.435,936.275,943.565,5581,719,0
2025-01-15 16:00:00,943.535,945.775,937.645,938.345,4454,1319,0
2025-01-15 17:00:00,938.185,938.205,932.245,934.38,4736,309,0
2025-01-15 18:00:00,934.61,936.585,932.495,935.745,4239,2090,0
2025-01-15 19:00:00,935.725,939.895,935.195,937.925,2861,3349,0
2025-01-15 20:00:00,937.835,939.595,936.815,938.835,1486,3429,0
2025-01-15 21:00:00,938.775,942.175,935.195,940.945,1728,2999,0
2025-01-15 22:00:00,940.965,941.375,940.165,940.345,1500,2509,0
2025-01-15 23:00:00,940.285,941.445,937.145,940.24,988,2460,0
2025-01-16 01:00:00,939.99,941.88,936.585,941.055,1234,2800,0
2025-01-16 02:00:00,941.075,944.115,940.705,941.975,2398,3009,0
2025-01-16 03:00:00,941.975,944.945,939.625,943.645,4395,2569,0
2025-01-16 04:00:00,943.805,944.195,940.135,940.635,2463,1689,0
2025-01-16 05:00:00,940.535,941.47,939.635,940.935,735,2109,0
2025-01-16 06:00:00,940.935,942.035,940.735,941.335,422,2580,0
2025-01-16 07:00:00,941.335,941.335,937.335,938.335,1001,2279,0
2025-01-16 08:00:00,938.335,945.935,938.335,945.635,1141,309,0
2025-01-16 09:00:00,945.635,948.165,944.535,946.715,2744,329,0
2025-01-16 10:00:00,946.725,947.335,940.745,942.575,2948,1729,0
2025-01-16 11:00:00,942.465,949.475,942.315,945.535,2794,309,0
2025-01-16 12:00:00,945.685,945.975,939.895,942.265,2479,1609,0
2025-01-16 13:00:00,942.315,948.845,941.275,945.025,2654,309,0
2025-01-16 14:00:00,944.995,946.635,937.385,942.085,5981,309,0
2025-01-16 15:00:00,942.105,947.265,940.725,941.915,6152,309,0
2025-01-16 16:00:00,941.935,944.865,940.245,940.335,5611,309,0
2025-01-16 17:00:00,940.305,944.495,939.93,943.625,7975,309,0
2025-01-16 18:00:00,943.595,946.365,938.775,940.425,5362,1049,0
2025-01-16 19:00:00,940.385,942.355,938.705,940.045,3278,1369,0
2025-01-16 20:00:00,940.095,941.025,935.365,935.825,2322,309,0
2025-01-16 21:00:00,935.875,936.855,933.875,934.125,1892,309,0
2025-01-16 22:00:00,934.115,936.28,933.405,935.295,1501,309,0
2025-01-16 23:00:00,935.295,937.545,934.635,936.95,3253,309,0
2025-01-17 00:00:00,936.93,936.95,936.93,936.95,34666,2110,0
2025-01-17 01:00:00,936.93,936.95,934.025,936.245,1438,2049,0
2025-01-17 02:00:00,936.225,937.095,933.9,936.095,956,1139,0
2025-01-17 03:00:00,936.185,936.365,932.4,934.055,2423,989,0
2025-01-17 04:00:00,934.045,939.435,934.045,936.995,2358,1579,0
2025-01-17 05:00:00,936.985,940.725,936.855,940.255,1668,459,0
2025-01-17 06:00:00,940.255,940.425,938.195,938.795,1451,349,0
2025-01-17 07:00:00,938.865,939.555,932.835,932.835,1456,309,0
2025-01-17 08:00:00,932.935,934.52,932.535,933.235,783,2350,0
2025-01-17 09:00:00,933.235,936.495,931.835,933.875,1565,1069,0
2025-01-17 10:00:00,933.975,943.995,933.895,942.565,1818,1209,0
2025-01-17 11:00:00,942.515,942.715,935.895,936.725,2160,1499,0
2025-01-17 12:00:00,936.745,940.455,935.495,940.035,2049,2480,0
2025-01-17 13:00:00,940.035,946.155,939.245,944.555,1471,1769,0
2025-01-17 14:00:00,944.455,947.015,942.645,945.095,2503,1209,0
2025-01-17 15:00:00,945.135,945.915,937.645,941.045,865,1169,0
2025-01-17 16:00:00,941.045,948.145,939.675,940.495,2698,1839,0
2025-01-17 17:00:00,940.445,946.545,940.445,945.645,1803,309,0
2025-01-17 18:00:00,945.745,946.045,941.215,942.605,2713,309,0
2025-01-17 19:00:00,942.585,943.245,940.935,942.295,2362,1749,0
2025-01-17 20:00:00,942.225,943.165,935.615,942.185,2394,1489,0
2025-01-17 21:00:00,942.165,942.835,941.305,942.315,1896,1899,0
2025-01-17 22:00:00,942.335,943.04,938.875,938.965,1573,1439,0
2025-01-17 23:00:00,939.065,943.37,929.745,929.765,564,1580,0
2025-01-20 01:00:00,941.61,941.645,932.035,935.815,1294,3250,0
2025-01-20 02:00:00,935.865,939.765,935.315,939.675,718,2350,0
2025-01-20 03:00:00,939.735,941.395,936.955,940.685,4019,1739,0
2025-01-20 04:00:00,940.735,943.255,938.765,942.935,2599,309,0
2025-01-20 05:00:00,942.945,945.815,942.745,944.465,2299,519,0
2025-01-20 06:00:00,944.495,945.625,942.495,943.195,1361,719,0
2025-01-20 07:00:00,943.165,944.115,940.955,942.065,2087,759,0
2025-01-20 08:00:00,942.045,942.335,938.355,938.905,2467,4329,0
2025-01-20 09:00:00,938.905,940.695,936.935,939.695,2337,4989,0
2025-01-20 10:00:00,939.725,946.065,939.295,940.875,2467,2159,0
2025-01-20 11:00:00,940.875,940.875,934.895,939.685,2708,1289,0
2025-01-20 12:00:00,940.515,943.335,935.675,940.215,3198,1679,0
2025-01-20 13:00:00,940.145,943.315,937.515,940.435,1175,2319,0
2025-01-20 14:00:00,940.625,942.93,939.695,941.055,600,2460,0
2025-01-20 15:00:00,940.955,946.135,936.235,940.925,3030,2920,0
2025-01-20 16:00:00,940.925,941.365,936.905,939.545,6187,3839,0
2025-01-20 17:00:00,939.735,943.805,938.415,941.045,3056,2839,0
2025-01-20 18:00:00,941.045,941.985,939.645,941.925,858,3209,0
2025-01-20 19:00:00,941.865,943.475,939.445,941.145,1557,2640,0
2025-01-20 20:00:00,941.145,944.45,940.345,942.645,153,2460,0
2025-01-20 21:00:00,944.83,945.44,942.645,944.64,24983,2460,0
2025-01-20 22:00:00,943.7,944.64,943.7,944.64,34322,2460,0
2025-01-20 23:00:00,943.7,944.64,943.7,944.64,34476,2460,0
2025-01-21 00:00:00,943.7,944.64,943.7,944.64,34544,2460,0
2025-01-21 01:00:00,943.7,947.495,941.645,946.915,1993,2460,0
2025-01-21 02:00:00,946.895,948.185,940.105,940.375,1815,2279,0
2025-01-21 03:00:00,940.365,943.635,937.575,939.915,2405,2479,0
2025-01-21 04:00:00,939.855,946.905,939.855,946.545,1881,3109,0
2025-01-21 05:00:00,946.455,948.995,945.725,946.165,496,3349,0
2025-01-21 06:00:00,946.165,947.7,944.345,946.88,1699,2350,0
2025-01-21 07:00:00,946.315,947.305,944.815,945.115,445,2669,0
2025-01-21 08:00:00,945.115,945.465,941.875,942.125,1237,3559,0
2025-01-21 09:00:00,941.905,942.775,939.295,940.295,2906,3869,0
2025-01-21 10:00:00,940.275,940.325,935.985,938.375,2588,1669,0
2025-01-21 11:00:00,938.265,939.695,934.425,939.575,2979,1049,0
2025-01-21 12:00:00,939.575,940.865,936.445,938.995,2354,2139,0
2025-01-21 13:00:00,938.995,941.525,936.645,940.115,2298,2049,0
2025-01-21 14:00:00,940.105,943.875,939.185,943.825,2951,2809,0
2025-01-21 15:00:00,943.795,950.695,942.625,946.935,2890,449,0
2025-01-21 16:00:00,946.985,951.035,944.465,945.995,2841,309,0
2025-01-21 17:00:00,946.045,950.045,944.145,947.275,3262,1249,0
2025-01-21 18:00:00,947.245,950.025,946.695,948.455,3698,1709,0
2025-01-21 19:00:00,948.475,949.785,945.245,947.255,1591,2349,0
2025-01-21 20:00:00,947.185,947.395,943.745,947.16,2311,2460,0
2025-01-21 21:00:00,946.39,947.275,943.425,943.825,701,2460,0
2025-01-21 22:00:00,943.815,946.05,943.515,944.515,1470,2460,0
2025-01-21 23:00:00,945.23,946.17,943.66,945.08,1776,2380,0
2025-01-22 01:00:00,944.87,947.545,941.775,946.945,376,1849,0
2025-01-22 02:00:00,946.945,949.8,946.845,948.945,177,1839,0
2025-01-22 03:00:00,948.545,949.985,947.145,949.465,1019,1309,0
2025-01-22 04:00:00,949.425,949.545,945.135,948.535,1168,1119,0
2025-01-22 05:00:00,948.535,949.3,946.505,948.125,942,1780,0
2025-01-22 06:00:00,948.67,951.36,948.075,950.54,652,1740,0
2025-01-22 07:00:00,949.815,952.1,949.415,950.525,664,1470,0
2025-01-22 08:00:00,950.415,950.415,945.145,945.395,874,2499,0
2025-01-22 09:00:00,945.395,946.935,942.665,943.645,2671,3909,0
2025-01-22 10:00:00,943.745,946.115,943.095,946.115,2981,1899,0
2025-01-22 11:00:00,946.095,949.995,943.545,946.045,1721,1869,0
2025-01-22 12:00:00,946.045,953.225,946.045,950.535,695,779,0
2025-01-22 13:00:00,950.535,952.265,946.845,947.835,743,339,0
2025-01-22 14:00:00,947.835,948.695,944.745,947.935,1104,1759,0
2025-01-22 15:00:00,947.935,949.785,942.435,947.245,1561,3279,0
2025-01-22 16:00:00,947.175,952.425,943.955,949.055,5533,1559,0
2025-01-22 17:00:00,948.965,950.985,945.165,950.585,5377,1809,0
2025-01-22 18:00:00,950.645,953.075,948.505,952.235,3324,999,0
2025-01-22 19:00:00,952.255,954.105,950.755,951.885,779,309,0
2025-01-22 20:00:00,951.885,954.045,951.025,951.705,1755,1389,0
2025-01-22 21:00:00,951.675,952.91,951.115,951.375,1241,2460,0
2025-01-22 22:00:00,951.355,951.87,949.245,949.335,1472,2460,0
2025-01-22 23:00:00,949.335,953.685,947.82,947.9,3636,959,0
2025-01-23 00:00:00,947.82,947.9,947.82,947.9,35192,4190,0
2025-01-23 01:00:00,947.82,950.52,947.585,947.855,2060,2350,0
2025-01-23 02:00:00,947.825,948.445,946.045,947.545,389,3709,0
2025-01-23 03:00:00,947.545,950.045,943.315,943.425,631,3239,0
2025-01-23 04:00:00,943.235,946.295,942.705,944.245,1463,2949,0
2025-01-23 05:00:00,944.245,945.575,942.455,944.215,1761,2899,0
2025-01-23 06:00:00,944.185,944.805,942.36,944.435,1023,2350,0
2025-01-23 07:00:00,944.435,945.605,942.8,944.635,964,779,0
2025-01-23 08:00:00,942.65,945.525,940.875,941.075,662,2329,0
2025-01-23 09:00:00,941.185,943.235,938.415,940.125,956,2230,0
2025-01-23 10:00:00,940.155,947.275,938.695,942.805,972,2509,0
2025-01-23 11:00:00,942.805,945.485,940.165,944.725,1645,3399,0
2025-01-23 12:00:00,944.665,949.745,943.445,949.445,302,2699,0
2025-01-23 13:00:00,949.445,951.245,946.745,946.745,176,2319,0
2025-01-23 14:00:00,946.745,947.535,943.145,946.135,883,2169,0
2025-01-23 15:00:00,946.085,950.765,943.855,949.975,1867,309,0
2025-01-23 16:00:00,949.895,951.155,942.695,945.185,1812,809,0
2025-01-23 17:00:00,945.195,945.635,941.115,942.285,3156,1179,0
2025-01-23 18:00:00,942.085,950.275,941.285,949.725,2692,309,0
2025-01-23 19:00:00,949.725,951.035,948.035,948.645,926,309,0
2025-01-23 20:00:00,948.545,949.085,945.895,946.385,1205,2460,0
2025-01-23 21:00:00,946.435,946.955,940.505,943.615,2126,2209,0
2025-01-23 22:00:00,943.525,945.775,943.385,945.005,1898,3439,0
2025-01-23 23:00:00,944.925,945.045,943.175,943.93,1874,3859,0
2025-01-24 00:00:00,943.83,943.93,943.83,943.93,850,6560,0
2025-01-24 01:00:00,944.28,946.365,942.995,944.845,1774,1759,0
2025-01-24 02:00:00,944.875,948.345,944.585,945.745,1482,2820,0
2025-01-24 03:00:00,947.87,950.97,944.545,948.745,2272,1500,0
2025-01-24 04:00:00,948.745,956.545,948.445,956.445,738,1589,0
2025-01-24 05:00:00,956.545,958.395,953.89,955.535,721,309,0
2025-01-24 06:00:00,955.475,957.74,954.455,956.345,811,309,0
2025-01-24 07:00:00,956.505,959.59,955.815,955.975,526,1420,0
2025-01-24 08:00:00,955.975,956.075,952.745,954.435,678,839,0
2025-01-24 09:00:00,954.275,955.635,949.245,953.955,781,2810,0
2025-01-24 10:00:00,954.065,958.325,952.585,954.785,1048,1859,0
2025-01-24 11:00:00,954.875,956.625,947.955,949.96,999,2320,0
2025-01-24 12:00:00,950.195,951.705,948.105,949.435,806,2079,0
2025-01-24 13:00:00,949.375,950.34,946.895,948.325,732,2089,0
2025-01-24 14:00:00,948.325,953.815,947.725,951.745,1021,1909,0
2025-01-24 15:00:00,951.755,955.225,949.545,950.925,1629,309,0
2025-01-24 16:00:00,950.935,953.475,947.815,948.945,1662,1529,0
2025-01-24 17:00:00,948.945,952.365,948.315,950.375,2476,3109,0
2025-01-24 18:00:00,950.335,951.765,947.125,948.245,1331,2829,0
2025-01-24 19:00:00,948.305,952.245,947.745,949.835,1602,2819,0
2025-01-24 20:00:00,949.845,950.435,948.645,949.905,2772,4019,0
2025-01-24 21:00:00,949.935,951.325,949.235,950.315,1956,3379,0
2025-01-24 22:00:00,950.285,950.315,949.065,949.375,1652,3169,0
2025-01-24 23:00:00,949.355,951.39,946.985,948.44,3877,1420,0
2025-01-27 01:00:00,950.14,950.14,939.345,945.345,820,3389,0
2025-01-27 02:00:00,945.365,948.155,944.755,945.425,1703,2519,0
2025-01-27 03:00:00,945.415,946.565,940.635,940.835,2448,4349,0
2025-01-27 04:00:00,940.835,946.425,940.035,944.745,1643,2269,0
2025-01-27 05:00:00,944.745,946.935,943.225,946.285,2435,2739,0
2025-01-27 06:00:00,945.855,946.255,943.115,943.805,1654,3009,0
2025-01-27 07:00:00,943.235,944.285,941.055,941.675,2192,3349,0
2025-01-27 08:00:00,941.705,943.505,940.595,942.175,2230,2350,0
2025-01-27 09:00:00,942.185,942.425,937.965,938.235,2111,1529,0
2025-01-27 10:00:00,938.435,941.215,936.535,939.905,1953,689,0
2025-01-27 11:00:00,939.805,945.285,938.715,944.485,2350,1150,0
2025-01-27 12:00:00,944.485,947.395,944.485,945.725,895,1439,0
2025-01-27 13:00:00,945.615,949.215,945.115,948.715,2501,1429,0
2025-01-27 14:00:00,948.725,949.115,945.265,945.675,2913,2259,0
2025-01-27 15:00:00,945.675,950.275,944.625,946.645,2363,1169,0
2025-01-27 16:00:00,946.625,951.195,945.185,949.925,3887,1949,0
2025-01-27 17:00:00,949.895,950.365,945.845,946.215,1527,309,0
2025-01-27 18:00:00,946.355,948.105,941.535,942.245,1345,2349,0
2025-01-27 19:00:00,942.395,945.975,942.115,944.525,891,2609,0
2025-01-27 20:00:00,944.565,946.065,943.605,945.515,545,2460,0
2025-01-27 21:00:00,945.515,947.67,945.305,945.905,340,2460,0
2025-01-27 22:00:00,946.015,948.155,945.845,947.535,294,1809,0
2025-01-27 23:00:00,947.535,948.005,945.93,947.5,190,1520,0
2025-01-28 01:00:00,946.78,948.535,945.445,947.545,558,2039,0
2025-01-28 02:00:00,947.545,949.215,945.325,945.325,469,1929,0
2025-01-28 03:00:00,945.485,948.885,943.035,943.935,621,1149,0
2025-01-28 04:00:00,943.815,944.415,941.745,941.925,578,2509,0
2025-01-28 05:00:00,941.925,943.005,940.67,941.035,299,1420,0
2025-01-28 06:00:00,941.035,942.9,940.625,942.725,277,1420,0
2025-01-28 07:00:00,942.725,944.815,942.68,943.025,261,1500,0
2025-01-28 08:00:00,943.025,944.74,940.305,940.305,352,1500,0
2025-01-28 09:00:00,940.105,941.765,937.055,940.025,836,879,0
2025-01-28 10:00:00,940.155,946.065,937.475,944.925,1331,399,0
2025-01-28 11:00:00,944.925,948.635,944.845,945.435,1537,339,0
2025-01-28 12:00:00,945.72,947.465,943.685,944.525,1586,2449,0
2025-01-28 13:00:00,944.545,945.135,942.855,943.605,1500,3009,0
2025-01-28 14:00:00,943.685,945.495,940.905,941.205,1635,2729,0
2025-01-28 15:00:00,941.355,943.365,937.495,938.515,3132,649,0
2025-01-28 16:00:00,938.495,941.925,937.255,940.515,5138,309,0
2025-01-28 17:00:00,940.575,945.485,939.675,941.875,3315,589,0
2025-01-28 18:00:00,941.865,944.63,939.015,939.805,2109,2460,0
2025-01-28 19:00:00,939.785,944.425,939.755,942.415,2391,2969,0
2025-01-28 20:00:00,942.435,943.395,941.695,942.215,2088,3659,0
2025-01-28 21:00:00,942.195,943.95,941.955,943.275,1301,1410,0
2025-01-28 22:00:00,943.255,944.825,943.225,943.435,1390,2809,0
2025-01-28 23:00:00,943.415,944.52,942.695,943.29,1767,1610,0
2025-01-29 00:00:00,943.34,943.34,943.29,943.34,35163,3400,0
2025-01-29 01:00:00,943.29,944.74,941.265,942.415,1777,1640,0
2025-01-29 02:00:00,942.355,944.93,941.265,941.265,1375,1440,0
2025-01-29 03:00:00,941.245,942.4,939.715,939.765,1285,1420,0
2025-01-29 04:00:00,939.745,942.07,939.235,941.285,1172,1420,0
2025-01-29 05:00:00,941.295,941.325,938.925,939.875,1293,2739,0
2025-01-29 06:00:00,939.875,942.025,939.495,941.455,1087,1930,0
2025-01-29 07:00:00,941.455,943.875,941.105,943.635,1212,1769,0
2025-01-29 08:00:00,943.635,945.195,942.235,942.335,1560,1279,0
2025-01-29 09:00:00,942.335,942.335,938.605,941.735,1225,1889,0
2025-01-29 10:00:00,941.735,948.635,940.335,947.605,919,1729,0
2025-01-29 11:00:00,947.575,947.625,941.935,942.475,1888,2220,0
2025-01-29 12:00:00,942.535,943.435,940.305,943.355,1891,2109,0
2025-01-29 13:00:00,943.365,944.995,942.705,943.505,1730,2489,0
2025-01-29 14:00:00,943.495,948.085,942.395,947.955,2227,2179,0
2025-01-29 15:00:00,947.955,951.855,944.765,946.005,4419,2089,0
2025-01-29 16:00:00,945.945,950.535,944.935,947.865,5715,2949,0
2025-01-29 17:00:00,949.495,954.235,948.375,952.035,4439,1519,0
2025-01-29 18:00:00,952.055,953.355,947.905,950.395,4515,1099,0
2025-01-29 19:00:00,950.415,951.565,946.495,948.045,2553,3049,0
2025-01-29 20:00:00,948.045,948.745,942.275,942.305,2420,2119,0
2025-01-29 21:00:00,942.305,950.545,942.305,949.945,527,2389,0
2025-01-29 22:00:00,949.945,950.545,946.995,949.785,1490,2819,0
2025-01-29 23:00:00,949.795,950.84,946.45,947.65,2254,1410,0
2025-01-30 01:00:00,952.74,956.345,945.905,953.045,1090,749,0
2025-01-30 02:00:00,953.045,956.675,952.145,956.555,177,1369,0
2025-01-30 03:00:00,956.545,958.045,953.945,956.225,944,679,0
2025-01-30 04:00:00,956.225,956.735,954.485,955.125,1353,809,0
2025-01-30 05:00:00,955.125,956.835,954.495,955.355,444,369,0
2025-01-30 06:00:00,955.355,957.9,954.535,955.365,353,1760,0
2025-01-30 07:00:00,955.365,956.8,953.545,955.735,260,1960,0
2025-01-30 08:00:00,955.735,957.965,955.135,956.56,330,1109,0
2025-01-30 09:00:00,956.645,959.455,954.045,958.145,1341,1629,0
2025-01-30 10:00:00,957.745,957.745,951.075,955.015,2304,2159,0
2025-01-30 11:00:00,955.035,959.395,952.165,958.885,2390,309,0
2025-01-30 12:00:00,958.795,960.775,957.095,959.005,1516,1929,0
2025-01-30 13:00:00,958.955,964.595,957.745,958.845,1335,1539,0
2025-01-30 14:00:00,958.845,962.645,956.445,960.645,309,1260,0
2025-01-30 15:00:00,960.645,965.135,958.645,963.635,1288,2790,0
2025-01-30 16:00:00,963.735,968.665,960.015,961.845,3501,309,0
2025-01-30 17:00:00,962.885,970.015,962.055,969.185,3117,319,0
2025-01-30 18:00:00,969.185,972.115,967.605,969.075,3848,1159,0
2025-01-30 19:00:00,969.075,970.365,967.105,969.365,2931,1059,0
2025-01-30 20:00:00,969.345,971.435,968.335,969.915,1947,1189,0
2025-01-30 21:00:00,969.905,970.09,967.995,968.605,1145,1580,0
2025-01-30 22:00:00,968.675,969.97,963.635,966.145,1529,1610,0
2025-01-30 23:00:00,966.245,968.695,964.185,967.19,1175,1850,0
2025-01-31 01:00:00,969.3,972.505,965.605,968.865,662,309,0
2025-01-31 02:00:00,968.575,971.16,966.335,969.605,1646,309,0
2025-01-31 03:00:00,969.615,973.245,967.815,971.075,2648,979,0
2025-01-31 04:00:00,971.055,972.235,968.435,968.935,1649,2059,0
2025-01-31 05:00:00,968.935,972.845,967.835,970.205,1550,1629,0
2025-01-31 06:00:00,970.495,971.025,968.525,970.215,1279,3439,0
2025-01-31 07:00:00,970.185,974.455,967.535,970.735,1040,1279,0
2025-01-31 08:00:00,970.735,972.37,969.155,970.035,1392,1640,0
2025-01-31 09:00:00,970.035,972.565,965.775,969.675,1270,2220,0
2025-01-31 10:00:00,969.615,970.555,964.985,969.785,2218,2159,0
2025-01-31 11:00:00,969.735,980.7,968.695,975.535,2297,309,0
2025-01-31 12:00:00,975.525,978.965,972.545,978.575,1949,309,0
2025-01-31 13:00:00,978.575,980.655,975.595,976.695,1395,1349,0
2025-01-31 14:00:00,976.745,980.585,976.405,978.515,2394,2899,0
2025-01-31 15:00:00,978.545,978.615,972.635,975.645,1976,2239,0
2025-01-31 16:00:00,975.645,978.185,971.235,974.775,3708,1859,0
2025-01-31 17:00:00,975.725,981.675,974.475,980.305,4463,2969,0
2025-01-31 18:00:00,980.455,981.745,978.115,980.455,3504,3029,0
2025-01-31 19:00:00,980.405,983.545,974.145,981.645,3672,309,0
2025-01-31 20:00:00,981.645,985.545,977.865,980.625,5548,309,0
2025-01-31 21:00:00,980.575,981.935,978.145,979.265,4675,2249,0
2025-01-31 22:00:00,979.235,982.235,976.015,982.235,2603,2449,0
2025-01-31 23:00:00,982.215,983.895,978.385,981.0,2887,2569,0
2025-02-03 01:00:00,976.16,979.22,960.605,972.085,2445,9319,0
2025-02-03 02:00:00,972.085,979.415,966.035,967.365,3027,2599,0
2025-02-03 03:00:00,967.125,969.835,960.905,963.835,4021,3649,0
2025-02-03 04:00:00,963.855,964.315,955.715,962.745,4163,8329,0
2025-02-03 05:00:00,962.745,962.765,958.395,960.715,2400,8109,0
2025-02-03 06:00:00,960.725,963.145,959.075,960.745,2253,8979,0
2025-02-03 07:00:00,960.715,963.735,960.025,962.385,600,8769,0
2025-02-03 08:00:00,962.385,967.045,961.825,965.595,755,7849,0
2025-02-03 09:00:00,965.595,970.525,961.075,967.845,1353,1789,0
2025-02-03 10:00:00,967.955,969.415,956.885,963.515,3309,2089,0
2025-02-03 11:00:00,963.515,966.455,961.035,962.695,2059,4039,0
2025-02-03 12:00:00,962.745,972.965,962.515,968.145,1570,799,0
2025-02-03 13:00:00,968.145,974.405,967.845,972.215,675,2369,0
2025-02-03 14:00:00,972.325,976.735,968.645,974.695,2231,1829,0
2025-02-03 15:00:00,974.715,977.275,959.175,961.345,2548,2209,0
2025-02-03 16:00:00,961.245,966.535,958.195,964.805,2973,2089,0
2025-02-03 17:00:00,964.655,969.545,952.245,963.175,5992,699,0
2025-02-03 18:00:00,963.155,968.345,949.545,964.795,8063,309,0
2025-02-03 19:00:00,964.795,967.045,959.345,962.285,4707,309,0
2025-02-03 20:00:00,962.285,966.545,960.625,965.945,4688,309,0
2025-02-03 21:00:00,965.945,968.275,965.865,967.445,1307,1079,0
2025-02-03 22:00:00,967.445,968.34,964.365,964.805,1465,2540,0
2025-02-03 23:00:00,964.805,967.445,963.925,965.81,647,2199,0
2025-02-04 00:00:00,965.81,965.81,965.81,965.81,29,4370,0
2025-02-04 01:00:00,965.81,971.415,964.155,966.455,2155,1919,0
2025-02-04 02:00:00,966.485,971.435,966.365,966.375,1888,779,0
2025-02-04 03:00:00,966.305,971.355,966.005,970.705,2711,309,0
2025-02-04 04:00:00,970.675,973.495,969.775,972.855,3424,309,0
2025-02-04 05:00:00,972.865,973.27,967.14,968.945,962,309,0
2025-02-04 06:00:00,968.945,969.28,965.33,966.275,1453,309,0
2025-02-04 07:00:00,966.325,966.325,957.845,964.745,3478,1039,0
2025-02-04 08:00:00,964.745,965.045,960.845,963.765,469,2050,0
2025-02-04 09:00:00,963.765,966.44,961.945,964.445,411,2220,0
2025-02-04 10:00:00,964.445,966.185,960.485,963.955,1651,2299,0
2025-02-04 11:00:00,963.855,966.195,957.985,965.675,2483,309,0
2025-02-04 12:00:00,965.565,966.345,960.715,962.615,2140,4239,0
2025-02-04 13:00:00,962.615,964.485,961.145,961.375,1512,2900,0
2025-02-04 14:00:00,961.405,966.445,960.625,965.695,2080,4069,0
2025-02-04 15:00:00,965.545,974.605,963.985,971.275,2285,689,0
2025-02-04 16:00:00,971.275,976.435,967.015,967.055,2258,1069,0
2025-02-04 17:00:00,967.065,976.065,967.065,970.355,4914,1409,0
2025-02-04 18:00:00,970.405,973.315,968.025,971.145,3621,1619,0
2025-02-04 19:00:00,971.095,971.175,965.805,968.645,3553,1809,0
2025-02-04 20:00:00,968.645,971.545,967.745,969.045,696,1939,0
2025-02-04 21:00:00,969.045,970.045,967.885,969.145,806,2659,0
2025-02-04 22:00:00,969.145,969.445,966.735,967.925,1494,2449,0
2025-02-04 23:00:00,967.945,968.655,966.03,966.09,1192,2460,0
2025-02-05 01:00:00,966.26,968.89,964.365,967.555,981,2460,0
2025-02-05 02:00:00,967.555,972.525,966.685,970.755,1295,1939,0
2025-02-05 03:00:00,970.755,973.255,968.735,971.035,3589,1189,0
2025-02-05 04:00:00,970.835,974.335,969.635,972.635,4958,789,0
2025-02-05 05:00:00,972.635,974.57,971.235,973.435,727,1389,0
2025-02-05 06:00:00,973.535,974.835,972.675,972.775,806,1420,0
2025-02-05 07:00:00,972.955,973.995,972.175,973.575,814,1920,0
2025-02-05 08:00:00,973.575,975.045,972.095,973.735,2205,1109,0
2025-02-05 09:00:00,973.715,976.735,968.635,974.655,2494,1219,0
2025-02-05 10:00:00,974.635,978.795,974.205,976.975,2078,449,0
2025-02-05 11:00:00,976.985,983.125,974.425,980.145,1975,1649,0
2025-02-05 12:00:00,980.145,982.345,976.565,976.665,1150,2819,0
2025-02-05 13:00:00,976.625,985.725,976.065,984.845,622,309,0
2025-02-05 14:00:00,984.845,985.575,981.565,985.195,380,2490,0
2025-02-05 15:00:00,985.285,990.015,974.925,976.545,3888,2069,0
2025-02-05 16:00:00,976.245,983.435,975.245,980.655,2480,659,0
2025-02-05 17:00:00,980.955,986.645,978.385,982.945,1875,309,0
2025-02-05 18:00:00,982.945,986.735,979.445,985.745,682,309,0
2025-02-05 19:00:00,985.745,989.215,984.705,987.445,1891,2019,0
2025-02-05 20:00:00,987.445,989.095,982.155,982.745,2739,1699,0
2025-02-05 21:00:00,982.745,985.81,981.145,981.345,988,1410,0
2025-02-05 22:00:00,981.345,983.185,980.345,983.185,662,2460,0
2025-02-05 23:00:00,983.005,984.195,982.6,983.47,6439,2399,0
2025-02-06 00:00:00,983.54,983.54,983.47,983.47,87014,3690,0
2025-02-06 01:00:00,983.54,983.54,975.895,980.575,3528,2130,0
2025-02-06 02:00:00,980.575,985.0,980.575,981.225,706,1690,0
2025-02-06 03:00:00,981.155,987.65,977.205,986.895,1686,3160,0
2025-02-06 04:00:00,986.845,987.525,984.485,986.975,1430,2679,0
2025-02-06 05:00:00,987.015,988.745,985.91,988.645,290,909,0
2025-02-06 06:00:00,987.89,989.545,987.45,988.245,1596,1420,0
2025-02-06 07:00:00,988.245,989.245,984.645,985.345,163,1009,0
2025-02-06 08:00:00,985.345,991.64,983.145,983.475,245,1420,0
2025-02-06 09:00:00,983.575,986.345,979.375,981.435,622,1440,0
2025-02-06 10:00:00,981.535,983.455,974.815,983.205,1734,1059,0
2025-02-06 11:00:00,983.145,988.475,982.435,988.175,561,1869,0
2025-02-06 12:00:00,988.325,991.89,984.975,985.835,827,1280,0
2025-02-06 13:00:00,985.805,988.775,982.925,985.755,896,2930,0
2025-02-06 14:00:00,985.685,990.465,984.245,986.475,583,2599,0
2025-02-06 15:00:00,986.375,992.395,985.415,989.275,3506,2099,0
2025-02-06 16:00:00,989.305,992.985,978.485,978.705,3291,309,0
2025-02-06 17:00:00,980.195,988.105,978.795,986.655,4798,2739,0
2025-02-06 18:00:00,986.585,988.815,983.025,985.665,783,2179,0
2025-02-06 19:00:00,985.665,988.625,983.815,987.555,1348,2879,0
2025-02-06 20:00:00,987.385,988.99,984.755,985.245,775,1730,0
2025-02-06 21:00:00,985.245,987.125,984.505,986.885,1903,2460,0
2025-02-06 22:00:00,986.715,989.625,986.655,989.585,1813,2829,0
2025-02-06 23:00:00,989.605,989.745,986.73,986.73,3589,2219,0
2025-02-07 00:00:00,986.75,986.83,986.73,986.75,52960,5050,0
2025-02-07 01:00:00,986.83,989.125,984.915,988.475,1958,2919,0
2025-02-07 02:00:00,988.485,991.105,987.035,989.345,1366,1430,0
2025-02-07 03:00:00,989.485,991.63,989.065,991.185,1147,1720,0
2025-02-07 04:00:00,991.185,992.215,989.725,992.215,384,1889,0
2025-02-07 05:00:00,992.215,993.715,990.665,991.625,311,2530,0
2025-02-07 06:00:00,991.625,991.815,989.84,990.565,225,2350,0
2025-02-07 07:00:00,990.565,991.705,989.225,989.625,1109,1440,0
2025-02-07 08:00:00,989.625,989.625,985.405,988.905,417,1900,0
2025-02-07 09:00:00,988.935,989.875,987.125,988.475,493,2920,0
2025-02-07 10:00:00,988.475,994.645,988.425,992.935,650,1829,0
2025-02-07 11:00:00,992.935,999.455,992.935,994.995,894,1959,0
2025-02-07 12:00:00,994.935,995.245,991.565,993.695,1228,1150,0
2025-02-07 13:00:00,993.695,993.795,988.475,990.065,584,3269,0
2025-02-07 14:00:00,990.065,990.065,985.725,985.925,603,1640,0
2025-02-07 15:00:00,985.735,992.415,984.225,989.845,5465,1999,0
2025-02-07 16:00:00,989.745,997.035,986.605,991.755,5428,1969,0
2025-02-07 17:00:00,991.705,994.325,985.045,989.815,7115,2209,0
2025-02-07 18:00:00,989.835,990.755,978.595,979.795,8149,309,0
2025-02-07 19:00:00,979.795,983.875,978.495,982.935,6898,1079,0
2025-02-07 20:00:00,983.035,986.72,982.535,983.335,1133,1419,0
2025-02-07 21:00:00,983.135,984.95,981.835,982.135,1277,1410,0
2025-02-07 22:00:00,982.035,982.135,974.335,974.435,1641,1919,0
2025-02-07 23:00:00,974.435,976.3,970.84,971.14,612,2460,0
2025-02-10 01:00:00,975.43,976.395,961.615,972.965,2093,2530,0
2025-02-10 02:00:00,973.255,978.485,972.945,976.815,766,1470,0
2025-02-10 03:00:00,976.865,979.955,972.745,975.515,4142,309,0
2025-02-10 04:00:00,975.045,981.235,974.575,980.845,2355,309,0
2025-02-10 05:00:00,980.785,981.95,979.395,981.405,359,309,0
2025-02-10 06:00:00,981.405,982.25,980.38,981.24,256,1420,0
2025-02-10 07:00:00,981.325,983.215,978.045,979.335,736,1549,0
2025-02-10 08:00:00,979.355,984.005,978.585,983.325,2785,749,0
2025-02-10 09:00:00,983.295,986.475,982.605,985.775,868,2069,0
2025-02-10 10:00:00,985.635,991.845,981.605,981.875,1252,489,0
2025-02-10 11:00:00,982.055,988.16,980.855,985.265,1153,2329,0
2025-02-10 12:00:00,985.155,988.335,983.525,986.235,835,309,0
2025-02-10 13:00:00,986.245,989.385,984.115,985.425,2098,1739,0
2025-02-10 14:00:00,985.425,986.705,981.755,982.035,1822,1599,0
2025-02-10 15:00:00,982.015,990.035,980.845,987.805,4024,1899,0
2025-02-10 16:00:00,987.805,989.745,982.955,986.225,5102,2699,0
2025-02-10 17:00:00,988.165,994.415,986.255,991.605,3410,1569,0
2025-02-10 18:00:00,991.595,992.935,985.445,986.645,2428,1599,0
2025-02-10 19:00:00,986.645,987.945,984.725,985.735,703,3070,0
2025-02-10 20:00:00,985.745,991.555,985.745,989.155,599,2299,0
2025-02-10 21:00:00,989.025,990.48,986.625,987.125,663,1410,0
2025-02-10 22:00:00,987.125,988.56,985.185,986.535,349,1410,0
2025-02-10 23:00:00,986.535,988.5,984.82,986.85,259,1410,0
2025-02-11 01:00:00,988.45,992.685,985.965,988.375,2168,309,0
2025-02-11 02:00:00,988.295,991.805,986.235,990.445,1564,1019,0
2025-02-11 03:00:00,990.425,995.905,989.835,991.325,3137,309,0
2025-02-11 04:00:00,991.345,994.455,983.725,986.475,4965,339,0
2025-02-11 05:00:00,986.425,989.87,984.865,985.075,2081,309,0
2025-02-11 06:00:00,986.14,987.09,984.925,986.105,1073,1619,0
2025-02-11 07:00:00,986.155,990.535,984.985,989.185,2116,1249,0
2025-02-11 08:00:00,989.115,991.105,988.235,988.805,2604,1179,0
2025-02-11 09:00:00,988.785,989.245,979.415,981.145,3445,699,0
2025-02-11 10:00:00,981.095,986.805,979.615,980.035,4068,549,0
2025-02-11 11:00:00,979.985,988.035,979.045,983.535,3414,1059,0
2025-02-11 12:00:00,983.475,989.185,981.035,981.335,1221,309,0
2025-02-11 13:00:00,981.235,984.125,980.375,982.785,881,2769,0
2025-02-11 14:00:00,982.785,984.905,977.065,977.215,1089,1859,0
2025-02-11 15:00:00,977.105,985.285,975.575,984.645,3935,1779,0
2025-02-11 16:00:00,984.645,987.545,982.425,984.525,1916,369,0
2025-02-11 17:00:00,984.525,986.875,981.145,983.325,1825,639,0
2025-02-11 18:00:00,983.475,991.035,983.105,988.935,2033,309,0
2025-02-11 19:00:00,988.935,989.385,986.615,988.575,2055,1509,0
2025-02-11 20:00:00,988.545,990.265,985.725,985.775,2516,1139,0
2025-02-11 21:00:00,985.815,987.155,984.465,985.805,1772,3869,0
2025-02-11 22:00:00,985.805,986.235,982.985,982.985,1888,4389,0
2025-02-11 23:00:00,983.135,986.64,982.375,984.57,719,2460,0
2025-02-12 01:00:00,988.86,992.065,969.335,986.235,2936,1039,0
2025-02-12 02:00:00,987.135,988.455,982.325,983.065,1200,2290,0
2025-02-12 03:00:00,982.995,983.655,979.305,981.515,2559,5219,0
2025-02-12 04:00:00,981.545,986.045,980.855,984.225,1396,1729,0
2025-02-12 05:00:00,984.225,984.325,981.075,982.475,421,3439,0
2025-02-12 06:00:00,982.425,983.615,980.775,980.825,320,1450,0
2025-02-12 07:00:00,980.825,983.975,980.225,983.475,424,2869,0
2025-02-12 08:00:00,983.515,992.18,983.175,990.995,1027,309,0
2025-02-12 09:00:00,990.995,991.925,985.795,987.665,2015,1619,0
2025-02-12 10:00:00,987.595,989.705,980.495,981.525,4197,789,0
2025-02-12 11:00:00,981.495,983.905,979.855,982.215,3890,2069,0
2025-02-12 12:00:00,982.245,985.445,980.125,983.275,2771,2879,0
2025-02-12 13:00:00,983.355,987.2,980.845,982.545,1730,2220,0
2025-02-12 14:00:00,982.585,996.745,982.135,996.515,881,679,0
2025-02-12 15:00:00,996.525,997.445,983.255,990.455,3143,309,0
2025-02-12 16:00:00,990.455,997.495,988.505,996.525,4176,1409,0
2025-02-12 17:00:00,996.525,998.205,992.765,997.165,2165,1599,0
2025-02-12 18:00:00,997.335,997.695,991.865,994.875,3474,2429,0
2025-02-12 19:00:00,994.865,1000.015,992.735,993.765,2537,309,0
2025-02-12 20:00:00,993.775,995.545,993.155,993.665,2868,2460,0
2025-02-12 21:00:00,993.705,993.935,990.365,992.215,4039,2119,0
2025-02-12 22:00:00,992.225,994.865,991.995,993.995,1721,1079,0
2025-02-12 23:00:00,994.025,995.75,989.765,993.65,370,1419,0
2025-02-13 01:00:00,994.15,998.4,992.685,993.365,590,1420,0
2025-02-13 02:00:00,993.325,997.46,993.065,995.495,324,1259,0
2025-02-13 03:00:00,995.495,996.675,993.435,995.635,772,739,0
2025-02-13 04:00:00,995.675,999.605,994.535,997.175,832,309,0
2025-02-13 05:00:00,997.175,1002.085,996.885,1000.255,732,309,0
2025-02-13 06:00:00,1000.255,1001.195,998.83,1000.505,1031,309,0
2025-02-13 07:00:00,1000.525,1001.955,998.53,1000.355,1154,309,0
2025-02-13 08:00:00,1000.355,1000.405,995.505,999.545,490,1349,0
2025-02-13 09:00:00,999.645,1004.605,998.245,1002.465,2278,1259,0
2025-02-13 10:00:00,1002.575,1004.745,994.805,996.695,1886,309,0
2025-02-13 11:00:00,996.695,1002.105,995.185,1000.135,5656,1819,0
2025-02-13 12:00:00,1000.135,1002.585,998.125,1000.595,569,2230,0
2025-02-13 13:00:00,1000.695,1002.575,998.645,1001.635,1023,2560,0
2025-02-13 14:00:00,1001.585,1002.535,999.635,1001.235,1097,3269,0
2025-02-13 15:00:00,1001.235,1003.335,993.005,993.935,4068,1809,0
2025-02-13 16:00:00,993.935,994.645,987.495,991.965,2461,1289,0
2025-02-13 17:00:00,992.325,998.255,992.165,997.465,5705,309,0
2025-02-13 18:00:00,997.465,1000.015,993.405,993.755,3212,1969,0
2025-02-13 19:00:00,993.755,995.215,992.195,994.865,1284,2299,0
2025-02-13 20:00:00,994.845,997.365,991.955,993.495,4179,1749,0
2025-02-13 21:00:00,993.285,1000.105,993.045,998.285,2016,1669,0
2025-02-13 22:00:00,998.365,1000.045,997.855,999.555,2084,1839,0
2025-02-13 23:00:00,999.615,1000.16,995.865,998.24,700,1650,0
2025-02-14 01:00:00,1001.16,1002.585,995.195,997.405,1829,1249,0
2025-02-14 02:00:00,997.405,998.865,996.925,997.845,419,1589,0
2025-02-14 03:00:00,997.845,1003.125,997.845,999.085,1950,2999,0
2025-02-14 04:00:00,998.915,998.915,996.42,997.725,556,2220,0
2025-02-14 05:00:00,997.735,999.625,996.345,997.265,2098,4249,0
2025-02-14 06:00:00,997.245,999.05,996.665,998.775,428,2620,0
2025-02-14 07:00:00,998.915,1000.985,998.07,1000.675,839,3290,0
2025-02-14 08:00:00,1000.585,1007.515,999.835,1006.685,685,809,0
2025-02-14 09:00:00,1006.725,1007.785,1003.285,1004.925,1521,1569,0
2025-02-14 10:00:00,1004.905,1007.595,1000.215,1002.745,3493,459,0
2025-02-14 11:00:00,1002.755,1009.085,1001.275,1007.265,2181,309,0
2025-02-14 12:00:00,1007.205,1008.715,1003.055,1006.225,1830,309,0
2025-02-14 13:00:00,1006.225,1006.225,1000.875,1004.475,1096,1609,0
2025-02-14 14:00:00,1004.475,1006.605,999.695,1002.315,2774,309,0
2025-02-14 15:00:00,1002.375,1003.725,995.765,996.485,5803,309,0
2025-02-14 16:00:00,996.485,1000.335,993.795,994.965,6200,379,0
2025-02-14 17:00:00,995.475,996.01,986.605,991.465,5172,309,0
2025-02-14 18:00:00,991.415,993.865,984.125,987.145,2517,309,0
2025-02-14 19:00:00,987.245,988.435,983.125,984.505,3286,309,0
2025-02-14 20:00:00,983.885,985.005,982.845,983.805,2449,439,0
2025-02-14 21:00:00,983.835,984.28,979.26,980.78,1983,309,0
2025-02-14 22:00:00,980.74,982.185,977.285,980.605,2203,309,0
2025-02-14 23:00:00,980.635,980.635,971.175,971.245,1154,3399,0
2025-02-17 01:00:00,977.78,981.695,973.425,978.105,2400,3259,0
2025-02-17 02:00:00,977.985,988.195,976.265,987.515,3860,1959,0
2025-02-17 03:00:00,987.485,990.095,983.245,987.995,3092,1349,0
2025-02-17 04:00:00,988.005,990.765,984.365,988.015,3064,1599,0
2025-02-17 05:00:00,987.985,989.75,984.295,986.745,1596,1770,0
2025-02-17 06:00:00,986.545,989.13,985.38,987.735,2789,1980,0
2025-02-17 07:00:00,987.705,988.875,984.85,985.765,575,2079,0
2025-02-17 08:00:00,985.735,989.795,983.33,987.095,857,1059,0
2025-02-17 09:00:00,987.145,989.315,979.145,988.005,519,2800,0
2025-02-17 10:00:00,987.935,989.145,981.81,983.505,886,309,0
2025-02-17 11:00:00,983.505,986.485,981.34,986.205,1361,1739,0
2025-02-17 12:00:00,986.095,988.66,985.085,987.015,1763,2290,0
2025-02-17 13:00:00,987.005,990.65,985.245,987.865,536,2029,0
2025-02-17 14:00:00,987.975,988.465,983.55,986.225,451,1040,0
2025-02-17 15:00:00,986.205,986.265,981.945,984.135,701,1240,0
2025-02-17 16:00:00,984.135,985.215,977.655,977.655,621,2089,0
2025-02-17 17:00:00,977.725,982.065,976.76,981.695,629,529,0
2025-02-17 18:00:00,981.695,982.635,977.935,981.565,706,309,0
2025-02-17 19:00:00,981.365,981.695,976.72,981.065,738,1159,0
2025-02-17 20:00:00,981.115,982.45,978.83,982.155,4336,1390,0
2025-02-17 21:00:00,982.155,982.5,979.14,979.89,28367,1700,0
2025-02-17 22:00:00,981.63,981.63,979.89,981.63,39109,4680,0
2025-02-17 23:00:00,979.89,981.63,979.89,981.63,39340,4680,0
2025-02-18 00:00:00,979.89,981.63,979.89,979.89,39161,4680,0
2025-02-18 01:00:00,981.63,984.675,977.05,982.545,1223,699,0
2025-02-18 02:00:00,982.845,982.925,978.06,981.145,422,1820,0
2025-02-18 03:00:00,981.145,981.795,977.545,978.545,1822,499,0
2025-02-18 04:00:00,978.545,984.445,978.545,983.345,611,1949,0
2025-02-18 05:00:00,983.345,987.345,983.345,985.835,506,1229,0
2025-02-18 06:00:00,985.835,986.005,981.52,984.32,285,2339,0
2025-02-18 07:00:00,985.035,985.915,980.72,983.125,382,1129,0
2025-02-18 08:00:00,982.925,985.465,979.94,985.305,461,1599,0
2025-02-18 09:00:00,985.315,990.945,982.265,982.275,675,499,0
2025-02-18 10:00:00,982.375,989.615,982.275,986.425,2320,2049,0
2025-02-18 11:00:00,986.475,986.925,983.175,984.155,2935,4059,0
2025-02-18 12:00:00,984.185,985.565,982.72,984.495,1094,5289,0
2025-02-18 13:00:00,984.595,984.955,980.015,983.895,1747,2789,0
2025-02-18 14:00:00,983.855,986.435,981.885,983.555,2056,729,0
2025-02-18 15:00:00,983.535,983.605,976.375,978.465,1732,379,0
2025-02-18 16:00:00,978.415,985.145,977.925,981.495,2257,1569,0
2025-02-18 17:00:00,981.605,985.145,975.915,984.855,2583,739,0
2025-02-18 18:00:00,984.715,985.995,981.08,984.795,1268,899,0
2025-02-18 19:00:00,984.795,985.245,979.31,981.905,803,1419,0
2025-02-18 20:00:00,981.915,982.695,979.545,982.155,1314,1209,0
2025-02-18 21:00:00,982.125,983.535,980.135,983.335,1293,2099,0
2025-02-18 22:00:00,983.295,984.565,980.97,983.515,1274,1390,0
2025-02-18 23:00:00,982.13,985.48,981.59,983.07,1945,1390,0
2025-02-19 01:00:00,983.17,983.97,976.525,982.335,2101,1970,0
2025-02-19 02:00:00,982.325,984.715,978.485,978.955,934,1479,0
2025-02-19 03:00:00,979.065,981.715,976.235,979.935,2228,1509,0
2025-02-19 04:00:00,979.935,980.235,974.32,976.015,519,1569,0
2025-02-19 05:00:00,975.905,978.725,973.55,978.405,430,909,0
2025-02-19 06:00:00,978.305,978.305,972.13,974.945,1202,1699,0
2025-02-19 07:00:00,974.945,978.445,972.0,978.445,529,1479,0
2025-02-19 08:00:00,978.445,979.645,974.36,978.345,124,1359,0
2025-02-19 09:00:00,978.345,981.845,976.54,979.945,267,1999,0
2025-02-19 10:00:00,979.945,982.945,975.345,981.645,290,2019,0
2025-02-19 11:00:00,981.645,985.775,977.87,984.895,469,1629,0
2025-02-19 12:00:00,984.965,985.305,979.62,982.265,1287,2090,0
2025-02-19 13:00:00,982.375,983.445,979.71,980.875,1284,2090,0
2025-02-19 14:00:00,980.555,981.335,973.845,974.045,2031,1549,0
2025-02-19 15:00:00,974.045,978.745,972.905,974.345,2024,2109,0
2025-02-19 16:00:00,974.345,975.765,970.845,971.245,2976,309,0
2025-02-19 17:00:00,971.245,976.225,967.935,968.345,1283,2379,0
2025-02-19 18:00:00,968.495,971.185,966.16,968.635,1768,1040,0
2025-02-19 19:00:00,968.635,971.035,967.02,969.345,829,3719,0
2025-02-19 20:00:00,969.345,972.445,968.895,968.915,1341,4869,0
2025-02-19 21:00:00,968.865,972.92,968.795,972.545,1207,6430,0
2025-02-19 22:00:00,972.545,974.345,972.175,973.045,1385,6509,0
2025-02-19 23:00:00,973.105,976.23,971.47,971.98,37410,1390,0
2025-02-20 01:00:00,967.62,974.78,964.105,971.875,229,2840,0
2025-02-20 02:00:00,971.915,975.165,970.92,973.075,742,2600,0
2025-02-20 03:00:00,972.955,973.865,968.7,969.855,913,1770,0
2025-02-20 04:00:00,969.755,975.915,969.13,975.555,726,3030,0
2025-02-20 05:00:00,975.555,977.45,973.15,975.145,421,1770,0
2025-02-20 06:00:00,975.045,976.18,972.53,974.945,667,1770,0
2025-02-20 07:00:00,974.945,977.01,972.74,976.145,1853,1770,0
2025-02-20 08:00:00,976.025,977.235,973.62,975.975,488,3139,0
2025-02-20 09:00:00,975.925,979.245,974.02,977.415,351,2749,0
2025-02-20 10:00:00,977.375,978.945,973.49,978.075,988,309,0
2025-02-20 11:00:00,978.075,981.045,975.245,980.275,1205,309,0
2025-02-20 12:00:00,980.105,981.205,975.23,976.755,1418,2089,0
2025-02-20 13:00:00,976.635,978.675,971.34,977.965,1510,649,0
2025-02-20 14:00:00,977.855,979.615,975.565,979.225,732,1830,0
2025-02-20 15:00:00,979.315,980.425,976.245,977.965,2103,2859,0
2025-02-20 16:00:00,977.835,980.275,974.565,978.275,1169,1199,0
2025-02-20 17:00:00,978.155,980.685,975.335,978.545,1413,1339,0
2025-02-20 18:00:00,978.645,981.795,977.35,978.725,600,1769,0
2025-02-20 19:00:00,978.725,982.295,977.525,980.135,514,1859,0
2025-02-20 20:00:00,980.135,981.34,977.52,980.115,435,1390,0
2025-02-20 21:00:00,980.015,980.56,976.63,979.635,845,1390,0
2025-02-20 22:00:00,979.635,979.735,975.58,978.425,1088,1390,0
2025-02-20 23:00:00,978.335,980.135,977.59,978.32,421,309,0
2025-02-21 00:00:00,978.32,978.32,978.32,978.32,60,4450,0
2025-02-21 01:00:00,978.32,980.735,977.5,979.585,249,1389,0
2025-02-21 02:00:00,979.635,979.745,975.94,977.835,306,3999,0
2025-02-21 03:00:00,977.825,980.315,974.245,974.46,564,3569,0
2025-02-21 04:00:00,974.695,977.79,973.56,976.535,424,1770,0
2025-02-21 05:00:00,976.595,976.595,972.02,973.425,506,1489,0
2025-02-21 06:00:00,973.425,974.915,971.51,972.615,1231,1169,0
2025-02-21 07:00:00,972.645,974.095,971.815,971.845,2320,1289,0
2025-02-21 08:00:00,971.835,972.685,970.755,971.175,2282,1919,0
2025-02-21 09:00:00,971.185,977.005,970.815,974.565,2253,2799,0
2025-02-21 10:00:00,974.585,974.935,968.855,969.845,1367,1079,0
2025-02-21 11:00:00,969.935,972.365,966.695,970.965,1087,309,0
2025-02-21 12:00:00,970.965,972.125,966.09,969.715,417,1399,0
2025-02-21 13:00:00,969.625,978.975,968.79,978.075,1192,2209,0
2025-02-21 14:00:00,977.935,979.455,976.145,976.905,561,1230,0
2025-02-21 15:00:00,976.845,985.175,974.745,975.145,751,309,0
2025-02-21 16:00:00,975.145,977.545,970.155,971.555,900,2079,0
2025-02-21 17:00:00,971.575,975.155,970.745,973.805,3003,1259,0
2025-02-21 18:00:00,973.805,976.185,972.365,972.855,2450,449,0
2025-02-21 19:00:00,973.005,975.515,971.515,972.565,2009,319,0
2025-02-21 20:00:00,971.685,973.215,968.925,971.265,3306,309,0
2025-02-21 21:00:00,971.305,972.155,967.475,967.475,2388,309,0
2025-02-21 22:00:00,968.355,971.05,967.885,969.355,1475,1390,0
2025-02-21 23:00:00,969.505,970.87,964.415,968.755,2036,1390,0
2025-02-24 01:00:00,968.83,975.87,960.125,973.285,530,2010,0
2025-02-24 02:00:00,973.165,977.315,972.74,974.465,466,2369,0
2025-02-24 03:00:00,974.405,974.505,971.32,973.065,725,2469,0
2025-02-24 04:00:00,973.065,978.575,971.465,978.215,530,1739,0
2025-02-24 05:00:00,978.105,978.885,975.02,976.565,1403,1770,0
2025-02-24 06:00:00,976.665,977.955,973.73,976.265,9250,1770,0
2025-02-24 07:00:00,976.305,976.96,972.88,974.955,325,1870,0
2025-02-24 08:00:00,974.895,976.835,973.625,974.995,2071,899,0
2025-02-24 09:00:00,975.005,976.205,971.035,972.205,2730,1819,0
2025-02-24 10:00:00,972.205,973.335,967.665,969.095,2898,919,0
2025-02-24 11:00:00,969.075,970.335,966.305,967.125,2346,4609,0
2025-02-24 12:00:00,967.125,967.525,963.195,964.625,1628,1069,0
2025-02-24 13:00:00,964.535,969.305,963.815,969.025,1727,1789,0
2025-02-24 14:00:00,968.785,971.705,966.195,971.325,699,1040,0
2025-02-24 15:00:00,971.195,971.235,965.855,966.165,2195,1620,0
2025-02-24 16:00:00,966.025,968.105,963.815,964.085,3396,1549,0
2025-02-24 17:00:00,964.085,966.475,961.145,963.475,1945,709,0
2025-02-24 18:00:00,963.475,966.345,960.97,964.055,640,1339,0
2025-02-24 19:00:00,963.885,965.875,962.395,962.805,540,1779,0
2025-02-24 20:00:00,962.805,965.245,961.855,964.645,929,3089,0
2025-02-24 21:00:00,964.645,966.405,964.515,966.405,342,3519,0
2025-02-24 22:00:00,966.645,968.085,965.31,966.795,421,2299,0
2025-02-24 23:00:00,966.795,968.095,965.03,967.43,630,3159,0
2025-02-25 01:00:00,968.48,968.48,959.255,965.805,334,2640,0
2025-02-25 02:00:00,965.705,967.545,963.01,966.045,7182,1770,0
2025-02-25 03:00:00,966.045,969.045,963.1,968.945,157,1209,0
2025-02-25 04:00:00,968.945,969.745,965.43,969.245,141,2779,0
2025-02-25 05:00:00,969.245,969.645,964.5,966.09,140,1770,0
2025-02-25 06:00:00,966.645,967.245,963.34,965.045,144,1770,0
2025-02-25 07:00:00,963.78,966.69,963.06,964.895,421,1770,0
2025-02-25 08:00:00,964.855,966.515,962.495,966.125,1899,309,0
2025-02-25 09:00:00,966.075,967.145,958.785,959.035,1939,1569,0
2025-02-25 10:00:00,959.035,968.885,957.855,967.015,1620,2569,0
2025-02-25 11:00:00,966.985,970.045,965.32,968.445,534,1339,0
2025-02-25 12:00:00,968.535,972.875,966.225,966.295,1862,1569,0
2025-02-25 13:00:00,966.295,968.745,963.74,965.545,349,869,0
2025-02-25 14:00:00,965.545,968.205,963.865,965.255,663,1040,0
2025-02-25 15:00:00,965.375,974.275,965.255,968.845,803,329,0
2025-02-25 16:00:00,968.845,969.545,962.065,963.105,1321,959,0
2025-02-25 17:00:00,963.115,967.035,960.125,965.465,1254,749,0
2025-02-25 18:00:00,965.465,967.575,961.245,967.545,1232,309,0
2025-02-25 19:00:00,967.425,967.425,958.9,964.235,532,319,0
2025-02-25 20:00:00,964.335,967.495,962.29,966.115,486,879,0
2025-02-25 21:00:00,966.115,968.305,961.7,967.805,434,2429,0
2025-02-25 22:00:00,967.805,969.005,967.505,968.195,389,449,0
2025-02-25 23:00:00,968.195,971.485,968.07,971.09,1131,309,0
2025-02-26 01:00:00,970.8,973.775,962.115,970.195,574,1289,0
2025-02-26 02:00:00,970.175,970.965,967.0,969.515,363,2120,0
2025-02-26 03:00:00,969.645,972.195,967.845,968.635,525,2759,0
2025-02-26 04:00:00,968.635,969.035,965.155,967.075,694,2059,0
2025-02-26 05:00:00,966.975,967.645,964.28,967.085,431,2609,0
2025-02-26 06:00:00,967.085,967.72,963.92,965.625,463,1770,0
2025-02-26 07:00:00,965.695,969.345,964.8,967.745,247,1899,0
2025-02-26 08:00:00,967.745,968.845,963.2,966.645,171,1770,0
2025-02-26 09:00:00,966.645,971.545,964.4,971.245,165,2459,0
2025-02-26 10:00:00,971.245,978.285,970.02,977.075,1286,2289,0
2025-02-26 11:00:00,977.235,977.655,971.58,976.145,731,389,0
2025-02-26 12:00:00,976.145,978.345,974.745,977.345,155,2459,0
2025-02-26 13:00:00,977.345,979.095,974.57,976.665,404,1799,0
2025-02-26 14:00:00,976.765,979.985,973.4,976.545,387,1150,0
2025-02-26 15:00:00,976.545,979.345,971.405,972.945,534,639,0
2025-02-26 16:00:00,972.945,974.345,967.185,967.995,1071,469,0
2025-02-26 17:00:00,968.025,971.715,965.645,971.585,3866,2049,0
2025-02-26 18:00:00,971.485,974.155,969.875,971.635,673,979,0
2025-02-26 19:00:00,971.635,973.435,969.045,969.485,716,1209,0
2025-02-26 20:00:00,969.485,970.565,965.91,967.605,504,1390,0
2025-02-26 21:00:00,967.505,969.505,965.18,967.305,318,2679,0
2025-02-26 22:00:00,967.125,967.655,964.435,967.245,2014,1969,0
2025-02-26 23:00:00,967.195,968.135,964.3,966.29,1066,1390,0
2025-02-27 01:00:00,966.17,969.67,958.555,966.12,942,2680,0
2025-02-27 02:00:00,967.995,969.165,964.86,968.175,995,1770,0
2025-02-27 03:00:00,968.175,970.595,965.135,965.235,2330,1119,0
2025-02-27 04:00:00,965.135,966.535,962.515,963.105,956,3149,0
2025-02-27 05:00:00,963.135,964.38,960.76,962.765,896,1770,0
2025-02-27 06:00:00,962.615,963.685,959.91,963.535,1170,2650,0
2025-02-27 07:00:00,963.565,964.555,960.19,963.575,590,2439,0
2025-02-27 08:00:00,961.26,967.335,961.26,964.755,590,1920,0
2025-02-27 09:00:00,964.845,965.535,962.435,963.815,1183,2269,0
2025-02-27 10:00:00,963.955,971.475,962.345,968.285,1060,1049,0
2025-02-27 11:00:00,968.365,971.695,965.76,970.725,760,949,0
2025-02-27 12:00:00,970.725,973.415,968.845,972.405,542,309,0
2025-02-27 13:00:00,972.405,974.655,966.775,967.055,851,309,0
2025-02-27 14:00:00,967.055,970.47,964.86,969.285,564,2060,0
2025-02-27 15:00:00,969.165,969.705,956.695,957.085,2106,2049,0
2025-02-27 16:00:00,957.085,965.475,955.145,955.145,2215,1919,0
2025-02-27 17:00:00,955.195,962.565,953.945,953.945,2396,2089,0
2025-02-27 18:00:00,953.945,956.565,951.775,955.245,847,1829,0
2025-02-27 19:00:00,955.345,955.875,951.87,953.685,1822,1570,0
2025-02-27 20:00:00,953.895,955.945,953.225,955.845,841,2129,0
2025-02-27 21:00:00,955.845,956.145,951.335,952.125,679,1869,0
2025-02-27 22:00:00,952.095,952.675,947.66,949.645,2815,3769,0
2025-02-27 23:00:00,949.645,950.75,945.77,946.53,867,1390,0
2025-02-28 01:00:00,941.62,949.435,941.62,946.785,1138,3310,0
2025-02-28 02:00:00,946.665,949.62,945.69,948.245,936,2679,0
2025-02-28 03:00:00,948.235,953.465,947.735,949.535,2628,1919,0
2025-02-28 04:00:00,949.455,952.735,947.665,947.755,1286,4339,0
2025-02-28 05:00:00,947.855,949.69,946.4,948.235,861,1770,0
2025-02-28 06:00:00,948.245,951.095,946.25,949.525,1068,3129,0
2025-02-28 07:00:00,949.525,952.915,949.365,952.165,1536,1139,0
2025-02-28 08:00:00,952.165,952.895,948.995,949.495,1978,1599,0
2025-02-28 09:00:00,949.455,952.065,948.475,949.495,2217,309,0
2025-02-28 10:00:00,949.355,951.145,945.105,949.915,1369,929,0
2025-02-28 11:00:00,949.945,950.455,944.61,947.035,1336,1909,0
2025-02-28 12:00:00,947.015,948.995,942.42,947.935,1315,1669,0
2025-02-28 13:00:00,947.935,948.395,942.74,945.005,748,1579,0
2025-02-28 14:00:00,944.865,945.435,941.145,941.285,1322,1459,0
2025-02-28 15:00:00,941.255,945.075,938.225,938.825,2510,1779,0
2025-02-28 16:00:00,938.625,942.845,937.515,939.555,4518,329,0
2025-02-28 17:00:00,939.545,942.895,938.395,941.845,3617,2009,0
2025-02-28 18:00:00,941.875,943.915,938.175,942.145,3435,1659,0
2025-02-28 19:00:00,942.115,944.085,940.025,940.445,2801,2709,0
2025-02-28 20:00:00,940.445,941.145,937.935,937.945,2313,2389,0
2025-02-28 21:00:00,937.945,942.435,936.54,942.035,831,3239,0
2025-02-28 22:00:00,942.035,948.195,941.935,947.835,896,2439,0
2025-02-28 23:00:00,947.885,948.495,944.805,946.66,439,2819,0
2025-03-03 01:00:00,947.62,953.635,947.095,952.015,1527,3570,0
2025-03-03 02:00:00,952.035,952.34,949.405,950.075,973,2750,0
2025-03-03 03:00:00,950.075,953.735,946.845,952.935,1231,2809,0
2025-03-03 04:00:00,952.935,954.535,948.955,949.125,1770,2719,0
2025-03-03 05:00:00,949.065,950.855,946.975,950.255,1924,3569,0
2025-03-03 06:00:00,950.265,951.11,948.29,949.145,1102,1770,0
2025-03-03 07:00:00,949.145,949.81,947.42,949.165,968,2839,0
2025-03-03 08:00:00,949.155,949.795,947.725,948.995,1791,1689,0
2025-03-03 09:00:00,949.025,951.875,946.945,948.455,1727,309,0
2025-03-03 10:00:00,948.475,952.965,946.58,950.075,1469,689,0
2025-03-03 11:00:00,950.195,954.345,948.08,954.295,1289,1169,0
2025-03-03 12:00:00,954.285,954.885,950.985,952.945,1935,1299,0
2025-03-03 13:00:00,952.915,955.485,952.095,954.155,1901,1959,0
2025-03-03 14:00:00,954.115,958.025,954.015,956.425,1867,1509,0
2025-03-03 15:00:00,956.365,960.915,955.255,959.735,2844,1059,0
2025-03-03 16:00:00,959.735,966.005,958.535,958.665,4028,799,0
2025-03-03 17:00:00,957.445,962.565,955.595,956.655,6892,1659,0
2025-03-03 18:00:00,956.675,958.805,953.925,956.045,3725,1159,0
2025-03-03 19:00:00,955.995,961.025,954.375,954.835,1356,1009,0
2025-03-03 20:00:00,954.795,958.245,952.135,957.445,2391,819,0
2025-03-03 21:00:00,957.445,959.645,954.045,954.545,958,1439,0
2025-03-03 22:00:00,954.545,955.145,950.735,954.815,3566,2949,0
2025-03-03 23:00:00,954.765,956.185,951.985,953.68,1007,3309,0
2025-03-04 01:00:00,954.22,958.245,949.545,955.445,600,1569,0
2025-03-04 02:00:00,955.445,955.845,950.24,955.845,159,1929,0
2025-03-04 03:00:00,955.845,956.545,950.75,952.595,930,2749,0
2025-03-04 04:00:00,952.595,955.755,948.17,953.605,678,1770,0
2025-03-04 05:00:00,953.605,957.005,952.95,954.57,361,1770,0
2025-03-04 06:00:00,955.815,958.095,953.37,957.155,2669,1770,0
2025-03-04 07:00:00,957.035,959.44,954.45,956.045,5088,1770,0
2025-03-04 08:00:00,956.055,957.275,953.08,955.345,1054,3829,0
2025-03-04 09:00:00,955.475,958.565,952.44,955.565,1559,2339,0
2025-03-04 10:00:00,955.585,959.465,950.845,957.065,2954,829,0
2025-03-04 11:00:00,957.055,961.8,956.075,959.145,1118,309,0
2025-03-04 12:00:00,959.135,959.135,952.875,955.351,1269,807,0
2025-03-04 13:00:00,955.391,962.571,953.781,961.611,1728,1327,0
2025-03-04 14:00:00,961.511,961.691,958.491,959.101,929,1460,0
2025-03-04 15:00:00,959.071,964.111,956.301,958.691,4106,1347,0
2025-03-04 16:00:00,958.661,963.391,957.501,957.501,2941,557,0
2025-03-04 17:00:00,957.501,959.401,953.901,956.761,871,1647,0
2025-03-04 18:00:00,956.761,961.641,955.28,960.101,726,1040,0
2025-03-04 19:00:00,960.101,963.211,958.601,961.501,978,2257,0
2025-03-04 20:00:00,961.501,964.701,960.901,963.361,2803,2230,0
2025-03-04 21:00:00,963.361,965.231,963.361,964.431,2171,2647,0
2025-03-04 22:00:00,964.431,965.551,961.331,962.101,543,2747,0
2025-03-04 23:00:00,962.231,963.101,960.51,962.0,361,1880,0
2025-03-05 01:00:00,962.55,963.741,955.501,961.261,285,2340,0
2025-03-05 02:00:00,961.161,962.501,959.02,960.971,353,1970,0
2025-03-05 03:00:00,961.041,962.031,958.711,959.941,842,2687,0
2025-03-05 04:00:00,960.031,962.031,956.43,956.941,595,2607,0
2025-03-05 05:00:00,956.941,963.681,956.341,963.071,722,1077,0
2025-03-05 06:00:00,963.171,964.99,961.02,962.801,1667,1770,0
2025-03-05 07:00:00,962.841,965.771,961.56,965.741,1136,2607,0
2025-03-05 08:00:00,965.641,966.891,963.3,965.601,928,2600,0
2025-03-05 09:00:00,965.701,971.901,965.701,969.601,1386,1707,0
2025-03-05 10:00:00,969.601,973.291,968.601,973.291,385,847,0
2025-03-05 11:00:00,973.291,975.071,969.021,969.541,1648,1087,0
2025-03-05 12:00:00,969.541,970.161,965.351,966.441,2484,1767,0
2025-03-05 13:00:00,966.441,967.891,963.131,964.341,2285,3987,0
2025-03-05 14:00:00,964.371,969.551,964.251,966.541,2563,3067,0
2025-03-05 15:00:00,966.601,970.621,961.101,964.091,5328,2737,0
2025-03-05 16:00:00,963.841,972.491,960.781,965.841,3057,1747,0
2025-03-05 17:00:00,965.511,970.551,965.001,965.801,2537,1207,0
2025-03-05 18:00:00,965.801,968.891,963.221,966.471,1391,1510,0
2025-03-05 19:00:00,966.341,966.901,961.65,963.201,1560,1390,0
2025-03-05 20:00:00,963.301,964.68,961.061,964.301,910,3287,0
2025-03-05 21:00:00,964.301,966.201,963.21,965.601,350,1960,0
2025-03-05 22:00:00,965.601,969.09,965.601,966.101,398,1390,0
2025-03-05 23:00:00,966.101,968.89,963.55,964.53,1458,1390,0
2025-03-06 00:00:00,964.41,964.53,964.41,964.53,34600,7940,0
2025-03-06 01:00:00,964.41,967.16,962.62,964.761,1094,2850,0
2025-03-06 02:00:00,964.841,968.88,964.211,965.191,543,1980,0
2025-03-06 03:00:00,965.191,974.061,964.791,972.891,1109,2087,0
2025-03-06 04:00:00,972.891,974.091,970.24,973.191,725,2687,0
2025-03-06 05:00:00,973.091,973.191,966.78,969.391,925,2227,0
2025-03-06 06:00:00,969.391,969.491,964.89,967.491,420,2447,0
2025-03-06 07:00:00,967.491,968.191,962.4,964.391,708,2467,0
2025-03-06 08:00:00,964.391,967.251,964.291,967.051,1467,937,0
2025-03-06 09:00:00,967.091,969.501,962.591,962.891,1469,937,0
2025-03-06 10:00:00,962.991,967.656,957.361,963.961,2870,397,0
2025-03-06 11:00:00,964.161,966.691,958.201,962.161,8604,397,0
2025-03-06 12:00:00,959.691,967.911,959.041,963.991,3510,1437,0
2025-03-06 13:00:00,963.831,966.781,962.371,965.011,2362,3077,0
2025-03-06 14:00:00,964.981,966.541,963.121,965.821,3062,3837,0
2025-03-06 15:00:00,965.791,974.241,963.201,973.101,3687,1647,0
2025-03-06 16:00:00,973.101,976.961,969.001,969.401,6826,837,0
2025-03-06 17:00:00,969.791,974.061,969.201,971.991,7131,2307,0
2025-03-06 18:00:00,972.021,972.631,967.001,967.801,3889,1737,0
2025-03-06 19:00:00,967.801,972.681,967.221,969.191,3438,1557,0
2025-03-06 20:00:00,969.191,970.661,967.221,968.571,3031,2557,0
2025-03-06 21:00:00,968.561,970.681,967.101,968.211,2820,2547,0
2025-03-06 22:00:00,968.231,969.821,967.681,967.921,3080,1577,0
2025-03-06 23:00:00,967.991,968.661,965.331,967.17,1916,1390,0
2025-03-07 00:00:00,967.27,967.27,967.17,967.17,35266,5710,0
2025-03-07 01:00:00,967.27,969.69,965.85,968.131,1290,1770,0
2025-03-07 02:00:00,967.961,969.491,965.98,968.991,993,1770,0
2025-03-07 03:00:00,969.091,971.761,968.491,971.411,1587,2947,0
2025-03-07 04:00:00,971.381,971.861,969.951,971.201,1960,4337,0
2025-03-07 05:00:00,971.181,972.161,967.501,968.111,1685,3217,0
2025-03-07 06:00:00,968.111,969.78,966.771,967.731,1017,3367,0
2025-03-07 07:00:00,967.811,970.681,967.351,970.681,1845,3247,0
2025-03-07 08:00:00,970.651,970.821,967.001,967.991,1637,3007,0
2025-03-07 09:00:00,968.091,977.651,967.591,974.341,1967,707,0
2025-03-07 10:00:00,974.251,976.651,971.201,974.481,848,2177,0
2025-03-07 11:00:00,974.331,975.781,972.401,973.211,689,1847,0
2025-03-07 12:00:00,973.121,973.501,968.001,970.231,1873,967,0
2025-03-07 13:00:00,970.141,971.031,966.06,967.401,356,707,0
2025-03-07 14:00:00,967.401,969.101,962.77,965.211,387,1040,0
2025-03-07 15:00:00,965.211,970.041,962.431,965.591,5039,1807,0
2025-03-07 16:00:00,965.371,972.671,963.471,970.851,5367,1097,0
2025-03-07 17:00:00,970.851,970.971,963.251,964.711,5001,397,0
2025-03-07 18:00:00,964.671,965.891,960.591,961.091,2722,3027,0
2025-03-07 19:00:00,961.091,962.991,958.591,961.191,2089,3407,0
2025-03-07 20:00:00,961.091,961.791,959.391,961.691,1420,3407,0
2025-03-07 21:00:00,961.691,966.161,960.991,965.021,2413,3007,0
2025-03-07 22:00:00,965.001,966.751,964.291,965.431,2661,2997,0
2025-03-07 23:00:00,965.411,968.771,962.98,967.15,721,677,0
2025-03-10 00:00:00,965.26,966.841,962.441,965.541,1156,1187,0
2025-03-10 01:00:00,965.441,968.611,962.75,966.301,1029,1987,0
2025-03-10 02:00:00,966.301,967.791,964.14,965.401,1004,2797,0
2025-03-10 03:00:00,965.401,968.481,965.081,965.351,2373,2297,0
2025-03-10 04:00:00,965.011,965.681,961.56,963.501,1416,1217,0
2025-03-10 05:00:00,963.501,966.801,961.27,965.901,153,2547,0
2025-03-10 06:00:00,966.46,967.201,963.98,966.421,694,1770,0
2025-03-10 07:00:00,966.481,966.801,963.33,964.741,958,2387,0
2025-03-10 08:00:00,964.761,967.301,964.681,966.051,1912,1547,0
2025-03-10 09:00:00,966.081,971.441,965.331,969.891,2245,1907,0
2025-03-10 10:00:00,969.901,972.091,964.751,966.251,1128,2617,0
2025-03-10 11:00:00,966.371,975.941,965.921,970.111,2910,1357,0
2025-03-10 12:00:00,970.231,971.941,967.871,969.711,3327,3527,0
2025-03-10 13:00:00,969.741,971.521,966.951,969.951,3384,3067,0
2025-03-10 14:00:00,970.101,972.161,965.701,970.751,2804,3127,0
2025-03-10 15:00:00,970.861,972.601,964.781,965.051,1662,3257,0
2025-03-10 16:00:00,964.701,970.821,963.071,963.631,2811,2607,0
2025-03-10 17:00:00,963.741,968.581,963.391,966.481,1288,2217,0
2025-03-10 18:00:00,966.301,967.471,960.401,960.741,644,2427,0
2025-03-10 19:00:00,960.701,962.891,959.801,960.551,1278,2527,0
2025-03-10 20:00:00,960.431,961.911,958.341,958.631,3879,3647,0
2025-03-10 21:00:00,958.581,961.201,957.141,958.361,5018,3337,0
2025-03-10 22:00:00,958.411,961.28,957.901,961.28,1309,2797,0
2025-03-11 00:00:00,958.82,960.171,953.591,958.651,939,1837,0
2025-03-11 01:00:00,958.621,959.621,954.691,955.351,3149,1970,0
2025-03-11 02:00:00,955.561,958.141,954.051,954.931,1155,3470,0
2025-03-11 03:00:00,954.941,956.891,952.441,955.361,1459,3907,0
2025-03-11 04:00:00,955.331,960.48,954.511,958.581,1189,1790,0
2025-03-11 05:00:00,958.711,963.04,958.7,962.451,709,1770,0
2025-03-11 06:00:00,961.28,962.831,958.12,958.991,561,1770,0
2025-03-11 07:00:00,958.951,959.271,955.921,957.661,1163,3797,0
2025-03-11 08:00:00,957.811,959.391,956.311,958.921,1864,3877,0
2025-03-11 09:00:00,958.961,963.001,955.21,960.861,2126,907,0
2025-03-11 10:00:00,960.961,967.551,958.741,967.441,2272,2457,0
2025-03-11 11:00:00,967.431,974.381,967.341,973.561,1683,1927,0
2025-03-11 12:00:00,973.541,976.211,969.011,974.811,905,1777,0
2025-03-11 13:00:00,974.811,978.631,972.791,978.351,1127,2027,0
2025-03-11 14:00:00,978.351,983.031,972.421,977.011,1224,947,0
2025-03-11 15:00:00,977.011,985.031,975.101,981.631,3384,1597,0
2025-03-11 16:00:00,981.631,983.571,974.481,975.111,8046,397,0
2025-03-11 17:00:00,976.551,980.131,975.201,977.771,6837,397,0
2025-03-11 18:00:00,977.771,979.371,975.571,976.361,4800,397,0
2025-03-11 19:00:00,976.361,979.151,975.371,978.621,4330,527,0
2025-03-11 20:00:00,978.601,980.601,977.0,979.631,2071,727,0
2025-03-11 21:00:00,979.531,984.171,977.981,983.411,756,577,0
2025-03-11 22:00:00,983.411,984.201,978.34,978.41,1531,2027,0
2025-03-12 00:00:00,972.66,980.41,972.66,979.031,254,2360,0
2025-03-12 01:00:00,979.031,981.45,977.63,980.301,214,2770,0
2025-03-12 02:00:00,980.301,982.021,978.0,981.381,2106,2050,0
2025-03-12 03:00:00,981.221,983.801,979.831,983.271,241,1957,0
2025-03-12 04:00:00,983.161,983.77,979.43,980.651,397,1867,0
2025-03-12 05:00:00,980.781,985.3,980.25,983.96,1507,1770,0
2025-03-12 06:00:00,983.151,984.47,980.74,982.131,4684,1850,0
2025-03-12 07:00:00,982.241,983.75,979.44,982.791,386,2460,0
2025-03-12 08:00:00,982.891,984.461,978.251,980.151,2964,1397,0
2025-03-12 09:00:00,980.151,990.191,979.091,988.061,1593,1797,0
2025-03-12 10:00:00,988.051,988.561,983.801,985.391,1856,1417,0
2025-03-12 11:00:00,985.431,986.811,983.041,983.661,2406,2507,0
2025-03-12 12:00:00,983.641,984.891,981.641,982.971,1880,2777,0
2025-03-12 13:00:00,982.971,986.751,981.74,983.791,1825,1897,0
2025-03-12 14:00:00,983.671,991.461,978.161,986.891,3803,1537,0
2025-03-12 15:00:00,987.161,989.151,982.601,983.601,1810,1477,0
2025-03-12 16:00:00,983.601,986.001,982.601,984.491,1825,1307,0
2025-03-12 17:00:00,984.621,989.011,983.611,986.951,3448,2327,0
2025-03-12 18:00:00,986.831,988.521,984.501,985.601,2136,1947,0
2025-03-12 19:00:00,985.601,988.551,984.201,987.131,1906,1790,0
2025-03-12 20:00:00,987.251,989.781,987.011,988.241,2516,1917,0
2025-03-12 21:00:00,988.121,988.441,983.29,986.801,2849,1390,0
2025-03-12 22:00:00,986.801,987.98,982.91,982.91,714,1390,0
2025-03-13 00:00:00,980.55,988.411,979.941,987.851,6136,1770,0
2025-03-13 01:00:00,987.891,989.301,985.37,989.091,672,1987,0
2025-03-13 02:00:00,989.091,989.591,984.97,987.001,753,1967,0
2025-03-13 03:00:00,987.001,987.75,983.72,985.741,1553,1990,0
2025-03-13 04:00:00,985.731,988.491,985.32,987.551,933,2607,0
2025-03-13 05:00:00,987.541,987.561,981.96,982.791,1018,2467,0
2025-03-13 06:00:00,982.791,984.801,980.52,981.77,306,1477,0
2025-03-13 07:00:00,981.72,984.801,977.99,981.301,200,397,0
2025-03-13 08:00:00,981.301,981.691,976.18,981.191,401,777,0
2025-03-13 09:00:00,981.221,981.621,973.1,977.801,302,397,0
2025-03-13 10:00:00,977.301,978.001,973.92,974.801,364,1417,0
2025-03-13 11:00:00,974.801,977.301,971.96,976.351,581,957,0
2025-03-13 12:00:00,976.261,979.161,971.85,974.801,1295,997,0
2025-03-13 13:00:00,974.801,976.931,972.21,975.671,1439,397,0
2025-03-13 14:00:00,975.621,976.221,969.581,973.231,3372,397,0
2025-03-13 15:00:00,973.211,980.881,971.931,979.111,4275,1897,0
2025-03-13 16:00:00,978.991,984.321,978.641,981.151,6313,727,0
2025-03-13 17:00:00,982.741,989.641,981.521,987.611,4941,397,0
2025-03-13 18:00:00,987.611,996.301,987.021,995.201,3615,397,0
2025-03-13 19:00:00,995.201,995.801,990.301,990.721,3819,397,0
2025-03-13 20:00:00,990.811,993.371,990.661,993.261,3197,3027,0
2025-03-13 21:00:00,993.241,994.261,991.811,993.391,2691,3007,0
2025-03-13 22:00:00,993.421,996.65,993.191,993.64,552,1390,0
2025-03-14 00:00:00,989.31,999.26,989.31,995.411,4227,2350,0
2025-03-14 01:00:00,995.571,998.68,994.491,995.751,496,2930,0
2025-03-14 02:00:00,995.751,997.501,994.051,995.721,2208,1367,0
2025-03-14 03:00:00,995.721,998.401,994.891,998.001,1276,1407,0
2025-03-14 04:00:00,997.901,998.201,993.401,993.401,165,2227,0
2025-03-14 05:00:00,993.401,996.701,993.401,995.451,589,2717,0
2025-03-14 06:00:00,995.431,998.001,993.75,996.701,403,1770,0
2025-03-14 07:00:00,996.701,997.411,993.901,996.801,1232,2640,0
2025-03-14 08:00:00,996.781,998.671,991.851,992.541,1935,4617,0
2025-03-14 09:00:00,992.541,999.801,992.241,996.851,1089,1997,0
2025-03-14 10:00:00,996.831,996.831,992.931,994.471,2164,2057,0
2025-03-14 11:00:00,994.451,994.751,989.031,991.961,2047,2497,0
2025-03-14 12:00:00,991.981,992.951,987.801,990.891,2232,947,0
2025-03-14 13:00:00,990.891,995.021,990.441,992.721,2280,397,0
2025-03-14 14:00:00,992.701,998.071,992.681,995.701,2255,917,0
2025-03-14 15:00:00,995.681,1000.441,992.041,992.041,5685,1727,0
2025-03-14 16:00:00,992.041,996.601,987.191,990.601,4960,1040,0
2025-03-14 17:00:00,990.601,996.961,989.101,991.521,2655,2577,0
2025-03-14 18:00:00,991.521,995.751,990.611,995.521,2462,2347,0
2025-03-14 19:00:00,995.351,998.82,994.6,996.481,1203,1390,0
2025-03-14 20:00:00,996.481,997.23,994.91,995.611,1264,1810,0
2025-03-14 21:00:00,995.561,995.971,993.401,994.141,1515,1390,0
2025-03-14 22:00:00,994.101,995.851,990.47,993.96,837,2257,0
2025-03-17 00:00:00,994.59,994.791,988.87,993.851,646,597,0
2025-03-17 01:00:00,993.871,994.901,989.86,992.711,861,507,0
2025-03-17 02:00:00,992.641,995.01,990.14,993.501,949,397,0
2025-03-17 03:00:00,993.501,997.061,992.411,995.201,678,547,0
2025-03-17 04:00:00,995.201,997.731,993.561,997.451,440,597,0
2025-03-17 05:00:00,997.451,998.441,996.071,997.131,310,1237,0
2025-03-17 06:00:00,997.131,998.881,993.78,997.191,281,1297,0
2025-03-17 07:00:00,997.191,1000.771,994.42,999.391,326,1057,0
2025-03-17 08:00:00,999.391,999.911,995.731,998.261,1432,2077,0
2025-03-17 09:00:00,998.251,1000.651,992.651,993.701,1690,3127,0
2025-03-17 10:00:00,993.801,997.941,992.001,995.881,3269,2027,0
2025-03-17 11:00:00,995.901,999.331,991.801,998.481,1003,1387,0
2025-03-17 12:00:00,998.331,1001.321,997.731,1000.191,1184,1797,0
2025-03-17 13:00:00,1000.221,1001.691,998.211,998.801,841,1947,0
2025-03-17 14:00:00,998.801,999.001,990.801,991.501,519,817,0
2025-03-17 15:00:00,991.501,1000.481,991.301,1000.091,1568,1977,0
2025-03-17 16:00:00,999.891,1003.001,995.511,997.801,3757,417,0
2025-03-17 17:00:00,998.331,1004.301,996.791,1003.301,2739,1077,0
2025-03-17 18:00:00,1003.301,1004.801,998.84,1003.051,1160,707,0
2025-03-17 19:00:00,1003.071,1004.151,1001.09,1003.851,2022,397,0
2025-03-17 20:00:00,1003.826,1004.701,1000.38,1004.121,1635,397,0
2025-03-17 21:00:00,1004.086,1004.301,999.76,1002.651,1645,397,0
2025-03-17 22:00:00,1002.631,1002.701,998.38,999.33,746,1207,0
2025-03-17 23:00:00,999.33,999.33,999.33,999.33,60,4990,0
2025-03-18 00:00:00,999.33,1002.951,998.301,999.691,1622,2187,0
2025-03-18 01:00:00,999.701,1002.63,998.721,1000.691,1016,1770,0
2025-03-18 02:00:00,1000.691,1005.9,999.391,1001.981,737,2190,0
2025-03-18 03:00:00,1001.991,1005.651,1001.921,1004.291,2228,2447,0
2025-03-18 04:00:00,1004.281,1006.141,1003.541,1005.091,976,2217,0
2025-03-18 05:00:00,1004.911,1005.711,1003.281,1005.211,446,2287,0
2025-03-18 06:00:00,1005.211,1005.861,1003.83,1005.301,298,777,0
2025-03-18 07:00:00,1005.301,1005.871,1001.73,1004.811,801,1487,0
2025-03-18 08:00:00,1004.811,1005.461,1002.821,1005.081,1623,2427,0
2025-03-18 09:00:00,1005.061,1007.811,1004.681,1005.901,1742,1337,0
2025-03-18 10:00:00,1005.921,1009.411,1005.081,1006.291,2743,1147,0
2025-03-18 11:00:00,1006.331,1007.601,1003.15,1006.931,1207,1497,0
2025-03-18 12:00:00,1007.051,1007.051,999.391,1002.331,846,2147,0
2025-03-18 13:00:00,1002.331,1007.061,1002.331,1004.801,538,1040,0
2025-03-18 14:00:00,1004.801,1008.376,1002.071,1004.081,1463,397,0
2025-03-18 15:00:00,1004.081,1005.631,1001.071,1002.481,1936,1347,0
2025-03-18 16:00:00,1002.331,1005.581,997.901,1002.451,1992,1837,0
2025-03-18 17:00:00,1002.451,1006.641,999.16,1001.261,899,607,0
2025-03-18 18:00:00,1001.371,1005.481,999.61,1005.361,550,817,0
2025-03-18 19:00:00,1005.361,1005.621,1000.56,1002.921,693,877,0
2025-03-18 20:00:00,1000.59,1004.831,1000.3,1004.601,382,2527,0
2025-03-18 21:00:00,1004.501,1006.48,1000.69,1002.601,1346,1390,0
2025-03-18 22:00:00,1002.701,1004.48,1000.26,1002.39,6327,1390,0
2025-03-18 23:00:00,1002.42,1002.42,1002.39,1002.39,35264,5910,0
2025-03-19 00:00:00,1002.42,1003.26,997.791,1002.191,1963,2010,0
2025-03-19 01:00:00,1002.191,1003.191,996.51,996.831,915,1770,0
2025-03-19 02:00:00,997.011,998.691,994.49,997.091,1058,627,0
2025-03-19 03:00:00,997.091,997.191,989.88,994.501,379,987,0
2025-03-19 04:00:00,994.501,997.601,990.78,995.601,214,1970,0
2025-03-19 05:00:00,995.601,997.601,993.98,996.301,209,1770,0
2025-03-19 06:00:00,996.301,996.58,992.02,994.501,532,1770,0
2025-03-19 07:00:00,994.501,996.83,992.39,995.601,424,1770,0
2025-03-19 08:00:00,995.601,995.701,991.97,992.901,626,3107,0
2025-03-19 09:00:00,992.901,993.891,985.421,989.021,2165,3067,0
2025-03-19 10:00:00,988.931,991.241,982.841,987.051,3065,2387,0
2025-03-19 11:00:00,987.051,990.751,986.391,990.541,1728,1527,0
2025-03-19 12:00:00,990.541,990.541,986.32,989.031,1063,2547,0
2025-03-19 13:00:00,988.931,993.671,986.67,990.921,1673,1790,0
2025-03-19 14:00:00,990.921,993.211,987.561,990.651,2221,2107,0
2025-03-19 15:00:00,990.671,994.551,986.431,990.131,2434,1157,0
2025-03-19 16:00:00,990.131,992.251,986.1,989.291,2149,1040,0
2025-03-19 17:00:00,989.291,998.511,989.271,996.811,1778,1757,0
2025-03-19 18:00:00,996.811,1000.521,996.021,997.641,913,2137,0
2025-03-19 19:00:00,997.421,997.761,990.551,990.591,1120,3367,0
2025-03-19 20:00:00,990.531,999.851,990.461,998.981,4019,2987,0
2025-03-19 21:00:00,998.931,1000.651,994.881,997.391,656,557,0
2025-03-19 22:00:00,997.491,997.721,994.48,994.97,1187,3367,0
2025-03-20 00:00:00,994.13,999.95,987.171,997.02,1653,1770,0
2025-03-20 01:00:00,998.521,999.531,996.08,999.291,2523,1770,0
2025-03-20 02:00:00,999.291,1000.091,997.581,998.201,336,2117,0
2025-03-20 03:00:00,998.201,1000.011,994.781,994.981,2047,2567,0
2025-03-20 04:00:00,995.011,997.981,993.841,995.011,1522,2167,0
2025-03-20 05:00:00,995.011,997.991,994.71,997.991,703,2000,0
2025-03-20 06:00:00,997.991,999.45,994.92,997.691,607,1770,0
2025-03-20 07:00:00,997.591,998.691,994.06,998.691,583,1770,0
2025-03-20 08:00:00,998.691,999.591,994.03,994.991,933,2087,0
2025-03-20 09:00:00,994.991,994.991,990.991,992.191,1760,617,0
2025-03-20 10:00:00,992.221,995.421,991.701,993.411,2405,1557,0
2025-03-20 11:00:00,993.391,994.381,988.291,989.491,1392,3267,0
2025-03-20 12:00:00,989.391,991.071,982.881,991.071,2716,2147,0
2025-03-20 13:00:00,991.021,991.461,987.081,988.301,2635,2767,0
2025-03-20 14:00:00,988.271,994.511,984.001,992.061,3005,1667,0
2025-03-20 15:00:00,992.031,993.771,986.031,986.091,4530,847,0
2025-03-20 16:00:00,986.041,990.001,984.471,989.011,4672,1017,0
2025-03-20 17:00:00,988.651,989.291,984.701,985.561,2853,1397,0
2025-03-20 18:00:00,985.581,986.001,983.711,984.401,2942,2127,0
2025-03-20 19:00:00,984.401,987.321,983.571,984.441,1963,1817,0
2025-03-20 20:00:00,984.451,986.741,984.441,985.801,1503,2387,0
2025-03-20 21:00:00,985.801,987.651,984.65,986.951,1344,2177,0
2025-03-20 22:00:00,986.581,992.171,984.11,986.46,564,397,0
2025-03-21 00:00:00,978.37,988.67,978.37,986.711,955,2300,0
2025-03-21 01:00:00,982.851,988.32,981.881,986.661,1637,2070,0
2025-03-21 02:00:00,984.091,987.571,982.591,984.371,2798,3717,0
2025-03-21 03:00:00,984.461,987.941,983.28,986.461,2060,397,0
2025-03-21 04:00:00,986.451,987.451,982.691,983.791,1127,977,0
2025-03-21 05:00:00,983.591,983.691,980.68,981.291,888,2967,0
2025-03-21 06:00:00,981.291,984.7,980.421,980.851,759,1770,0
2025-03-21 07:00:00,980.851,983.791,980.091,983.191,1162,2677,0
2025-03-21 08:00:00,983.191,988.456,983.121,984.581,1123,397,0
2025-03-21 09:00:00,984.541,985.841,978.931,979.721,812,2720,0
2025-03-21 10:00:00,979.611,982.711,976.881,979.411,1474,1887,0
2025-03-21 11:00:00,979.281,979.611,974.57,977.531,856,2137,0
2025-03-21 12:00:00,977.541,981.301,977.441,980.181,1546,2537,0
2025-03-21 13:00:00,980.131,981.911,976.601,977.001,1699,1247,0
2025-03-21 14:00:00,977.021,978.791,974.321,975.901,2262,797,0
2025-03-21 15:00:00,975.901,980.221,974.801,976.611,2080,1337,0
2025-03-21 16:00:00,976.701,979.821,973.761,976.711,5787,1467,0
2025-03-21 17:00:00,976.781,980.171,975.701,977.091,1479,2717,0
2025-03-21 18:00:00,977.091,980.821,976.471,978.521,1693,3047,0
2025-03-21 19:00:00,978.521,978.801,976.301,977.301,604,3647,0
2025-03-21 20:00:00,977.301,980.481,976.42,979.011,376,1390,0
2025-03-21 21:00:00,978.991,980.411,978.841,979.801,878,3797,0
2025-03-21 22:00:00,979.801,982.07,973.541,974.09,454,1390,0
2025-03-24 00:00:00,972.42,984.591,972.42,983.651,555,3410,0
2025-03-24 01:00:00,983.651,984.751,982.241,984.751,329,607,0
2025-03-24 02:00:00,984.751,985.181,981.761,982.631,413,877,0
2025-03-24 03:00:00,982.631,983.621,980.411,981.121,518,497,0
2025-03-24 04:00:00,981.121,983.221,980.531,981.531,534,707,0
2025-03-24 05:00:00,981.531,983.211,980.431,980.781,419,997,0
2025-03-24 06:00:00,980.681,981.531,977.5,980.561,250,1307,0
2025-03-24 07:00:00,980.431,982.421,976.78,981.921,370,1177,0
2025-03-24 08:00:00,981.871,982.811,978.531,981.521,494,1727,0
2025-03-24 09:00:00,981.661,983.701,977.361,977.571,2125,797,0
2025-03-24 10:00:00,977.541,985.771,976.871,982.521,1935,487,0
2025-03-24 11:00:00,982.581,983.041,975.331,978.521,2818,487,0
2025-03-24 12:00:00,977.641,981.231,975.211,977.181,3677,1167,0
2025-03-24 13:00:00,977.171,979.701,974.341,975.151,7343,1037,0
2025-03-24 14:00:00,975.101,982.141,972.431,975.161,3820,1807,0
2025-03-24 15:00:00,975.221,975.671,972.431,974.061,4243,1927,0
2025-03-24 16:00:00,973.941,974.351,970.201,973.541,3410,1477,0
2025-03-24 17:00:00,973.571,975.161,971.881,974.321,3145,2137,0
2025-03-24 18:00:00,974.321,977.421,971.761,971.931,2315,2117,0
2025-03-24 19:00:00,971.931,973.811,970.711,972.451,2010,2707,0
2025-03-24 20:00:00,972.431,974.361,971.821,973.611,2310,2707,0
2025-03-24 21:00:00,973.641,974.671,972.791,973.731,1035,2367,0
2025-03-24 22:00:00,973.731,975.511,972.32,974.1,233,1390,0
2025-03-25 00:00:00,974.15,974.641,967.101,972.551,209,1770,0
2025-03-25 01:00:00,972.551,974.14,970.56,973.531,32342,1770,0
2025-03-25 02:00:00,973.651,977.031,969.93,975.121,4680,1770,0
2025-03-25 03:00:00,975.121,977.031,973.091,975.011,2032,727,0
2025-03-25 04:00:00,974.871,975.461,970.98,974.501,1489,1770,0
2025-03-25 05:00:00,974.491,976.531,973.66,975.091,1411,2430,0
2025-03-25 06:00:00,975.091,977.27,973.43,975.291,338,1770,0
2025-03-25 07:00:00,975.291,977.61,974.06,975.521,820,1810,0
2025-03-25 08:00:00,975.481,977.751,973.48,977.651,3242,3277,0
2025-03-25 09:00:00,977.671,978.531,973.981,974.951,1367,2957,0
2025-03-25 10:00:00,975.091,982.28,974.471,980.901,1353,3820,0
2025-03-25 11:00:00,980.901,981.801,977.521,980.791,814,2497,0
2025-03-25 12:00:00,980.671,983.371,978.46,982.711,1406,1287,0
2025-03-25 13:00:00,982.701,984.9,979.39,981.391,1618,1160,0
2025-03-25 14:00:00,981.491,984.781,979.61,981.491,850,2117,0
2025-03-25 15:00:00,981.491,987.421,981.29,983.111,1668,2127,0
2025-03-25 16:00:00,983.251,987.631,982.561,985.861,4033,1317,0
2025-03-25 17:00:00,985.831,986.281,982.101,983.831,2661,2427,0
2025-03-25 18:00:00,983.781,984.701,980.301,980.891,2169,2787,0
2025-03-25 19:00:00,980.891,981.791,979.29,980.491,699,2630,0
2025-03-25 20:00:00,980.491,982.091,976.68,978.591,556,2550,0
2025-03-25 21:00:00,978.591,980.64,978.291,979.091,621,1390,0
2025-03-25 22:00:00,978.991,981.14,976.281,977.33,363,1390,0
2025-03-26 00:00:00,978.92,980.09,972.381,977.701,11773,1770,0
2025-03-26 01:00:00,977.721,979.56,976.26,978.321,415,1810,0
2025-03-26 02:00:00,978.331,979.44,976.25,978.831,3062,1770,0
2025-03-26 03:00:00,978.781,981.961,977.54,979.291,2211,1927,0
2025-03-26 04:00:00,979.311,981.531,978.231,980.961,2165,3747,0
2025-03-26 05:00:00,980.911,980.981,977.391,978.171,1624,3507,0
2025-03-26 06:00:00,978.201,978.361,974.0,975.861,1082,3117,0
2025-03-26 07:00:00,975.911,978.481,975.191,977.621,1517,1377,0
2025-03-26 08:00:00,977.671,979.191,975.431,976.401,1967,2197,0
2025-03-26 09:00:00,976.401,977.931,975.441,976.321,2177,4037,0
2025-03-26 10:00:00,976.391,977.961,974.981,975.691,2773,2887,0
2025-03-26 11:00:00,975.711,976.511,973.291,975.511,1532,2537,0
2025-03-26 12:00:00,975.361,978.011,973.44,977.331,592,2090,0
2025-03-26 13:00:00,977.221,978.72,974.161,977.23,1298,2207,0
2025-03-26 14:00:00,976.681,981.701,974.361,979.911,564,1227,0
2025-03-26 15:00:00,979.881,984.101,974.721,974.981,3613,1247,0
2025-03-26 16:00:00,974.951,980.031,974.941,977.971,3947,2257,0
2025-03-26 17:00:00,977.941,981.241,977.001,979.451,4672,1617,0
2025-03-26 18:00:00,979.221,979.431,975.731,976.271,3262,2357,0
2025-03-26 19:00:00,976.041,979.531,975.521,978.291,2957,397,0
2025-03-26 20:00:00,978.191,978.641,975.6,976.291,1502,2617,0
2025-03-26 21:00:00,976.191,976.791,975.091,976.291,680,2977,0
2025-03-26 22:00:00,976.291,977.551,968.62,968.95,363,3557,0
2025-03-27 00:00:00,976.3,976.661,972.821,973.931,2331,2800,0
2025-03-27 01:00:00,974.171,976.571,973.121,974.661,3613,0,0
2025-03-27 02:00:00,974.661,977.381,974.661,975.561,696,2117,0
2025-03-27 03:00:00,975.641,976.071,972.241,972.811,834,2467,0
2025-03-27 04:00:00,971.5,977.491,971.5,975.291,883,0,0
2025-03-27 05:00:00,975.291,976.791,973.15,975.591,586,0,0
2025-03-27 06:00:00,975.591,976.191,972.65,974.991,381,0,0
2025-03-27 07:00:00,974.991,975.291,973.091,974.201,551,3147,0
2025-03-27 08:00:00,974.201,974.201,971.12,971.801,131,1737,0
2025-03-27 09:00:00,971.801,976.201,970.41,976.201,394,1157,0
2025-03-27 10:00:00,976.201,977.301,971.091,973.591,709,917,0
2025-03-27 11:00:00,973.491,977.421,969.93,977.191,1370,507,0
2025-03-27 12:00:00,977.181,982.201,977.181,977.571,3090,1587,0
2025-03-27 13:00:00,977.541,977.551,968.946,976.121,2936,397,0
2025-03-27 14:00:00,976.211,977.571,970.681,973.141,4094,1287,0
2025-03-27 15:00:00,973.111,975.111,971.521,973.441,6844,1507,0
2025-03-27 16:00:00,973.461,983.131,973.441,983.131,5976,477,0
2025-03-27 17:00:00,983.081,989.511,982.741,983.241,5609,397,0
2025-03-27 18:00:00,983.291,985.511,981.011,982.501,5101,1007,0
2025-03-27 19:00:00,982.501,984.251,981.561,982.991,2931,1127,0
2025-03-27 20:00:00,983.081,987.171,982.691,986.031,2010,2027,0
2025-03-27 21:00:00,986.081,989.4,985.28,986.201,1277,2300,0
2025-03-27 22:00:00,986.211,988.091,982.08,982.67,890,2977,0
2025-03-28 00:00:00,988.31,990.561,981.451,987.891,1673,600,0
2025-03-28 01:00:00,987.891,992.2,984.36,987.001,232,1260,0
2025-03-28 02:00:00,987.001,990.0,984.26,986.301,188,1137,0
2025-03-28 03:00:00,986.301,990.341,986.301,987.691,1478,997,0
2025-03-28 04:00:00,987.691,990.291,983.981,984.081,1689,2047,0
2025-03-28 05:00:00,984.081,985.591,983.831,984.501,403,3927,0
2025-03-28 06:00:00,984.501,985.251,983.981,984.831,199,3857,0
2025-03-28 07:00:00,984.931,985.581,983.491,983.591,566,2967,0
2025-03-28 08:00:00,983.491,988.391,983.491,986.791,956,2237,0
2025-03-28 09:00:00,986.891,990.971,985.821,986.371,2683,1857,0
2025-03-28 10:00:00,986.361,991.121,982.961,988.461,1450,397,0
2025-03-28 11:00:00,988.581,988.781,983.961,985.291,1364,397,0
2025-03-28 12:00:00,985.291,987.311,982.341,984.681,1203,2687,0
2025-03-28 13:00:00,984.731,989.541,983.611,987.071,2474,2827,0
2025-03-28 14:00:00,987.071,989.651,984.101,985.731,4207,2197,0
2025-03-28 15:00:00,985.821,988.951,983.971,986.521,4988,1147,0
2025-03-28 16:00:00,986.081,987.141,977.381,979.701,6014,397,0
2025-03-28 17:00:00,979.651,984.671,979.651,982.601,2448,957,0
2025-03-28 18:00:00,982.641,985.391,980.001,983.641,2857,1357,0
2025-03-28 19:00:00,983.641,984.061,979.51,981.021,818,1780,0
2025-03-28 20:00:00,981.121,984.22,979.19,982.501,374,730,0
2025-03-28 21:00:00,982.601,984.651,980.78,984.511,4937,800,0
2025-03-28 22:00:00,984.441,985.391,981.27,981.32,371,1390,0
2025-03-31 01:00:00,978.03,987.281,978.03,987.041,699,3420,0
2025-03-31 02:00:00,987.161,987.501,983.971,985.481,2083,1727,0
2025-03-31 03:00:00,985.581,986.281,982.091,982.591,1502,397,0
2025-03-31 04:00:00,982.631,986.291,982.091,984.291,1900,977,0
2025-03-31 05:00:00,984.191,988.121,983.691,986.941,2391,1227,0
2025-03-31 06:00:00,986.791,988.981,986.571,987.121,1684,1317,0
2025-03-31 07:00:00,987.211,988.581,986.681,987.771,1338,1457,0
2025-03-31 08:00:00,987.751,990.701,986.331,990.641,1930,1657,0
2025-03-31 09:00:00,990.641,994.461,989.651,994.431,2954,827,0
2025-03-31 10:00:00,994.371,1000.591,992.981,997.941,3729,1007,0
2025-03-31 11:00:00,997.941,998.181,989.691,992.011,3420,1107,0
2025-03-31 12:00:00,991.961,992.531,988.101,989.611,2715,2287,0
2025-03-31 13:00:00,989.571,993.851,988.491,993.851,2322,2567,0
2025-03-31 14:00:00,993.841,994.221,987.011,992.521,2731,1807,0
2025-03-31 15:00:00,992.501,993.741,990.001,992.321,3969,2097,0
2025-03-31 16:00:00,992.311,997.071,979.341,989.601,7898,397,0
2025-03-31 17:00:00,990.501,995.711,989.521,994.301,6070,1127,0
2025-03-31 18:00:00,994.301,996.781,991.921,993.171,4251,1637,0
2025-03-31 19:00:00,993.151,997.181,992.781,996.051,3541,2097,0
2025-03-31 20:00:00,996.001,997.731,994.811,996.791,2719,1827,0
2025-03-31 21:00:00,996.821,999.331,996.471,998.151,2144,2807,0
2025-03-31 22:00:00,998.441,1000.301,998.441,1000.101,2035,2257,0
2025-03-31 23:00:00,1000.171,1000.171,993.15,993.85,955,2567,0
2025-04-01 01:00:00,987.7,996.151,987.7,994.271,1435,3470,0
2025-04-01 02:00:00,994.421,998.801,994.001,995.841,1468,3147,0
2025-04-01 03:00:00,995.831,999.151,994.551,996.401,1658,2327,0
2025-04-01 04:00:00,996.401,998.421,993.031,993.251,1028,1067,0
2025-04-01 05:00:00,993.231,997.046,992.781,995.031,3526,397,0
2025-04-01 06:00:00,995.031,995.391,990.47,993.831,2021,487,0
2025-04-01 07:00:00,993.731,996.561,992.651,995.591,1134,517,0
2025-04-01 08:00:00,995.611,997.111,990.381,991.281,3585,917,0
2025-04-01 09:00:00,991.261,993.291,988.541,991.071,5408,397,0
2025-04-01 10:00:00,991.071,994.311,987.731,988.131,1715,1997,0
2025-04-01 11:00:00,988.031,994.681,987.781,990.241,805,1457,0
2025-04-01 12:00:00,990.041,993.001,987.85,991.991,1022,2090,0
2025-04-01 13:00:00,992.081,996.461,989.271,994.321,3363,1757,0
2025-04-01 14:00:00,994.351,994.921,989.011,991.431,1252,1140,0
2025-04-01 15:00:00,991.231,993.121,988.631,988.841,1323,817,0
2025-04-01 16:00:00,988.931,995.091,987.471,989.991,3763,2737,0
2025-04-01 17:00:00,989.911,992.851,987.641,990.281,7723,1477,0
2025-04-01 18:00:00,990.201,994.341,988.151,988.411,4531,2127,0
2025-04-01 19:00:00,988.411,988.791,983.071,985.091,4052,1547,0
2025-04-01 20:00:00,985.101,987.741,984.941,986.871,2782,2357,0
2025-04-01 21:00:00,986.871,987.971,986.111,987.211,2783,2077,0
2025-04-01 22:00:00,987.191,987.641,986.211,987.041,2127,1587,0
2025-04-01 23:00:00,987.091,988.051,984.86,985.53,933,587,0
2025-04-02 01:00:00,986.25,986.66,982.291,986.361,1622,1770,0
2025-04-02 02:00:00,986.361,987.04,983.16,984.02,13475,1770,0
2025-04-02 03:00:00,986.51,989.291,983.94,985.601,1109,1407,0
2025-04-02 04:00:00,985.721,989.891,983.24,989.121,2893,2387,0
2025-04-02 05:00:00,989.121,990.211,986.221,987.501,2418,1837,0
2025-04-02 06:00:00,987.501,988.401,983.84,987.201,124,1337,0
2025-04-02 07:00:00,987.201,988.001,983.68,985.941,347,2277,0
2025-04-02 08:00:00,986.011,987.271,982.701,984.491,2880,2487,0
2025-04-02 09:00:00,984.491,985.071,978.871,979.911,1074,1527,0
2025-04-02 10:00:00,980.061,981.161,973.351,981.061,795,2547,0
2025-04-02 11:00:00,981.161,985.331,977.54,979.651,763,837,0
2025-04-02 12:00:00,979.551,981.671,977.25,978.47,995,1377,0
2025-04-02 13:00:00,980.39,981.721,977.791,978.521,742,1877,0
2025-04-02 14:00:00,978.621,981.751,977.82,979.451,602,1040,0
2025-04-02 15:00:00,979.551,981.361,977.961,980.331,1971,2167,0
2025-04-02 16:00:00,980.361,981.291,973.251,973.471,5591,1977,0
2025-04-02 17:00:00,973.471,976.861,971.491,972.031,4661,1547,0
2025-04-02 18:00:00,971.931,975.041,968.961,973.341,3846,1297,0
2025-04-02 19:00:00,973.391,975.561,972.051,973.301,3349,1697,0
2025-04-02 20:00:00,973.301,975.021,972.821,973.991,2127,1317,0
2025-04-02 21:00:00,973.981,974.221,969.831,972.601,2963,1897,0
2025-04-02 22:00:00,972.611,975.591,972.611,973.851,2496,4277,0
2025-04-02 23:00:00,973.691,981.951,967.201,967.99,6282,397,0
2025-04-03 01:00:00,968.58,980.091,954.551,980.091,950,1847,0
2025-04-03 02:00:00,980.051,985.331,978.17,981.301,6962,1267,0
2025-04-03 03:00:00,981.301,983.501,973.801,974.301,897,1457,0
2025-04-03 04:00:00,974.301,982.571,973.851,980.661,1035,2797,0
2025-04-03 05:00:00,980.661,982.011,979.161,979.661,576,2807,0
2025-04-03 06:00:00,979.801,982.001,979.231,981.501,431,2997,0
2025-04-03 07:00:00,981.501,982.701,971.381,971.421,438,2547,0
2025-04-03 08:00:00,971.421,976.551,969.441,975.961,1041,4477,0
2025-04-03 09:00:00,976.291,978.921,972.82,976.021,1448,2267,0
2025-04-03 10:00:00,976.071,978.651,971.731,977.871,4060,457,0
2025-04-03 11:00:00,977.791,978.121,969.191,970.021,1494,1727,0
2025-04-03 12:00:00,970.051,971.191,963.621,964.381,3073,877,0
2025-04-03 13:00:00,964.371,965.941,959.901,961.231,3125,1017,0
2025-04-03 14:00:00,961.241,967.221,960.631,964.551,2105,397,0
2025-04-03 15:00:00,964.431,965.101,956.051,958.021,4247,1287,0
2025-04-03 16:00:00,958.021,962.131,954.811,956.851,5170,397,0
2025-04-03 17:00:00,957.961,964.931,956.831,960.111,3497,557,0
2025-04-03 18:00:00,960.011,960.261,952.551,954.181,4634,937,0
2025-04-03 19:00:00,954.201,957.481,953.061,954.701,6155,1087,0
2025-04-03 20:00:00,954.631,955.961,951.891,952.301,4258,1807,0
2025-04-03 21:00:00,952.281,953.271,951.101,952.111,3333,3187,0
2025-04-03 22:00:00,952.091,952.151,947.561,947.951,3571,2587,0
2025-04-03 23:00:00,947.951,948.971,946.36,946.69,1427,3937,0
2025-04-04 01:00:00,943.32,951.191,941.061,950.711,764,3610,0
2025-04-04 02:00:00,950.711,952.691,948.63,952.021,1031,2877,0
2025-04-04 03:00:00,952.011,956.141,951.641,955.491,2253,1887,0
2025-04-04 04:00:00,955.431,956.371,949.571,949.821,2176,1227,0
2025-04-04 05:00:00,949.851,949.951,945.471,948.481,2468,1837,0
2025-04-04 06:00:00,948.481,953.671,946.931,952.661,2336,1517,0
2025-04-04 07:00:00,952.601,956.961,951.511,954.141,2086,1697,0
2025-04-04 08:00:00,954.141,959.941,953.881,956.231,1884,1727,0
2025-04-04 09:00:00,956.161,957.441,946.971,947.781,2918,867,0
2025-04-04 10:00:00,947.781,948.611,942.441,944.121,3849,787,0
2025-04-04 11:00:00,943.971,944.251,940.261,941.321,2292,397,0
2025-04-04 12:00:00,941.421,945.961,940.351,940.971,1794,1927,0
2025-04-04 13:00:00,941.051,943.571,937.681,939.531,3515,2407,0
2025-04-04 14:00:00,939.631,943.781,933.211,939.901,4417,2807,0
2025-04-04 15:00:00,940.141,941.031,927.901,933.421,6893,1397,0
2025-04-04 16:00:00,933.421,936.671,926.301,930.061,6167,1427,0
2025-04-04 17:00:00,930.061,930.511,920.151,926.801,6994,537,0
2025-04-04 18:00:00,926.771,934.461,920.111,921.141,8278,467,0
2025-04-04 19:00:00,921.161,922.611,918.041,918.921,3463,1197,0
2025-04-04 20:00:00,918.821,921.681,916.711,920.051,1431,747,0
2025-04-04 21:00:00,920.051,922.101,917.901,919.541,822,2607,0
2025-04-04 22:00:00,919.541,925.751,918.631,923.381,950,1617,0
2025-04-04 23:00:00,923.521,924.721,916.601,916.621,1352,997,0
2025-04-07 01:00:00,908.83,919.301,886.431,911.701,1357,657,0
2025-04-07 02:00:00,911.701,915.301,891.381,898.301,1640,397,0
2025-04-07 03:00:00,898.301,908.101,892.131,902.701,2509,1770,0
2025-04-07 04:00:00,902.701,938.401,902.701,929.301,3374,1770,0
2025-04-07 05:00:00,929.301,935.641,927.461,929.101,3126,2747,0
2025-04-07 06:00:00,929.101,931.85,926.881,930.971,2479,1770,0
2025-04-07 07:00:00,930.841,935.531,930.841,934.031,1407,1447,0
2025-04-07 08:00:00,933.881,935.571,928.091,929.481,1996,397,0
2025-04-07 09:00:00,929.451,931.071,921.371,921.751,2625,517,0
2025-04-07 10:00:00,921.681,921.971,909.841,911.691,3442,2697,0
2025-04-07 11:00:00,911.661,926.681,910.181,919.671,2483,397,0
2025-04-07 12:00:00,919.571,921.631,916.521,919.751,2704,3647,0
2025-04-07 13:00:00,919.641,925.351,919.511,921.761,1839,2170,0
2025-04-07 14:00:00,921.661,924.411,912.921,916.361,3060,3327,0
2025-04-07 15:00:00,915.861,924.121,910.101,922.021,4087,2387,0
2025-04-07 16:00:00,921.821,924.381,911.071,918.681,4623,1377,0
2025-04-07 17:00:00,918.531,926.091,911.171,913.481,12790,1217,0
2025-04-07 18:00:00,913.541,918.291,907.141,912.331,9714,1847,0
2025-04-07 19:00:00,912.221,913.561,906.81,908.69,8722,2307,0
2025-04-07 20:00:00,908.7,915.471,907.921,914.781,5848,1487,0
2025-04-07 21:00:00,914.891,915.591,908.681,909.641,1563,2467,0
2025-04-07 22:00:00,909.741,916.441,909.641,914.231,1414,3347,0
2025-04-07 23:00:00,914.131,916.25,912.48,914.33,933,1390,0
2025-04-08 01:00:00,915.97,917.021,913.12,914.38,5498,1770,0
2025-04-08 02:00:00,914.43,919.681,912.0,919.311,13823,1597,0
2025-04-08 03:00:00,919.461,924.431,918.24,921.061,1357,1567,0
2025-04-08 04:00:00,920.961,926.971,917.831,925.791,4800,1437,0
2025-04-08 05:00:00,925.771,928.711,925.751,926.911,2583,1957,0
2025-04-08 06:00:00,926.911,929.651,925.851,927.501,2843,2947,0
2025-04-08 07:00:00,927.121,931.061,927.121,930.661,2438,2457,0
2025-04-08 08:00:00,930.661,930.721,927.651,930.031,4356,3297,0
2025-04-08 09:00:00,930.031,932.251,928.091,930.971,4476,2297,0
2025-04-08 10:00:00,930.871,932.471,922.471,925.061,4474,1547,0
2025-04-08 11:00:00,925.061,930.041,922.721,923.821,3571,2057,0
2025-04-08 12:00:00,923.821,923.961,919.371,923.171,2878,3247,0
2025-04-08 13:00:00,923.161,926.991,921.871,925.971,3275,3157,0
2025-04-08 14:00:00,925.971,928.831,924.471,927.831,2328,2867,0
2025-04-08 15:00:00,927.731,928.411,922.171,922.361,3106,2077,0
2025-04-08 16:00:00,922.361,925.621,918.571,919.531,5963,1427,0
2025-04-08 17:00:00,919.811,922.851,918.121,921.321,10588,1977,0
2025-04-08 18:00:00,921.321,923.661,918.501,920.921,2466,2457,0
2025-04-08 19:00:00,920.591,922.691,917.021,917.281,3713,2557,0
2025-04-08 20:00:00,917.351,919.991,915.051,918.681,7093,1717,0
2025-04-08 21:00:00,918.701,926.631,918.471,921.791,6757,2597,0
2025-04-08 22:00:00,921.791,921.841,917.441,920.781,7217,2827,0
2025-04-08 23:00:00,920.751,921.241,917.16,920.01,2961,4727,0
2025-04-09 01:00:00,920.39,920.39,909.811,916.391,794,4120,0
2025-04-09 02:00:00,916.201,918.48,911.251,914.771,2049,1877,0
2025-04-09 03:00:00,914.801,917.061,913.571,914.491,4684,7827,0
2025-04-09 04:00:00,914.471,918.231,913.701,917.231,5481,5757,0
2025-04-09 05:00:00,917.231,919.981,916.101,918.101,2878,8957,0
2025-04-09 06:00:00,917.991,919.301,916.831,917.891,1332,9597,0
2025-04-09 07:00:00,917.781,922.42,915.65,920.701,7408,1770,0
2025-04-09 08:00:00,920.301,925.46,918.4,921.801,296,1770,0
2025-04-09 09:00:00,920.55,927.421,920.55,924.981,4188,1227,0
2025-04-09 10:00:00,924.891,930.601,921.691,926.451,5291,2537,0
2025-04-09 11:00:00,926.351,927.311,919.301,919.471,12517,2090,0
2025-04-09 12:00:00,919.521,923.621,918.221,919.391,1828,4247,0
2025-04-09 13:00:00,919.391,926.801,918.411,924.171,2397,1177,0
2025-04-09 14:00:00,924.081,928.831,922.471,924.281,6164,1447,0
2025-04-09 15:00:00,924.171,926.321,915.841,919.481,3356,397,0
2025-04-09 16:00:00,919.381,925.481,918.991,922.221,3929,767,0
2025-04-09 17:00:00,922.321,925.091,918.291,919.521,7293,1107,0
2025-04-09 18:00:00,919.531,923.071,918.291,921.711,5484,1537,0
2025-04-09 19:00:00,921.691,925.211,920.771,924.281,4363,497,0
2025-04-09 20:00:00,924.811,934.191,921.401,929.801,8866,887,0
2025-04-09 21:00:00,929.801,934.301,926.701,930.161,6034,1397,0
2025-04-09 22:00:00,930.131,933.871,928.471,930.701,5382,1597,0
2025-04-09 23:00:00,930.601,933.38,929.911,931.5,1946,1390,0
2025-04-10 00:00:00,931.5,931.5,931.5,931.5,60,6310,0
2025-04-10 01:00:00,931.5,935.571,929.601,934.311,855,1890,0
2025-04-10 02:00:00,934.311,937.271,933.12,936.371,603,1980,0
2025-04-10 03:00:00,936.371,936.601,932.061,933.881,1326,2917,0
2025-04-10 04:00:00,933.981,935.481,930.06,935.031,2238,2827,0
2025-04-10 05:00:00,935.031,939.381,934.931,936.811,993,3237,0
2025-04-10 06:00:00,936.811,938.161,936.321,936.991,1041,3437,0
2025-04-10 07:00:00,936.991,937.821,934.731,937.291,1709,3257,0
2025-04-10 08:00:00,937.291,939.271,935.631,938.841,860,1647,0
2025-04-10 09:00:00,938.731,941.381,936.831,939.401,2391,1497,0
2025-04-10 10:00:00,939.401,942.201,934.131,935.821,3009,967,0
2025-04-10 11:00:00,935.981,937.981,934.801,936.001,816,1277,0
2025-04-10 12:00:00,936.001,937.101,932.191,933.791,1536,1207,0
2025-04-10 13:00:00,933.791,938.661,932.901,936.851,3551,2387,0
2025-04-10 14:00:00,936.831,937.851,934.161,935.671,2746,2167,0
2025-04-10 15:00:00,935.771,940.771,931.301,934.121,5267,2307,0
2025-04-10 16:00:00,934.121,943.281,933.301,935.101,8022,1127,0
2025-04-10 17:00:00,935.821,938.291,933.801,938.091,11496,2077,0
2025-04-10 18:00:00,938.191,942.161,934.711,935.501,4358,397,0
2025-04-10 19:00:00,935.251,939.041,933.301,936.481,2797,917,0
2025-04-10 20:00:00,936.481,938.851,933.361,936.701,1587,2877,0
2025-04-10 21:00:00,936.701,939.231,934.911,935.991,1256,2397,0
2025-04-10 22:00:00,935.991,937.241,933.301,933.491,1419,2267,0
2025-04-10 23:00:00,933.491,934.411,932.451,933.05,307,2527,0
2025-04-11 01:00:00,932.75,937.29,925.761,934.981,1511,1970,0
2025-04-11 02:00:00,935.031,935.211,930.75,933.021,1252,4377,0
2025-04-11 03:00:00,932.921,944.641,930.3,941.301,6762,1327,0
2025-04-11 04:00:00,941.301,941.911,936.521,937.011,2224,2727,0
2025-04-11 05:00:00,937.011,940.461,936.361,939.301,1948,2757,0
2025-04-11 06:00:00,937.7,943.281,937.7,941.591,3443,1727,0
2025-04-11 07:00:00,941.571,942.521,940.811,941.561,2717,987,0
2025-04-11 08:00:00,941.591,943.611,939.451,940.811,2597,2657,0
2025-04-11 09:00:00,941.111,942.801,938.351,938.771,4009,2447,0
2025-04-11 10:00:00,938.771,950.261,938.771,947.701,5692,1957,0
2025-04-11 11:00:00,947.681,948.191,941.211,941.621,6274,1557,0
2025-04-11 12:00:00,941.571,946.401,938.981,946.201,7046,2987,0
2025-04-11 13:00:00,946.151,947.491,939.701,940.501,6410,1647,0
2025-04-11 14:00:00,940.521,945.001,940.451,944.501,3464,1957,0
2025-04-11 15:00:00,944.501,944.681,935.191,942.151,3023,1727,0
2025-04-11 16:00:00,942.171,944.581,940.201,940.601,9163,1007,0
2025-04-11 17:00:00,940.601,946.301,939.281,944.181,15042,737,0
2025-04-11 18:00:00,944.161,949.451,942.641,948.471,11441,777,0
2025-04-11 19:00:00,948.421,949.351,940.141,940.591,8794,1127,0
2025-04-11 20:00:00,940.591,942.971,938.131,939.101,5552,1147,0
2025-04-11 21:00:00,939.101,940.321,938.61,939.201,2633,2387,0
2025-04-11 22:00:00,939.201,945.101,938.991,944.391,4362,3057,0
2025-04-11 23:00:00,944.371,946.331,939.45,940.44,6360,3137,0
2025-04-14 01:00:00,936.78,949.501,936.78,946.931,4495,3787,0
2025-04-14 02:00:00,946.911,950.301,946.41,948.221,1829,1877,0
2025-04-14 03:00:00,948.251,949.791,947.231,947.701,2023,3367,0
2025-04-14 04:00:00,947.701,951.121,946.801,950.991,4844,3067,0
2025-04-14 05:00:00,951.001,952.591,948.131,948.801,2790,2967,0
2025-04-14 06:00:00,948.781,949.841,948.361,948.741,1656,3077,0
2025-04-14 07:00:00,948.741,950.201,948.681,950.151,1415,2997,0
2025-04-14 08:00:00,950.131,951.081,947.601,950.221,2028,2257,0
2025-04-14 09:00:00,950.201,952.751,949.601,952.051,2305,757,0
2025-04-14 10:00:00,952.041,957.211,952.041,955.211,2885,397,0
2025-04-14 11:00:00,955.211,956.566,952.23,955.001,2286,397,0
2025-04-14 12:00:00,955.001,958.251,954.781,958.251,2132,1037,0
2025-04-14 13:00:00,958.251,958.591,953.701,954.101,513,727,0
2025-04-14 14:00:00,954.101,954.791,949.601,950.891,2031,857,0
2025-04-14 15:00:00,950.921,952.031,945.801,949.811,4981,1277,0
2025-04-14 16:00:00,949.791,953.361,945.801,947.881,5004,2377,0
2025-04-14 17:00:00,947.881,958.381,946.651,956.181,6163,1877,0
2025-04-14 18:00:00,956.181,956.961,951.601,951.751,5669,847,0
2025-04-14 19:00:00,951.741,954.561,951.001,953.651,5244,2587,0
2025-04-14 20:00:00,953.721,955.351,951.301,954.901,4465,2897,0
2025-04-14 21:00:00,954.931,955.831,953.661,954.531,2901,2777,0
2025-04-14 22:00:00,954.511,956.341,953.631,953.921,2368,1967,0
2025-04-14 23:00:00,953.951,954.1,950.2,950.35,8072,1390,0
2025-04-15 01:00:00,949.17,951.261,947.131,950.401,220,2027,0
2025-04-15 02:00:00,950.301,950.601,949.711,950.151,155,1897,0
2025-04-15 03:00:00,950.151,951.321,949.501,950.231,417,1517,0
2025-04-15 04:00:00,950.231,951.821,948.681,949.971,1824,2187,0
2025-04-15 05:00:00,950.011,952.071,949.571,951.461,1659,3297,0
2025-04-15 06:00:00,951.511,953.991,949.941,953.021,1547,567,0
2025-04-15 07:00:00,953.041,953.721,950.03,952.191,1219,397,0
2025-04-15 08:00:00,952.211,954.171,950.451,953.311,1826,687,0
2025-04-15 09:00:00,953.311,955.751,951.161,954.981,2480,397,0
2025-04-15 10:00:00,954.961,959.291,954.961,958.821,2616,1067,0
2025-04-15 11:00:00,958.841,959.351,956.141,956.411,3520,1517,0
2025-04-15 12:00:00,956.381,959.121,955.601,957.101,2150,2317,0
2025-04-15 13:00:00,957.071,962.261,956.721,962.161,2017,1637,0
2025-04-15 14:00:00,962.181,963.671,959.161,959.851,2236,1657,0
2025-04-15 15:00:00,959.931,963.541,959.201,961.921,4318,1227,0
2025-04-15 16:00:00,961.921,963.611,956.86,959.671,20418,1347,0
2025-04-15 17:00:00,959.671,964.061,958.841,961.581,6593,1437,0
2025-04-15 18:00:00,961.601,963.331,959.801,961.501,2863,1977,0
2025-04-15 19:00:00,961.501,962.331,959.101,960.301,656,1987,0
2025-04-15 20:00:00,960.101,961.101,959.02,960.301,246,2907,0
2025-04-15 21:00:00,960.301,961.101,959.801,960.801,164,2167,0
2025-04-15 22:00:00,960.801,961.221,957.94,961.161,1807,2317,0
2025-04-15 23:00:00,961.191,961.521,957.96,958.01,352,2100,0
2025-04-16 01:00:00,953.25,961.761,953.25,956.651,914,537,0
2025-04-16 02:00:00,956.651,960.73,954.3,960.73,2681,1770,0
2025-04-16 03:00:00,960.201,962.001,957.501,958.601,276,2097,0
2025-04-16 04:00:00,958.601,960.861,958.001,960.251,1809,2327,0
2025-04-16 05:00:00,960.241,961.091,956.25,959.101,3073,1770,0
2025-04-16 06:00:00,959.101,960.991,956.82,960.481,658,1810,0
2025-04-16 07:00:00,960.481,961.561,959.23,960.451,1480,2727,0
2025-04-16 08:00:00,960.441,961.451,959.191,960.311,2675,1837,0
2025-04-16 09:00:00,960.311,960.401,955.901,959.641,2129,397,0
2025-04-16 10:00:00,959.541,962.921,957.671,958.561,2295,2227,0
2025-04-16 11:00:00,958.561,962.311,955.301,960.101,3129,577,0
2025-04-16 12:00:00,960.401,963.191,960.201,961.801,2852,2327,0
2025-04-16 13:00:00,961.831,964.961,960.771,963.771,3218,1037,0
2025-04-16 14:00:00,963.771,968.561,962.321,967.201,4273,1377,0
2025-04-16 15:00:00,967.181,972.081,965.221,968.601,2357,2677,0
2025-04-16 16:00:00,968.601,973.451,965.501,971.061,6107,527,0
2025-04-16 17:00:00,971.031,973.561,968.701,969.201,4410,1607,0
2025-04-16 18:00:00,969.201,970.791,964.201,968.201,1048,437,0
2025-04-16 19:00:00,968.201,972.901,965.79,972.201,441,977,0
2025-04-16 20:00:00,972.301,972.601,967.89,969.511,585,1567,0
2025-04-16 21:00:00,969.381,971.191,968.591,970.941,5942,397,0
2025-04-16 22:00:00,970.961,971.931,969.861,970.171,4967,397,0
2025-04-16 23:00:00,970.201,971.601,966.15,968.4,1483,397,0
2025-04-17 01:00:00,964.4,972.631,964.4,971.921,1006,2487,0
2025-04-17 02:00:00,971.961,974.151,970.091,970.361,1366,2217,0
2025-04-17 03:00:00,970.361,972.991,968.581,969.311,2755,2157,0
2025-04-17 04:00:00,969.311,970.331,963.601,964.641,6633,1777,0
2025-04-17 05:00:00,964.641,968.381,964.341,968.051,3588,607,0
2025-04-17 06:00:00,968.131,968.911,964.73,967.181,1776,977,0
2025-04-17 07:00:00,967.151,967.42,962.71,965.511,6335,847,0
2025-04-17 08:00:00,965.561,965.991,963.891,965.391,1924,897,0
2025-04-17 09:00:00,965.461,967.021,964.291,964.571,2816,1847,0
2025-04-17 10:00:00,964.621,966.811,958.811,962.831,4225,1697,0
2025-04-17 11:00:00,962.851,963.941,960.711,961.251,2960,527,0
2025-04-17 12:00:00,961.281,963.141,957.331,958.781,2248,1407,0
2025-04-17 13:00:00,958.781,961.431,955.981,955.981,2540,2587,0
2025-04-17 14:00:00,956.081,958.41,954.2,955.571,1923,1040,0
2025-04-17 15:00:00,955.461,962.501,953.901,960.711,4015,1697,0
2025-04-17 16:00:00,960.721,964.321,959.151,963.151,2865,2107,0
2025-04-17 17:00:00,963.211,965.391,960.351,961.841,8776,1837,0
2025-04-17 18:00:00,961.871,966.171,961.801,966.141,4718,2047,0
2025-04-17 19:00:00,966.111,970.371,965.921,969.791,3769,2257,0
2025-04-17 20:00:00,969.831,970.191,966.301,968.051,968,3277,0
2025-04-17 21:00:00,968.131,969.591,967.041,967.231,2352,2337,0
2025-04-17 22:00:00,967.211,968.641,965.801,967.971,2969,3287,0
2025-04-17 23:00:00,967.941,969.201,961.09,961.09,353,2637,0
2025-04-21 01:00:00,968.35,972.601,958.361,969.601,453,2237,0
2025-04-21 02:00:00,969.601,971.031,967.901,970.951,405,2147,0
2025-04-21 03:00:00,970.961,972.471,968.09,970.001,2539,1897,0
2025-04-21 04:00:00,970.001,973.101,969.24,971.901,1856,2437,0
2025-04-21 05:00:00,972.001,972.301,968.851,970.321,2498,2497,0
2025-04-21 06:00:00,970.331,972.091,969.951,971.631,1902,2697,0
2025-04-21 07:00:00,971.631,972.191,969.77,972.161,1291,2467,0
2025-04-21 08:00:00,972.161,975.101,971.601,974.391,2050,2167,0
2025-04-21 09:00:00,974.411,976.151,974.081,975.541,2812,1917,0
2025-04-21 10:00:00,975.591,977.581,972.23,974.151,2474,1847,0
2025-04-21 11:00:00,974.251,974.301,969.65,971.791,563,2717,0
2025-04-21 12:00:00,971.761,973.751,971.651,972.151,2077,2817,0
2025-04-21 13:00:00,972.181,974.811,971.941,974.431,1746,2517,0
2025-04-21 14:00:00,974.381,978.501,973.361,976.941,2638,2177,0
2025-04-21 15:00:00,976.941,978.451,967.901,969.401,774,397,0
2025-04-21 16:00:00,969.401,971.621,966.816,968.351,1773,397,0
2025-04-21 17:00:00,968.351,970.921,964.331,968.151,4358,397,0
2025-04-21 18:00:00,968.151,968.751,963.911,966.341,4057,1027,0
2025-04-21 19:00:00,966.331,967.101,963.831,964.481,3347,947,0
2025-04-21 20:00:00,964.481,965.751,963.211,965.511,3981,1347,0
2025-04-21 21:00:00,965.541,966.511,964.571,965.411,2488,1297,0
2025-04-21 22:00:00,965.391,966.331,963.201,965.851,1414,1177,0
2025-04-21 23:00:00,965.861,966.501,961.97,962.34,35282,1707,0
2025-04-22 00:00:00,962.55,962.55,962.34,962.55,408737,6820,0
2025-04-22 01:00:00,955.58,968.001,943.511,967.401,457,717,0
2025-04-22 02:00:00,967.401,971.121,962.09,968.801,1740,2107,0
2025-04-22 03:00:00,968.781,969.301,960.351,966.201,2054,457,0
2025-04-22 04:00:00,966.201,968.501,963.391,966.201,2029,1297,0
2025-04-22 05:00:00,965.781,969.261,962.711,969.031,3408,3307,0
2025-04-22 06:00:00,969.041,972.881,967.841,972.461,3380,3527,0
2025-04-22 07:00:00,972.431,973.261,971.571,972.431,2097,3257,0
2025-04-22 08:00:00,972.401,973.431,970.541,972.951,4175,2197,0
2025-04-22 09:00:00,972.971,974.801,971.191,971.941,4441,1667,0
2025-04-22 10:00:00,971.941,972.671,969.711,971.401,5381,397,0
2025-04-22 11:00:00,971.451,974.421,968.061,968.561,2712,397,0
2025-04-22 12:00:00,968.581,971.191,968.001,971.031,2733,2277,0
2025-04-22 13:00:00,971.031,972.771,970.281,970.281,2907,3177,0
2025-04-22 14:00:00,970.201,971.461,968.751,968.751,3098,3187,0
2025-04-22 15:00:00,968.781,970.881,963.301,963.301,777,397,0
2025-04-22 16:00:00,963.301,964.031,958.601,960.201,3039,1087,0
2025-04-22 17:00:00,959.901,964.911,959.301,961.731,1669,1027,0
2025-04-22 18:00:00,961.881,964.421,960.431,962.601,2470,1737,0
2025-04-22 19:00:00,962.611,963.891,959.701,961.101,2032,1017,0
2025-04-22 20:00:00,961.101,962.101,957.7,960.801,585,2147,0
2025-04-22 21:00:00,960.801,961.471,959.961,961.131,3613,1217,0
2025-04-22 22:00:00,961.111,961.251,959.001,959.001,2842,1947,0
2025-04-22 23:00:00,959.001,959.601,954.18,954.79,35668,1797,0
2025-04-23 00:00:00,954.78,954.79,954.78,954.79,402072,10430,0
2025-04-23 01:00:00,948.77,960.091,947.531,958.291,2330,4307,0
2025-04-23 02:00:00,958.391,959.291,954.851,955.501,2349,3617,0
2025-04-23 03:00:00,955.271,961.631,954.151,961.031,2134,1970,0
2025-04-23 04:00:00,961.121,962.631,959.531,961.341,2042,2367,0
2025-04-23 05:00:00,961.331,963.76,960.211,960.991,1061,1770,0
2025-04-23 06:00:00,961.091,963.311,959.131,963.031,1257,3387,0
2025-04-23 07:00:00,963.031,963.621,962.571,963.591,1818,1187,0
2025-04-23 08:00:00,963.561,963.671,959.481,959.951,4332,1097,0
2025-04-23 09:00:00,959.931,964.581,959.211,961.561,5657,2147,0
2025-04-23 10:00:00,961.591,967.071,961.581,966.271,4387,1327,0
2025-04-23 11:00:00,966.271,968.591,961.14,967.661,1227,1127,0
2025-04-23 12:00:00,967.821,969.411,966.101,966.271,2323,1947,0
2025-04-23 13:00:00,966.341,967.341,962.46,966.971,1845,1977,0
2025-04-23 14:00:00,966.871,968.401,965.161,967.041,3774,2237,0
2025-04-23 15:00:00,967.091,973.991,965.371,969.401,3840,1107,0
2025-04-23 16:00:00,969.101,975.031,967.901,971.861,6223,477,0
2025-04-23 17:00:00,972.461,979.151,968.331,978.081,8557,397,0
2025-04-23 18:00:00,978.081,978.661,972.801,975.001,3055,1197,0
2025-04-23 19:00:00,975.001,976.301,974.301,974.801,1603,2257,0
2025-04-23 20:00:00,974.801,975.461,971.611,973.821,4635,1097,0
2025-04-23 21:00:00,973.761,974.361,972.371,973.831,3338,1327,0
2025-04-23 22:00:00,973.831,975.741,973.601,975.501,3460,1647,0
2025-04-23 23:00:00,975.471,975.471,970.53,973.77,785,1927,0
2025-04-24 01:00:00,972.12,975.21,970.81,974.48,9206,1770,0
2025-04-24 02:00:00,971.59,975.65,971.15,973.351,3636,1770,0
2025-04-24 03:00:00,973.251,975.321,971.17,973.461,1319,1770,0
2025-04-24 04:00:00,973.481,974.311,970.361,971.701,6443,3237,0
2025-04-24 05:00:00,971.721,972.341,969.831,970.011,3978,3717,0
2025-04-24 06:00:00,969.991,970.141,968.411,969.191,3334,2917,0
2025-04-24 07:00:00,969.221,971.951,969.131,971.951,1704,2877,0
2025-04-24 08:00:00,971.901,975.331,970.931,973.801,2784,2137,0
2025-04-24 09:00:00,973.801,976.711,973.291,976.011,4336,2327,0
2025-04-24 10:00:00,975.961,976.871,971.801,973.081,3453,1827,0
2025-04-24 11:00:00,973.131,976.751,970.811,975.851,2649,1747,0
2025-04-24 12:00:00,975.781,977.471,974.52,977.061,2041,967,0
2025-04-24 13:00:00,977.121,979.301,972.98,977.791,1395,617,0
2025-04-24 14:00:00,977.821,979.481,975.771,979.331,1903,1497,0
2025-04-24 15:00:00,979.331,980.931,974.671,976.211,2353,577,0
2025-04-24 16:00:00,976.241,979.981,972.501,972.501,2145,577,0
2025-04-24 17:00:00,972.541,975.971,971.901,973.201,2888,2297,0
2025-04-24 18:00:00,973.201,976.871,972.401,973.011,4408,2397,0
2025-04-24 19:00:00,972.961,977.801,972.001,977.791,4285,1857,0
2025-04-24 20:00:00,977.771,977.801,973.901,974.501,1197,2537,0
2025-04-24 21:00:00,974.401,975.141,972.22,973.361,587,2667,0
2025-04-24 22:00:00,973.291,974.321,972.691,973.881,2179,2737,0
2025-04-24 23:00:00,973.941,975.57,973.321,975.57,24620,2247,0
2025-04-25 00:00:00,975.32,975.57,975.32,975.57,521314,3400,0
2025-04-25 01:00:00,975.32,977.031,970.701,975.831,1341,1667,0
2025-04-25 02:00:00,975.831,975.931,973.85,974.601,2192,3707,0
2025-04-25 03:00:00,974.581,977.641,974.431,976.551,2608,2097,0
2025-04-25 04:00:00,976.561,977.961,970.591,970.751,4229,1837,0
2025-04-25 05:00:00,970.701,972.121,968.81,972.091,3487,2507,0
2025-04-25 06:00:00,972.091,973.881,970.291,970.391,2753,2067,0
2025-04-25 07:00:00,970.291,971.801,968.591,971.301,834,2377,0
2025-04-25 08:00:00,971.301,971.301,966.301,966.801,119,2397,0
2025-04-25 09:00:00,966.801,966.801,963.291,963.891,1873,1897,0
2025-04-25 10:00:00,963.871,964.731,959.731,960.981,3215,1607,0
2025-04-25 11:00:00,960.991,965.781,958.54,965.781,1917,867,0
2025-04-25 12:00:00,965.881,968.231,965.121,965.621,611,827,0
2025-04-25 13:00:00,965.621,971.34,965.511,970.401,905,847,0
2025-04-25 14:00:00,970.501,970.501,962.94,963.901,496,2430,0
2025-04-25 15:00:00,963.661,973.411,963.661,972.931,1345,1040,0
2025-04-25 16:00:00,973.071,973.071,965.101,967.811,3662,1517,0
2025-04-25 17:00:00,967.811,972.291,967.411,970.361,2635,1277,0
2025-04-25 18:00:00,970.361,971.121,968.101,969.081,1354,747,0
2025-04-25 19:00:00,969.081,970.071,968.111,969.981,764,1857,0
2025-04-25 20:00:00,969.951,970.611,968.021,968.291,3942,2377,0
2025-04-25 21:00:00,968.241,968.811,967.431,967.631,2726,2697,0
2025-04-25 22:00:00,967.651,973.191,967.401,973.131,2600,2377,0
2025-04-25 23:00:00,973.221,975.671,970.541,972.02,3573,1167,0
2025-04-28 01:00:00,975.95,977.301,970.401,975.601,502,1097,0
2025-04-28 02:00:00,975.611,976.591,972.331,972.401,1655,1507,0
2025-04-28 03:00:00,972.451,975.22,970.75,974.801,369,1467,0
2025-04-28 04:00:00,974.801,974.951,967.07,969.601,552,1157,0
2025-04-28 05:00:00,969.701,970.19,966.17,969.111,19499,1770,0
2025-04-28 06:00:00,969.061,972.791,966.52,971.441,205,2307,0
2025-04-28 07:00:00,971.441,973.501,969.3,973.031,10128,2187,0
2025-04-28 08:00:00,972.931,975.461,972.931,975.181,605,1770,0
2025-04-28 09:00:00,975.191,975.531,972.03,972.621,1191,1417,0
2025-04-28 10:00:00,973.131,980.171,971.681,978.961,1721,1757,0
2025-04-28 11:00:00,978.891,980.001,975.501,978.871,1804,2347,0
2025-04-28 12:00:00,978.891,983.601,978.841,980.201,1116,397,0
2025-04-28 13:00:00,980.201,984.481,979.49,982.641,32417,2090,0
2025-04-28 14:00:00,982.741,984.98,980.14,982.981,563,547,0
2025-04-28 15:00:00,982.971,991.521,982.791,989.861,3167,1367,0
2025-04-28 16:00:00,989.991,993.091,984.901,985.411,4358,847,0
2025-04-28 17:00:00,985.491,993.911,985.321,990.701,5084,2237,0
2025-04-28 18:00:00,990.741,993.561,985.511,986.341,3304,2187,0
2025-04-28 19:00:00,986.291,989.601,985.801,989.021,1256,2397,0
2025-04-28 20:00:00,989.101,989.731,985.21,987.621,1733,1867,0
2025-04-28 21:00:00,987.621,989.791,987.371,988.921,1956,1807,0
2025-04-28 22:00:00,988.941,990.491,988.711,990.301,1766,2507,0
2025-04-28 23:00:00,990.391,991.301,986.77,987.08,244,1390,0
2025-04-29 01:00:00,987.96,990.901,984.64,985.5,2822,1727,0
2025-04-29 02:00:00,985.57,991.501,984.56,991.501,1292,797,0
2025-04-29 03:00:00,991.501,991.601,984.04,988.301,271,557,0
2025-04-29 04:00:00,988.301,989.801,983.94,989.501,200,1770,0
2025-04-29 05:00:00,989.601,992.301,986.01,990.001,3406,1770,0
2025-04-29 06:00:00,990.201,990.501,984.69,987.901,9101,1770,0
2025-04-29 07:00:00,987.901,989.001,983.78,987.401,204,1770,0
2025-04-29 08:00:00,987.401,988.401,983.5,986.301,2766,1770,0
2025-04-29 09:00:00,986.301,988.181,984.09,987.001,344,2147,0
2025-04-29 10:00:00,987.001,992.46,986.201,991.271,851,2090,0
2025-04-29 11:00:00,991.171,991.421,984.48,986.901,536,2300,0
2025-04-29 12:00:00,986.901,991.881,986.34,989.431,455,2167,0
2025-04-29 13:00:00,989.531,992.331,985.9,988.261,462,1137,0
2025-04-29 14:00:00,988.361,993.47,987.93,990.471,452,1040,0
2025-04-29 15:00:00,990.471,992.81,985.801,986.501,842,2507,0
2025-04-29 16:00:00,986.601,988.861,983.001,984.421,989,2827,0
2025-04-29 17:00:00,983.421,985.691,977.211,981.421,1720,2117,0
2025-04-29 18:00:00,981.521,986.921,979.1,983.361,850,1577,0
2025-04-29 19:00:00,983.241,983.571,978.27,983.461,3317,1510,0
2025-04-29 20:00:00,983.571,983.691,978.79,980.481,1177,1390,0
2025-04-29 21:00:00,980.261,981.7,977.0,978.61,10486,1390,0
2025-04-29 22:00:00,980.451,981.59,976.16,979.211,21054,1390,0
2025-04-29 23:00:00,979.261,980.56,976.33,979.24,9554,1390,0
2025-04-30 01:00:00,979.19,980.051,977.17,977.17,28544,3097,0
2025-04-30 02:00:00,977.17,979.451,976.86,978.351,152,2537,0
2025-04-30 03:00:00,976.76,979.651,975.76,978.701,245,3497,0
2025-04-30 04:00:00,978.591,979.411,975.36,976.101,366,3497,0
2025-04-30 05:00:00,975.771,979.151,972.76,976.201,317,3497,0
2025-04-30 06:00:00,976.091,981.301,976.091,979.501,118,397,0
2025-04-30 07:00:00,979.701,979.701,976.86,977.66,59,1757,0
2025-04-30 08:00:00,979.201,982.001,978.06,981.201,84,1687,0
2025-04-30 09:00:00,981.201,981.601,976.46,979.821,333,2137,0
2025-04-30 10:00:00,979.921,980.221,968.951,971.001,578,1817,0
2025-04-30 11:00:00,970.801,971.221,963.301,969.821,554,2477,0
2025-04-30 12:00:00,969.871,970.521,964.86,967.251,460,2577,0
2025-04-30 13:00:00,967.101,970.681,964.76,970.211,403,3327,0
2025-04-30 14:00:00,970.111,971.861,965.63,969.361,479,2217,0
2025-04-30 15:00:00,969.461,973.211,963.901,967.951,1277,2177,0
2025-04-30 16:00:00,967.811,970.451,963.701,963.861,1045,1667,0
2025-04-30 17:00:00,963.861,971.911,963.301,971.341,2751,857,0
2025-04-30 18:00:00,971.241,973.631,966.17,971.071,898,467,0
2025-04-30 19:00:00,971.081,971.581,967.13,968.321,523,1390,0
2025-04-30 20:00:00,968.151,969.581,964.45,968.781,1145,1390,0
2025-04-30 21:00:00,968.781,970.081,964.61,967.831,389,1700,0
2025-04-30 22:00:00,967.731,968.671,963.94,968.011,12803,1390,0
2025-04-30 23:00:00,968.141,969.75,965.39,968.05,3747,1390,0
2025-05-01 01:00:00,967.07,971.01,962.931,969.54,381,1770,0
2025-05-01 02:00:00,969.59,969.86,967.361,967.861,328,1770,0
2025-05-01 03:00:00,967.83,968.311,963.981,965.671,437,2080,0
2025-05-01 04:00:00,965.541,968.06,962.701,965.211,348,1770,0
2025-05-01 05:00:00,965.111,967.21,962.54,965.011,2585,397,0
2025-05-01 06:00:00,965.111,965.221,960.621,962.81,340,1477,0
2025-05-01 07:00:00,962.88,963.31,960.23,961.021,295,1770,0
2025-05-01 08:00:00,960.941,962.16,959.19,961.891,278,1770,0
2025-05-01 09:00:00,962.031,962.331,959.7,960.781,323,2090,0
2025-05-01 10:00:00,960.931,962.05,957.701,959.421,347,2090,0
2025-05-01 11:00:00,959.521,968.181,959.061,965.9,412,2090,0
2025-05-01 12:00:00,966.4,970.071,965.57,966.231,441,1367,0
2025-05-01 13:00:00,966.131,966.231,960.77,961.161,473,2090,0
2025-05-01 14:00:00,961.061,962.63,958.501,958.701,508,1617,0
2025-05-01 15:00:00,958.601,967.451,956.801,965.001,1382,1127,0
2025-05-01 16:00:00,964.801,971.366,961.661,962.611,1757,397,0
2025-05-01 17:00:00,962.781,965.901,959.601,963.581,2088,1667,0
2025-05-01 18:00:00,963.571,965.771,961.101,961.981,1381,1807,0
2025-05-01 19:00:00,961.881,962.501,959.81,962.101,627,1810,0
2025-05-01 20:00:00,962.201,965.2,961.601,964.001,755,1390,0
2025-05-01 21:00:00,964.201,967.671,963.01,966.281,1133,1127,0
2025-05-01 22:00:00,966.281,967.551,963.87,966.621,902,417,0
2025-05-01 23:00:00,966.521,967.721,963.91,964.25,2508,987,0
2025-05-02 00:00:00,964.35,964.35,964.25,964.35,35249,7100,0
2025-05-02 01:00:00,964.25,967.911,961.56,967.861,1493,1737,0
2025-05-02 02:00:00,962.85,968.761,962.52,968.161,925,1477,0
2025-05-02 03:00:00,968.021,970.411,963.81,968.041,657,1757,0
2025-05-02 04:00:00,968.141,969.121,963.3,968.791,661,397,0
2025-05-02 05:00:00,968.901,970.941,966.19,969.411,757,677,0
2025-05-02 06:00:00,969.521,974.441,966.83,973.541,778,2090,0
2025-05-02 07:00:00,973.441,974.731,968.42,969.06,714,1770,0
2025-05-02 08:00:00,969.08,973.941,966.87,972.521,606,1770,0
2025-05-02 09:00:00,972.511,973.491,966.61,969.171,1421,2550,0
2025-05-02 10:00:00,969.341,974.011,967.171,971.231,1241,2827,0
2025-05-02 11:00:00,971.131,973.381,967.39,969.981,717,2430,0
2025-05-02 12:00:00,969.991,970.301,965.011,968.481,1015,2837,0
2025-05-02 13:00:00,968.611,970.861,965.48,968.091,1156,2090,0
2025-05-02 14:00:00,967.961,970.801,966.44,968.671,744,1100,0
2025-05-02 15:00:00,968.811,974.061,965.681,972.271,2391,2537,0
2025-05-02 16:00:00,972.171,972.211,967.701,969.001,1359,2027,0
2025-05-02 17:00:00,969.201,975.181,968.201,974.921,1136,1977,0
2025-05-02 18:00:00,974.921,975.381,960.901,962.601,988,1807,0
2025-05-02 19:00:00,962.701,965.171,961.29,963.401,632,2627,0
2025-05-02 20:00:00,963.401,966.1,961.62,964.72,3716,1390,0
2025-05-02 21:00:00,962.93,966.55,961.69,964.701,8047,1390,0
2025-05-02 22:00:00,964.701,967.9,963.01,965.301,216,1390,0
2025-05-02 23:00:00,965.201,967.55,962.301,962.95,7403,1390,0
2025-05-05 01:00:00,961.38,963.201,957.101,961.601,397,3357,0
2025-05-05 02:00:00,961.601,962.701,958.7,958.93,469,2190,0
2025-05-05 03:00:00,961.401,961.401,956.63,960.241,531,2197,0
2025-05-05 04:00:00,960.241,963.851,960.001,962.721,1684,2467,0
2025-05-05 05:00:00,962.721,965.491,962.101,964.011,1184,2707,0
2025-05-05 06:00:00,964.011,965.401,961.33,964.901,459,1770,0
2025-05-05 07:00:00,964.901,965.94,962.33,964.961,291,1770,0
2025-05-05 08:00:00,964.961,967.21,963.91,966.001,197,2080,0
2025-05-05 09:00:00,966.001,967.601,963.99,967.401,1321,2657,0
2025-05-05 10:00:00,967.401,967.401,964.601,964.801,708,1817,0
2025-05-05 11:00:00,964.801,967.991,964.801,966.591,573,1887,0
2025-05-05 12:00:00,966.691,969.241,966.091,969.171,847,1517,0
2025-05-05 13:00:00,969.281,970.201,965.591,966.311,1198,1507,0
2025-05-05 14:00:00,966.411,967.321,963.261,963.701,1000,827,0
2025-05-05 15:00:00,963.701,971.611,962.401,968.891,1842,397,0
2025-05-05 16:00:00,968.941,970.551,963.791,964.621,3150,397,0
2025-05-05 17:00:00,964.121,964.971,958.741,959.161,3507,1477,0
2025-05-05 18:00:00,959.091,960.271,956.931,958.511,2964,1817,0
2025-05-05 19:00:00,958.461,960.831,957.561,958.531,3112,1917,0
2025-05-05 20:00:00,958.551,959.901,957.101,959.401,356,1787,0
2025-05-05 21:00:00,959.401,960.401,957.53,960.001,191,2007,0
2025-05-05 22:00:00,960.001,963.221,960.001,961.751,1824,2137,0
2025-05-05 23:00:00,961.711,964.4,958.031,961.75,989,1390,0
2025-05-06 01:00:00,962.64,963.18,956.561,960.281,870,2140,0
2025-05-06 02:00:00,960.301,964.03,959.95,962.391,1473,1770,0
2025-05-06 03:00:00,962.321,963.901,959.581,963.501,1953,3847,0
2025-05-06 04:00:00,963.801,970.001,963.801,969.951,5936,2377,0
2025-05-06 05:00:00,969.961,973.861,969.571,973.071,2417,957,0
2025-05-06 06:00:00,973.091,975.211,970.3,974.551,1421,687,0
2025-05-06 07:00:00,974.551,975.761,974.231,975.301,1257,397,0
2025-05-06 08:00:00,975.351,975.621,971.05,975.391,1187,397,0
2025-05-06 09:00:00,975.381,977.481,971.791,975.631,1046,397,0
2025-05-06 10:00:00,975.641,980.491,975.501,978.351,2133,1447,0
2025-05-06 11:00:00,978.401,978.901,975.621,977.261,2924,1417,0
2025-05-06 12:00:00,977.271,977.951,975.271,977.411,2679,2087,0
2025-05-06 13:00:00,977.461,978.161,975.691,978.161,1935,2037,0
2025-05-06 14:00:00,978.121,978.121,975.811,976.461,2327,2077,0
2025-05-06 15:00:00,976.441,984.151,975.821,981.691,3363,1077,0
2025-05-06 16:00:00,981.691,987.001,981.531,982.801,2653,1137,0
2025-05-06 17:00:00,983.181,986.821,981.501,981.801,2414,627,0
2025-05-06 18:00:00,981.601,985.931,981.201,985.051,1400,2007,0
2025-05-06 19:00:00,985.001,987.861,984.471,985.201,2250,2627,0
2025-05-06 20:00:00,985.211,988.001,985.001,985.701,1162,1987,0
2025-05-06 21:00:00,985.701,988.061,984.801,988.041,937,2587,0
2025-05-06 22:00:00,987.991,988.241,987.201,987.201,916,2037,0
2025-05-06 23:00:00,987.231,987.72,984.84,985.35,416,1570,0
2025-05-07 01:00:00,984.89,989.231,979.781,986.351,898,2530,0
2025-05-07 02:00:00,986.451,988.67,982.9,987.741,1759,1970,0
2025-05-07 03:00:00,987.741,987.751,979.12,980.9,749,2090,0
2025-05-07 04:00:00,982.7,984.401,977.851,983.601,1334,1917,0
2025-05-07 05:00:00,983.601,983.831,980.901,983.061,2138,777,0
2025-05-07 06:00:00,983.061,985.891,980.67,984.861,1655,2587,0
2025-05-07 07:00:00,984.861,985.981,984.331,984.751,1051,3177,0
2025-05-07 08:00:00,984.811,986.091,984.501,985.491,1954,3267,0
2025-05-07 09:00:00,985.591,988.441,985.591,987.941,1054,1577,0
2025-05-07 10:00:00,987.941,989.361,986.231,987.981,985,1347,0
2025-05-07 11:00:00,988.081,990.851,985.131,986.021,1169,1707,0
2025-05-07 12:00:00,986.001,986.771,980.431,983.151,2236,2397,0
2025-05-07 13:00:00,983.071,987.201,982.571,986.801,3099,1897,0
2025-05-07 14:00:00,986.801,991.101,986.701,988.911,638,427,0
2025-05-07 15:00:00,989.031,989.211,985.201,987.801,1410,467,0
2025-05-07 16:00:00,987.651,989.801,984.921,988.801,1640,397,0
2025-05-07 17:00:00,988.571,990.801,985.571,988.501,1047,397,0
2025-05-07 18:00:00,988.501,989.811,985.131,985.651,1684,1127,0
2025-05-07 19:00:00,985.601,985.891,981.201,983.001,1039,1590,0
2025-05-07 20:00:00,983.001,983.871,979.351,979.351,904,2367,0
2025-05-07 21:00:00,979.351,983.961,979.051,980.631,3716,2897,0
2025-05-07 22:00:00,980.731,980.931,975.901,977.301,1384,2537,0
2025-05-07 23:00:00,977.301,977.591,975.2,975.73,2589,2577,0
2025-05-08 00:00:00,976.65,976.65,975.73,976.65,35273,6100,0
2025-05-08 01:00:00,976.16,977.001,969.061,976.101,293,3060,0
2025-05-08 02:00:00,976.101,977.48,974.93,977.071,541,3300,0
2025-05-08 03:00:00,977.191,982.161,976.971,981.711,1494,2277,0
2025-05-08 04:00:00,981.711,986.711,981.591,986.291,899,2087,0
2025-05-08 05:00:00,986.731,987.081,983.56,985.421,2023,1950,0
2025-05-08 06:00:00,985.421,986.991,983.19,985.771,869,2277,0
2025-05-08 07:00:00,985.801,986.531,983.561,983.591,1307,2357,0
2025-05-08 08:00:00,983.591,984.041,980.601,980.691,2594,2217,0
2025-05-08 09:00:00,980.671,980.821,976.001,976.401,1493,1237,0
2025-05-08 10:00:00,976.381,978.781,974.061,977.861,2537,2147,0
2025-05-08 11:00:00,977.931,978.771,975.461,976.101,1592,1567,0
2025-05-08 12:00:00,976.101,979.901,975.501,979.301,228,1197,0
2025-05-08 13:00:00,979.301,983.701,976.861,981.801,553,1247,0
2025-05-08 14:00:00,981.801,983.401,980.601,983.401,426,1217,0
2025-05-08 15:00:00,983.401,986.301,982.601,984.401,1105,627,0
2025-05-08 16:00:00,984.601,990.761,984.311,987.901,866,687,0
2025-05-08 17:00:00,987.901,989.421,985.001,985.021,2845,1787,0
2025-05-08 18:00:00,985.121,987.821,984.701,985.801,1555,1727,0
2025-05-08 19:00:00,985.801,985.801,981.591,981.811,1755,417,0
2025-05-08 20:00:00,981.811,983.861,980.011,983.341,2834,2357,0
2025-05-08 21:00:00,983.341,983.851,982.701,982.901,1774,3247,0
2025-05-08 22:00:00,982.901,983.051,981.201,981.691,1202,2987,0
2025-05-08 23:00:00,981.701,984.61,981.701,982.75,1080,2727,0
2025-05-09 01:00:00,983.96,985.301,977.721,985.301,638,3600,0
2025-05-09 02:00:00,985.301,985.33,981.611,982.361,1029,2450,0
2025-05-09 03:00:00,982.391,984.101,981.291,983.801,643,687,0
2025-05-09 04:00:00,983.801,983.901,978.27,980.301,488,587,0
2025-05-09 05:00:00,980.301,983.311,977.59,982.981,517,2317,0
2025-05-09 06:00:00,983.081,983.381,980.13,982.091,1320,407,0
2025-05-09 07:00:00,982.091,984.88,980.9,984.67,546,1587,0
2025-05-09 08:00:00,984.6,985.39,980.92,985.031,3997,1107,0
2025-05-09 09:00:00,985.051,988.401,982.78,988.021,1219,1027,0
2025-05-09 10:00:00,988.021,991.851,983.94,987.92,771,1547,0
2025-05-09 11:00:00,990.371,990.551,985.39,988.341,1080,2147,0
2025-05-09 12:00:00,988.291,989.961,986.231,989.901,1576,2447,0
2025-05-09 13:00:00,990.111,990.111,985.18,987.371,1024,2367,0
2025-05-09 14:00:00,987.461,989.151,984.721,985.731,2051,1860,0
2025-05-09 15:00:00,985.801,988.441,985.651,986.251,2894,3647,0
2025-05-09 16:00:00,986.051,991.091,985.341,990.651,4483,1747,0
2025-05-09 17:00:00,990.921,995.571,989.17,993.101,2278,397,0
2025-05-09 18:00:00,993.211,1000.631,992.601,1000.311,3129,2087,0
2025-05-09 19:00:00,1000.341,1000.611,997.381,999.311,2312,1417,0
2025-05-09 20:00:00,999.341,1000.821,997.04,1000.801,3439,1750,0
2025-05-09 21:00:00,1000.851,1001.541,997.84,999.771,1581,1567,0
2025-05-09 22:00:00,999.801,1000.131,997.661,998.961,871,2237,0
2025-05-09 23:00:00,998.861,999.851,995.04,997.75,157,1840,0
2025-05-12 01:00:00,995.42,1002.691,994.62,1000.411,6274,2750,0
2025-05-12 02:00:00,1000.901,1002.391,997.6,1001.03,23848,2900,0
2025-05-12 03:00:00,998.52,1001.03,994.28,996.841,1618,1880,0
2025-05-12 04:00:00,996.971,1000.791,996.141,998.391,2270,2087,0
2025-05-12 05:00:00,998.391,1002.141,998.291,1001.201,2231,2757,0
2025-05-12 06:00:00,1001.181,1002.331,1000.311,1000.991,1444,2557,0
2025-05-12 07:00:00,1000.961,1002.97,999.81,1001.651,696,1770,0
2025-05-12 08:00:00,1001.751,1002.151,999.761,1001.531,1292,2037,0
2025-05-12 09:00:00,1001.501,1004.051,1000.18,1002.001,2025,1647,0
2025-05-12 10:00:00,1001.901,1005.811,983.931,987.251,4551,1667,0
2025-05-12 11:00:00,987.271,990.021,983.491,985.031,2118,827,0
2025-05-12 12:00:00,985.031,985.141,981.391,981.541,931,887,0
2025-05-12 13:00:00,981.901,983.651,978.061,979.971,2545,977,0
2025-05-12 14:00:00,979.991,986.071,979.761,983.181,4477,2177,0
2025-05-12 15:00:00,983.151,983.181,976.901,982.451,2292,1097,0
2025-05-12 16:00:00,982.431,984.551,979.601,980.681,3210,1567,0
2025-05-12 17:00:00,980.681,981.551,977.201,979.611,4201,1867,0
2025-05-12 18:00:00,979.641,981.811,979.121,980.601,2408,2117,0
2025-05-12 19:00:00,980.601,981.001,979.031,980.501,422,1837,0
2025-05-12 20:00:00,980.501,981.001,979.301,980.701,394,1687,0
2025-05-12 21:00:00,980.701,981.601,979.701,981.501,158,2397,0
2025-05-12 22:00:00,981.501,982.101,980.47,981.001,179,2387,0
2025-05-12 23:00:00,980.801,981.451,979.0,981.23,1772,2637,0
2025-05-13 01:00:00,981.66,984.101,976.051,982.101,648,2507,0
2025-05-13 02:00:00,982.101,982.501,979.22,980.601,221,2967,0
2025-05-13 03:00:00,980.601,982.911,979.3,982.151,488,1637,0
2025-05-13 04:00:00,982.151,984.541,981.531,982.841,691,1447,0
2025-05-13 05:00:00,982.841,985.801,982.841,985.261,518,2317,0
2025-05-13 06:00:00,985.261,988.391,985.261,987.691,275,1877,0
2025-05-13 07:00:00,987.691,988.601,987.071,987.921,517,1107,0
2025-05-13 08:00:00,987.921,988.951,986.501,987.821,872,1567,0
2025-05-13 09:00:00,987.861,991.121,985.42,990.051,919,1267,0
2025-05-13 10:00:00,990.071,992.321,986.54,991.321,1620,1047,0
2025-05-13 11:00:00,991.321,991.731,987.481,989.961,772,1497,0
2025-05-13 12:00:00,989.941,992.961,988.75,992.471,1673,1947,0
2025-05-13 13:00:00,992.431,992.901,990.041,992.681,1611,3497,0
2025-05-13 14:00:00,992.701,993.291,988.341,988.461,2264,1647,0
2025-05-13 15:00:00,988.531,990.421,984.241,988.781,4735,1557,0
2025-05-13 16:00:00,988.711,990.541,985.661,986.201,6044,997,0
2025-05-13 17:00:00,986.631,990.251,985.521,988.941,4692,1197,0
2025-05-13 18:00:00,988.951,991.991,988.941,991.301,3286,1337,0
2025-05-13 19:00:00,991.271,992.801,990.991,991.671,2069,2267,0
2025-05-13 20:00:00,991.721,993.101,990.221,990.591,1859,2257,0
2025-05-13 21:00:00,990.561,991.321,990.121,990.951,1161,2547,0
2025-05-13 22:00:00,991.001,992.191,989.7,991.511,1248,2477,0
2025-05-13 23:00:00,991.581,992.52,989.801,990.15,649,1590,0
2025-05-14 01:00:00,981.55,989.691,979.591,989.481,634,3630,0
2025-05-14 02:00:00,989.461,991.561,988.96,991.021,675,4037,0
2025-05-14 03:00:00,991.051,991.421,987.891,990.141,1144,3557,0
2025-05-14 04:00:00,990.251,993.891,989.991,991.391,2224,3137,0
2025-05-14 05:00:00,991.391,992.101,989.891,990.591,1417,2967,0
2025-05-14 06:00:00,990.591,993.821,990.291,993.251,1580,1367,0
2025-05-14 07:00:00,993.251,994.061,991.641,992.671,1051,2347,0
2025-05-14 08:00:00,992.651,996.791,990.94,996.191,1626,2157,0
2025-05-14 09:00:00,996.431,998.391,993.27,997.091,1091,1607,0
2025-05-14 10:00:00,997.191,999.391,996.711,998.951,2069,1507,0
2025-05-14 11:00:00,999.081,999.491,997.121,998.431,2739,1577,0
2025-05-14 12:00:00,998.551,998.911,992.801,992.801,2869,2747,0
2025-05-14 13:00:00,992.801,995.431,991.721,995.001,2087,2037,0
2025-05-14 14:00:00,995.031,997.391,994.351,996.271,2569,2007,0
2025-05-14 15:00:00,996.291,997.161,988.201,988.701,2389,1427,0
2025-05-14 16:00:00,988.701,991.501,985.901,988.001,5346,1627,0
2025-05-14 17:00:00,988.001,988.801,981.591,984.031,1307,1827,0
2025-05-14 18:00:00,984.131,985.411,980.96,983.691,1232,1837,0
2025-05-14 19:00:00,983.791,984.901,981.451,983.531,1087,1677,0
2025-05-14 20:00:00,983.531,983.941,980.09,983.011,1653,1757,0
2025-05-14 21:00:00,982.991,983.001,979.56,982.011,1436,2597,0
2025-05-14 22:00:00,981.981,982.291,981.051,982.091,1365,2707,0
2025-05-14 23:00:00,982.161,984.851,980.51,984.13,806,1987,0
2025-05-15 01:00:00,983.75,984.961,980.291,982.891,534,2790,0
2025-05-15 02:00:00,982.861,984.491,982.341,984.261,806,4687,0
2025-05-15 03:00:00,984.241,985.381,981.69,983.831,642,2750,0
2025-05-15 04:00:00,983.831,988.451,983.731,986.501,2210,2107,0
2025-05-15 05:00:00,986.531,987.021,984.111,984.391,1072,2477,0
2025-05-15 06:00:00,984.401,985.651,983.561,984.811,445,1837,0
2025-05-15 07:00:00,984.811,986.541,982.86,984.931,284,1827,0
2025-05-15 08:00:00,984.931,986.131,980.541,981.461,631,867,0
2025-05-15 09:00:00,981.691,982.211,979.171,980.541,2866,937,0
2025-05-15 10:00:00,980.511,980.621,972.291,974.451,3070,1677,0
2025-05-15 11:00:00,973.611,978.151,973.161,977.701,2094,1707,0
2025-05-15 12:00:00,977.701,983.171,976.751,982.881,564,2367,0
2025-05-15 13:00:00,982.881,987.571,981.76,984.991,453,1397,0
2025-05-15 14:00:00,984.891,988.211,984.501,987.111,1602,1217,0
2025-05-15 15:00:00,987.191,988.861,982.681,988.201,3736,1197,0
2025-05-15 16:00:00,988.181,990.521,986.761,988.301,4806,1667,0
2025-05-15 17:00:00,988.601,991.941,986.601,990.801,3038,1477,0
2025-05-15 18:00:00,990.721,993.291,987.8,993.191,2144,1357,0
2025-05-15 19:00:00,993.191,994.791,992.051,993.451,1629,1007,0
2025-05-15 20:00:00,993.431,994.661,991.521,991.601,1730,1207,0
2025-05-15 21:00:00,991.601,992.491,989.68,991.701,1187,2807,0
2025-05-15 22:00:00,991.701,993.211,989.5,992.721,789,1737,0
2025-05-15 23:00:00,992.671,993.941,989.99,992.15,35695,1257,0
2025-05-16 01:00:00,991.93,994.291,986.301,994.081,1001,2897,0
2025-05-16 02:00:00,993.981,994.61,991.54,993.801,967,2790,0
2025-05-16 03:00:00,993.741,994.121,992.431,992.501,1721,3317,0
2025-05-16 04:00:00,992.501,993.721,991.931,992.741,2559,1157,0
2025-05-16 05:00:00,992.661,992.951,990.341,991.161,2073,2257,0
2025-05-16 06:00:00,991.131,991.431,987.0,989.831,1749,2077,0
2025-05-16 07:00:00,989.851,991.181,989.211,990.631,1529,1717,0
2025-05-16 08:00:00,990.661,992.221,989.861,990.921,1276,1707,0
2025-05-16 09:00:00,991.021,991.641,987.741,988.391,413,2127,0
2025-05-16 10:00:00,988.391,989.441,984.251,985.101,926,2377,0
2025-05-16 11:00:00,985.181,989.721,984.991,988.091,1387,1647,0
2025-05-16 12:00:00,988.061,988.821,985.401,985.641,1262,1437,0
2025-05-16 13:00:00,985.801,989.451,984.601,986.781,1544,2117,0
2025-05-16 14:00:00,986.771,987.691,982.601,984.431,2355,1697,0
2025-05-16 15:00:00,984.531,985.871,983.201,984.401,712,1447,0
2025-05-16 16:00:00,984.401,987.691,983.551,985.671,2185,1747,0
2025-05-16 17:00:00,985.671,987.191,983.401,983.801,856,1567,0
2025-05-16 18:00:00,983.801,986.86,983.59,986.101,486,1817,0
2025-05-16 19:00:00,986.101,990.281,985.251,989.671,1504,1587,0
2025-05-16 20:00:00,989.701,990.021,986.421,987.411,1454,2257,0
2025-05-16 21:00:00,987.421,987.961,984.86,987.141,630,2637,0
2025-05-16 22:00:00,987.131,989.231,986.02,988.631,275,1947,0
2025-05-16 23:00:00,988.631,990.54,986.35,988.55,1735,2517,0
2025-05-19 01:00:00,982.01,994.451,982.01,992.691,383,2877,0
2025-05-19 02:00:00,992.691,995.03,991.62,993.891,389,2810,0
2025-05-19 03:00:00,994.091,996.191,993.591,996.001,769,3417,0
2025-05-19 04:00:00,995.991,996.281,992.491,993.091,1502,3457,0
2025-05-19 05:00:00,993.091,994.091,991.991,992.491,711,3667,0
2025-05-19 06:00:00,992.491,993.091,988.85,990.991,563,3577,0
2025-05-19 07:00:00,990.991,993.141,989.49,991.991,646,3060,0
2025-05-19 08:00:00,991.991,993.491,990.7,993.091,657,3197,0
2025-05-19 09:00:00,993.091,994.561,992.391,992.691,1426,2957,0
2025-05-19 10:00:00,992.791,995.091,988.291,990.291,1076,2807,0
2025-05-19 11:00:00,990.191,996.591,988.391,996.231,870,1507,0
2025-05-19 12:00:00,996.331,996.501,991.97,994.261,1228,1277,0
2025-05-19 13:00:00,994.341,997.461,992.911,997.021,1810,1237,0
2025-05-19 14:00:00,997.021,997.801,994.821,997.781,1929,1537,0
2025-05-19 15:00:00,997.741,999.691,990.001,990.001,2354,1027,0
2025-05-19 16:00:00,990.001,991.691,988.001,991.051,3706,1027,0
2025-05-19 17:00:00,990.991,997.091,990.601,996.931,2632,437,0
2025-05-19 18:00:00,996.931,1001.211,996.761,998.921,2027,617,0
2025-05-19 19:00:00,999.021,1002.771,998.341,1001.021,1806,937,0
2025-05-19 20:00:00,1000.971,1002.951,1000.521,1000.601,1556,2457,0
2025-05-19 21:00:00,1000.601,1001.271,997.52,1001.001,828,1547,0
2025-05-19 22:00:00,1001.021,1002.801,999.2,1002.101,1132,1097,0
2025-05-19 23:00:00,1002.121,1004.841,998.67,998.67,535,1527,0
2025-05-20 01:00:00,998.84,1002.701,994.431,999.341,1482,2847,0
2025-05-20 02:00:00,999.331,1007.551,997.911,1007.101,1093,2507,0
2025-05-20 03:00:00,1007.101,1007.461,1003.501,1005.011,791,2017,0
2025-05-20 04:00:00,1005.011,1007.531,1002.971,1003.721,2050,2157,0
2025-05-20 05:00:00,1003.701,1004.741,1000.361,1001.911,2174,2017,0
2025-05-20 06:00:00,1001.941,1003.191,1001.171,1002.771,1588,2137,0
2025-05-20 07:00:00,1002.751,1002.891,999.07,1002.691,538,2357,0
2025-05-20 08:00:00,1002.791,1005.491,1002.421,1003.441,1333,1437,0
2025-05-20 09:00:00,1003.471,1008.601,1003.161,1004.291,2314,1297,0
2025-05-20 10:00:00,1004.191,1007.261,1003.581,1007.191,2224,2247,0
2025-05-20 11:00:00,1007.171,1009.791,1005.681,1009.551,2411,2567,0
2025-05-20 12:00:00,1009.641,1009.851,1004.361,1006.761,1878,2277,0
2025-05-20 13:00:00,1006.711,1011.951,1006.241,1011.701,1801,1017,0
2025-05-20 14:00:00,1011.751,1014.681,1010.791,1014.661,1476,667,0
2025-05-20 15:00:00,1014.631,1024.771,1012.651,1022.371,3491,1217,0
2025-05-20 16:00:00,1022.371,1032.951,1021.001,1032.501,4179,2117,0
2025-05-20 17:00:00,1032.861,1039.331,1031.771,1039.151,4964,1347,0
2025-05-20 18:00:00,1039.171,1042.351,1037.931,1042.321,3116,847,0
2025-05-20 19:00:00,1042.321,1048.761,1041.511,1047.931,2250,1517,0
2025-05-20 20:00:00,1048.011,1051.041,1046.81,1048.741,1631,1497,0
2025-05-20 21:00:00,1048.741,1053.281,1048.301,1052.811,1619,2067,0
2025-05-20 22:00:00,1052.801,1053.991,1049.701,1052.701,792,2227,0
2025-05-20 23:00:00,1052.701,1058.311,1051.921,1056.85,570,1947,0
2025-05-21 00:00:00,1056.85,1056.85,1056.85,1056.85,60,4530,0
2025-05-21 01:00:00,1056.85,1058.731,1049.271,1057.321,2670,1617,0
2025-05-21 02:00:00,1057.321,1062.291,1051.031,1053.401,1799,717,0
2025-05-21 03:00:00,1053.401,1054.801,1049.93,1054.301,2065,397,0
2025-05-21 04:00:00,1053.801,1054.801,1049.771,1052.171,2797,647,0
2025-05-21 05:00:00,1052.231,1052.651,1047.281,1048.021,2532,1187,0
2025-05-21 06:00:00,1048.001,1050.631,1047.261,1050.061,1800,2177,0
2025-05-21 07:00:00,1050.041,1051.071,1042.301,1042.781,1576,1947,0
2025-05-21 08:00:00,1042.761,1047.151,1037.44,1047.101,4221,2137,0
2025-05-21 09:00:00,1047.081,1049.471,1040.691,1042.091,2801,1837,0
2025-05-21 10:00:00,1042.091,1046.521,1039.561,1046.001,1958,1437,0
2025-05-21 11:00:00,1046.001,1046.201,1042.801,1044.231,989,1657,0
2025-05-21 12:00:00,1044.231,1046.951,1043.201,1046.861,537,3027,0
2025-05-21 13:00:00,1046.861,1049.111,1045.601,1047.101,941,3297,0
2025-05-21 14:00:00,1047.101,1055.251,1047.101,1053.231,2039,1177,0
2025-05-21 15:00:00,1053.251,1067.791,1050.811,1067.181,4282,397,0
2025-05-21 16:00:00,1067.191,1068.691,1060.201,1066.061,2954,737,0
2025-05-21 17:00:00,1066.001,1080.901,1064.711,1080.201,5256,487,0
2025-05-21 18:00:00,1080.201,1084.511,1073.701,1076.091,3384,1237,0
2025-05-21 19:00:00,1076.191,1079.841,1075.431,1078.501,2879,2347,0
2025-05-21 20:00:00,1078.501,1080.301,1071.201,1073.701,833,1357,0
2025-05-21 21:00:00,1073.801,1078.001,1070.64,1077.701,875,2640,0
2025-05-21 22:00:00,1077.701,1083.111,1075.47,1080.401,733,2377,0
2025-05-21 23:00:00,1080.441,1081.701,1074.55,1074.85,1583,2460,0
2025-05-22 00:00:00,1074.75,1074.85,1074.75,1074.75,35209,4280,0
2025-05-22 01:00:00,1074.85,1076.821,1066.231,1076.611,782,2707,0
2025-05-22 02:00:00,1076.501,1077.501,1072.59,1075.101,1870,2590,0
2025-05-22 03:00:00,1075.111,1075.701,1073.001,1073.801,1756,2147,0
2025-05-22 04:00:00,1073.801,1080.601,1072.581,1079.901,736,2107,0
2025-05-22 05:00:00,1079.901,1080.701,1077.821,1079.301,426,1727,0
2025-05-22 06:00:00,1079.301,1080.001,1071.98,1073.801,434,597,0
2025-05-22 07:00:00,1073.801,1075.401,1071.46,1074.801,312,547,0
2025-05-22 08:00:00,1074.801,1075.691,1073.001,1075.521,446,1537,0
2025-05-22 09:00:00,1075.461,1077.911,1074.881,1076.631,2308,1057,0
2025-05-22 10:00:00,1076.571,1083.891,1076.571,1082.841,1837,1277,0
2025-05-22 11:00:00,1082.771,1083.191,1072.401,1072.701,1180,1807,0
2025-05-22 12:00:00,1072.701,1072.901,1066.281,1069.711,2219,1207,0
2025-05-22 13:00:00,1069.721,1072.441,1063.451,1064.841,3297,867,0
2025-05-22 14:00:00,1064.771,1074.951,1062.631,1074.091,3081,397,0
2025-05-22 15:00:00,1074.091,1082.421,1071.701,1081.641,3549,1437,0
2025-05-22 16:00:00,1081.661,1084.391,1069.101,1069.301,5685,1087,0
2025-05-22 17:00:00,1069.301,1079.761,1068.061,1075.311,3697,1297,0
2025-05-22 18:00:00,1075.451,1078.661,1072.901,1077.771,1077,857,0
2025-05-22 19:00:00,1077.881,1079.311,1074.671,1078.681,938,967,0
2025-05-22 20:00:00,1078.681,1079.811,1077.601,1078.871,535,877,0
2025-05-22 21:00:00,1078.731,1079.011,1075.53,1077.781,239,1487,0
2025-05-22 22:00:00,1077.781,1079.901,1075.17,1079.131,201,1987,0
2025-05-22 23:00:00,1079.131,1081.721,1077.97,1080.45,2802,1767,0
2025-05-23 00:00:00,1080.43,1080.73,1080.43,1080.43,52957,3400,0
2025-05-23 01:00:00,1080.73,1084.791,1077.991,1083.661,3373,2817,0
2025-05-23 02:00:00,1083.461,1083.961,1079.46,1079.94,4871,2590,0
2025-05-23 03:00:00,1082.061,1083.261,1079.22,1081.791,1010,2590,0
2025-05-23 04:00:00,1082.54,1090.371,1080.07,1088.291,1469,2590,0
2025-05-23 05:00:00,1088.391,1088.391,1078.8,1082.001,584,2780,0
2025-05-23 06:00:00,1082.101,1087.571,1080.33,1084.78,1442,2590,0
2025-05-23 07:00:00,1084.85,1087.61,1083.07,1083.79,1086,2590,0
2025-05-23 08:00:00,1086.25,1088.591,1082.64,1088.461,1268,2590,0
2025-05-23 09:00:00,1088.561,1095.271,1087.28,1095.141,778,2507,0
2025-05-23 10:00:00,1095.041,1095.411,1086.421,1089.811,1089,2507,0
2025-05-23 11:00:00,1090.231,1091.491,1082.41,1084.121,724,3817,0
2025-05-23 12:00:00,1084.281,1094.151,1082.67,1093.851,963,2507,0
2025-05-23 13:00:00,1093.701,1096.421,1090.34,1092.651,603,2507,0
2025-05-23 14:00:00,1092.771,1093.09,1083.621,1086.071,1753,2130,0
2025-05-23 15:00:00,1086.001,1089.451,1072.831,1082.701,3648,2507,0
2025-05-23 16:00:00,1082.691,1087.851,1079.401,1083.211,2224,2097,0
2025-05-23 17:00:00,1083.351,1095.571,1083.241,1091.081,1621,1587,0
2025-05-23 18:00:00,1091.181,1096.631,1088.331,1094.081,1119,3767,0
2025-05-23 19:00:00,1094.081,1095.031,1089.981,1093.731,823,2660,0
2025-05-23 20:00:00,1093.631,1096.13,1091.46,1091.54,613,2460,0
2025-05-23 21:00:00,1091.55,1096.13,1090.99,1092.521,1063,2550,0
2025-05-23 22:00:00,1092.381,1095.86,1090.4,1094.581,2379,2460,0
2025-05-23 23:00:00,1094.471,1095.42,1082.581,1093.15,2661,2460,0
2025-05-26 01:00:00,1083.95,1102.141,1083.95,1100.661,1867,3077,0
2025-05-26 02:00:00,1100.811,1101.611,1094.421,1095.101,1730,3207,0
2025-05-26 03:00:00,1095.071,1097.701,1094.851,1095.701,2414,3077,0
2025-05-26 04:00:00,1095.701,1097.171,1094.251,1097.001,3310,2567,0
2025-05-26 05:00:00,1096.941,1097.351,1092.96,1094.771,2618,2617,0
2025-05-26 06:00:00,1094.791,1095.501,1090.591,1092.271,1472,2187,0
2025-05-26 07:00:00,1092.251,1095.881,1091.851,1095.581,1348,2607,0
2025-05-26 08:00:00,1095.531,1096.171,1094.441,1095.491,1838,1867,0
2025-05-26 09:00:00,1095.491,1097.191,1091.681,1091.681,2200,1747,0
2025-05-26 10:00:00,1091.701,1092.071,1083.951,1090.731,2466,1847,0
2025-05-26 11:00:00,1090.801,1092.521,1086.59,1088.601,1361,2837,0
2025-05-26 12:00:00,1088.771,1091.611,1085.58,1088.531,1029,2537,0
2025-05-26 13:00:00,1088.571,1090.871,1088.321,1090.001,1642,1917,0
2025-05-26 14:00:00,1090.021,1091.721,1086.29,1090.581,1034,2857,0
2025-05-26 15:00:00,1090.801,1092.241,1087.501,1091.991,966,1467,0
2025-05-26 16:00:00,1091.901,1092.301,1089.48,1090.541,181,3457,0
2025-05-26 17:00:00,1086.971,1089.271,1086.381,1087.671,193,4337,0
2025-05-26 18:00:00,1087.571,1089.98,1084.301,1085.001,483,1780,0
2025-05-26 19:00:00,1087.46,1087.6,1083.57,1085.431,2044,1780,0
2025-05-26 20:00:00,1085.331,1087.72,1083.98,1084.3,21347,2460,0
2025-05-26 21:00:00,1086.59,1087.47,1084.16,1087.04,27250,2620,0
2025-05-26 22:00:00,1084.8,1087.04,1084.8,1087.04,35364,3520,0
2025-05-26 23:00:00,1084.8,1087.04,1084.8,1084.8,35363,3520,0
2025-05-27 00:00:00,1087.04,1087.04,1084.8,1084.8,35364,3520,0
2025-05-27 01:00:00,1087.04,1089.87,1083.901,1084.401,2331,2590,0
2025-05-27 02:00:00,1083.59,1085.6,1081.211,1082.36,2848,2590,0
2025-05-27 03:00:00,1082.841,1087.81,1080.701,1086.841,740,2590,0
2025-05-27 04:00:00,1086.841,1086.881,1077.56,1082.581,574,2590,0
2025-05-27 05:00:00,1082.581,1084.85,1080.35,1082.701,860,2590,0
2025-05-27 06:00:00,1080.17,1084.341,1080.17,1083.151,1482,2590,0
2025-05-27 07:00:00,1080.94,1084.97,1080.19,1082.401,2137,2590,0
2025-05-27 08:00:00,1082.401,1082.901,1076.901,1081.901,894,2517,0
2025-05-27 09:00:00,1082.051,1084.46,1078.401,1080.041,643,2417,0
2025-05-27 10:00:00,1079.941,1084.201,1074.05,1079.851,679,2147,0
2025-05-27 11:00:00,1079.951,1085.211,1075.621,1079.501,1041,1917,0
2025-05-27 12:00:00,1079.731,1084.791,1077.81,1082.321,708,2497,0
2025-05-27 13:00:00,1082.251,1082.891,1073.771,1074.701,922,2507,0
2025-05-27 14:00:00,1074.801,1080.581,1072.101,1072.701,945,1817,0
2025-05-27 15:00:00,1072.701,1080.981,1071.401,1079.901,1277,1787,0
2025-05-27 16:00:00,1079.701,1086.401,1079.301,1084.431,1609,1367,0
2025-05-27 17:00:00,1084.441,1087.56,1079.801,1086.531,1405,1397,0
2025-05-27 18:00:00,1086.441,1088.221,1080.161,1081.311,858,1477,0
2025-05-27 19:00:00,1081.211,1082.341,1078.91,1081.171,561,2897,0
2025-05-27 20:00:00,1080.531,1083.921,1078.601,1083.79,2599,2460,0
2025-05-27 21:00:00,1081.5,1085.71,1081.5,1084.991,307,2367,0
2025-05-27 22:00:00,1082.93,1085.191,1082.04,1084.941,703,2460,0
2025-05-27 23:00:00,1083.881,1084.83,1081.58,1084.15,4257,2460,0
2025-05-28 01:00:00,1084.45,1085.68,1082.24,1083.541,6567,2590,0
2025-05-28 02:00:00,1083.641,1085.54,1081.69,1083.441,3336,2590,0
2025-05-28 03:00:00,1083.591,1086.87,1081.96,1084.281,4709,2590,0
2025-05-28 04:00:00,1084.131,1085.15,1078.14,1080.541,3392,2590,0
2025-05-28 05:00:00,1081.14,1084.46,1077.81,1081.141,4332,2590,0
2025-05-28 06:00:00,1081.011,1083.1,1074.24,1078.11,1305,2590,0
2025-05-28 07:00:00,1078.12,1079.33,1075.2,1078.62,5093,2590,0
2025-05-28 08:00:00,1078.52,1081.191,1076.19,1080.881,3727,2590,0
2025-05-28 09:00:00,1081.481,1081.901,1075.06,1079.801,526,2927,0
2025-05-28 10:00:00,1079.981,1095.781,1079.581,1090.101,1384,2537,0
2025-05-28 11:00:00,1089.851,1091.62,1085.09,1090.701,648,3260,0
2025-05-28 12:00:00,1090.801,1094.601,1087.09,1093.601,840,3260,0
2025-05-28 13:00:00,1093.301,1095.301,1087.61,1089.901,1369,3340,0
2025-05-28 14:00:00,1088.47,1092.831,1086.53,1090.701,1325,1780,0
2025-05-28 15:00:00,1090.801,1092.971,1087.201,1087.901,1042,2537,0
2025-05-28 16:00:00,1087.901,1088.401,1081.451,1084.701,1525,2027,0
2025-05-28 17:00:00,1084.501,1086.831,1080.301,1084.631,1112,2667,0
2025-05-28 18:00:00,1084.541,1085.141,1078.181,1080.051,1583,5317,0
2025-05-28 19:00:00,1079.881,1083.16,1076.881,1079.431,587,2820,0
2025-05-28 20:00:00,1079.331,1084.38,1078.281,1078.801,463,2740,0
2025-05-28 21:00:00,1079.101,1084.89,1079.101,1082.74,8173,2460,0
2025-05-28 22:00:00,1080.48,1083.881,1080.09,1082.601,13524,2460,0
2025-05-28 23:00:00,1082.501,1083.08,1078.85,1080.87,23521,2550,0
2025-05-29 01:00:00,1080.18,1082.611,1066.571,1080.251,418,2590,0
2025-05-29 02:00:00,1080.201,1080.281,1070.411,1074.981,2559,2167,0
2025-05-29 03:00:00,1074.981,1079.251,1073.381,1075.391,865,1347,0
2025-05-29 04:00:00,1075.391,1078.791,1070.431,1077.491,756,2527,0
2025-05-29 05:00:00,1077.491,1078.681,1074.191,1077.051,451,2217,0
2025-05-29 06:00:00,1077.051,1079.981,1076.131,1079.561,331,2057,0
2025-05-29 07:00:00,1079.561,1081.151,1078.101,1078.371,283,1617,0
2025-05-29 08:00:00,1078.371,1079.111,1075.431,1078.031,973,1867,0
2025-05-29 09:00:00,1078.201,1078.961,1073.211,1074.051,1475,1637,0
2025-05-29 10:00:00,1074.101,1081.541,1072.761,1078.291,2233,1497,0
2025-05-29 11:00:00,1078.391,1080.841,1076.171,1079.631,1255,2577,0
2025-05-29 12:00:00,1079.501,1083.771,1078.121,1082.571,1652,2117,0
2025-05-29 13:00:00,1082.521,1085.881,1080.901,1080.971,2196,1957,0
2025-05-29 14:00:00,1081.021,1083.901,1078.291,1082.751,1779,2127,0
2025-05-29 15:00:00,1082.771,1093.821,1082.221,1090.521,2716,1817,0
2025-05-29 16:00:00,1090.511,1090.931,1084.901,1084.901,2583,1767,0
2025-05-29 17:00:00,1085.491,1088.671,1078.301,1079.601,2091,2147,0
2025-05-29 18:00:00,1079.641,1084.77,1079.191,1080.591,1325,1780,0
2025-05-29 19:00:00,1080.701,1083.591,1079.301,1079.891,1069,2517,0
2025-05-29 20:00:00,1079.791,1082.091,1076.921,1078.201,577,2887,0
2025-05-29 21:00:00,1078.201,1081.401,1077.991,1080.801,420,3417,0
2025-05-29 22:00:00,1080.801,1081.101,1079.011,1080.261,374,3877,0
2025-05-29 23:00:00,1080.261,1086.01,1079.721,1085.56,338,3257,0
2025-05-30 01:00:00,1087.34,1087.7,1079.291,1081.541,263,2537,0
2025-05-30 02:00:00,1081.541,1083.94,1081.041,1081.791,247,2930,0
2025-05-30 03:00:00,1081.791,1085.081,1081.191,1082.381,745,2607,0
2025-05-30 04:00:00,1082.391,1084.941,1080.791,1081.741,1515,2167,0
2025-05-30 05:00:00,1081.641,1082.991,1079.641,1081.211,2132,1307,0
2025-05-30 06:00:00,1081.211,1084.091,1077.391,1077.521,807,967,0
2025-05-30 07:00:00,1077.521,1077.521,1071.2,1075.251,455,1897,0
2025-05-30 08:00:00,1075.251,1077.001,1073.041,1076.311,1247,2207,0
2025-05-30 09:00:00,1076.311,1076.311,1071.581,1073.671,1290,2287,0
2025-05-30 10:00:00,1073.751,1074.181,1069.951,1072.451,2301,2597,0
2025-05-30 11:00:00,1072.381,1079.751,1072.381,1074.211,2441,2207,0
2025-05-30 12:00:00,1074.171,1075.761,1071.321,1074.111,1640,2547,0
2025-05-30 13:00:00,1074.081,1078.301,1071.28,1073.931,1396,2837,0
2025-05-30 14:00:00,1073.951,1076.171,1071.101,1073.201,1159,1747,0
2025-05-30 15:00:00,1073.301,1074.201,1066.671,1069.961,3360,1047,0
2025-05-30 16:00:00,1069.931,1071.381,1058.951,1059.051,1913,967,0
2025-05-30 17:00:00,1058.861,1064.201,1054.781,1055.531,2148,1807,0
2025-05-30 18:00:00,1055.581,1062.081,1055.361,1058.291,2805,2047,0
2025-05-30 19:00:00,1058.181,1058.661,1052.941,1057.011,1746,1977,0
2025-05-30 20:00:00,1057.061,1058.501,1055.781,1056.091,471,2427,0
2025-05-30 21:00:00,1056.091,1059.221,1056.091,1059.011,265,2477,0
2025-05-30 22:00:00,1059.011,1060.371,1056.33,1058.611,261,2237,0
2025-05-30 23:00:00,1058.611,1058.831,1055.801,1056.31,197,1907,0
2025-06-02 01:00:00,1048.21,1062.001,1048.21,1061.771,1516,2590,0
2025-06-02 02:00:00,1061.681,1062.721,1058.83,1061.811,1015,2590,0
2025-06-02 03:00:00,1061.811,1062.351,1054.921,1057.161,1821,2747,0
2025-06-02 04:00:00,1057.221,1059.681,1048.421,1050.591,1436,1557,0
2025-06-02 05:00:00,1050.591,1052.881,1050.441,1051.541,1532,2387,0
2025-06-02 06:00:00,1051.431,1052.901,1048.621,1049.641,1578,797,0
2025-06-02 07:00:00,1049.531,1052.891,1049.32,1051.791,330,2237,0
2025-06-02 08:00:00,1051.891,1054.921,1051.691,1053.791,878,2947,0
2025-06-02 09:00:00,1053.791,1055.991,1050.071,1052.811,1179,1727,0
2025-06-02 10:00:00,1052.861,1060.741,1050.441,1052.331,4087,1547,0
2025-06-02 11:00:00,1052.311,1054.441,1048.701,1050.471,2815,2577,0
2025-06-02 12:00:00,1050.491,1050.491,1045.471,1045.671,2540,3117,0
2025-06-02 13:00:00,1045.801,1047.801,1042.721,1045.521,2658,2037,0
2025-06-02 14:00:00,1045.561,1047.411,1043.741,1045.481,2274,1947,0
2025-06-02 15:00:00,1045.461,1050.801,1044.921,1047.751,2471,957,0
2025-06-02 16:00:00,1047.751,1065.701,1045.101,1062.941,2785,807,0
2025-06-02 17:00:00,1062.941,1065.601,1057.501,1065.301,1989,1067,0
2025-06-02 18:00:00,1065.101,1070.891,1063.001,1069.161,1527,1017,0
2025-06-02 19:00:00,1069.001,1069.011,1061.101,1061.901,797,1007,0
2025-06-02 20:00:00,1061.901,1064.581,1060.24,1064.101,894,1827,0
2025-06-02 21:00:00,1064.101,1066.631,1060.85,1065.991,857,2117,0
2025-06-02 22:00:00,1066.091,1067.911,1063.95,1067.261,281,1797,0
2025-06-02 23:00:00,1067.171,1068.271,1064.87,1067.45,6314,1387,0
2025-06-03 00:00:00,1067.01,1067.45,1067.01,1067.45,19498,3400,0
2025-06-03 01:00:00,1066.05,1068.791,1060.161,1068.69,285,2590,0
2025-06-03 02:00:00,1068.79,1068.891,1066.22,1068.411,772,2910,0
2025-06-03 03:00:00,1068.501,1069.101,1064.32,1066.311,1233,2357,0
2025-06-03 04:00:00,1066.281,1068.131,1061.061,1063.791,3830,2787,0
2025-06-03 05:00:00,1063.891,1065.781,1061.901,1064.691,1700,777,0
2025-06-03 06:00:00,1064.691,1066.211,1063.221,1063.521,420,2437,0
2025-06-03 07:00:00,1063.521,1067.861,1063.521,1066.011,767,2557,0
2025-06-03 08:00:00,1066.011,1068.581,1065.371,1066.981,1379,2097,0
2025-06-03 09:00:00,1066.981,1068.931,1065.031,1067.541,1275,2087,0
2025-06-03 10:00:00,1067.521,1068.171,1060.201,1062.521,2017,1967,0
2025-06-03 11:00:00,1062.551,1063.561,1055.62,1057.941,1165,2407,0
2025-06-03 12:00:00,1057.941,1058.601,1055.301,1056.151,2010,2397,0
2025-06-03 13:00:00,1056.121,1062.361,1056.101,1059.871,1817,2327,0
2025-06-03 14:00:00,1059.851,1060.691,1054.39,1059.191,1627,2227,0
2025-06-03 15:00:00,1059.161,1060.761,1054.251,1057.271,3271,1447,0
2025-06-03 16:00:00,1057.251,1062.851,1055.691,1055.881,4360,1807,0
2025-06-03 17:00:00,1056.011,1068.911,1055.471,1068.381,3128,1287,0
2025-06-03 18:00:00,1068.201,1076.931,1067.801,1075.871,1339,747,0
2025-06-03 19:00:00,1075.651,1075.881,1071.501,1073.741,1763,1477,0
2025-06-03 20:00:00,1073.771,1078.031,1072.051,1077.951,857,1827,0
2025-06-03 21:00:00,1077.951,1078.181,1075.74,1077.071,1055,1907,0
2025-06-03 22:00:00,1077.031,1078.601,1074.32,1078.591,602,1627,0
2025-06-03 23:00:00,1078.591,1079.501,1075.62,1077.65,485,1837,0
2025-06-04 01:00:00,1074.35,1078.4,1074.35,1075.96,1794,2590,0
2025-06-04 02:00:00,1078.43,1079.23,1075.25,1078.761,1407,2590,0
2025-06-04 03:00:00,1078.861,1078.961,1073.801,1074.061,1335,2807,0
2025-06-04 04:00:00,1074.061,1084.001,1072.901,1083.051,783,1317,0
2025-06-04 05:00:00,1083.051,1084.551,1082.421,1083.521,437,1457,0
2025-06-04 06:00:00,1083.491,1083.511,1079.771,1081.631,1508,2917,0
2025-06-04 07:00:00,1081.601,1084.391,1081.421,1082.221,773,2177,0
2025-06-04 08:00:00,1082.221,1083.511,1080.251,1080.251,1167,2197,0
2025-06-04 09:00:00,1080.551,1081.421,1079.161,1081.011,1095,1587,0
2025-06-04 10:00:00,1081.011,1086.401,1079.32,1082.471,1235,1647,0
2025-06-04 11:00:00,1082.471,1094.191,1082.181,1093.381,1237,1847,0
2025-06-04 12:00:00,1093.341,1093.381,1085.241,1086.231,1820,1897,0
2025-06-04 13:00:00,1086.121,1090.371,1085.511,1086.481,1922,2347,0
2025-06-04 14:00:00,1086.451,1087.921,1080.681,1084.481,1605,2047,0
2025-06-04 15:00:00,1084.451,1084.731,1078.661,1078.731,4137,1537,0
2025-06-04 16:00:00,1078.751,1085.551,1077.201,1083.941,4184,1717,0
2025-06-04 17:00:00,1083.841,1092.481,1082.701,1090.721,2927,397,0
2025-06-04 18:00:00,1090.751,1093.931,1088.361,1093.301,2661,1017,0
2025-06-04 19:00:00,1093.351,1095.671,1091.341,1094.121,1489,727,0
2025-06-04 20:00:00,1094.071,1096.161,1093.18,1093.981,1925,1657,0
2025-06-04 21:00:00,1093.961,1095.111,1091.67,1094.721,1453,1727,0
2025-06-04 22:00:00,1094.701,1096.511,1093.02,1096.021,1057,1257,0
2025-06-04 23:00:00,1096.021,1096.101,1089.61,1089.61,1988,1497,0
2025-06-05 00:00:00,1089.62,1089.62,1089.61,1089.61,35468,4870,0
2025-06-05 01:00:00,1089.62,1092.701,1084.271,1089.72,2926,2590,0
2025-06-05 02:00:00,1092.2,1094.01,1089.29,1092.271,4541,2590,0
2025-06-05 03:00:00,1090.73,1094.9,1090.09,1094.401,1773,2590,0
2025-06-05 04:00:00,1092.18,1096.38,1091.39,1095.11,2270,2590,0
2025-06-05 05:00:00,1094.601,1095.99,1090.94,1091.6,2171,2590,0
2025-06-05 06:00:00,1091.76,1098.44,1091.76,1095.901,4114,2590,0
2025-06-05 07:00:00,1096.101,1097.401,1092.98,1093.88,2165,2590,0
2025-06-05 08:00:00,1093.93,1096.201,1089.82,1090.89,1737,2590,0
2025-06-05 09:00:00,1093.101,1094.601,1089.02,1093.301,946,3610,0
2025-06-05 10:00:00,1093.301,1116.641,1092.69,1113.601,1437,2057,0
2025-06-05 11:00:00,1113.701,1121.621,1111.301,1121.011,1521,1877,0
2025-06-05 12:00:00,1121.141,1128.711,1119.301,1120.901,1756,2347,0
2025-06-05 13:00:00,1120.601,1124.331,1118.411,1124.081,1030,4977,0
2025-06-05 14:00:00,1123.761,1130.681,1121.04,1121.501,1587,2147,0
2025-06-05 15:00:00,1121.401,1136.891,1120.701,1136.301,2093,2567,0
2025-06-05 16:00:00,1136.201,1145.401,1131.301,1140.401,1655,1707,0
2025-06-05 17:00:00,1140.401,1142.901,1132.601,1136.241,1557,2277,0
2025-06-05 18:00:00,1136.221,1137.971,1129.611,1133.901,1844,3317,0
2025-06-05 19:00:00,1133.701,1138.731,1131.441,1135.321,1178,3617,0
2025-06-05 20:00:00,1135.421,1138.981,1133.04,1138.901,793,2800,0
2025-06-05 21:00:00,1139.021,1139.021,1134.52,1137.911,622,2460,0
2025-06-05 22:00:00,1135.79,1141.141,1135.79,1140.901,1451,2460,0
2025-06-05 23:00:00,1140.831,1141.791,1136.1,1137.25,971,2460,0
2025-06-06 01:00:00,1134.59,1139.46,1133.991,1136.12,1049,2590,0
2025-06-06 02:00:00,1138.58,1139.501,1133.59,1136.001,1924,2590,0
2025-06-06 03:00:00,1136.001,1137.201,1131.931,1136.901,1281,2590,0
2025-06-06 04:00:00,1136.701,1152.101,1134.8,1150.001,1108,2590,0
2025-06-06 05:00:00,1150.301,1151.801,1146.401,1149.901,514,2590,0
2025-06-06 06:00:00,1149.901,1152.96,1147.301,1151.001,544,2590,0
2025-06-06 07:00:00,1151.091,1156.661,1148.87,1154.991,457,2590,0
2025-06-06 08:00:00,1154.881,1154.961,1147.49,1152.001,569,2947,0
2025-06-06 09:00:00,1152.211,1172.601,1152.04,1171.701,1000,427,0
2025-06-06 10:00:00,1171.701,1171.701,1154.201,1162.541,918,897,0
2025-06-06 11:00:00,1162.431,1168.771,1159.321,1165.421,1045,2347,0
2025-06-06 12:00:00,1165.521,1169.221,1161.14,1167.481,861,2347,0
2025-06-06 13:00:00,1167.591,1172.301,1163.971,1170.021,758,1267,0
2025-06-06 14:00:00,1170.141,1170.691,1160.221,1163.241,719,397,0
2025-06-06 15:00:00,1163.141,1169.061,1155.991,1166.641,2181,2157,0
2025-06-06 16:00:00,1166.521,1173.491,1163.501,1170.301,2144,1357,0
2025-06-06 17:00:00,1170.301,1172.931,1159.401,1165.001,2234,987,0
2025-06-06 18:00:00,1165.091,1171.321,1163.401,1169.701,1413,1837,0
2025-06-06 19:00:00,1169.801,1170.701,1160.701,1160.801,816,1837,0
2025-06-06 20:00:00,1160.801,1166.341,1160.701,1164.501,570,1907,0
2025-06-06 21:00:00,1164.501,1164.501,1158.79,1163.701,597,1387,0
2025-06-06 22:00:00,1163.701,1168.82,1161.59,1168.82,606,2460,0
2025-06-06 23:00:00,1167.841,1169.001,1165.22,1167.65,1602,2460,0
2025-06-09 01:00:00,1156.25,1172.941,1156.25,1165.151,1608,917,0
2025-06-09 02:00:00,1165.121,1167.561,1163.001,1167.561,1396,1837,0
2025-06-09 03:00:00,1167.381,1168.341,1161.291,1163.291,1859,2707,0
2025-06-09 04:00:00,1163.321,1170.251,1162.401,1166.391,3066,3227,0
2025-06-09 05:00:00,1166.391,1174.721,1163.791,1172.241,2078,3137,0
2025-06-09 06:00:00,1172.221,1176.201,1171.851,1174.621,1410,2437,0
2025-06-09 07:00:00,1174.751,1183.571,1174.371,1180.981,1876,1727,0
2025-06-09 08:00:00,1180.981,1196.031,1179.431,1195.041,3090,627,0
2025-06-09 09:00:00,1195.041,1219.421,1192.941,1218.011,4808,807,0
2025-06-09 10:00:00,1218.051,1221.541,1200.421,1206.441,3882,1257,0
2025-06-09 11:00:00,1206.471,1214.371,1201.721,1205.201,3849,677,0
2025-06-09 12:00:00,1205.201,1210.921,1201.571,1202.941,3087,987,0
2025-06-09 13:00:00,1202.941,1205.541,1197.441,1200.911,2264,847,0
2025-06-09 14:00:00,1200.871,1206.851,1197.951,1202.171,2743,1217,0
2025-06-09 15:00:00,1202.171,1205.301,1188.431,1195.001,4230,587,0
2025-06-09 16:00:00,1195.121,1209.831,1191.421,1206.641,4391,1187,0
2025-06-09 17:00:00,1206.651,1215.481,1204.891,1213.901,4925,1127,0
2025-06-09 18:00:00,1213.851,1219.841,1212.741,1213.161,1240,1087,0
2025-06-09 19:00:00,1213.181,1215.091,1209.081,1211.491,1405,2447,0
2025-06-09 20:00:00,1211.491,1214.101,1207.441,1213.871,862,2727,0
2025-06-09 21:00:00,1213.871,1217.911,1213.571,1216.501,325,2167,0
2025-06-09 22:00:00,1216.1,1218.811,1216.031,1216.491,277,2197,0
2025-06-09 23:00:00,1216.491,1222.051,1215.591,1216.77,2677,3207,0
2025-06-10 00:00:00,1216.67,1216.77,1216.67,1216.77,39972,4980,0
2025-06-10 01:00:00,1216.67,1218.391,1211.261,1218.391,776,877,0
2025-06-10 02:00:00,1218.391,1223.091,1215.831,1221.101,718,3737,0
2025-06-10 03:00:00,1221.101,1222.491,1212.461,1214.841,1903,2627,0
2025-06-10 04:00:00,1214.841,1216.361,1201.911,1206.051,4155,2577,0
2025-06-10 05:00:00,1206.061,1224.781,1203.841,1219.961,4136,707,0
2025-06-10 06:00:00,1219.931,1223.711,1217.711,1222.771,2127,1657,0
2025-06-10 07:00:00,1222.861,1224.451,1218.761,1223.461,1807,1957,0
2025-06-10 08:00:00,1223.411,1226.791,1213.691,1216.181,3611,1767,0
2025-06-10 09:00:00,1216.291,1218.051,1208.891,1209.791,3174,1197,0
2025-06-10 10:00:00,1209.591,1216.471,1206.9,1212.711,3006,1197,0
2025-06-10 11:00:00,1212.711,1213.351,1203.231,1211.191,3205,2197,0
2025-06-10 12:00:00,1211.211,1213.031,1208.261,1212.801,2268,1977,0
2025-06-10 13:00:00,1212.831,1213.061,1207.001,1210.281,2582,2677,0
2025-06-10 14:00:00,1210.261,1212.751,1205.821,1210.801,2388,1397,0
2025-06-10 15:00:00,1210.901,1220.581,1210.901,1218.271,2536,1057,0
2025-06-10 16:00:00,1218.271,1225.281,1217.301,1220.201,5043,1247,0
2025-06-10 17:00:00,1220.311,1224.151,1211.671,1213.681,5086,877,0
2025-06-10 18:00:00,1213.661,1217.231,1210.281,1212.571,2448,637,0
2025-06-10 19:00:00,1212.571,1214.571,1209.37,1211.941,1202,1717,0
2025-06-10 20:00:00,1211.941,1216.801,1211.791,1215.451,1192,1737,0
2025-06-10 21:00:00,1215.451,1215.661,1211.43,1214.041,366,2697,0
2025-06-10 22:00:00,1214.041,1221.701,1213.531,1220.191,654,2057,0
2025-06-10 23:00:00,1220.411,1221.311,1217.13,1217.13,1292,1557,0
2025-06-11 01:00:00,1215.97,1218.71,1214.57,1218.401,1890,2620,0
2025-06-11 02:00:00,1218.401,1219.641,1213.9,1219.061,1468,2257,0
2025-06-11 03:00:00,1219.111,1219.541,1215.891,1219.071,794,2477,0
2025-06-11 04:00:00,1219.071,1222.041,1217.521,1219.371,584,1997,0
2025-06-11 05:00:00,1219.251,1223.811,1218.451,1222.411,509,2047,0
2025-06-11 06:00:00,1222.291,1227.181,1218.85,1226.781,446,2097,0
2025-06-11 07:00:00,1226.771,1242.711,1226.341,1237.451,852,1437,0
2025-06-11 08:00:00,1237.341,1243.911,1236.661,1243.201,2215,2447,0
2025-06-11 09:00:00,1243.201,1269.761,1242.291,1268.111,2788,1477,0
2025-06-11 10:00:00,1268.161,1273.921,1258.461,1262.821,2086,397,0
2025-06-11 11:00:00,1262.721,1265.451,1259.211,1262.631,1928,1537,0
2025-06-11 12:00:00,1262.511,1264.241,1255.871,1261.471,2295,827,0
2025-06-11 13:00:00,1261.341,1263.201,1247.891,1255.621,1401,1527,0
2025-06-11 14:00:00,1255.011,1264.751,1254.201,1263.571,2399,977,0
2025-06-11 15:00:00,1263.641,1271.301,1258.721,1266.651,6352,1397,0
2025-06-11 16:00:00,1266.631,1280.821,1266.201,1278.291,6863,1327,0
2025-06-11 17:00:00,1278.291,1285.611,1275.831,1276.381,2181,1977,0
2025-06-11 18:00:00,1276.371,1277.411,1268.121,1276.631,2604,1707,0
2025-06-11 19:00:00,1276.641,1277.811,1263.031,1266.291,2392,1607,0
2025-06-11 20:00:00,1266.291,1271.531,1255.901,1257.461,1353,1387,0
2025-06-11 21:00:00,1257.581,1260.771,1252.651,1252.881,1029,1747,0
2025-06-11 22:00:00,1252.881,1258.531,1250.101,1258.531,759,1727,0
2025-06-11 23:00:00,1258.531,1262.001,1255.86,1260.48,384,1537,0
2025-06-12 01:00:00,1259.66,1269.941,1241.111,1268.661,878,1277,0
2025-06-12 02:00:00,1268.661,1271.721,1264.251,1269.671,889,1287,0
2025-06-12 03:00:00,1269.771,1269.771,1263.2,1264.941,652,1127,0
2025-06-12 04:00:00,1265.041,1266.191,1260.511,1265.761,2556,1147,0
2025-06-12 05:00:00,1265.741,1272.031,1264.881,1270.621,1647,1817,0
2025-06-12 06:00:00,1270.621,1278.211,1268.191,1276.831,1592,2117,0
2025-06-12 07:00:00,1276.811,1277.481,1274.511,1275.651,1302,1777,0
2025-06-12 08:00:00,1275.651,1278.751,1271.931,1274.301,2150,1837,0
2025-06-12 09:00:00,1274.411,1276.001,1266.141,1269.201,1676,1637,0
2025-06-12 10:00:00,1269.201,1273.491,1244.301,1257.871,2564,557,0
2025-06-12 11:00:00,1258.171,1265.291,1254.301,1265.291,1544,397,0
2025-06-12 12:00:00,1265.171,1270.991,1258.341,1262.441,1332,397,0
2025-06-12 13:00:00,1262.621,1270.301,1261.171,1263.731,1359,557,0
2025-06-12 14:00:00,1263.731,1269.031,1259.801,1263.521,1158,677,0
2025-06-12 15:00:00,1263.421,1269.491,1255.971,1256.741,1836,2017,0
2025-06-12 16:00:00,1256.621,1270.601,1255.511,1265.861,2694,687,0
2025-06-12 17:00:00,1265.861,1279.481,1265.161,1275.501,3207,397,0
2025-06-12 18:00:00,1275.501,1284.811,1274.911,1281.421,1525,397,0
2025-06-12 19:00:00,1281.431,1287.611,1280.381,1286.861,891,557,0
2025-06-12 20:00:00,1286.981,1294.576,1280.601,1291.861,2121,397,0
2025-06-12 21:00:00,1292.181,1292.631,1289.181,1292.081,2034,1367,0
2025-06-12 22:00:00,1291.701,1297.271,1289.971,1291.591,2811,397,0
2025-06-12 23:00:00,1291.811,1298.121,1290.921,1297.3,5177,1657,0
2025-06-13 00:00:00,1297.34,1297.34,1297.3,1297.3,69302,3400,0
2025-06-13 01:00:00,1293.49,1295.531,1284.891,1290.661,708,1527,0
2025-06-13 02:00:00,1290.531,1300.711,1287.35,1299.411,3540,2027,0
2025-06-13 03:00:00,1299.401,1305.851,1272.021,1274.581,3574,807,0
2025-06-13 04:00:00,1274.831,1294.721,1274.221,1294.681,1679,1867,0
2025-06-13 05:00:00,1294.541,1296.621,1287.001,1291.421,1080,2257,0
2025-06-13 06:00:00,1291.421,1292.551,1283.801,1287.301,835,1577,0
2025-06-13 07:00:00,1287.301,1290.491,1280.11,1281.551,561,2237,0
2025-06-13 08:00:00,1281.421,1288.281,1279.891,1284.511,678,2757,0
2025-06-13 09:00:00,1284.901,1290.391,1269.111,1273.201,1882,1507,0
2025-06-13 10:00:00,1273.151,1283.071,1268.091,1277.301,2111,1097,0
2025-06-13 11:00:00,1277.301,1283.051,1272.391,1273.531,1155,487,0
2025-06-13 12:00:00,1273.491,1278.311,1270.801,1277.801,973,1407,0
2025-06-13 13:00:00,1277.801,1280.381,1242.731,1257.491,2955,817,0
2025-06-13 14:00:00,1257.491,1267.271,1252.761,1261.921,1549,1027,0
2025-06-13 15:00:00,1261.921,1263.451,1232.431,1241.861,2363,547,0
2025-06-13 16:00:00,1241.881,1248.151,1223.991,1223.991,3552,397,0
2025-06-13 17:00:00,1224.111,1229.121,1212.261,1217.851,2380,1427,0
2025-06-13 18:00:00,1217.831,1226.301,1217.311,1219.341,1033,1427,0
2025-06-13 19:00:00,1218.881,1225.971,1214.311,1224.531,1389,1027,0
2025-06-13 20:00:00,1224.421,1230.101,1222.971,1229.221,1379,397,0
2025-06-13 21:00:00,1229.321,1231.016,1226.096,1230.151,1983,397,0
2025-06-13 22:00:00,1230.021,1231.071,1226.401,1228.011,929,397,0
2025-06-13 23:00:00,1228.121,1230.471,1225.55,1226.17,421,397,0
2025-06-16 01:00:00,1221.15,1247.421,1214.541,1232.661,2304,397,0
2025-06-16 02:00:00,1232.661,1237.151,1228.211,1236.251,1786,4077,0
2025-06-16 03:00:00,1236.281,1237.271,1227.281,1231.461,2601,3007,0
2025-06-16 04:00:00,1231.361,1233.041,1224.771,1231.291,2146,2497,0
2025-06-16 05:00:00,1231.161,1239.451,1230.331,1233.891,1897,2027,0
2025-06-16 06:00:00,1233.871,1236.171,1231.941,1234.901,2375,2707,0
2025-06-16 07:00:00,1234.951,1237.851,1234.761,1234.781,1529,3607,0
2025-06-16 08:00:00,1234.801,1239.641,1233.611,1234.641,2322,4627,0
2025-06-16 09:00:00,1235.101,1246.401,1235.101,1238.531,2094,2267,0
2025-06-16 10:00:00,1238.581,1243.451,1230.861,1241.991,1654,2557,0
2025-06-16 11:00:00,1241.991,1247.391,1240.321,1244.861,1192,2017,0
2025-06-16 12:00:00,1245.201,1253.431,1244.141,1248.001,781,2017,0
2025-06-16 13:00:00,1248.001,1249.791,1244.7,1248.801,398,2227,0
2025-06-16 14:00:00,1248.801,1257.091,1245.381,1255.351,833,2017,0
2025-06-16 15:00:00,1255.381,1268.701,1255.311,1263.551,2086,597,0
2025-06-16 16:00:00,1263.671,1273.241,1262.041,1264.271,2725,1577,0
2025-06-16 17:00:00,1264.121,1274.491,1260.901,1270.001,2788,507,0
2025-06-16 18:00:00,1270.061,1270.141,1262.751,1264.551,1536,1617,0
2025-06-16 19:00:00,1264.271,1266.221,1257.291,1258.691,952,1457,0
2025-06-16 20:00:00,1258.591,1260.591,1250.901,1251.701,1305,2297,0
2025-06-16 21:00:00,1251.701,1252.701,1245.801,1246.301,891,2697,0
2025-06-16 22:00:00,1246.301,1248.091,1244.351,1245.961,1317,2297,0
2025-06-16 23:00:00,1245.801,1248.83,1243.401,1247.46,716,2697,0
2025-06-17 01:00:00,1248.25,1248.25,1237.761,1238.571,743,3250,0
2025-06-17 02:00:00,1238.681,1242.651,1234.651,1240.961,2472,1257,0
2025-06-17 03:00:00,1241.011,1245.591,1238.26,1241.881,1457,1147,0
2025-06-17 04:00:00,1242.001,1252.541,1241.811,1252.361,1118,1167,0
2025-06-17 05:00:00,1252.361,1257.511,1248.881,1250.591,1118,397,0
2025-06-17 06:00:00,1250.481,1252.301,1240.941,1249.161,1223,1107,0
2025-06-17 07:00:00,1249.031,1251.901,1246.721,1249.991,763,1227,0
2025-06-17 08:00:00,1250.091,1252.651,1247.601,1249.101,932,1567,0
2025-06-17 09:00:00,1249.171,1252.451,1245.071,1248.741,1610,817,0
2025-06-17 10:00:00,1248.671,1255.561,1243.221,1252.041,1423,457,0
2025-06-17 11:00:00,1251.991,1263.411,1246.601,1247.631,1774,397,0
2025-06-17 12:00:00,1247.851,1264.571,1246.871,1262.531,1769,1387,0
2025-06-17 13:00:00,1262.371,1275.101,1259.641,1269.611,2032,817,0
2025-06-17 14:00:00,1269.541,1273.601,1258.471,1259.901,1827,397,0
2025-06-17 15:00:00,1260.021,1267.791,1253.851,1257.801,2649,397,0
2025-06-17 16:00:00,1257.651,1268.371,1251.301,1254.801,2733,397,0
2025-06-17 17:00:00,1255.201,1265.991,1252.301,1262.741,1819,1297,0
2025-06-17 18:00:00,1262.841,1266.631,1259.291,1264.981,1155,1257,0
2025-06-17 19:00:00,1264.771,1270.571,1264.431,1266.281,940,1387,0
2025-06-17 20:00:00,1266.281,1268.371,1263.351,1266.301,742,847,0
2025-06-17 21:00:00,1266.301,1267.351,1263.801,1264.801,317,2187,0
2025-06-17 22:00:00,1264.801,1267.311,1263.05,1266.201,390,2460,0
2025-06-17 23:00:00,1265.301,1266.301,1261.47,1261.47,187,2087,0
2025-06-18 01:00:00,1260.74,1263.011,1247.84,1254.891,1123,2517,0
2025-06-18 02:00:00,1254.891,1257.291,1252.64,1257.231,958,2660,0
2025-06-18 03:00:00,1257.271,1267.391,1256.511,1265.611,771,2007,0
2025-06-18 04:00:00,1265.721,1268.161,1262.811,1265.701,886,1567,0
2025-06-18 05:00:00,1265.701,1271.311,1261.971,1270.171,839,587,0
2025-06-18 06:00:00,1270.171,1271.141,1266.521,1268.271,745,1267,0
2025-06-18 07:00:00,1268.381,1272.341,1266.36,1270.321,552,2267,0
2025-06-18 08:00:00,1270.321,1276.091,1264.801,1274.591,1713,1817,0
2025-06-18 09:00:00,1274.841,1275.281,1267.971,1271.131,1446,1537,0
2025-06-18 10:00:00,1270.691,1282.771,1263.931,1279.451,1589,797,0
2025-06-18 11:00:00,1279.451,1281.171,1274.801,1278.221,1252,1317,0
2025-06-18 12:00:00,1278.221,1282.541,1276.101,1278.581,1277,1877,0
2025-06-18 13:00:00,1278.651,1289.501,1278.651,1287.911,1284,1357,0
2025-06-18 14:00:00,1287.911,1288.281,1279.051,1280.431,2600,877,0
2025-06-18 15:00:00,1280.461,1298.701,1279.751,1298.611,2787,727,0
2025-06-18 16:00:00,1298.611,1311.591,1297.161,1310.491,2549,1277,0
2025-06-18 17:00:00,1310.591,1312.801,1303.701,1309.301,2279,1857,0
2025-06-18 18:00:00,1309.301,1312.761,1306.201,1311.141,1007,1687,0
2025-06-18 19:00:00,1311.141,1315.981,1307.951,1309.711,969,3017,0
2025-06-18 20:00:00,1309.791,1326.821,1309.191,1319.881,754,1757,0
2025-06-18 21:00:00,1319.641,1327.901,1316.801,1319.001,1982,1377,0
2025-06-18 22:00:00,1319.001,1322.301,1313.301,1318.801,1121,1557,0
2025-06-18 23:00:00,1318.801,1321.49,1317.741,1321.44,6009,2037,0
2025-06-19 00:00:00,1321.49,1321.49,1321.44,1321.44,74588,3400,0
2025-06-19 01:00:00,1321.49,1323.221,1310.761,1322.021,2553,3110,0
2025-06-19 02:00:00,1321.991,1328.081,1318.331,1324.681,1578,3207,0
2025-06-19 03:00:00,1324.681,1341.981,1323.211,1335.731,2673,397,0
2025-06-19 04:00:00,1335.691,1350.801,1332.401,1342.801,1736,467,0
2025-06-19 05:00:00,1342.801,1346.801,1334.141,1340.301,733,457,0
2025-06-19 06:00:00,1340.301,1345.791,1339.62,1343.201,503,1567,0
2025-06-19 07:00:00,1343.301,1344.301,1333.38,1340.201,400,1757,0
2025-06-19 08:00:00,1340.201,1341.201,1332.901,1337.801,285,1437,0
2025-06-19 09:00:00,1337.801,1338.801,1307.711,1313.501,1848,1487,0
2025-06-19 10:00:00,1313.701,1318.801,1307.301,1311.601,681,2357,0
2025-06-19 11:00:00,1311.691,1313.221,1291.046,1292.801,1507,397,0
2025-06-19 12:00:00,1292.801,1293.301,1276.041,1292.401,969,397,0
2025-06-19 13:00:00,1292.401,1300.521,1291.401,1293.021,914,2107,0
2025-06-19 14:00:00,1292.951,1296.961,1289.601,1291.011,887,2017,0
2025-06-19 15:00:00,1290.961,1291.751,1273.441,1276.151,1548,1807,0
2025-06-19 16:00:00,1276.311,1280.401,1270.401,1272.201,1407,1237,0
2025-06-19 17:00:00,1272.001,1277.551,1265.001,1267.801,759,2697,0
2025-06-19 18:00:00,1267.801,1283.481,1267.701,1283.111,679,3197,0
2025-06-19 19:00:00,1283.001,1292.261,1279.88,1291.111,761,2447,0
2025-06-19 20:00:00,1291.271,1297.341,1288.66,1291.511,667,2697,0
2025-06-19 21:00:00,1291.491,1296.44,1288.881,1294.14,54937,3070,0
2025-06-19 22:00:00,1296.44,1296.44,1294.14,1294.14,75946,3070,0
2025-06-19 23:00:00,1296.44,1296.44,1294.14,1296.44,75983,3070,0
2025-06-20 00:00:00,1294.14,1296.44,1294.14,1296.44,76056,3070,0
2025-06-20 01:00:00,1294.14,1305.961,1290.591,1300.531,1506,1997,0
2025-06-20 02:00:00,1300.531,1302.291,1295.001,1297.861,1144,2547,0
2025-06-20 03:00:00,1297.861,1308.691,1296.281,1306.211,2217,1477,0
2025-06-20 04:00:00,1306.341,1321.651,1291.361,1291.801,1156,667,0
2025-06-20 05:00:00,1291.801,1301.801,1279.401,1286.301,881,1007,0
2025-06-20 06:00:00,1286.301,1289.601,1279.801,1288.261,732,1837,0
2025-06-20 07:00:00,1288.141,1289.301,1283.39,1289.301,634,1827,0
2025-06-20 08:00:00,1289.301,1289.301,1279.701,1281.441,1535,397,0
2025-06-20 09:00:00,1281.441,1285.911,1278.621,1282.471,1762,2357,0
2025-06-20 10:00:00,1282.241,1291.771,1272.401,1289.801,1679,1577,0
2025-06-20 11:00:00,1289.731,1295.991,1284.711,1289.281,2108,2097,0
2025-06-20 12:00:00,1289.261,1296.781,1285.631,1294.361,1105,2567,0
2025-06-20 13:00:00,1294.441,1294.591,1287.801,1287.921,861,2017,0
2025-06-20 14:00:00,1287.971,1295.271,1287.12,1288.671,1198,2060,0
2025-06-20 15:00:00,1288.501,1289.021,1262.271,1267.001,2240,2007,0
2025-06-20 16:00:00,1266.831,1272.341,1260.371,1269.911,2631,837,0
2025-06-20 17:00:00,1269.911,1277.781,1265.971,1271.051,2247,867,0
2025-06-20 18:00:00,1271.031,1275.631,1267.741,1271.451,1357,727,0
2025-06-20 19:00:00,1271.431,1274.501,1267.911,1271.191,703,1227,0
2025-06-20 20:00:00,1271.191,1271.961,1263.131,1265.091,634,1677,0
2025-06-20 21:00:00,1265.201,1267.771,1260.791,1262.741,622,1237,0
2025-06-20 22:00:00,1262.741,1265.391,1261.38,1263.961,390,2247,0
2025-06-20 23:00:00,1263.961,1270.121,1263.05,1263.15,1225,2447,0
2025-06-23 01:00:00,1247.69,1265.911,1243.961,1255.131,12835,1907,0
2025-06-23 02:00:00,1255.081,1270.691,1254.51,1267.721,961,3137,0
2025-06-23 03:00:00,1267.701,1268.331,1258.631,1261.211,1192,2177,0
2025-06-23 04:00:00,1261.321,1265.021,1254.981,1260.331,1366,2307,0
2025-06-23 05:00:00,1260.331,1265.391,1257.57,1262.951,639,2037,0
2025-06-23 06:00:00,1263.061,1277.241,1261.45,1271.661,826,2057,0
2025-06-23 07:00:00,1271.561,1273.941,1265.011,1267.061,737,2347,0
2025-06-23 08:00:00,1267.181,1270.521,1258.691,1265.121,1014,1307,0
2025-06-23 09:00:00,1265.221,1275.151,1265.221,1272.831,1526,1847,0
2025-06-23 10:00:00,1272.711,1286.711,1264.621,1284.451,1787,397,0
2025-06-23 11:00:00,1284.621,1301.951,1284.621,1294.781,3509,737,0
2025-06-23 12:00:00,1294.711,1299.291,1287.86,1289.601,2016,1287,0
2025-06-23 13:00:00,1289.601,1292.551,1285.001,1287.101,1269,2417,0
2025-06-23 14:00:00,1287.101,1291.451,1282.801,1291.351,1349,2357,0
2025-06-23 15:00:00,1291.431,1296.221,1285.001,1295.611,2287,1077,0
2025-06-23 16:00:00,1295.081,1297.341,1287.801,1292.691,2416,1917,0
2025-06-23 17:00:00,1292.691,1301.891,1290.491,1301.041,2358,1907,0
2025-06-23 18:00:00,1301.151,1303.721,1293.471,1294.151,1502,1307,0
2025-06-23 19:00:00,1294.151,1296.911,1285.681,1287.451,1842,1387,0
2025-06-23 20:00:00,1287.211,1294.901,1286.861,1294.621,1752,1197,0
2025-06-23 21:00:00,1294.641,1295.511,1289.031,1290.721,2767,2347,0
2025-06-23 22:00:00,1290.731,1292.451,1288.331,1290.821,1817,3257,0
2025-06-23 23:00:00,1290.901,1298.871,1287.44,1293.34,2507,2417,0
2025-06-24 00:00:00,1293.44,1293.44,1293.34,1293.34,35318,6860,0
2025-06-24 01:00:00,1293.44,1300.091,1284.891,1296.081,3036,3320,0
2025-06-24 02:00:00,1295.951,1300.181,1290.231,1294.051,2081,4437,0
2025-06-24 03:00:00,1294.001,1296.691,1290.061,1293.701,2295,3757,0
2025-06-24 04:00:00,1293.811,1297.871,1292.501,1294.931,1938,3547,0
2025-06-24 05:00:00,1294.931,1298.431,1294.141,1295.841,1933,3507,0
2025-06-24 06:00:00,1295.871,1297.971,1295.141,1295.561,1168,2917,0
2025-06-24 07:00:00,1295.681,1295.771,1288.271,1294.061,836,2797,0
2025-06-24 08:00:00,1294.111,1297.691,1281.411,1287.361,2238,2187,0
2025-06-24 09:00:00,1287.691,1291.971,1279.151,1286.361,1881,1377,0
2025-06-24 10:00:00,1286.271,1308.731,1286.091,1304.261,2242,397,0
2025-06-24 11:00:00,1304.261,1322.931,1301.411,1312.571,2600,717,0
2025-06-24 12:00:00,1312.501,1319.221,1309.801,1310.401,1712,657,0
2025-06-24 13:00:00,1310.401,1312.601,1304.231,1307.721,580,827,0
2025-06-24 14:00:00,1307.651,1313.221,1305.411,1311.301,1302,2357,0
2025-06-24 15:00:00,1311.181,1311.181,1284.201,1296.551,3657,1317,0
2025-06-24 16:00:00,1296.521,1305.011,1277.541,1281.601,4447,1377,0
2025-06-24 17:00:00,1281.601,1296.261,1279.891,1294.431,4204,1807,0
2025-06-24 18:00:00,1294.421,1309.351,1293.591,1305.261,2363,397,0
2025-06-24 19:00:00,1305.071,1315.611,1303.751,1310.011,1224,397,0
2025-06-24 20:00:00,1310.011,1317.541,1309.991,1316.511,1104,2357,0
2025-06-24 21:00:00,1316.611,1324.691,1313.501,1314.301,1023,1367,0
2025-06-24 22:00:00,1314.701,1318.871,1312.541,1315.281,1639,2217,0
2025-06-24 23:00:00,1315.291,1318.57,1313.471,1315.51,820,2920,0
2025-06-25 01:00:00,1317.21,1318.101,1312.5,1317.001,1029,2590,0
2025-06-25 02:00:00,1316.701,1319.02,1310.981,1311.501,864,2590,0
2025-06-25 03:00:00,1311.501,1321.801,1310.801,1321.801,704,2107,0
2025-06-25 04:00:00,1321.601,1321.701,1315.4,1318.201,841,2537,0
2025-06-25 05:00:00,1318.341,1319.201,1313.95,1317.571,657,887,0
2025-06-25 06:00:00,1317.501,1319.651,1314.41,1315.22,777,2590,0
2025-06-25 07:00:00,1317.311,1319.14,1313.72,1318.021,595,2590,0
2025-06-25 08:00:00,1318.201,1327.841,1316.801,1323.031,2590,1697,0
2025-06-25 09:00:00,1322.981,1323.271,1314.211,1316.801,1594,807,0
2025-06-25 10:00:00,1316.801,1327.761,1315.101,1318.101,1490,1117,0
2025-06-25 11:00:00,1318.101,1318.301,1309.601,1312.401,756,1177,0
2025-06-25 12:00:00,1312.401,1312.401,1303.401,1305.401,448,987,0
2025-06-25 13:00:00,1305.401,1307.901,1297.801,1301.901,526,1617,0
2025-06-25 14:00:00,1301.901,1309.831,1301.401,1307.901,1185,757,0
2025-06-25 15:00:00,1307.901,1315.521,1304.811,1309.101,1988,1247,0
2025-06-25 16:00:00,1309.101,1315.521,1306.301,1312.701,2582,437,0
2025-06-25 17:00:00,1312.701,1325.701,1311.801,1323.701,1267,827,0
2025-06-25 18:00:00,1323.701,1329.401,1321.701,1328.301,756,947,0
2025-06-25 19:00:00,1328.301,1338.801,1327.151,1338.301,682,807,0
2025-06-25 20:00:00,1338.301,1354.701,1338.301,1354.461,1108,977,0
2025-06-25 21:00:00,1354.461,1355.031,1346.201,1352.961,1202,1687,0
2025-06-25 22:00:00,1352.961,1367.951,1352.141,1360.501,1638,1387,0
2025-06-25 23:00:00,1360.451,1361.121,1351.981,1352.95,5670,2427,0
2025-06-26 00:00:00,1353.19,1353.19,1352.95,1352.95,27184,5200,0
2025-06-26 01:00:00,1353.19,1357.401,1350.291,1356.971,1034,2927,0
2025-06-26 02:00:00,1356.971,1363.501,1356.971,1362.761,1191,1987,0
2025-06-26 03:00:00,1362.761,1370.741,1360.581,1370.391,1700,1527,0
2025-06-26 04:00:00,1370.291,1385.081,1369.091,1380.071,2806,1627,0
2025-06-26 05:00:00,1380.071,1391.981,1380.071,1385.201,2124,2367,0
2025-06-26 06:00:00,1385.201,1389.101,1374.971,1381.831,918,1757,0
2025-06-26 07:00:00,1381.821,1383.901,1375.901,1382.991,1011,3377,0
2025-06-26 08:00:00,1383.041,1384.151,1377.901,1380.501,1044,2387,0
2025-06-26 09:00:00,1380.501,1382.471,1373.091,1375.411,2143,1907,0
2025-06-26 10:00:00,1375.311,1390.251,1373.111,1388.671,2486,2127,0
2025-06-26 11:00:00,1388.531,1410.941,1379.231,1409.851,2649,1837,0
2025-06-26 12:00:00,1409.961,1415.321,1400.211,1407.481,2358,2137,0
2025-06-26 13:00:00,1407.561,1409.111,1396.681,1399.701,2047,1477,0
2025-06-26 14:00:00,1399.671,1407.101,1394.301,1397.381,1862,2157,0
2025-06-26 15:00:00,1397.491,1405.591,1390.801,1395.701,1544,1137,0
2025-06-26 16:00:00,1395.701,1399.191,1375.451,1379.951,5865,1067,0
2025-06-26 17:00:00,1379.801,1397.611,1378.131,1388.001,5293,977,0
2025-06-26 18:00:00,1388.001,1410.601,1387.301,1408.301,1754,417,0
2025-06-26 19:00:00,1408.301,1412.811,1403.901,1408.801,1472,687,0
2025-06-26 20:00:00,1408.801,1432.881,1408.101,1430.551,1982,657,0
2025-06-26 21:00:00,1430.601,1434.111,1422.101,1422.301,1064,677,0
2025-06-26 22:00:00,1422.301,1423.101,1411.301,1414.681,1465,1047,0
2025-06-26 23:00:00,1414.581,1423.481,1414.581,1420.71,872,2097,0
2025-06-27 01:00:00,1426.78,1435.281,1423.061,1429.72,713,2590,0
2025-06-27 02:00:00,1429.301,1434.031,1421.211,1423.111,664,2590,0
2025-06-27 03:00:00,1423.211,1431.831,1423.211,1426.331,1190,2617,0
2025-06-27 04:00:00,1426.431,1427.691,1382.261,1383.601,2695,707,0
2025-06-27 05:00:00,1383.001,1398.881,1378.531,1397.291,1984,1067,0
2025-06-27 06:00:00,1396.931,1402.331,1391.901,1392.001,1343,2287,0
2025-06-27 07:00:00,1392.001,1395.781,1387.901,1394.081,1002,2707,0
2025-06-27 08:00:00,1393.831,1397.751,1386.421,1393.951,1267,3317,0
2025-06-27 09:00:00,1393.801,1396.461,1378.081,1394.041,2323,2087,0
2025-06-27 10:00:00,1394.051,1394.601,1373.901,1374.981,2133,2527,0
2025-06-27 11:00:00,1375.081,1378.551,1360.401,1360.901,1609,2527,0
2025-06-27 12:00:00,1360.901,1362.201,1351.501,1355.481,1151,2527,0
2025-06-27 13:00:00,1355.581,1363.301,1336.751,1342.651,1388,1187,0
2025-06-27 14:00:00,1342.601,1350.341,1340.401,1349.201,1724,3127,0
2025-06-27 15:00:00,1349.101,1349.101,1326.701,1332.501,1924,1207,0
2025-06-27 16:00:00,1332.401,1333.831,1322.281,1331.271,3487,1880,0
2025-06-27 17:00:00,1331.331,1350.891,1331.331,1350.251,3594,1577,0
2025-06-27 18:00:00,1350.321,1350.941,1339.701,1339.701,2904,1727,0
2025-06-27 19:00:00,1339.901,1346.181,1337.501,1342.511,2262,1197,0
2025-06-27 20:00:00,1342.511,1345.461,1341.111,1342.461,1406,1697,0
2025-06-27 21:00:00,1342.481,1343.371,1339.041,1343.371,1454,2647,0
2025-06-27 22:00:00,1343.391,1343.431,1336.161,1337.781,1284,2107,0
2025-06-27 23:00:00,1337.891,1340.771,1335.001,1338.15,1099,2657,0
2025-06-30 01:00:00,1338.2,1345.701,1325.291,1338.001,2532,537,0
2025-06-30 02:00:00,1337.981,1344.271,1337.801,1342.441,1928,2457,0
2025-06-30 03:00:00,1342.471,1348.221,1341.471,1345.611,2038,397,0
2025-06-30 04:00:00,1345.731,1355.641,1344.891,1350.011,2671,1547,0
2025-06-30 05:00:00,1349.921,1357.521,1349.621,1354.821,1135,2590,0
2025-06-30 06:00:00,1352.6,1368.331,1352.6,1366.471,1789,2087,0
2025-06-30 07:00:00,1366.471,1369.071,1364.391,1367.701,1334,2627,0
2025-06-30 08:00:00,1367.701,1370.081,1364.36,1369.971,1621,2667,0
2025-06-30 09:00:00,1370.141,1378.791,1363.221,1377.611,2457,1457,0
2025-06-30 10:00:00,1377.651,1377.901,1364.501,1365.701,2291,757,0
2025-06-30 11:00:00,1365.701,1368.401,1356.441,1366.101,1238,877,0
2025-06-30 12:00:00,1366.101,1366.501,1359.391,1362.841,1763,1887,0
2025-06-30 13:00:00,1362.861,1368.971,1361.021,1364.331,1589,1817,0
2025-06-30 14:00:00,1364.321,1365.331,1352.901,1355.351,1478,2197,0
2025-06-30 15:00:00,1355.321,1362.401,1350.801,1352.801,3304,2217,0
2025-06-30 16:00:00,1352.801,1354.791,1337.701,1337.971,3166,2267,0
2025-06-30 17:00:00,1338.041,1338.621,1322.991,1325.301,3641,1677,0
2025-06-30 18:00:00,1324.901,1338.301,1323.301,1337.401,837,407,0
2025-06-30 19:00:00,1337.401,1337.401,1331.801,1333.401,458,927,0
2025-06-30 20:00:00,1333.101,1340.151,1332.201,1339.041,1388,1967,0
2025-06-30 21:00:00,1339.041,1346.221,1338.101,1345.691,1917,3087,0
2025-06-30 22:00:00,1345.711,1349.221,1344.401,1348.971,1906,2317,0
2025-06-30 23:00:00,1348.911,1358.491,1347.561,1357.25,1159,1237,0
2025-07-01 01:00:00,1359.72,1370.891,1357.211,1370.691,1387,2337,0
2025-07-01 02:00:00,1370.691,1371.991,1361.841,1363.241,1514,2307,0
2025-07-01 03:00:00,1363.391,1368.691,1361.801,1362.991,1701,1407,0
2025-07-01 04:00:00,1363.101,1364.891,1350.151,1351.311,1170,1267,0
2025-07-01 05:00:00,1351.191,1351.351,1344.48,1347.611,912,1047,0
2025-07-01 06:00:00,1347.451,1351.391,1340.21,1350.661,765,407,0
2025-07-01 07:00:00,1350.131,1358.161,1347.211,1356.291,1177,397,0
2025-07-01 08:00:00,1356.191,1359.991,1347.161,1351.831,1626,1607,0
2025-07-01 09:00:00,1351.881,1353.121,1341.641,1344.581,2315,1787,0
2025-07-01 10:00:00,1344.481,1348.071,1331.971,1341.361,2548,1527,0
2025-07-01 11:00:00,1341.371,1345.681,1331.081,1333.191,2043,887,0
2025-07-01 12:00:00,1333.181,1342.711,1328.701,1341.001,1375,2107,0
2025-07-01 13:00:00,1341.191,1351.481,1339.501,1350.501,1021,1657,0
2025-07-01 14:00:00,1350.501,1355.401,1347.431,1353.911,655,2087,0
2025-07-01 15:00:00,1353.801,1362.301,1353.301,1358.761,2402,1907,0
2025-07-01 16:00:00,1358.771,1361.251,1349.401,1351.751,3261,1647,0
2025-07-01 17:00:00,1351.701,1355.601,1342.861,1345.201,2237,1057,0
2025-07-01 18:00:00,1343.351,1345.201,1331.101,1336.301,2726,627,0
2025-07-01 19:00:00,1336.301,1347.181,1335.101,1342.001,1130,1727,0
2025-07-01 20:00:00,1342.001,1347.621,1341.401,1346.921,1801,2957,0
2025-07-01 21:00:00,1346.931,1351.861,1345.871,1351.651,848,3227,0
2025-07-01 22:00:00,1351.701,1358.001,1348.491,1355.361,1695,2767,0
2025-07-01 23:00:00,1355.421,1356.201,1351.56,1354.95,914,2767,0
2025-07-02 01:00:00,1359.53,1363.321,1351.061,1361.391,1934,3330,0
2025-07-02 02:00:00,1361.391,1363.891,1356.101,1357.791,953,1347,0
2025-07-02 03:00:00,1357.801,1363.091,1356.621,1359.771,1001,2747,0
2025-07-02 04:00:00,1359.921,1364.231,1349.731,1349.831,1401,2327,0
2025-07-02 05:00:00,1349.681,1354.481,1346.171,1352.921,830,2397,0
2025-07-02 06:00:00,1353.071,1357.321,1350.97,1356.191,658,2590,0
2025-07-02 07:00:00,1356.191,1361.111,1353.61,1359.011,8283,2590,0
2025-07-02 08:00:00,1358.871,1359.981,1354.36,1356.361,959,3197,0
2025-07-02 09:00:00,1356.541,1359.601,1352.561,1355.751,1242,2957,0
2025-07-02 10:00:00,1355.811,1361.411,1353.781,1355.701,2290,2887,0
2025-07-02 11:00:00,1355.501,1362.561,1351.771,1359.641,1271,2057,0
2025-07-02 12:00:00,1359.651,1387.631,1358.381,1383.351,2669,1317,0
2025-07-02 13:00:00,1383.331,1391.011,1373.661,1387.651,2035,1647,0
2025-07-02 14:00:00,1387.941,1391.931,1382.401,1386.401,1518,1887,0
2025-07-02 15:00:00,1386.781,1392.381,1376.041,1382.901,3773,1347,0
2025-07-02 16:00:00,1382.791,1393.521,1380.111,1390.421,4635,2667,0
2025-07-02 17:00:00,1390.421,1407.101,1388.781,1403.231,3865,397,0
2025-07-02 18:00:00,1403.211,1412.091,1400.961,1409.931,2489,987,0
2025-07-02 19:00:00,1410.031,1421.781,1410.031,1415.871,3904,2367,0
2025-07-02 20:00:00,1415.881,1423.401,1413.651,1423.271,1747,1797,0
2025-07-02 21:00:00,1423.261,1427.251,1421.76,1425.921,1201,397,0
2025-07-02 22:00:00,1425.921,1433.851,1425.921,1428.161,2749,1837,0
2025-07-02 23:00:00,1428.161,1428.551,1418.96,1421.55,767,2547,0
2025-07-03 01:00:00,1422.83,1424.65,1415.271,1420.921,551,3110,0
2025-07-03 02:00:00,1420.921,1421.721,1414.051,1416.611,841,2807,0
2025-07-03 03:00:00,1416.611,1417.401,1414.501,1414.691,63,2207,0
2025-07-03 12:00:00,1407.941,1408.811,1360.201,1373.761,3724,1727,0
2025-07-03 13:00:00,1373.761,1390.281,1372.651,1381.531,2894,2827,0
2025-07-03 14:00:00,1381.631,1384.641,1373.201,1375.801,2247,2287,0
2025-07-03 15:00:00,1375.801,1381.191,1356.391,1379.261,5173,1757,0
2025-07-03 16:00:00,1379.261,1381.901,1369.141,1370.981,4943,1157,0
2025-07-03 17:00:00,1371.151,1375.921,1358.791,1364.871,5129,1247,0
2025-07-03 18:00:00,1364.831,1377.571,1364.651,1375.631,3448,1667,0
2025-07-03 19:00:00,1375.631,1378.531,1370.781,1373.091,2117,1487,0
2025-07-03 20:00:00,1373.041,1381.061,1372.311,1375.031,1447,1837,0
2025-07-03 21:00:00,1374.991,1377.64,1372.76,1377.201,1738,2460,0
2025-07-03 22:00:00,1377.091,1377.48,1373.44,1377.211,3107,2460,0
2025-07-03 23:00:00,1377.121,1377.34,1372.06,1374.62,5376,2460,0
2025-07-04 00:00:00,1374.29,1374.62,1374.29,1374.62,34206,4920,0
2025-07-04 01:00:00,1374.29,1381.821,1361.861,1378.651,845,2277,0
2025-07-04 02:00:00,1378.591,1387.601,1374.88,1386.381,1560,397,0
2025-07-04 03:00:00,1387.661,1388.971,1376.981,1379.491,1125,1527,0
2025-07-04 04:00:00,1379.651,1379.801,1376.861,1378.201,101,3627,0
2025-07-04 10:00:00,1372.571,1377.691,1368.791,1376.871,642,2007,0
2025-07-04 11:00:00,1376.871,1378.951,1371.401,1373.831,991,2357,0
2025-07-04 12:00:00,1373.821,1380.091,1370.02,1378.541,1000,3357,0
2025-07-04 13:00:00,1378.641,1384.231,1377.23,1381.301,678,3680,0
2025-07-04 14:00:00,1381.301,1389.901,1380.001,1387.801,462,3607,0
2025-07-04 15:00:00,1387.801,1390.441,1378.841,1382.901,521,2947,0
2025-07-04 16:00:00,1382.591,1387.201,1381.401,1384.601,440,2657,0
2025-07-04 17:00:00,1384.601,1388.7,1381.201,1387.601,298,1780,0
2025-07-04 18:00:00,1387.601,1392.001,1385.091,1392.001,852,3527,0
2025-07-04 19:00:00,1392.001,1396.601,1390.19,1395.301,214,2790,0
2025-07-07 01:00:00,1379.59,1400.301,1379.59,1396.961,1037,3177,0
2025-07-07 02:00:00,1396.991,1397.821,1394.621,1395.971,1621,4187,0
2025-07-07 03:00:00,1395.991,1399.121,1386.031,1388.901,1495,4177,0
2025-07-07 04:00:00,1388.691,1389.511,1377.201,1388.661,2537,3677,0
2025-07-07 05:00:00,1388.681,1389.211,1381.581,1381.741,1322,3257,0
2025-07-07 06:00:00,1381.721,1381.841,1362.521,1370.731,1615,2917,0
2025-07-07 07:00:00,1370.741,1374.021,1363.891,1367.881,1905,3707,0
2025-07-07 08:00:00,1368.061,1368.081,1361.431,1361.941,2160,3207,0
2025-07-07 09:00:00,1361.941,1363.671,1345.731,1350.591,2344,2577,0
2025-07-07 10:00:00,1350.591,1364.471,1347.681,1361.531,2118,2267,0
2025-07-07 11:00:00,1361.511,1365.151,1352.991,1362.401,1348,2647,0
2025-07-07 12:00:00,1362.201,1370.391,1361.301,1368.801,582,2277,0
2025-07-07 13:00:00,1368.801,1369.801,1360.001,1365.301,647,1047,0
2025-07-07 14:00:00,1365.301,1366.051,1361.401,1362.201,590,1647,0
2025-07-07 15:00:00,1362.201,1362.901,1352.401,1353.601,1456,1107,0
2025-07-07 16:00:00,1353.491,1364.401,1350.841,1364.221,4130,3547,0
2025-07-07 17:00:00,1364.221,1368.621,1360.291,1367.451,2495,2997,0
2025-07-07 18:00:00,1367.481,1371.071,1364.801,1368.791,1385,2417,0
2025-07-07 19:00:00,1368.761,1373.401,1360.901,1361.301,1457,2297,0
2025-07-07 20:00:00,1361.841,1371.001,1361.841,1368.511,1125,2647,0
2025-07-07 21:00:00,1368.611,1373.561,1365.281,1373.381,1218,2787,0
2025-07-07 22:00:00,1373.131,1376.061,1370.511,1373.641,1037,2767,0
2025-07-07 23:00:00,1373.541,1373.931,1368.29,1368.29,2647,2937,0
2025-07-08 00:00:00,1368.69,1368.69,1368.29,1368.69,47542,9710,0
2025-07-08 01:00:00,1368.49,1374.391,1362.39,1370.701,651,3437,0
2025-07-08 02:00:00,1370.701,1374.491,1365.491,1372.091,733,4387,0
2025-07-08 03:00:00,1372.191,1377.721,1371.691,1374.431,1071,2667,0
2025-07-08 04:00:00,1374.571,1391.161,1373.491,1390.411,1458,1597,0
2025-07-08 05:00:00,1390.411,1391.051,1375.611,1377.151,1866,1507,0
2025-07-08 06:00:00,1377.151,1377.951,1361.491,1368.191,1331,2787,0
2025-07-08 07:00:00,1368.091,1373.791,1367.701,1368.391,721,2930,0
2025-07-08 08:00:00,1368.391,1376.031,1368.391,1373.291,916,3287,0
2025-07-08 09:00:00,1373.291,1378.121,1369.591,1376.501,868,2877,0
2025-07-08 10:00:00,1376.501,1387.401,1375.191,1378.841,1346,1757,0
2025-07-08 11:00:00,1378.841,1378.851,1367.571,1370.131,1950,1177,0
2025-07-08 12:00:00,1370.301,1376.281,1370.131,1370.931,1694,1987,0
2025-07-08 13:00:00,1370.981,1380.041,1370.861,1376.601,998,2007,0
2025-07-08 14:00:00,1376.601,1383.001,1371.501,1376.501,603,607,0
2025-07-08 15:00:00,1376.501,1387.261,1373.101,1374.801,1398,827,0
2025-07-08 16:00:00,1374.801,1375.101,1354.701,1360.101,1526,507,0
2025-07-08 17:00:00,1360.101,1360.501,1344.901,1346.401,3857,2137,0
2025-07-08 18:00:00,1346.401,1355.001,1345.941,1349.101,2571,397,0
2025-07-08 19:00:00,1348.971,1371.771,1347.011,1370.271,3801,1207,0
2025-07-08 20:00:00,1370.221,1377.771,1362.901,1365.871,4637,397,0
2025-07-08 21:00:00,1365.851,1377.651,1361.18,1371.851,2044,1077,0
2025-07-08 22:00:00,1371.441,1371.641,1361.741,1368.121,1564,2790,0
2025-07-08 23:00:00,1368.141,1370.851,1366.23,1370.0,2887,2617,0
2025-07-09 00:00:00,1369.9,1370.0,1369.9,1369.9,31671,4790,0
2025-07-09 01:00:00,1370.0,1372.93,1364.561,1369.451,1041,2887,0
2025-07-09 02:00:00,1369.451,1370.311,1356.171,1359.051,940,3037,0
2025-07-09 03:00:00,1359.351,1373.511,1356.321,1368.191,1464,4227,0
2025-07-09 04:00:00,1368.061,1368.061,1347.201,1352.731,1859,2857,0
2025-07-09 05:00:00,1352.921,1354.511,1345.621,1350.011,2168,2537,0
2025-07-09 06:00:00,1350.181,1352.841,1347.57,1350.861,889,4517,0
2025-07-09 07:00:00,1350.931,1353.06,1345.391,1349.041,1215,2590,0
2025-07-09 08:00:00,1348.921,1351.731,1343.571,1351.041,1241,4367,0
2025-07-09 09:00:00,1351.291,1351.871,1344.18,1351.531,1693,2747,0
2025-07-09 10:00:00,1351.271,1360.981,1348.651,1356.401,1876,2157,0
2025-07-09 11:00:00,1356.101,1356.801,1346.601,1350.991,1103,1737,0
2025-07-09 12:00:00,1350.991,1351.801,1345.451,1349.911,884,1517,0
2025-07-09 13:00:00,1349.801,1354.411,1346.22,1354.401,1032,2497,0
2025-07-09 14:00:00,1354.401,1361.801,1350.801,1358.901,836,1797,0
2025-07-09 15:00:00,1358.901,1365.881,1356.501,1361.241,1919,1657,0
2025-07-09 16:00:00,1361.341,1363.541,1349.331,1354.961,2826,1587,0
2025-07-09 17:00:00,1354.811,1355.821,1341.201,1343.931,4072,1417,0
2025-07-09 18:00:00,1343.961,1349.071,1341.591,1347.421,2584,2297,0
2025-07-09 19:00:00,1347.391,1357.821,1346.991,1356.011,1879,2237,0
2025-07-09 20:00:00,1356.061,1359.931,1347.611,1347.611,1826,2487,0
2025-07-09 21:00:00,1348.091,1353.611,1347.561,1350.671,1086,2457,0
2025-07-09 22:00:00,1350.691,1353.111,1347.06,1350.101,1215,3077,0
2025-07-09 23:00:00,1350.451,1350.621,1345.891,1348.32,1269,2767,0
2025-07-10 00:00:00,1348.42,1348.42,1348.32,1348.42,31709,8260,0
2025-07-10 01:00:00,1346.74,1353.65,1346.49,1349.401,934,2900,0
2025-07-10 02:00:00,1349.401,1354.05,1348.081,1351.201,378,2640,0
2025-07-10 03:00:00,1351.201,1352.56,1345.701,1349.501,748,2590,0
2025-07-10 04:00:00,1351.41,1351.41,1345.6,1349.351,893,2590,0
2025-07-10 05:00:00,1349.471,1351.671,1345.851,1346.451,579,3130,0
2025-07-10 06:00:00,1346.581,1350.511,1345.601,1347.961,657,2590,0
2025-07-10 07:00:00,1347.951,1350.201,1346.501,1350.131,740,4757,0
2025-07-10 08:00:00,1350.281,1352.011,1349.241,1351.191,801,4687,0
2025-07-10 09:00:00,1351.191,1360.591,1349.31,1359.281,1448,3257,0
2025-07-10 10:00:00,1359.461,1365.691,1356.921,1358.501,1787,3707,0
2025-07-10 11:00:00,1359.331,1362.251,1355.301,1360.031,974,3260,0
2025-07-10 12:00:00,1360.031,1370.251,1358.701,1368.141,1827,447,0
2025-07-10 13:00:00,1368.531,1371.521,1358.311,1358.961,1699,397,0
2025-07-10 14:00:00,1358.961,1359.301,1338.871,1344.441,1690,1057,0
2025-07-10 15:00:00,1344.291,1361.701,1342.251,1358.381,2348,397,0
2025-07-10 16:00:00,1358.281,1371.271,1354.491,1357.041,6607,397,0
2025-07-10 17:00:00,1357.151,1367.001,1354.22,1364.291,3830,467,0
2025-07-10 18:00:00,1364.091,1370.751,1362.341,1367.671,3279,397,0
2025-07-10 19:00:00,1367.701,1368.031,1359.301,1361.601,1598,397,0
2025-07-10 20:00:00,1361.601,1365.63,1361.43,1362.501,690,2460,0
2025-07-10 21:00:00,1362.501,1369.091,1361.301,1368.511,933,4377,0
2025-07-10 22:00:00,1368.661,1371.051,1362.411,1362.831,1528,3777,0
2025-07-10 23:00:00,1362.801,1364.291,1359.301,1362.82,1959,5517,0
2025-07-11 00:00:00,1362.57,1362.82,1362.57,1362.82,31716,10260,0
2025-07-11 01:00:00,1362.57,1362.82,1356.931,1361.491,944,5437,0
2025-07-11 02:00:00,1361.401,1364.901,1358.661,1360.461,1082,2720,0
2025-07-11 03:00:00,1360.431,1365.151,1353.971,1359.641,2641,5287,0
2025-07-11 04:00:00,1359.641,1365.911,1357.231,1359.831,2697,3337,0
2025-07-11 05:00:00,1359.831,1361.581,1355.95,1357.541,845,3127,0
2025-07-11 06:00:00,1357.671,1360.451,1355.49,1359.881,728,3390,0
2025-07-11 07:00:00,1359.881,1360.541,1358.341,1358.571,666,2770,0
2025-07-11 08:00:00,1358.531,1365.791,1345.701,1358.221,1448,2657,0
2025-07-11 09:00:00,1358.231,1363.521,1353.431,1353.431,2326,2797,0
2025-07-11 10:00:00,1353.431,1354.671,1344.181,1347.081,2382,3337,0
2025-07-11 11:00:00,1346.931,1361.561,1341.021,1356.501,2451,3700,0
2025-07-11 12:00:00,1358.2,1362.22,1347.091,1355.731,1754,397,0
2025-07-11 13:00:00,1355.731,1358.521,1351.561,1355.661,2323,3997,0
2025-07-11 14:00:00,1355.661,1366.331,1350.911,1356.101,3752,3067,0
2025-07-11 15:00:00,1356.101,1372.611,1349.941,1362.181,4434,637,0
2025-07-11 16:00:00,1362.151,1378.951,1358.971,1368.651,4883,397,0
2025-07-11 17:00:00,1369.891,1380.351,1368.791,1375.881,4665,1107,0
2025-07-11 18:00:00,1375.801,1383.671,1371.491,1383.231,3142,1757,0
2025-07-11 19:00:00,1383.561,1392.051,1381.671,1390.581,2593,2357,0
2025-07-11 20:00:00,1390.581,1399.82,1387.431,1397.301,2299,2827,0
2025-07-11 21:00:00,1397.301,1402.461,1395.851,1396.901,2294,4647,0
2025-07-11 22:00:00,1396.901,1403.041,1393.931,1401.231,872,6407,0
2025-07-11 23:00:00,1401.231,1403.351,1364.55,1364.65,2226,5087,0
2025-07-14 01:00:00,1372.82,1373.491,1360.021,1370.201,2382,37867,0
2025-07-14 02:00:00,1370.101,1385.3,1367.771,1368.561,1130,8940,0
2025-07-14 03:00:00,1368.501,1391.58,1367.841,1382.301,367,8940,0
2025-07-14 04:00:00,1378.5,1386.93,1363.331,1378.801,5030,8940,0
2025-07-14 05:00:00,1379.62,1384.201,1365.381,1380.901,1111,8940,0
2025-07-14 06:00:00,1384.18,1392.831,1377.7,1387.761,2823,8940,0
2025-07-14 07:00:00,1387.711,1395.581,1384.681,1392.671,1982,8117,0
2025-07-14 08:00:00,1392.591,1396.081,1380.761,1395.981,2026,3867,0
2025-07-14 09:00:00,1396.121,1397.671,1357.061,1383.801,1274,4167,0
2025-07-14 10:00:00,1383.801,1400.34,1357.721,1393.001,176,8940,0
2025-07-14 11:00:00,1393.001,1398.701,1369.551,1385.511,953,3997,0
2025-07-14 12:00:00,1385.481,1391.1,1381.301,1384.371,1014,18300,0
2025-07-14 13:00:00,1384.571,1393.411,1376.701,1378.801,2055,8940,0
2025-07-14 14:00:00,1378.801,1392.78,1373.511,1388.401,2077,8940,0
2025-07-14 15:00:00,1392.74,1399.901,1376.641,1377.181,2026,5507,0
2025-07-14 16:00:00,1377.281,1378.141,1363.081,1375.401,5198,2677,0
2025-07-14 17:00:00,1375.421,1383.001,1372.951,1381.101,3636,1507,0
2025-07-14 18:00:00,1381.101,1386.361,1375.021,1375.021,2152,1997,0
2025-07-14 19:00:00,1375.021,1378.241,1374.381,1374.801,1988,3277,0
2025-07-14 20:00:00,1374.881,1375.991,1370.291,1370.291,2106,1807,0
2025-07-14 21:00:00,1370.291,1371.851,1364.731,1365.221,1251,1797,0
2025-07-14 22:00:00,1365.141,1366.031,1360.291,1363.731,2329,6417,0
2025-07-14 23:00:00,1363.771,1364.631,1358.75,1360.36,1127,6977,0
2025-07-15 01:00:00,1356.19,1367.511,1356.19,1363.661,2245,8587,0
2025-07-15 02:00:00,1363.711,1368.751,1358.051,1368.741,2316,7247,0
2025-07-15 03:00:00,1368.741,1369.751,1361.2,1368.141,2172,2467,0
2025-07-15 04:00:00,1368.091,1373.96,1367.911,1372.801,1090,2737,0
2025-07-15 05:00:00,1373.301,1374.46,1367.731,1370.801,2493,4927,0
2025-07-15 06:00:00,1370.701,1375.401,1369.68,1374.23,4263,4407,0
2025-07-15 07:00:00,1374.801,1382.031,1374.771,1376.901,3886,5000,0
2025-07-15 08:00:00,1376.52,1380.381,1373.68,1379.581,1502,5000,0
2025-07-15 09:00:00,1379.571,1382.111,1377.261,1377.391,1223,4837,0
2025-07-15 10:00:00,1377.381,1380.801,1368.321,1376.601,1391,4247,0
2025-07-15 11:00:00,1376.201,1376.201,1367.001,1373.101,1138,2917,0
2025-07-15 12:00:00,1373.101,1383.061,1370.031,1381.301,2179,3357,0
2025-07-15 13:00:00,1381.291,1389.331,1380.981,1386.601,1841,2047,0
2025-07-15 14:00:00,1386.111,1388.061,1381.231,1386.011,1263,4107,0
2025-07-15 15:00:00,1386.121,1395.581,1382.141,1385.721,3615,4847,0
2025-07-15 16:00:00,1385.921,1391.931,1379.351,1381.691,2761,4137,0
2025-07-15 17:00:00,1381.741,1384.111,1374.301,1374.431,5304,2417,0
2025-07-15 18:00:00,1374.431,1377.621,1367.801,1374.281,3465,397,0
2025-07-15 19:00:00,1374.281,1376.001,1368.821,1372.761,3082,1897,0
2025-07-15 20:00:00,1372.771,1376.901,1370.941,1376.211,1301,2347,0
2025-07-15 21:00:00,1376.111,1376.681,1372.221,1372.241,1411,3047,0
2025-07-15 22:00:00,1371.941,1374.241,1367.661,1367.811,1143,3547,0
2025-07-15 23:00:00,1367.801,1368.62,1354.171,1359.75,911,3920,0
2025-07-16 00:00:00,1359.75,1359.75,1359.75,1359.75,60,14600,0
2025-07-16 01:00:00,1359.75,1366.371,1354.16,1362.801,1433,5330,0
2025-07-16 02:00:00,1358.901,1367.53,1356.481,1364.001,2947,5850,0
2025-07-16 03:00:00,1360.671,1366.14,1350.301,1363.301,4042,7850,0
2025-07-16 04:00:00,1363.301,1376.501,1358.311,1376.501,2671,1017,0
2025-07-16 05:00:00,1376.501,1382.691,1359.061,1373.401,1220,397,0
2025-07-16 06:00:00,1373.401,1380.22,1358.461,1377.68,3772,5000,0
2025-07-16 07:00:00,1379.1,1382.74,1363.431,1379.41,3365,5000,0
2025-07-16 08:00:00,1380.86,1383.57,1366.891,1379.401,2267,5000,0
2025-07-16 09:00:00,1380.001,1385.781,1367.701,1385.161,1915,2897,0
2025-07-16 10:00:00,1385.291,1389.551,1378.301,1382.101,1688,2907,0
2025-07-16 11:00:00,1382.101,1383.801,1371.501,1377.851,660,2017,0
2025-07-16 12:00:00,1377.951,1387.031,1377.001,1385.701,1187,3977,0
2025-07-16 13:00:00,1385.691,1391.091,1380.311,1385.351,1500,2157,0
2025-07-16 14:00:00,1385.351,1390.651,1384.211,1389.731,1580,6027,0
2025-07-16 15:00:00,1389.731,1398.301,1387.901,1395.651,5017,1477,0
2025-07-16 16:00:00,1395.711,1398.481,1386.381,1390.161,5249,1647,0
2025-07-16 17:00:00,1390.221,1410.791,1388.071,1409.251,5486,1857,0
2025-07-16 18:00:00,1409.251,1425.701,1406.781,1417.081,5162,3117,0
2025-07-16 19:00:00,1417.081,1417.901,1406.041,1415.501,2198,2367,0
2025-07-16 20:00:00,1415.501,1420.981,1413.931,1419.641,2653,1797,0
2025-07-16 21:00:00,1419.641,1419.961,1414.501,1415.941,2248,3067,0
2025-07-16 22:00:00,1415.971,1417.521,1413.741,1417.371,1750,3667,0
2025-07-16 23:00:00,1417.351,1420.791,1415.121,1418.401,825,4547,0
2025-07-17 01:00:00,1417.931,1424.701,1402.061,1423.801,446,6397,0
2025-07-17 02:00:00,1423.601,1424.381,1417.55,1421.201,389,5037,0
2025-07-17 03:00:00,1420.841,1421.651,1416.391,1418.891,1000,4747,0
2025-07-17 04:00:00,1418.991,1428.951,1418.941,1427.561,2298,3777,0
2025-07-17 05:00:00,1427.471,1429.301,1421.23,1425.421,882,3347,0
2025-07-17 06:00:00,1425.271,1425.391,1417.34,1421.341,549,3117,0
2025-07-17 07:00:00,1421.631,1425.921,1418.78,1423.131,822,1577,0
2025-07-17 08:00:00,1422.901,1423.741,1417.73,1422.651,933,3377,0
2025-07-17 09:00:00,1422.491,1422.981,1407.051,1411.691,1906,907,0
2025-07-17 10:00:00,1411.691,1415.591,1408.191,1409.031,917,3407,0
2025-07-17 11:00:00,1409.131,1412.801,1407.75,1410.291,692,3547,0
2025-07-17 12:00:00,1410.801,1420.061,1409.38,1417.871,914,3877,0
2025-07-17 13:00:00,1417.961,1421.791,1414.24,1416.801,821,4897,0
2025-07-17 14:00:00,1416.811,1423.731,1415.611,1421.301,888,3577,0
2025-07-17 15:00:00,1421.601,1423.101,1411.481,1414.591,2189,2307,0
2025-07-17 16:00:00,1414.611,1420.181,1411.351,1413.491,6267,2107,0
2025-07-17 17:00:00,1413.461,1433.651,1411.861,1430.321,5154,2027,0
2025-07-17 18:00:00,1430.231,1435.651,1426.301,1430.251,5182,2747,0
2025-07-17 19:00:00,1430.041,1447.801,1429.681,1447.491,3603,997,0
2025-07-17 20:00:00,1447.491,1467.031,1445.501,1466.131,3632,897,0
2025-07-17 21:00:00,1466.101,1466.681,1457.681,1463.301,2172,1407,0
2025-07-17 22:00:00,1463.301,1465.281,1459.301,1462.801,953,2397,0
2025-07-17 23:00:00,1462.801,1466.801,1459.341,1463.351,247,1457,0
2025-07-18 01:00:00,1462.951,1464.951,1443.951,1462.201,499,6397,0
2025-07-18 02:00:00,1462.201,1464.021,1460.941,1462.711,449,6397,0
2025-07-18 03:00:00,1463.331,1471.721,1461.501,1471.101,1076,3917,0
2025-07-18 04:00:00,1471.121,1477.001,1465.151,1471.001,1034,4507,0
2025-07-18 05:00:00,1471.001,1471.001,1461.691,1468.761,716,6297,0
2025-07-18 06:00:00,1468.761,1468.761,1459.151,1459.701,1061,5617,0
2025-07-18 07:00:00,1459.551,1462.411,1458.751,1461.501,817,5537,0
2025-07-18 08:00:00,1461.531,1463.481,1458.411,1458.581,1371,5187,0
2025-07-18 09:00:00,1458.561,1459.221,1450.231,1456.091,1476,5517,0
2025-07-18 10:00:00,1456.371,1466.601,1455.281,1466.301,1652,5247,0
2025-07-18 11:00:00,1466.531,1468.271,1458.041,1462.701,1218,3337,0
2025-07-18 12:00:00,1462.601,1472.661,1460.401,1467.321,1139,5857,0
2025-07-18 13:00:00,1467.321,1477.341,1463.221,1468.201,1277,1697,0
2025-07-18 14:00:00,1468.201,1470.201,1464.801,1467.131,598,1747,0
2025-07-18 15:00:00,1467.171,1482.041,1467.081,1477.561,4361,397,0
2025-07-18 16:00:00,1477.621,1477.811,1443.161,1443.371,6587,2547,0
2025-07-18 17:00:00,1443.701,1457.201,1442.331,1443.561,5337,2377,0
2025-07-18 18:00:00,1443.571,1443.981,1433.211,1436.871,4452,3687,0
2025-07-18 19:00:00,1436.891,1439.261,1419.181,1423.331,2965,3447,0
2025-07-18 20:00:00,1423.351,1428.921,1418.261,1428.911,2740,7047,0
2025-07-18 21:00:00,1429.011,1432.85,1428.391,1430.641,702,7220,0
2025-07-18 22:00:00,1430.671,1430.771,1427.711,1428.201,1331,8827,0
2025-07-18 23:00:00,1428.581,1429.871,1424.131,1425.721,933,7220,0
2025-07-21 01:00:00,1420.651,1423.451,1416.451,1423.141,796,9727,0
2025-07-21 02:00:00,1423.141,1428.591,1421.761,1428.291,445,8257,0
2025-07-21 03:00:00,1428.441,1433.461,1426.4,1431.731,596,6507,0
2025-07-21 04:00:00,1431.631,1434.121,1429.071,1429.801,832,6637,0
2025-07-21 05:00:00,1429.801,1430.501,1425.301,1427.981,1132,8867,0
2025-07-21 06:00:00,1427.971,1432.771,1427.801,1430.841,843,5747,0
2025-07-21 07:00:00,1430.891,1433.941,1430.421,1430.811,1024,5727,0
2025-07-21 08:00:00,1430.811,1438.591,1430.701,1434.831,2226,9537,0
2025-07-21 09:00:00,1434.781,1438.611,1431.451,1435.301,2307,7157,0
2025-07-21 10:00:00,1435.321,1451.041,1435.321,1446.431,815,5647,0
2025-07-21 11:00:00,1446.331,1455.511,1444.511,1453.881,2288,2987,0
2025-07-21 12:00:00,1453.851,1454.031,1444.571,1445.691,916,1327,0
2025-07-21 13:00:00,1445.681,1447.301,1436.801,1446.201,590,5257,0
2025-07-21 14:00:00,1446.201,1450.001,1442.701,1448.901,292,8597,0
2025-07-21 15:00:00,1448.901,1461.301,1445.201,1454.201,1768,1197,0
2025-07-21 16:00:00,1454.401,1465.791,1447.151,1457.481,5720,817,0
2025-07-21 17:00:00,1457.481,1460.001,1443.301,1449.271,2922,1147,0
2025-07-21 18:00:00,1449.381,1455.131,1446.611,1453.191,1873,397,0
2025-07-21 19:00:00,1453.191,1454.451,1441.341,1447.511,1519,1927,0
2025-07-21 20:00:00,1447.561,1450.661,1443.181,1443.981,1377,5277,0
2025-07-21 21:00:00,1444.331,1446.651,1443.761,1444.971,752,6547,0
2025-07-21 22:00:00,1444.941,1446.901,1444.001,1444.201,1474,1647,0
2025-07-21 23:00:00,1444.201,1449.671,1444.201,1448.661,640,1277,0
2025-07-22 01:00:00,1448.271,1448.271,1426.821,1445.751,828,10207,0
2025-07-22 02:00:00,1445.961,1449.801,1445.091,1448.541,735,7867,0
2025-07-22 03:00:00,1448.261,1450.751,1443.721,1450.751,1009,6137,0
2025-07-22 04:00:00,1450.641,1452.571,1447.661,1452.161,1116,3117,0
2025-07-22 05:00:00,1452.161,1458.001,1449.221,1454.811,1072,4417,0
2025-07-22 06:00:00,1454.471,1456.981,1449.501,1451.421,929,7850,0
2025-07-22 07:00:00,1451.241,1451.261,1444.161,1446.491,816,9550,0
2025-07-22 08:00:00,1446.511,1454.001,1443.171,1453.581,1055,3797,0
2025-07-22 09:00:00,1453.911,1455.301,1448.701,1451.831,1543,3897,0
2025-07-22 10:00:00,1451.801,1453.551,1441.241,1442.481,1631,4027,0
2025-07-22 11:00:00,1442.471,1449.121,1441.701,1445.561,1237,3657,0
2025-07-22 12:00:00,1445.561,1448.801,1437.741,1446.861,2116,4377,0
2025-07-22 13:00:00,1446.761,1447.531,1440.651,1447.031,847,6337,0
2025-07-22 14:00:00,1446.901,1449.051,1444.301,1447.751,939,6057,0
2025-07-22 15:00:00,1447.751,1448.121,1432.261,1446.921,3871,3467,0
2025-07-22 16:00:00,1446.711,1454.981,1441.011,1443.101,5986,4457,0
2025-07-22 17:00:00,1443.181,1449.711,1440.161,1442.991,4766,3057,0
2025-07-22 18:00:00,1442.991,1448.371,1440.071,1443.251,2298,4127,0
2025-07-22 19:00:00,1443.251,1445.311,1439.981,1441.841,1531,2807,0
2025-07-22 20:00:00,1441.961,1444.981,1437.571,1441.201,2515,3077,0
2025-07-22 21:00:00,1441.141,1443.301,1440.261,1442.751,1811,2507,0
2025-07-22 22:00:00,1442.701,1444.421,1441.251,1441.911,1652,1657,0
2025-07-22 23:00:00,1441.911,1443.401,1439.211,1440.691,790,2827,0
2025-07-23 01:00:00,1441.061,1442.311,1428.461,1437.071,448,7117,0
2025-07-23 02:00:00,1436.781,1441.941,1432.041,1434.371,954,6817,0
2025-07-23 03:00:00,1434.291,1438.021,1431.881,1435.591,1982,7467,0
2025-07-23 04:00:00,1435.491,1442.021,1434.331,1438.701,1829,8147,0
2025-07-23 05:00:00,1438.691,1439.201,1435.301,1436.101,1351,7047,0
2025-07-23 06:00:00,1436.101,1443.601,1436.001,1440.161,1161,5767,0
2025-07-23 07:00:00,1440.161,1447.201,1439.681,1446.221,708,3617,0
2025-07-23 08:00:00,1446.221,1446.441,1437.231,1441.151,1084,4957,0
2025-07-23 09:00:00,1441.271,1452.121,1439.751,1451.151,2199,1987,0
2025-07-23 10:00:00,1451.051,1460.271,1447.411,1452.911,1883,847,0
2025-07-23 11:00:00,1453.111,1455.141,1446.861,1449.931,2519,3057,0
2025-07-23 12:00:00,1449.931,1454.371,1445.081,1452.291,1975,2157,0
2025-07-23 13:00:00,1452.291,1456.031,1448.791,1453.071,2036,2197,0
2025-07-23 14:00:00,1453.071,1453.211,1440.701,1441.001,1863,3197,0
2025-07-23 15:00:00,1440.801,1442.171,1425.731,1429.231,3620,1667,0
2025-07-23 16:00:00,1429.761,1433.051,1422.921,1425.041,4169,487,0
2025-07-23 17:00:00,1425.781,1439.001,1423.071,1434.031,3828,3047,0
2025-07-23 18:00:00,1434.031,1440.911,1432.301,1434.411,3591,1927,0
2025-07-23 19:00:00,1434.361,1435.771,1423.401,1424.821,3722,2297,0
2025-07-23 20:00:00,1424.821,1427.351,1419.441,1419.841,1947,2657,0
2025-07-23 21:00:00,1419.841,1423.171,1418.991,1421.391,1939,2517,0
2025-07-23 22:00:00,1421.441,1423.031,1416.611,1416.621,1447,1537,0
2025-07-23 23:00:00,1416.611,1417.251,1412.821,1416.141,685,3657,0
2025-07-24 01:00:00,1417.691,1423.131,1405.451,1421.501,377,7697,0
2025-07-24 02:00:00,1421.501,1423.701,1417.741,1419.041,499,7850,0
2025-07-24 03:00:00,1419.041,1419.321,1413.351,1416.561,1779,5907,0
2025-07-24 04:00:00,1416.641,1418.211,1413.771,1415.471,3091,4237,0
2025-07-24 05:00:00,1415.221,1415.571,1407.811,1414.881,2662,1687,0
2025-07-24 06:00:00,1414.881,1416.361,1412.901,1414.431,1793,2577,0
2025-07-24 07:00:00,1414.531,1416.391,1413.67,1414.161,529,6407,0
2025-07-24 08:00:00,1414.181,1416.341,1411.47,1413.311,854,5277,0
2025-07-24 09:00:00,1413.251,1413.901,1408.951,1412.271,832,2397,0
2025-07-24 10:00:00,1412.271,1418.291,1408.001,1408.901,1969,467,0
2025-07-24 11:00:00,1408.901,1409.091,1383.831,1384.731,2350,1957,0
2025-07-24 12:00:00,1384.451,1390.811,1378.341,1389.991,1966,5977,0
2025-07-24 13:00:00,1390.101,1400.441,1389.681,1394.351,950,997,0
2025-07-24 14:00:00,1394.351,1406.991,1393.551,1406.681,1733,5897,0
2025-07-24 15:00:00,1406.871,1418.901,1398.601,1410.021,2757,1207,0
2025-07-24 16:00:00,1409.891,1412.331,1396.961,1408.771,4230,867,0
2025-07-24 17:00:00,1409.671,1424.491,1408.821,1410.061,2115,787,0
2025-07-24 18:00:00,1410.091,1413.121,1406.651,1409.911,3011,3447,0
2025-07-24 19:00:00,1409.881,1410.851,1401.401,1402.491,2736,3157,0
2025-07-24 20:00:00,1402.491,1410.001,1402.111,1409.001,1104,2497,0
2025-07-24 21:00:00,1409.301,1412.861,1407.67,1411.351,384,3177,0
2025-07-24 22:00:00,1411.251,1413.701,1408.6,1411.701,399,3217,0
2025-07-24 23:00:00,1411.591,1411.651,1408.281,1410.461,1002,3517,0
2025-07-25 01:00:00,1413.731,1416.901,1406.221,1415.501,595,2307,0
2025-07-25 02:00:00,1415.501,1420.621,1413.22,1417.471,728,1867,0
2025-07-25 03:00:00,1417.471,1420.641,1413.731,1414.601,776,2327,0
2025-07-25 04:00:00,1414.711,1415.431,1408.521,1413.231,1702,1557,0
2025-07-25 05:00:00,1413.111,1414.011,1403.451,1405.331,1297,1207,0
2025-07-25 06:00:00,1405.181,1406.331,1400.441,1403.141,1321,1597,0
2025-07-25 07:00:00,1403.141,1404.421,1398.441,1399.791,885,2617,0
2025-07-25 08:00:00,1399.791,1405.981,1398.221,1405.571,1562,2217,0
2025-07-25 09:00:00,1405.571,1409.851,1395.631,1401.321,1975,1857,0
2025-07-25 10:00:00,1401.441,1409.751,1399.661,1408.661,1221,3377,0
2025-07-25 11:00:00,1408.661,1409.291,1390.791,1391.091,1083,2957,0
2025-07-25 12:00:00,1391.091,1394.761,1384.431,1393.041,1048,3397,0
2025-07-25 13:00:00,1392.991,1395.311,1385.401,1389.871,1189,757,0
2025-07-25 14:00:00,1389.871,1393.601,1388.181,1389.801,1142,2227,0
2025-07-25 15:00:00,1389.481,1393.511,1382.591,1392.351,1817,957,0
2025-07-25 16:00:00,1392.351,1394.331,1384.611,1392.301,2481,397,0
2025-07-25 17:00:00,1392.401,1395.231,1385.221,1387.591,2246,397,0
2025-07-25 18:00:00,1387.591,1394.051,1385.751,1392.731,2475,867,0
2025-07-25 19:00:00,1392.731,1399.901,1390.501,1393.431,1634,477,0
2025-07-25 20:00:00,1393.531,1397.711,1393.531,1396.211,561,3757,0
2025-07-25 21:00:00,1396.211,1400.881,1396.211,1399.301,379,3377,0
2025-07-25 22:00:00,1399.171,1403.021,1398.311,1402.531,552,3057,0
2025-07-25 23:00:00,1402.741,1403.691,1399.171,1399.861,1032,3977,0
2025-07-28 01:00:00,1403.871,1420.371,1403.831,1413.691,787,4887,0
2025-07-28 02:00:00,1413.871,1418.271,1411.171,1412.931,1005,4777,0
2025-07-28 03:00:00,1413.461,1417.951,1411.561,1416.181,1369,3957,0
2025-07-28 04:00:00,1416.331,1419.921,1414.201,1414.331,1469,1157,0
2025-07-28 05:00:00,1414.331,1416.731,1411.231,1414.761,1067,2077,0
2025-07-28 06:00:00,1414.871,1418.521,1414.131,1417.701,826,2617,0
2025-07-28 07:00:00,1417.791,1419.131,1415.45,1418.111,812,4237,0
2025-07-28 08:00:00,1418.291,1422.141,1417.761,1422.061,1764,3977,0
2025-07-28 09:00:00,1422.011,1422.221,1409.321,1410.861,2120,4157,0
2025-07-28 10:00:00,1410.291,1415.171,1402.531,1404.391,1205,4087,0
2025-07-28 11:00:00,1404.791,1409.531,1403.201,1406.601,2205,1817,0
2025-07-28 12:00:00,1406.651,1413.201,1404.671,1405.771,2164,2747,0
2025-07-28 13:00:00,1405.671,1409.301,1403.081,1407.971,1995,2057,0
2025-07-28 14:00:00,1408.041,1426.291,1404.651,1409.901,2886,2467,0
2025-07-28 15:00:00,1409.941,1416.546,1399.451,1405.401,3835,397,0
2025-07-28 16:00:00,1405.431,1407.751,1383.461,1389.151,6880,1347,0
2025-07-28 17:00:00,1390.201,1398.791,1382.901,1394.561,7149,1047,0
2025-07-28 18:00:00,1394.561,1399.961,1392.271,1396.431,3319,2057,0
2025-07-28 19:00:00,1396.401,1396.571,1384.851,1386.171,2600,4487,0
2025-07-28 20:00:00,1386.111,1390.841,1384.111,1388.981,2711,5087,0
2025-07-28 21:00:00,1388.981,1389.631,1383.571,1384.341,1630,3737,0
2025-07-28 22:00:00,1384.341,1385.041,1381.101,1382.651,1507,3647,0
2025-07-28 23:00:00,1382.621,1395.821,1382.571,1391.941,1118,1247,0
2025-07-29 01:00:00,1388.991,1393.201,1388.521,1391.691,675,7727,0
2025-07-29 02:00:00,1391.661,1399.951,1391.601,1399.091,574,5687,0
2025-07-29 03:00:00,1398.971,1399.681,1395.541,1397.541,840,6527,0
2025-07-29 04:00:00,1397.421,1402.021,1396.431,1398.971,1374,6107,0
2025-07-29 05:00:00,1399.041,1401.851,1398.731,1400.991,941,2387,0
2025-07-29 06:00:00,1401.261,1403.531,1395.901,1403.121,1210,2287,0
2025-07-29 07:00:00,1403.121,1406.531,1399.701,1400.851,1304,5197,0
2025-07-29 08:00:00,1400.851,1402.111,1391.801,1395.611,2373,5297,0
2025-07-29 09:00:00,1395.611,1398.521,1372.661,1377.521,2136,3227,0
2025-07-29 10:00:00,1377.531,1386.051,1375.201,1381.331,3132,3597,0
2025-07-29 11:00:00,1381.441,1390.901,1376.471,1383.801,2130,4427,0
2025-07-29 12:00:00,1383.701,1390.531,1373.601,1387.881,1821,2357,0
2025-07-29 13:00:00,1388.001,1395.101,1388.001,1390.451,1045,2987,0
2025-07-29 14:00:00,1390.451,1393.751,1385.601,1388.001,1541,2817,0
2025-07-29 15:00:00,1388.001,1402.801,1385.091,1398.091,2353,1877,0
2025-07-29 16:00:00,1398.091,1402.351,1394.051,1394.551,3077,977,0
2025-07-29 17:00:00,1394.701,1397.191,1391.301,1395.031,3312,1327,0
2025-07-29 18:00:00,1395.031,1406.281,1391.821,1396.921,3107,1967,0
2025-07-29 19:00:00,1396.941,1399.711,1393.451,1395.221,1617,2747,0
2025-07-29 20:00:00,1395.351,1401.201,1395.011,1397.501,832,4997,0
2025-07-29 21:00:00,1397.501,1400.201,1395.391,1398.191,489,6007,0
2025-07-29 22:00:00,1398.191,1401.771,1397.301,1398.881,1226,3867,0
2025-07-29 23:00:00,1398.721,1399.381,1388.111,1388.281,1071,2907,0
2025-07-30 01:00:00,1389.051,1390.271,1383.051,1389.521,478,7707,0
2025-07-30 02:00:00,1389.0,1392.871,1388.66,1391.901,920,7487,0
2025-07-30 03:00:00,1391.921,1397.641,1391.531,1395.761,703,6457,0
2025-07-30 04:00:00,1395.771,1396.691,1384.091,1389.151,1719,6457,0
2025-07-30 05:00:00,1389.451,1392.131,1385.701,1387.671,1198,6877,0
2025-07-30 06:00:00,1387.831,1390.851,1383.911,1387.511,1249,7067,0
2025-07-30 07:00:00,1387.411,1391.871,1385.931,1387.251,1297,6527,0
2025-07-30 08:00:00,1387.371,1389.871,1384.891,1385.891,807,7850,0
2025-07-30 09:00:00,1385.811,1392.241,1384.801,1387.521,1375,4397,0
2025-07-30 10:00:00,1386.981,1390.061,1381.101,1385.691,994,3397,0
2025-07-30 11:00:00,1385.811,1389.161,1382.82,1386.481,782,3397,0
2025-07-30 12:00:00,1386.251,1398.131,1382.521,1394.261,920,3397,0
2025-07-30 13:00:00,1394.121,1395.511,1386.601,1392.801,880,4897,0
2025-07-30 14:00:00,1392.801,1405.941,1390.941,1403.681,948,3897,0
2025-07-30 15:00:00,1404.691,1407.851,1384.921,1386.701,2549,3397,0
2025-07-30 16:00:00,1386.721,1391.821,1377.101,1380.551,3447,4457,0
2025-07-30 17:00:00,1380.601,1384.871,1355.631,1356.601,2302,3397,0
2025-07-30 18:00:00,1356.311,1359.091,1342.001,1344.201,1378,5947,0
2025-07-30 19:00:00,1346.59,1354.551,1343.201,1351.741,1155,7630,0
2025-07-30 20:00:00,1351.181,1355.711,1350.291,1350.291,935,8197,0
2025-07-30 21:00:00,1350.531,1358.171,1311.861,1314.771,6804,877,0
2025-07-30 22:00:00,1314.881,1316.741,1279.611,1298.401,5763,3497,0
2025-07-30 23:00:00,1299.031,1317.611,1298.231,1314.411,2042,3877,0
2025-07-31 01:00:00,1311.191,1318.991,1304.121,1308.821,1387,7307,0
2025-07-31 02:00:00,1308.611,1317.331,1306.901,1307.521,1295,6957,0
2025-07-31 03:00:00,1307.691,1318.131,1297.141,1314.501,2598,5297,0
2025-07-31 04:00:00,1314.261,1321.161,1310.651,1316.901,2569,4437,0
2025-07-31 05:00:00,1316.661,1332.371,1316.191,1331.701,1960,3667,0
2025-07-31 06:00:00,1331.751,1335.571,1324.381,1334.721,1567,6327,0
2025-07-31 07:00:00,1334.631,1338.001,1329.901,1332.801,1060,6017,0
2025-07-31 08:00:00,1332.551,1333.781,1325.171,1326.571,1096,6397,0
2025-07-31 09:00:00,1326.451,1328.621,1312.201,1323.561,2793,6397,0
2025-07-31 10:00:00,1323.321,1323.531,1309.831,1312.931,2147,5097,0
2025-07-31 11:00:00,1312.761,1325.801,1305.111,1324.721,1714,397,0
2025-07-31 12:00:00,1324.721,1326.751,1315.461,1318.141,1186,397,0
2025-07-31 13:00:00,1317.921,1318.031,1299.231,1299.681,1917,1097,0
2025-07-31 14:00:00,1299.811,1316.271,1297.751,1310.581,2317,397,0
2025-07-31 15:00:00,1310.481,1314.941,1304.431,1312.811,1946,1707,0
2025-07-31 16:00:00,1312.811,1313.151,1296.151,1300.671,3100,397,0
2025-07-31 17:00:00,1300.671,1306.746,1286.201,1287.151,2698,397,0
2025-07-31 18:00:00,1286.901,1296.081,1286.901,1289.901,1576,1887,0
2025-07-31 19:00:00,1289.891,1301.951,1287.941,1293.031,1521,1647,0
2025-07-31 20:00:00,1293.161,1296.271,1287.701,1290.751,1183,1547,0
2025-07-31 21:00:00,1290.861,1297.561,1287.87,1295.611,704,397,0
2025-07-31 22:00:00,1295.611,1298.651,1291.791,1294.861,724,2067,0
2025-07-31 23:00:00,1294.751,1295.851,1287.45,1291.941,525,1637,0
2025-08-01 01:00:00,1292.071,1302.041,1292.071,1297.591,943,1587,0
2025-08-01 02:00:00,1297.621,1303.561,1295.831,1298.381,1183,1287,0
2025-08-01 03:00:00,1298.451,1300.201,1292.091,1294.301,973,2397,0
2025-08-01 04:00:00,1294.511,1298.831,1283.391,1291.301,1839,1547,0
2025-08-01 05:00:00,1291.361,1297.391,1289.191,1291.301,970,2897,0
2025-08-01 06:00:00,1291.901,1293.691,1289.801,1289.801,532,1247,0
2025-08-01 07:00:00,1289.801,1292.391,1289.801,1290.301,166,3397,0
2025-08-01 08:00:00,1290.301,1300.311,1288.391,1297.021,1959,417,0
2025-08-01 09:00:00,1296.941,1297.191,1286.371,1295.961,2717,2187,0
2025-08-01 10:00:00,1295.911,1296.271,1261.921,1266.401,4012,1217,0
2025-08-01 11:00:00,1266.401,1272.791,1260.121,1263.091,2213,1437,0
2025-08-01 12:00:00,1263.091,1275.351,1262.091,1272.201,1910,2287,0
2025-08-01 13:00:00,1272.061,1275.271,1268.291,1274.391,1549,2697,0
2025-08-01 14:00:00,1274.391,1282.501,1270.021,1275.821,1644,2557,0
2025-08-01 15:00:00,1275.791,1301.651,1271.511,1300.501,4492,1617,0
2025-08-01 16:00:00,1300.401,1310.331,1289.351,1296.121,5596,507,0
2025-08-01 17:00:00,1296.171,1306.861,1293.061,1306.501,7196,2887,0
2025-08-01 18:00:00,1306.501,1312.391,1303.341,1310.931,2955,1597,0
2025-08-01 19:00:00,1310.891,1316.291,1301.651,1305.061,4074,3917,0
2025-08-01 20:00:00,1304.921,1311.181,1302.111,1308.481,3000,3477,0
2025-08-01 21:00:00,1308.481,1315.501,1306.581,1311.101,2198,1757,0
2025-08-01 22:00:00,1311.121,1318.141,1310.791,1318.091,2777,0,0
2025-08-01 23:00:00,1318.091,1319.791,1313.801,1315.901,669,0,0
2025-08-04 01:00:00,1313.671,1323.331,1310.381,1320.701,1414,3877,0
2025-08-04 02:00:00,1320.881,1322.921,1318.061,1321.591,838,3687,0
2025-08-04 03:00:00,1321.591,1323.571,1307.381,1310.341,2549,2667,0
2025-08-04 04:00:00,1310.331,1311.431,1302.221,1308.131,2604,2697,0
2025-08-04 05:00:00,1308.081,1313.701,1306.401,1313.571,1951,3397,0
2025-08-04 06:00:00,1313.691,1314.391,1310.371,1312.251,1750,3647,0
2025-08-04 07:00:00,1312.271,1313.191,1307.59,1308.011,1278,3397,0
2025-08-04 08:00:00,1308.031,1314.771,1307.631,1310.021,1779,2287,0
2025-08-04 09:00:00,1310.021,1324.771,1309.311,1323.591,2881,1857,0
2025-08-04 10:00:00,1323.601,1323.601,1315.941,1318.181,2762,797,0
2025-08-04 11:00:00,1318.271,1323.111,1315.081,1320.721,2634,1237,0
2025-08-04 12:00:00,1320.731,1323.671,1310.041,1311.381,2281,1847,0
2025-08-04 13:00:00,1311.401,1315.851,1305.491,1311.931,2303,1117,0
